nct_id,drug,trial_name,measure,arm,meddra_pt,meddra_soc,n_affected,n_at_risk,pct
NCT02260986,Dupilumab,CHRONOS,serious_adverse_event_rate,Placebo qw,,,20,315,6.3
NCT02260986,Dupilumab,CHRONOS,serious_adverse_event_rate,Dupilumab 300 mg q2w,,,4,110,3.6
NCT02260986,Dupilumab,CHRONOS,serious_adverse_event_rate,Dupilumab 300 mg qw,,,12,315,3.8
NCT02260986,Dupilumab,CHRONOS,death_rate,Placebo qw,,,0,315,0.0
NCT02260986,Dupilumab,CHRONOS,death_rate,Dupilumab 300 mg q2w,,,0,110,0.0
NCT02260986,Dupilumab,CHRONOS,death_rate,Dupilumab 300 mg qw,,,1,315,0.3
NCT02260986,Dupilumab,CHRONOS,discontinuation_due_to_ae_rate,Placebo qw,,,24,315,7.6
NCT02260986,Dupilumab,CHRONOS,discontinuation_due_to_ae_rate,Dupilumab 300 mg q2w,,,0,106,0.0
NCT02260986,Dupilumab,CHRONOS,discontinuation_due_to_ae_rate,Dupilumab 300 mg qw,,,11,319,3.4
NCT02260986,Dupilumab,CHRONOS,most_common_adverse_events,Placebo qw,Dermatitis atopic,Skin and subcutaneous tissue disorders,161,315,51.1
NCT02260986,Dupilumab,CHRONOS,most_common_adverse_events,Dupilumab 300 mg q2w,Dermatitis atopic,Skin and subcutaneous tissue disorders,40,110,36.4
NCT02260986,Dupilumab,CHRONOS,most_common_adverse_events,Dupilumab 300 mg qw,Dermatitis atopic,Skin and subcutaneous tissue disorders,91,315,28.9
NCT02260986,Dupilumab,CHRONOS,most_common_adverse_events,Placebo qw,Nasopharyngitis,Infections and infestations,62,315,19.7
NCT02260986,Dupilumab,CHRONOS,most_common_adverse_events,Dupilumab 300 mg q2w,Nasopharyngitis,Infections and infestations,26,110,23.6
NCT02260986,Dupilumab,CHRONOS,most_common_adverse_events,Dupilumab 300 mg qw,Nasopharyngitis,Infections and infestations,63,315,20.0
NCT02260986,Dupilumab,CHRONOS,most_common_adverse_events,Placebo qw,Injection site reaction,General disorders,24,315,7.6
NCT02260986,Dupilumab,CHRONOS,most_common_adverse_events,Dupilumab 300 mg q2w,Injection site reaction,General disorders,16,110,14.5
NCT02260986,Dupilumab,CHRONOS,most_common_adverse_events,Dupilumab 300 mg qw,Injection site reaction,General disorders,60,315,19.0
NCT02260986,Dupilumab,CHRONOS,most_common_adverse_events,Placebo qw,Conjunctivitis allergic,Eye disorders,19,315,6.0
NCT02260986,Dupilumab,CHRONOS,most_common_adverse_events,Dupilumab 300 mg q2w,Conjunctivitis allergic,Eye disorders,13,110,11.8
NCT02260986,Dupilumab,CHRONOS,most_common_adverse_events,Dupilumab 300 mg qw,Conjunctivitis allergic,Eye disorders,54,315,17.1
NCT02260986,Dupilumab,CHRONOS,most_common_adverse_events,Placebo qw,Upper respiratory tract infection,Infections and infestations,34,315,10.8
NCT02260986,Dupilumab,CHRONOS,most_common_adverse_events,Dupilumab 300 mg q2w,Upper respiratory tract infection,Infections and infestations,11,110,10.0
NCT02260986,Dupilumab,CHRONOS,most_common_adverse_events,Dupilumab 300 mg qw,Upper respiratory tract infection,Infections and infestations,46,315,14.6
NCT02260986,Dupilumab,CHRONOS,most_common_adverse_events,Placebo qw,Headache,Nervous system disorders,19,315,6.0
NCT02260986,Dupilumab,CHRONOS,most_common_adverse_events,Dupilumab 300 mg q2w,Headache,Nervous system disorders,5,110,4.5
NCT02260986,Dupilumab,CHRONOS,most_common_adverse_events,Dupilumab 300 mg qw,Headache,Nervous system disorders,24,315,7.6
NCT02260986,Dupilumab,CHRONOS,most_common_adverse_events,Placebo qw,Asthma,"Respiratory, thoracic and mediastinal disorders",19,315,6.0
NCT02260986,Dupilumab,CHRONOS,most_common_adverse_events,Dupilumab 300 mg q2w,Asthma,"Respiratory, thoracic and mediastinal disorders",5,110,4.5
NCT02260986,Dupilumab,CHRONOS,most_common_adverse_events,Dupilumab 300 mg qw,Asthma,"Respiratory, thoracic and mediastinal disorders",7,315,2.2
NCT02260986,Dupilumab,CHRONOS,most_common_adverse_events,Placebo qw,Sinusitis,Infections and infestations,9,315,2.9
NCT02260986,Dupilumab,CHRONOS,most_common_adverse_events,Dupilumab 300 mg q2w,Sinusitis,Infections and infestations,2,110,1.8
NCT02260986,Dupilumab,CHRONOS,most_common_adverse_events,Dupilumab 300 mg qw,Sinusitis,Infections and infestations,18,315,5.7
NCT02277743,Dupilumab,SOLO 1,serious_adverse_event_rate,Placebo,,,12,222,5.4
NCT02277743,Dupilumab,SOLO 1,serious_adverse_event_rate,Dupilumab 300 mg q2w,,,7,229,3.1
NCT02277743,Dupilumab,SOLO 1,serious_adverse_event_rate,Dupilumab 300 mg qw,,,2,218,0.9
NCT02277743,Dupilumab,SOLO 1,death_rate,Placebo,,,0,222,0.0
NCT02277743,Dupilumab,SOLO 1,death_rate,Dupilumab 300 mg q2w,,,0,229,0.0
NCT02277743,Dupilumab,SOLO 1,death_rate,Dupilumab 300 mg qw,,,0,218,0.0
NCT02277743,Dupilumab,SOLO 1,discontinuation_due_to_ae_rate,Placebo,,,10,224,4.5
NCT02277743,Dupilumab,SOLO 1,discontinuation_due_to_ae_rate,Dupilumab 300 mg q2w,,,6,224,2.7
NCT02277743,Dupilumab,SOLO 1,discontinuation_due_to_ae_rate,Dupilumab 300 mg qw,,,6,223,2.7
NCT02277743,Dupilumab,SOLO 1,most_common_adverse_events,Placebo,Dermatitis atopic,Skin and subcutaneous tissue disorders,66,222,29.7
NCT02277743,Dupilumab,SOLO 1,most_common_adverse_events,Dupilumab 300 mg q2w,Dermatitis atopic,Skin and subcutaneous tissue disorders,35,229,15.3
NCT02277743,Dupilumab,SOLO 1,most_common_adverse_events,Dupilumab 300 mg qw,Dermatitis atopic,Skin and subcutaneous tissue disorders,21,218,9.6
NCT02277743,Dupilumab,SOLO 1,most_common_adverse_events,Placebo,Injection site reaction,General disorders,13,222,5.9
NCT02277743,Dupilumab,SOLO 1,most_common_adverse_events,Dupilumab 300 mg q2w,Injection site reaction,General disorders,19,229,8.3
NCT02277743,Dupilumab,SOLO 1,most_common_adverse_events,Dupilumab 300 mg qw,Injection site reaction,General disorders,41,218,18.8
NCT02277743,Dupilumab,SOLO 1,most_common_adverse_events,Placebo,Nasopharyngitis,Infections and infestations,22,222,9.9
NCT02277743,Dupilumab,SOLO 1,most_common_adverse_events,Dupilumab 300 mg q2w,Nasopharyngitis,Infections and infestations,27,229,11.8
NCT02277743,Dupilumab,SOLO 1,most_common_adverse_events,Dupilumab 300 mg qw,Nasopharyngitis,Infections and infestations,26,218,11.9
NCT02277743,Dupilumab,SOLO 1,most_common_adverse_events,Placebo,Headache,Nervous system disorders,13,222,5.9
NCT02277743,Dupilumab,SOLO 1,most_common_adverse_events,Dupilumab 300 mg q2w,Headache,Nervous system disorders,21,229,9.2
NCT02277743,Dupilumab,SOLO 1,most_common_adverse_events,Dupilumab 300 mg qw,Headache,Nervous system disorders,11,218,5.0
NCT02277743,Dupilumab,SOLO 1,most_common_adverse_events,Placebo,Upper respiratory tract infection,Infections and infestations,7,222,3.2
NCT02277743,Dupilumab,SOLO 1,most_common_adverse_events,Dupilumab 300 mg q2w,Upper respiratory tract infection,Infections and infestations,7,229,3.1
NCT02277743,Dupilumab,SOLO 1,most_common_adverse_events,Dupilumab 300 mg qw,Upper respiratory tract infection,Infections and infestations,12,218,5.5
NCT02277743,Dupilumab,SOLO 1,most_common_adverse_events,Placebo,Conjunctivitis allergic,Eye disorders,3,222,1.4
NCT02277743,Dupilumab,SOLO 1,most_common_adverse_events,Dupilumab 300 mg q2w,Conjunctivitis allergic,Eye disorders,12,229,5.2
NCT02277743,Dupilumab,SOLO 1,most_common_adverse_events,Dupilumab 300 mg qw,Conjunctivitis allergic,Eye disorders,8,218,3.7
NCT02277769,Dupilumab,SOLO 2,serious_adverse_event_rate,Placebo,,,16,234,6.8
NCT02277769,Dupilumab,SOLO 2,serious_adverse_event_rate,Dupilumab 300 mg q2w,,,6,236,2.5
NCT02277769,Dupilumab,SOLO 2,serious_adverse_event_rate,Dupilumab 300 mg qw,,,9,237,3.8
NCT02277769,Dupilumab,SOLO 2,death_rate,Placebo,,,0,234,0.0
NCT02277769,Dupilumab,SOLO 2,death_rate,Dupilumab 300 mg q2w,,,3,236,1.3
NCT02277769,Dupilumab,SOLO 2,death_rate,Dupilumab 300 mg qw,,,1,237,0.4
NCT02277769,Dupilumab,SOLO 2,discontinuation_due_to_ae_rate,Placebo,,,14,236,5.9
NCT02277769,Dupilumab,SOLO 2,discontinuation_due_to_ae_rate,Dupilumab 300 mg q2w,,,2,233,0.9
NCT02277769,Dupilumab,SOLO 2,discontinuation_due_to_ae_rate,Dupilumab 300 mg qw,,,4,239,1.7
NCT02277769,Dupilumab,SOLO 2,most_common_adverse_events,Placebo,Dermatitis atopic,Skin and subcutaneous tissue disorders,82,234,35.0
NCT02277769,Dupilumab,SOLO 2,most_common_adverse_events,Dupilumab 300 mg q2w,Dermatitis atopic,Skin and subcutaneous tissue disorders,34,236,14.4
NCT02277769,Dupilumab,SOLO 2,most_common_adverse_events,Dupilumab 300 mg qw,Dermatitis atopic,Skin and subcutaneous tissue disorders,39,237,16.5
NCT02277769,Dupilumab,SOLO 2,most_common_adverse_events,Placebo,Injection site reaction,General disorders,15,234,6.4
NCT02277769,Dupilumab,SOLO 2,most_common_adverse_events,Dupilumab 300 mg q2w,Injection site reaction,General disorders,32,236,13.6
NCT02277769,Dupilumab,SOLO 2,most_common_adverse_events,Dupilumab 300 mg qw,Injection site reaction,General disorders,31,237,13.1
NCT02277769,Dupilumab,SOLO 2,most_common_adverse_events,Placebo,Nasopharyngitis,Infections and infestations,25,234,10.7
NCT02277769,Dupilumab,SOLO 2,most_common_adverse_events,Dupilumab 300 mg q2w,Nasopharyngitis,Infections and infestations,23,236,9.7
NCT02277769,Dupilumab,SOLO 2,most_common_adverse_events,Dupilumab 300 mg qw,Nasopharyngitis,Infections and infestations,22,237,9.3
NCT02277769,Dupilumab,SOLO 2,most_common_adverse_events,Placebo,Headache,Nervous system disorders,12,234,5.1
NCT02277769,Dupilumab,SOLO 2,most_common_adverse_events,Dupilumab 300 mg q2w,Headache,Nervous system disorders,18,236,7.6
NCT02277769,Dupilumab,SOLO 2,most_common_adverse_events,Dupilumab 300 mg qw,Headache,Nervous system disorders,23,237,9.7
NCT02755649,Dupilumab,,serious_adverse_event_rate,Placebo QW + TCS,,,2,108,1.9
NCT02755649,Dupilumab,,serious_adverse_event_rate,Dupilumab 300 mg Q2W + TCS,,,2,107,1.9
NCT02755649,Dupilumab,,serious_adverse_event_rate,Dupilumab 300 mg QW + TCS,,,3,110,2.7
NCT02755649,Dupilumab,,death_rate,Placebo QW + TCS,,,0,108,0.0
NCT02755649,Dupilumab,,death_rate,Dupilumab 300 mg Q2W + TCS,,,0,107,0.0
NCT02755649,Dupilumab,,death_rate,Dupilumab 300 mg QW + TCS,,,0,110,0.0
NCT02755649,Dupilumab,,most_common_adverse_events,Placebo QW + TCS,Nasopharyngitis,Infections and infestations,18,108,16.7
NCT02755649,Dupilumab,,most_common_adverse_events,Dupilumab 300 mg Q2W + TCS,Nasopharyngitis,Infections and infestations,22,107,20.6
NCT02755649,Dupilumab,,most_common_adverse_events,Dupilumab 300 mg QW + TCS,Nasopharyngitis,Infections and infestations,18,110,16.4
NCT02755649,Dupilumab,,most_common_adverse_events,Placebo QW + TCS,Dermatitis atopic,Skin and subcutaneous tissue disorders,18,108,16.7
NCT02755649,Dupilumab,,most_common_adverse_events,Dupilumab 300 mg Q2W + TCS,Dermatitis atopic,Skin and subcutaneous tissue disorders,8,107,7.5
NCT02755649,Dupilumab,,most_common_adverse_events,Dupilumab 300 mg QW + TCS,Dermatitis atopic,Skin and subcutaneous tissue disorders,10,110,9.1
NCT02755649,Dupilumab,,most_common_adverse_events,Placebo QW + TCS,Conjunctivitis allergic,Eye disorders,7,108,6.5
NCT02755649,Dupilumab,,most_common_adverse_events,Dupilumab 300 mg Q2W + TCS,Conjunctivitis allergic,Eye disorders,16,107,15.0
NCT02755649,Dupilumab,,most_common_adverse_events,Dupilumab 300 mg QW + TCS,Conjunctivitis allergic,Eye disorders,10,110,9.1
NCT02755649,Dupilumab,,most_common_adverse_events,Placebo QW + TCS,Conjunctivitis,Infections and infestations,4,108,3.7
NCT02755649,Dupilumab,,most_common_adverse_events,Dupilumab 300 mg Q2W + TCS,Conjunctivitis,Infections and infestations,12,107,11.2
NCT02755649,Dupilumab,,most_common_adverse_events,Dupilumab 300 mg QW + TCS,Conjunctivitis,Infections and infestations,8,110,7.3
NCT02755649,Dupilumab,,most_common_adverse_events,Placebo QW + TCS,Headache,Nervous system disorders,10,108,9.3
NCT02755649,Dupilumab,,most_common_adverse_events,Dupilumab 300 mg Q2W + TCS,Headache,Nervous system disorders,10,107,9.3
NCT02755649,Dupilumab,,most_common_adverse_events,Dupilumab 300 mg QW + TCS,Headache,Nervous system disorders,11,110,10.0
NCT02755649,Dupilumab,,most_common_adverse_events,Placebo QW + TCS,Rhinitis allergic,"Respiratory, thoracic and mediastinal disorders",1,108,0.9
NCT02755649,Dupilumab,,most_common_adverse_events,Dupilumab 300 mg Q2W + TCS,Rhinitis allergic,"Respiratory, thoracic and mediastinal disorders",7,107,6.5
NCT02755649,Dupilumab,,most_common_adverse_events,Dupilumab 300 mg QW + TCS,Rhinitis allergic,"Respiratory, thoracic and mediastinal disorders",4,110,3.6
NCT03131648,Tralokinumab,ECZTRA 1,serious_adverse_event_rate,Initial Period - Tralokinumab Q2W,,,23,602,3.8
NCT03131648,Tralokinumab,ECZTRA 1,serious_adverse_event_rate,Initial Period - Placebo,,,8,196,4.1
NCT03131648,Tralokinumab,ECZTRA 1,serious_adverse_event_rate,Maintenance Period - Tralokinumab Q2W,,,1,68,1.5
NCT03131648,Tralokinumab,ECZTRA 1,serious_adverse_event_rate,Maintenance Period - Tralokinumab Q4W,,,3,76,3.9
NCT03131648,Tralokinumab,ECZTRA 1,serious_adverse_event_rate,Maintenance Period - Placebo,,,0,35,0.0
NCT03131648,Tralokinumab,ECZTRA 1,serious_adverse_event_rate,Maintenance Period - Placebo - Tralokinumab Naive,,,1,29,3.4
NCT03131648,Tralokinumab,ECZTRA 1,serious_adverse_event_rate,Open-label Period - Tralokinumab Q2W + Optional TCS,,,27,563,4.8
NCT03131648,Tralokinumab,ECZTRA 1,serious_adverse_event_rate,Safety Follow-up,,,16,595,2.7
NCT03131648,Tralokinumab,ECZTRA 1,death_rate,Initial Period - Tralokinumab Q2W,,,0,602,0.0
NCT03131648,Tralokinumab,ECZTRA 1,death_rate,Initial Period - Placebo,,,0,196,0.0
NCT03131648,Tralokinumab,ECZTRA 1,death_rate,Maintenance Period - Tralokinumab Q2W,,,0,68,0.0
NCT03131648,Tralokinumab,ECZTRA 1,death_rate,Maintenance Period - Tralokinumab Q4W,,,0,76,0.0
NCT03131648,Tralokinumab,ECZTRA 1,death_rate,Maintenance Period - Placebo,,,0,35,0.0
NCT03131648,Tralokinumab,ECZTRA 1,death_rate,Maintenance Period - Placebo - Tralokinumab Naive,,,0,29,0.0
NCT03131648,Tralokinumab,ECZTRA 1,death_rate,Open-label Period - Tralokinumab Q2W + Optional TCS,,,0,563,0.0
NCT03131648,Tralokinumab,ECZTRA 1,death_rate,Safety Follow-up,,,0,595,0.0
NCT03131648,Tralokinumab,ECZTRA 1,discontinuation_due_to_ae_rate,Placebo,,,8,196,4.1
NCT03131648,Tralokinumab,ECZTRA 1,discontinuation_due_to_ae_rate,Tralokinumab Q2W,,,20,602,3.3
NCT03131648,Tralokinumab,ECZTRA 1,most_common_adverse_events,Initial Period - Tralokinumab Q2W,Dermatitis atopic,Skin and subcutaneous tissue disorders,152,602,25.2
NCT03131648,Tralokinumab,ECZTRA 1,most_common_adverse_events,Initial Period - Placebo,Dermatitis atopic,Skin and subcutaneous tissue disorders,75,196,38.3
NCT03131648,Tralokinumab,ECZTRA 1,most_common_adverse_events,Maintenance Period - Tralokinumab Q2W,Dermatitis atopic,Skin and subcutaneous tissue disorders,11,68,16.2
NCT03131648,Tralokinumab,ECZTRA 1,most_common_adverse_events,Maintenance Period - Tralokinumab Q4W,Dermatitis atopic,Skin and subcutaneous tissue disorders,14,76,18.4
NCT03131648,Tralokinumab,ECZTRA 1,most_common_adverse_events,Maintenance Period - Placebo,Dermatitis atopic,Skin and subcutaneous tissue disorders,13,35,37.1
NCT03131648,Tralokinumab,ECZTRA 1,most_common_adverse_events,Maintenance Period - Placebo - Tralokinumab Naive,Dermatitis atopic,Skin and subcutaneous tissue disorders,6,29,20.7
NCT03131648,Tralokinumab,ECZTRA 1,most_common_adverse_events,Open-label Period - Tralokinumab Q2W + Optional TCS,Dermatitis atopic,Skin and subcutaneous tissue disorders,123,563,21.8
NCT03131648,Tralokinumab,ECZTRA 1,most_common_adverse_events,Safety Follow-up,Dermatitis atopic,Skin and subcutaneous tissue disorders,10,595,1.7
NCT03131648,Tralokinumab,ECZTRA 1,most_common_adverse_events,Initial Period - Tralokinumab Q2W,Viral upper respiratory tract infection,Infections and infestations,139,602,23.1
NCT03131648,Tralokinumab,ECZTRA 1,most_common_adverse_events,Initial Period - Placebo,Viral upper respiratory tract infection,Infections and infestations,41,196,20.9
NCT03131648,Tralokinumab,ECZTRA 1,most_common_adverse_events,Maintenance Period - Tralokinumab Q2W,Viral upper respiratory tract infection,Infections and infestations,14,68,20.6
NCT03131648,Tralokinumab,ECZTRA 1,most_common_adverse_events,Maintenance Period - Tralokinumab Q4W,Viral upper respiratory tract infection,Infections and infestations,18,76,23.7
NCT03131648,Tralokinumab,ECZTRA 1,most_common_adverse_events,Maintenance Period - Placebo,Viral upper respiratory tract infection,Infections and infestations,4,35,11.4
NCT03131648,Tralokinumab,ECZTRA 1,most_common_adverse_events,Maintenance Period - Placebo - Tralokinumab Naive,Viral upper respiratory tract infection,Infections and infestations,2,29,6.9
NCT03131648,Tralokinumab,ECZTRA 1,most_common_adverse_events,Open-label Period - Tralokinumab Q2W + Optional TCS,Viral upper respiratory tract infection,Infections and infestations,143,563,25.4
NCT03131648,Tralokinumab,ECZTRA 1,most_common_adverse_events,Safety Follow-up,Viral upper respiratory tract infection,Infections and infestations,12,595,2.0
NCT03131648,Tralokinumab,ECZTRA 1,most_common_adverse_events,Initial Period - Tralokinumab Q2W,Injection site reaction,General disorders,24,602,4.0
NCT03131648,Tralokinumab,ECZTRA 1,most_common_adverse_events,Initial Period - Placebo,Injection site reaction,General disorders,0,196,0.0
NCT03131648,Tralokinumab,ECZTRA 1,most_common_adverse_events,Maintenance Period - Tralokinumab Q2W,Injection site reaction,General disorders,5,68,7.4
NCT03131648,Tralokinumab,ECZTRA 1,most_common_adverse_events,Maintenance Period - Tralokinumab Q4W,Injection site reaction,General disorders,7,76,9.2
NCT03131648,Tralokinumab,ECZTRA 1,most_common_adverse_events,Maintenance Period - Placebo,Injection site reaction,General disorders,1,35,2.9
NCT03131648,Tralokinumab,ECZTRA 1,most_common_adverse_events,Maintenance Period - Placebo - Tralokinumab Naive,Injection site reaction,General disorders,0,29,0.0
NCT03131648,Tralokinumab,ECZTRA 1,most_common_adverse_events,Open-label Period - Tralokinumab Q2W + Optional TCS,Injection site reaction,General disorders,28,563,5.0
NCT03131648,Tralokinumab,ECZTRA 1,most_common_adverse_events,Safety Follow-up,Injection site reaction,General disorders,0,595,0.0
NCT03131648,Tralokinumab,ECZTRA 1,most_common_adverse_events,Initial Period - Tralokinumab Q2W,Bronchitis,Infections and infestations,11,602,1.8
NCT03131648,Tralokinumab,ECZTRA 1,most_common_adverse_events,Initial Period - Placebo,Bronchitis,Infections and infestations,4,196,2.0
NCT03131648,Tralokinumab,ECZTRA 1,most_common_adverse_events,Maintenance Period - Tralokinumab Q2W,Bronchitis,Infections and infestations,3,68,4.4
NCT03131648,Tralokinumab,ECZTRA 1,most_common_adverse_events,Maintenance Period - Tralokinumab Q4W,Bronchitis,Infections and infestations,7,76,9.2
NCT03131648,Tralokinumab,ECZTRA 1,most_common_adverse_events,Maintenance Period - Placebo,Bronchitis,Infections and infestations,2,35,5.7
NCT03131648,Tralokinumab,ECZTRA 1,most_common_adverse_events,Maintenance Period - Placebo - Tralokinumab Naive,Bronchitis,Infections and infestations,1,29,3.4
NCT03131648,Tralokinumab,ECZTRA 1,most_common_adverse_events,Open-label Period - Tralokinumab Q2W + Optional TCS,Bronchitis,Infections and infestations,14,563,2.5
NCT03131648,Tralokinumab,ECZTRA 1,most_common_adverse_events,Safety Follow-up,Bronchitis,Infections and infestations,1,595,0.2
NCT03131648,Tralokinumab,ECZTRA 1,most_common_adverse_events,Initial Period - Tralokinumab Q2W,Headache,Nervous system disorders,28,602,4.7
NCT03131648,Tralokinumab,ECZTRA 1,most_common_adverse_events,Initial Period - Placebo,Headache,Nervous system disorders,10,196,5.1
NCT03131648,Tralokinumab,ECZTRA 1,most_common_adverse_events,Maintenance Period - Tralokinumab Q2W,Headache,Nervous system disorders,6,68,8.8
NCT03131648,Tralokinumab,ECZTRA 1,most_common_adverse_events,Maintenance Period - Tralokinumab Q4W,Headache,Nervous system disorders,2,76,2.6
NCT03131648,Tralokinumab,ECZTRA 1,most_common_adverse_events,Maintenance Period - Placebo,Headache,Nervous system disorders,3,35,8.6
NCT03131648,Tralokinumab,ECZTRA 1,most_common_adverse_events,Maintenance Period - Placebo - Tralokinumab Naive,Headache,Nervous system disorders,0,29,0.0
NCT03131648,Tralokinumab,ECZTRA 1,most_common_adverse_events,Open-label Period - Tralokinumab Q2W + Optional TCS,Headache,Nervous system disorders,22,563,3.9
NCT03131648,Tralokinumab,ECZTRA 1,most_common_adverse_events,Safety Follow-up,Headache,Nervous system disorders,1,595,0.2
NCT03131648,Tralokinumab,ECZTRA 1,most_common_adverse_events,Initial Period - Tralokinumab Q2W,Conjunctivitis,Infections and infestations,43,602,7.1
NCT03131648,Tralokinumab,ECZTRA 1,most_common_adverse_events,Initial Period - Placebo,Conjunctivitis,Infections and infestations,4,196,2.0
NCT03131648,Tralokinumab,ECZTRA 1,most_common_adverse_events,Maintenance Period - Tralokinumab Q2W,Conjunctivitis,Infections and infestations,3,68,4.4
NCT03131648,Tralokinumab,ECZTRA 1,most_common_adverse_events,Maintenance Period - Tralokinumab Q4W,Conjunctivitis,Infections and infestations,4,76,5.3
NCT03131648,Tralokinumab,ECZTRA 1,most_common_adverse_events,Maintenance Period - Placebo,Conjunctivitis,Infections and infestations,0,35,0.0
NCT03131648,Tralokinumab,ECZTRA 1,most_common_adverse_events,Maintenance Period - Placebo - Tralokinumab Naive,Conjunctivitis,Infections and infestations,0,29,0.0
NCT03131648,Tralokinumab,ECZTRA 1,most_common_adverse_events,Open-label Period - Tralokinumab Q2W + Optional TCS,Conjunctivitis,Infections and infestations,41,563,7.3
NCT03131648,Tralokinumab,ECZTRA 1,most_common_adverse_events,Safety Follow-up,Conjunctivitis,Infections and infestations,4,595,0.7
NCT03131648,Tralokinumab,ECZTRA 1,most_common_adverse_events,Initial Period - Tralokinumab Q2W,Wrong patient received medication,"Injury, poisoning and procedural complications",8,602,1.3
NCT03131648,Tralokinumab,ECZTRA 1,most_common_adverse_events,Initial Period - Placebo,Wrong patient received medication,"Injury, poisoning and procedural complications",1,196,0.5
NCT03131648,Tralokinumab,ECZTRA 1,most_common_adverse_events,Maintenance Period - Tralokinumab Q2W,Wrong patient received medication,"Injury, poisoning and procedural complications",0,68,0.0
NCT03131648,Tralokinumab,ECZTRA 1,most_common_adverse_events,Maintenance Period - Tralokinumab Q4W,Wrong patient received medication,"Injury, poisoning and procedural complications",0,76,0.0
NCT03131648,Tralokinumab,ECZTRA 1,most_common_adverse_events,Maintenance Period - Placebo,Wrong patient received medication,"Injury, poisoning and procedural complications",0,35,0.0
NCT03131648,Tralokinumab,ECZTRA 1,most_common_adverse_events,Maintenance Period - Placebo - Tralokinumab Naive,Wrong patient received medication,"Injury, poisoning and procedural complications",2,29,6.9
NCT03131648,Tralokinumab,ECZTRA 1,most_common_adverse_events,Open-label Period - Tralokinumab Q2W + Optional TCS,Wrong patient received medication,"Injury, poisoning and procedural complications",2,563,0.4
NCT03131648,Tralokinumab,ECZTRA 1,most_common_adverse_events,Safety Follow-up,Wrong patient received medication,"Injury, poisoning and procedural complications",0,595,0.0
NCT03131648,Tralokinumab,ECZTRA 1,most_common_adverse_events,Initial Period - Tralokinumab Q2W,Tendonitis,Musculoskeletal and connective tissue disorders,3,602,0.5
NCT03131648,Tralokinumab,ECZTRA 1,most_common_adverse_events,Initial Period - Placebo,Tendonitis,Musculoskeletal and connective tissue disorders,0,196,0.0
NCT03131648,Tralokinumab,ECZTRA 1,most_common_adverse_events,Maintenance Period - Tralokinumab Q2W,Tendonitis,Musculoskeletal and connective tissue disorders,0,68,0.0
NCT03131648,Tralokinumab,ECZTRA 1,most_common_adverse_events,Maintenance Period - Tralokinumab Q4W,Tendonitis,Musculoskeletal and connective tissue disorders,0,76,0.0
NCT03131648,Tralokinumab,ECZTRA 1,most_common_adverse_events,Maintenance Period - Placebo,Tendonitis,Musculoskeletal and connective tissue disorders,0,35,0.0
NCT03131648,Tralokinumab,ECZTRA 1,most_common_adverse_events,Maintenance Period - Placebo - Tralokinumab Naive,Tendonitis,Musculoskeletal and connective tissue disorders,2,29,6.9
NCT03131648,Tralokinumab,ECZTRA 1,most_common_adverse_events,Open-label Period - Tralokinumab Q2W + Optional TCS,Tendonitis,Musculoskeletal and connective tissue disorders,6,563,1.1
NCT03131648,Tralokinumab,ECZTRA 1,most_common_adverse_events,Safety Follow-up,Tendonitis,Musculoskeletal and connective tissue disorders,0,595,0.0
NCT03160885,Tralokinumab,ECZTRA 2,serious_adverse_event_rate,Initial Period - Tralokinumab Q2W,,,10,592,1.7
NCT03160885,Tralokinumab,ECZTRA 2,serious_adverse_event_rate,Initial Period - Placebo,,,5,200,2.5
NCT03160885,Tralokinumab,ECZTRA 2,serious_adverse_event_rate,Maintenance Period - Tralokinumab Q2W,,,0,91,0.0
NCT03160885,Tralokinumab,ECZTRA 2,serious_adverse_event_rate,Maintenance Period - Tralokinumab Q4W,,,3,89,3.4
NCT03160885,Tralokinumab,ECZTRA 2,serious_adverse_event_rate,Maintenance Period - Placebo,,,0,46,0.0
NCT03160885,Tralokinumab,ECZTRA 2,serious_adverse_event_rate,Maintenance Period - Placebo - Tralokinumab Naive,,,0,31,0.0
NCT03160885,Tralokinumab,ECZTRA 2,serious_adverse_event_rate,Open-label Period - Tralokinumab Q2W + Optional TCS,,,16,558,2.9
NCT03160885,Tralokinumab,ECZTRA 2,serious_adverse_event_rate,Safety Follow-up,,,4,641,0.6
NCT03160885,Tralokinumab,ECZTRA 2,death_rate,Initial Period - Tralokinumab Q2W,,,0,592,0.0
NCT03160885,Tralokinumab,ECZTRA 2,death_rate,Initial Period - Placebo,,,0,200,0.0
NCT03160885,Tralokinumab,ECZTRA 2,death_rate,Maintenance Period - Tralokinumab Q2W,,,0,91,0.0
NCT03160885,Tralokinumab,ECZTRA 2,death_rate,Maintenance Period - Tralokinumab Q4W,,,0,89,0.0
NCT03160885,Tralokinumab,ECZTRA 2,death_rate,Maintenance Period - Placebo,,,0,46,0.0
NCT03160885,Tralokinumab,ECZTRA 2,death_rate,Maintenance Period - Placebo - Tralokinumab Naive,,,0,31,0.0
NCT03160885,Tralokinumab,ECZTRA 2,death_rate,Open-label Period - Tralokinumab Q2W + Optional TCS,,,0,558,0.0
NCT03160885,Tralokinumab,ECZTRA 2,death_rate,Safety Follow-up,,,0,641,0.0
NCT03160885,Tralokinumab,ECZTRA 2,discontinuation_due_to_ae_rate,Placebo,,,3,200,1.5
NCT03160885,Tralokinumab,ECZTRA 2,discontinuation_due_to_ae_rate,Tralokinumab Q2W,,,9,592,1.5
NCT03160885,Tralokinumab,ECZTRA 2,most_common_adverse_events,Initial Period - Tralokinumab Q2W,Dermatitis atopic,Skin and subcutaneous tissue disorders,97,592,16.4
NCT03160885,Tralokinumab,ECZTRA 2,most_common_adverse_events,Initial Period - Placebo,Dermatitis atopic,Skin and subcutaneous tissue disorders,67,200,33.5
NCT03160885,Tralokinumab,ECZTRA 2,most_common_adverse_events,Maintenance Period - Tralokinumab Q2W,Dermatitis atopic,Skin and subcutaneous tissue disorders,13,91,14.3
NCT03160885,Tralokinumab,ECZTRA 2,most_common_adverse_events,Maintenance Period - Tralokinumab Q4W,Dermatitis atopic,Skin and subcutaneous tissue disorders,14,89,15.7
NCT03160885,Tralokinumab,ECZTRA 2,most_common_adverse_events,Maintenance Period - Placebo,Dermatitis atopic,Skin and subcutaneous tissue disorders,9,46,19.6
NCT03160885,Tralokinumab,ECZTRA 2,most_common_adverse_events,Maintenance Period - Placebo - Tralokinumab Naive,Dermatitis atopic,Skin and subcutaneous tissue disorders,2,31,6.5
NCT03160885,Tralokinumab,ECZTRA 2,most_common_adverse_events,Open-label Period - Tralokinumab Q2W + Optional TCS,Dermatitis atopic,Skin and subcutaneous tissue disorders,114,558,20.4
NCT03160885,Tralokinumab,ECZTRA 2,most_common_adverse_events,Safety Follow-up,Dermatitis atopic,Skin and subcutaneous tissue disorders,15,641,2.3
NCT03160885,Tralokinumab,ECZTRA 2,most_common_adverse_events,Initial Period - Tralokinumab Q2W,Upper respiratory tract infection,Infections and infestations,59,592,10.0
NCT03160885,Tralokinumab,ECZTRA 2,most_common_adverse_events,Initial Period - Placebo,Upper respiratory tract infection,Infections and infestations,17,200,8.5
NCT03160885,Tralokinumab,ECZTRA 2,most_common_adverse_events,Maintenance Period - Tralokinumab Q2W,Upper respiratory tract infection,Infections and infestations,14,91,15.4
NCT03160885,Tralokinumab,ECZTRA 2,most_common_adverse_events,Maintenance Period - Tralokinumab Q4W,Upper respiratory tract infection,Infections and infestations,9,89,10.1
NCT03160885,Tralokinumab,ECZTRA 2,most_common_adverse_events,Maintenance Period - Placebo,Upper respiratory tract infection,Infections and infestations,3,46,6.5
NCT03160885,Tralokinumab,ECZTRA 2,most_common_adverse_events,Maintenance Period - Placebo - Tralokinumab Naive,Upper respiratory tract infection,Infections and infestations,2,31,6.5
NCT03160885,Tralokinumab,ECZTRA 2,most_common_adverse_events,Open-label Period - Tralokinumab Q2W + Optional TCS,Upper respiratory tract infection,Infections and infestations,65,558,11.6
NCT03160885,Tralokinumab,ECZTRA 2,most_common_adverse_events,Safety Follow-up,Upper respiratory tract infection,Infections and infestations,6,641,0.9
NCT03160885,Tralokinumab,ECZTRA 2,most_common_adverse_events,Initial Period - Tralokinumab Q2W,Viral upper respiratory tract infection,Infections and infestations,49,592,8.3
NCT03160885,Tralokinumab,ECZTRA 2,most_common_adverse_events,Initial Period - Placebo,Viral upper respiratory tract infection,Infections and infestations,17,200,8.5
NCT03160885,Tralokinumab,ECZTRA 2,most_common_adverse_events,Maintenance Period - Tralokinumab Q2W,Viral upper respiratory tract infection,Infections and infestations,9,91,9.9
NCT03160885,Tralokinumab,ECZTRA 2,most_common_adverse_events,Maintenance Period - Tralokinumab Q4W,Viral upper respiratory tract infection,Infections and infestations,6,89,6.7
NCT03160885,Tralokinumab,ECZTRA 2,most_common_adverse_events,Maintenance Period - Placebo,Viral upper respiratory tract infection,Infections and infestations,7,46,15.2
NCT03160885,Tralokinumab,ECZTRA 2,most_common_adverse_events,Maintenance Period - Placebo - Tralokinumab Naive,Viral upper respiratory tract infection,Infections and infestations,4,31,12.9
NCT03160885,Tralokinumab,ECZTRA 2,most_common_adverse_events,Open-label Period - Tralokinumab Q2W + Optional TCS,Viral upper respiratory tract infection,Infections and infestations,58,558,10.4
NCT03160885,Tralokinumab,ECZTRA 2,most_common_adverse_events,Safety Follow-up,Viral upper respiratory tract infection,Infections and infestations,1,641,0.2
NCT03160885,Tralokinumab,ECZTRA 2,most_common_adverse_events,Initial Period - Tralokinumab Q2W,Dry eye,Eye disorders,3,592,0.5
NCT03160885,Tralokinumab,ECZTRA 2,most_common_adverse_events,Initial Period - Placebo,Dry eye,Eye disorders,1,200,0.5
NCT03160885,Tralokinumab,ECZTRA 2,most_common_adverse_events,Maintenance Period - Tralokinumab Q2W,Dry eye,Eye disorders,1,91,1.1
NCT03160885,Tralokinumab,ECZTRA 2,most_common_adverse_events,Maintenance Period - Tralokinumab Q4W,Dry eye,Eye disorders,0,89,0.0
NCT03160885,Tralokinumab,ECZTRA 2,most_common_adverse_events,Maintenance Period - Placebo,Dry eye,Eye disorders,3,46,6.5
NCT03160885,Tralokinumab,ECZTRA 2,most_common_adverse_events,Maintenance Period - Placebo - Tralokinumab Naive,Dry eye,Eye disorders,0,31,0.0
NCT03160885,Tralokinumab,ECZTRA 2,most_common_adverse_events,Open-label Period - Tralokinumab Q2W + Optional TCS,Dry eye,Eye disorders,5,558,0.9
NCT03160885,Tralokinumab,ECZTRA 2,most_common_adverse_events,Safety Follow-up,Dry eye,Eye disorders,1,641,0.2
NCT03160885,Tralokinumab,ECZTRA 2,most_common_adverse_events,Initial Period - Tralokinumab Q2W,Oral herpes,Infections and infestations,3,592,0.5
NCT03160885,Tralokinumab,ECZTRA 2,most_common_adverse_events,Initial Period - Placebo,Oral herpes,Infections and infestations,4,200,2.0
NCT03160885,Tralokinumab,ECZTRA 2,most_common_adverse_events,Maintenance Period - Tralokinumab Q2W,Oral herpes,Infections and infestations,1,91,1.1
NCT03160885,Tralokinumab,ECZTRA 2,most_common_adverse_events,Maintenance Period - Tralokinumab Q4W,Oral herpes,Infections and infestations,0,89,0.0
NCT03160885,Tralokinumab,ECZTRA 2,most_common_adverse_events,Maintenance Period - Placebo,Oral herpes,Infections and infestations,1,46,2.2
NCT03160885,Tralokinumab,ECZTRA 2,most_common_adverse_events,Maintenance Period - Placebo - Tralokinumab Naive,Oral herpes,Infections and infestations,2,31,6.5
NCT03160885,Tralokinumab,ECZTRA 2,most_common_adverse_events,Open-label Period - Tralokinumab Q2W + Optional TCS,Oral herpes,Infections and infestations,7,558,1.3
NCT03160885,Tralokinumab,ECZTRA 2,most_common_adverse_events,Safety Follow-up,Oral herpes,Infections and infestations,1,641,0.2
NCT03160885,Tralokinumab,ECZTRA 2,most_common_adverse_events,Initial Period - Tralokinumab Q2W,Asthma,"Respiratory, thoracic and mediastinal disorders",6,592,1.0
NCT03160885,Tralokinumab,ECZTRA 2,most_common_adverse_events,Initial Period - Placebo,Asthma,"Respiratory, thoracic and mediastinal disorders",5,200,2.5
NCT03160885,Tralokinumab,ECZTRA 2,most_common_adverse_events,Maintenance Period - Tralokinumab Q2W,Asthma,"Respiratory, thoracic and mediastinal disorders",2,91,2.2
NCT03160885,Tralokinumab,ECZTRA 2,most_common_adverse_events,Maintenance Period - Tralokinumab Q4W,Asthma,"Respiratory, thoracic and mediastinal disorders",3,89,3.4
NCT03160885,Tralokinumab,ECZTRA 2,most_common_adverse_events,Maintenance Period - Placebo,Asthma,"Respiratory, thoracic and mediastinal disorders",3,46,6.5
NCT03160885,Tralokinumab,ECZTRA 2,most_common_adverse_events,Maintenance Period - Placebo - Tralokinumab Naive,Asthma,"Respiratory, thoracic and mediastinal disorders",0,31,0.0
NCT03160885,Tralokinumab,ECZTRA 2,most_common_adverse_events,Open-label Period - Tralokinumab Q2W + Optional TCS,Asthma,"Respiratory, thoracic and mediastinal disorders",8,558,1.4
NCT03160885,Tralokinumab,ECZTRA 2,most_common_adverse_events,Safety Follow-up,Asthma,"Respiratory, thoracic and mediastinal disorders",1,641,0.2
NCT03160885,Tralokinumab,ECZTRA 2,most_common_adverse_events,Initial Period - Tralokinumab Q2W,Hypertension,Vascular disorders,8,592,1.4
NCT03160885,Tralokinumab,ECZTRA 2,most_common_adverse_events,Initial Period - Placebo,Hypertension,Vascular disorders,1,200,0.5
NCT03160885,Tralokinumab,ECZTRA 2,most_common_adverse_events,Maintenance Period - Tralokinumab Q2W,Hypertension,Vascular disorders,1,91,1.1
NCT03160885,Tralokinumab,ECZTRA 2,most_common_adverse_events,Maintenance Period - Tralokinumab Q4W,Hypertension,Vascular disorders,1,89,1.1
NCT03160885,Tralokinumab,ECZTRA 2,most_common_adverse_events,Maintenance Period - Placebo,Hypertension,Vascular disorders,3,46,6.5
NCT03160885,Tralokinumab,ECZTRA 2,most_common_adverse_events,Maintenance Period - Placebo - Tralokinumab Naive,Hypertension,Vascular disorders,0,31,0.0
NCT03160885,Tralokinumab,ECZTRA 2,most_common_adverse_events,Open-label Period - Tralokinumab Q2W + Optional TCS,Hypertension,Vascular disorders,6,558,1.1
NCT03160885,Tralokinumab,ECZTRA 2,most_common_adverse_events,Safety Follow-up,Hypertension,Vascular disorders,0,641,0.0
NCT03160885,Tralokinumab,ECZTRA 2,most_common_adverse_events,Initial Period - Tralokinumab Q2W,Conjunctivitis,Infections and infestations,18,592,3.0
NCT03160885,Tralokinumab,ECZTRA 2,most_common_adverse_events,Initial Period - Placebo,Conjunctivitis,Infections and infestations,3,200,1.5
NCT03160885,Tralokinumab,ECZTRA 2,most_common_adverse_events,Maintenance Period - Tralokinumab Q2W,Conjunctivitis,Infections and infestations,5,91,5.5
NCT03160885,Tralokinumab,ECZTRA 2,most_common_adverse_events,Maintenance Period - Tralokinumab Q4W,Conjunctivitis,Infections and infestations,1,89,1.1
NCT03160885,Tralokinumab,ECZTRA 2,most_common_adverse_events,Maintenance Period - Placebo,Conjunctivitis,Infections and infestations,2,46,4.3
NCT03160885,Tralokinumab,ECZTRA 2,most_common_adverse_events,Maintenance Period - Placebo - Tralokinumab Naive,Conjunctivitis,Infections and infestations,1,31,3.2
NCT03160885,Tralokinumab,ECZTRA 2,most_common_adverse_events,Open-label Period - Tralokinumab Q2W + Optional TCS,Conjunctivitis,Infections and infestations,22,558,3.9
NCT03160885,Tralokinumab,ECZTRA 2,most_common_adverse_events,Safety Follow-up,Conjunctivitis,Infections and infestations,3,641,0.5
NCT03349060,Abrocitinib,JADE Mono-1,serious_adverse_event_rate,PF-04965842 100 mg,,,5,156,3.2
NCT03349060,Abrocitinib,JADE Mono-1,serious_adverse_event_rate,PF-04965842 200 mg,,,5,154,3.2
NCT03349060,Abrocitinib,JADE Mono-1,serious_adverse_event_rate,Placebo,,,3,77,3.9
NCT03349060,Abrocitinib,JADE Mono-1,death_rate,PF-04965842 100 mg,,,0,156,0.0
NCT03349060,Abrocitinib,JADE Mono-1,death_rate,PF-04965842 200 mg,,,0,154,0.0
NCT03349060,Abrocitinib,JADE Mono-1,death_rate,Placebo,,,0,77,0.0
NCT03349060,Abrocitinib,JADE Mono-1,discontinuation_due_to_ae_rate,PF-04965842 100 mg,,,9,156,5.8
NCT03349060,Abrocitinib,JADE Mono-1,discontinuation_due_to_ae_rate,PF-04965842 200 mg,,,9,154,5.8
NCT03349060,Abrocitinib,JADE Mono-1,discontinuation_due_to_ae_rate,Placebo,,,7,77,9.1
NCT03349060,Abrocitinib,JADE Mono-1,most_common_adverse_events,PF-04965842 100 mg,Nausea,Gastrointestinal disorders,14,156,9.0
NCT03349060,Abrocitinib,JADE Mono-1,most_common_adverse_events,PF-04965842 200 mg,Nausea,Gastrointestinal disorders,31,154,20.1
NCT03349060,Abrocitinib,JADE Mono-1,most_common_adverse_events,Placebo,Nausea,Gastrointestinal disorders,2,77,2.6
NCT03349060,Abrocitinib,JADE Mono-1,most_common_adverse_events,PF-04965842 100 mg,Dermatitis atopic,Skin and subcutaneous tissue disorders,22,156,14.1
NCT03349060,Abrocitinib,JADE Mono-1,most_common_adverse_events,PF-04965842 200 mg,Dermatitis atopic,Skin and subcutaneous tissue disorders,8,154,5.2
NCT03349060,Abrocitinib,JADE Mono-1,most_common_adverse_events,Placebo,Dermatitis atopic,Skin and subcutaneous tissue disorders,13,77,16.9
NCT03349060,Abrocitinib,JADE Mono-1,most_common_adverse_events,PF-04965842 100 mg,Nasopharyngitis,Infections and infestations,23,156,14.7
NCT03349060,Abrocitinib,JADE Mono-1,most_common_adverse_events,PF-04965842 200 mg,Nasopharyngitis,Infections and infestations,18,154,11.7
NCT03349060,Abrocitinib,JADE Mono-1,most_common_adverse_events,Placebo,Nasopharyngitis,Infections and infestations,8,77,10.4
NCT03349060,Abrocitinib,JADE Mono-1,most_common_adverse_events,PF-04965842 100 mg,Headache,Nervous system disorders,12,156,7.7
NCT03349060,Abrocitinib,JADE Mono-1,most_common_adverse_events,PF-04965842 200 mg,Headache,Nervous system disorders,15,154,9.7
NCT03349060,Abrocitinib,JADE Mono-1,most_common_adverse_events,Placebo,Headache,Nervous system disorders,2,77,2.6
NCT03349060,Abrocitinib,JADE Mono-1,most_common_adverse_events,PF-04965842 100 mg,Upper respiratory tract infection,Infections and infestations,11,156,7.1
NCT03349060,Abrocitinib,JADE Mono-1,most_common_adverse_events,PF-04965842 200 mg,Upper respiratory tract infection,Infections and infestations,11,154,7.1
NCT03349060,Abrocitinib,JADE Mono-1,most_common_adverse_events,Placebo,Upper respiratory tract infection,Infections and infestations,5,77,6.5
NCT03363854,Tralokinumab,,serious_adverse_event_rate,Initial Treatment Period: Tralokinumab Q2W+TCS,,,2,252,0.8
NCT03363854,Tralokinumab,,serious_adverse_event_rate,Initial Treatment Period: Placebo+TCS,,,4,126,3.2
NCT03363854,Tralokinumab,,serious_adverse_event_rate,Continuation Treatment Period: Tralokinumab R/Q2W+TCS,,,3,69,4.3
NCT03363854,Tralokinumab,,serious_adverse_event_rate,Continuation Treatment Period: Tralokinumab R/Q4W+TCS,,,0,69,0.0
NCT03363854,Tralokinumab,,serious_adverse_event_rate,Continuation Treatment Period: Tralokinumab NR/Q2W+TCS,,,2,95,2.1
NCT03363854,Tralokinumab,,serious_adverse_event_rate,Continuation Treatment Period: Placebo NR/Tralokinumab Q2W+TCS,,,0,79,0.0
NCT03363854,Tralokinumab,,serious_adverse_event_rate,Continuation Treatment Period: Placebo R/Placebo+TCS,,,1,41,2.4
NCT03363854,Tralokinumab,,serious_adverse_event_rate,Safety Follow-up,,,3,278,1.1
NCT03363854,Tralokinumab,,death_rate,Initial Treatment Period: Tralokinumab Q2W+TCS,,,0,252,0.0
NCT03363854,Tralokinumab,,death_rate,Initial Treatment Period: Placebo+TCS,,,0,126,0.0
NCT03363854,Tralokinumab,,death_rate,Continuation Treatment Period: Tralokinumab R/Q2W+TCS,,,0,69,0.0
NCT03363854,Tralokinumab,,death_rate,Continuation Treatment Period: Tralokinumab R/Q4W+TCS,,,0,69,0.0
NCT03363854,Tralokinumab,,death_rate,Continuation Treatment Period: Tralokinumab NR/Q2W+TCS,,,0,95,0.0
NCT03363854,Tralokinumab,,death_rate,Continuation Treatment Period: Placebo NR/Tralokinumab Q2W+TCS,,,0,79,0.0
NCT03363854,Tralokinumab,,death_rate,Continuation Treatment Period: Placebo R/Placebo+TCS,,,0,41,0.0
NCT03363854,Tralokinumab,,death_rate,Safety Follow-up,,,0,278,0.0
NCT03363854,Tralokinumab,,discontinuation_due_to_ae_rate,Placebo Q2W + TCS,,,1,126,0.8
NCT03363854,Tralokinumab,,discontinuation_due_to_ae_rate,Tralokinumab Q2W + TCS,,,6,252,2.4
NCT03363854,Tralokinumab,,most_common_adverse_events,Initial Treatment Period: Tralokinumab Q2W+TCS,Viral upper respiratory tract infection,Infections and infestations,49,252,19.4
NCT03363854,Tralokinumab,,most_common_adverse_events,Initial Treatment Period: Placebo+TCS,Viral upper respiratory tract infection,Infections and infestations,14,126,11.1
NCT03363854,Tralokinumab,,most_common_adverse_events,Continuation Treatment Period: Tralokinumab R/Q2W+TCS,Viral upper respiratory tract infection,Infections and infestations,12,69,17.4
NCT03363854,Tralokinumab,,most_common_adverse_events,Continuation Treatment Period: Tralokinumab R/Q4W+TCS,Viral upper respiratory tract infection,Infections and infestations,9,69,13.0
NCT03363854,Tralokinumab,,most_common_adverse_events,Continuation Treatment Period: Tralokinumab NR/Q2W+TCS,Viral upper respiratory tract infection,Infections and infestations,20,95,21.1
NCT03363854,Tralokinumab,,most_common_adverse_events,Continuation Treatment Period: Placebo NR/Tralokinumab Q2W+TCS,Viral upper respiratory tract infection,Infections and infestations,15,79,19.0
NCT03363854,Tralokinumab,,most_common_adverse_events,Continuation Treatment Period: Placebo R/Placebo+TCS,Viral upper respiratory tract infection,Infections and infestations,7,41,17.1
NCT03363854,Tralokinumab,,most_common_adverse_events,Safety Follow-up,Viral upper respiratory tract infection,Infections and infestations,0,278,0.0
NCT03363854,Tralokinumab,,most_common_adverse_events,Initial Treatment Period: Tralokinumab Q2W+TCS,Conjunctivitis,Infections and infestations,28,252,11.1
NCT03363854,Tralokinumab,,most_common_adverse_events,Initial Treatment Period: Placebo+TCS,Conjunctivitis,Infections and infestations,4,126,3.2
NCT03363854,Tralokinumab,,most_common_adverse_events,Continuation Treatment Period: Tralokinumab R/Q2W+TCS,Conjunctivitis,Infections and infestations,4,69,5.8
NCT03363854,Tralokinumab,,most_common_adverse_events,Continuation Treatment Period: Tralokinumab R/Q4W+TCS,Conjunctivitis,Infections and infestations,0,69,0.0
NCT03363854,Tralokinumab,,most_common_adverse_events,Continuation Treatment Period: Tralokinumab NR/Q2W+TCS,Conjunctivitis,Infections and infestations,3,95,3.2
NCT03363854,Tralokinumab,,most_common_adverse_events,Continuation Treatment Period: Placebo NR/Tralokinumab Q2W+TCS,Conjunctivitis,Infections and infestations,3,79,3.8
NCT03363854,Tralokinumab,,most_common_adverse_events,Continuation Treatment Period: Placebo R/Placebo+TCS,Conjunctivitis,Infections and infestations,1,41,2.4
NCT03363854,Tralokinumab,,most_common_adverse_events,Safety Follow-up,Conjunctivitis,Infections and infestations,0,278,0.0
NCT03363854,Tralokinumab,,most_common_adverse_events,Initial Treatment Period: Tralokinumab Q2W+TCS,Upper respiratory tract infection,Infections and infestations,19,252,7.5
NCT03363854,Tralokinumab,,most_common_adverse_events,Initial Treatment Period: Placebo+TCS,Upper respiratory tract infection,Infections and infestations,6,126,4.8
NCT03363854,Tralokinumab,,most_common_adverse_events,Continuation Treatment Period: Tralokinumab R/Q2W+TCS,Upper respiratory tract infection,Infections and infestations,7,69,10.1
NCT03363854,Tralokinumab,,most_common_adverse_events,Continuation Treatment Period: Tralokinumab R/Q4W+TCS,Upper respiratory tract infection,Infections and infestations,3,69,4.3
NCT03363854,Tralokinumab,,most_common_adverse_events,Continuation Treatment Period: Tralokinumab NR/Q2W+TCS,Upper respiratory tract infection,Infections and infestations,6,95,6.3
NCT03363854,Tralokinumab,,most_common_adverse_events,Continuation Treatment Period: Placebo NR/Tralokinumab Q2W+TCS,Upper respiratory tract infection,Infections and infestations,3,79,3.8
NCT03363854,Tralokinumab,,most_common_adverse_events,Continuation Treatment Period: Placebo R/Placebo+TCS,Upper respiratory tract infection,Infections and infestations,2,41,4.9
NCT03363854,Tralokinumab,,most_common_adverse_events,Safety Follow-up,Upper respiratory tract infection,Infections and infestations,2,278,0.7
NCT03363854,Tralokinumab,,most_common_adverse_events,Initial Treatment Period: Tralokinumab Q2W+TCS,Headache,Nervous system disorders,22,252,8.7
NCT03363854,Tralokinumab,,most_common_adverse_events,Initial Treatment Period: Placebo+TCS,Headache,Nervous system disorders,6,126,4.8
NCT03363854,Tralokinumab,,most_common_adverse_events,Continuation Treatment Period: Tralokinumab R/Q2W+TCS,Headache,Nervous system disorders,2,69,2.9
NCT03363854,Tralokinumab,,most_common_adverse_events,Continuation Treatment Period: Tralokinumab R/Q4W+TCS,Headache,Nervous system disorders,5,69,7.2
NCT03363854,Tralokinumab,,most_common_adverse_events,Continuation Treatment Period: Tralokinumab NR/Q2W+TCS,Headache,Nervous system disorders,7,95,7.4
NCT03363854,Tralokinumab,,most_common_adverse_events,Continuation Treatment Period: Placebo NR/Tralokinumab Q2W+TCS,Headache,Nervous system disorders,2,79,2.5
NCT03363854,Tralokinumab,,most_common_adverse_events,Continuation Treatment Period: Placebo R/Placebo+TCS,Headache,Nervous system disorders,1,41,2.4
NCT03363854,Tralokinumab,,most_common_adverse_events,Safety Follow-up,Headache,Nervous system disorders,3,278,1.1
NCT03363854,Tralokinumab,,most_common_adverse_events,Initial Treatment Period: Tralokinumab Q2W+TCS,Dermatitis atopic,Skin and subcutaneous tissue disorders,6,252,2.4
NCT03363854,Tralokinumab,,most_common_adverse_events,Initial Treatment Period: Placebo+TCS,Dermatitis atopic,Skin and subcutaneous tissue disorders,10,126,7.9
NCT03363854,Tralokinumab,,most_common_adverse_events,Continuation Treatment Period: Tralokinumab R/Q2W+TCS,Dermatitis atopic,Skin and subcutaneous tissue disorders,1,69,1.4
NCT03363854,Tralokinumab,,most_common_adverse_events,Continuation Treatment Period: Tralokinumab R/Q4W+TCS,Dermatitis atopic,Skin and subcutaneous tissue disorders,1,69,1.4
NCT03363854,Tralokinumab,,most_common_adverse_events,Continuation Treatment Period: Tralokinumab NR/Q2W+TCS,Dermatitis atopic,Skin and subcutaneous tissue disorders,8,95,8.4
NCT03363854,Tralokinumab,,most_common_adverse_events,Continuation Treatment Period: Placebo NR/Tralokinumab Q2W+TCS,Dermatitis atopic,Skin and subcutaneous tissue disorders,6,79,7.6
NCT03363854,Tralokinumab,,most_common_adverse_events,Continuation Treatment Period: Placebo R/Placebo+TCS,Dermatitis atopic,Skin and subcutaneous tissue disorders,2,41,4.9
NCT03363854,Tralokinumab,,most_common_adverse_events,Safety Follow-up,Dermatitis atopic,Skin and subcutaneous tissue disorders,2,278,0.7
NCT03363854,Tralokinumab,,most_common_adverse_events,Initial Treatment Period: Tralokinumab Q2W+TCS,Injection site reaction,General disorders,17,252,6.7
NCT03363854,Tralokinumab,,most_common_adverse_events,Initial Treatment Period: Placebo+TCS,Injection site reaction,General disorders,0,126,0.0
NCT03363854,Tralokinumab,,most_common_adverse_events,Continuation Treatment Period: Tralokinumab R/Q2W+TCS,Injection site reaction,General disorders,5,69,7.2
NCT03363854,Tralokinumab,,most_common_adverse_events,Continuation Treatment Period: Tralokinumab R/Q4W+TCS,Injection site reaction,General disorders,4,69,5.8
NCT03363854,Tralokinumab,,most_common_adverse_events,Continuation Treatment Period: Tralokinumab NR/Q2W+TCS,Injection site reaction,General disorders,5,95,5.3
NCT03363854,Tralokinumab,,most_common_adverse_events,Continuation Treatment Period: Placebo NR/Tralokinumab Q2W+TCS,Injection site reaction,General disorders,2,79,2.5
NCT03363854,Tralokinumab,,most_common_adverse_events,Continuation Treatment Period: Placebo R/Placebo+TCS,Injection site reaction,General disorders,0,41,0.0
NCT03363854,Tralokinumab,,most_common_adverse_events,Safety Follow-up,Injection site reaction,General disorders,0,278,0.0
NCT03363854,Tralokinumab,,most_common_adverse_events,Initial Treatment Period: Tralokinumab Q2W+TCS,Diarrhoea,Gastrointestinal disorders,8,252,3.2
NCT03363854,Tralokinumab,,most_common_adverse_events,Initial Treatment Period: Placebo+TCS,Diarrhoea,Gastrointestinal disorders,2,126,1.6
NCT03363854,Tralokinumab,,most_common_adverse_events,Continuation Treatment Period: Tralokinumab R/Q2W+TCS,Diarrhoea,Gastrointestinal disorders,4,69,5.8
NCT03363854,Tralokinumab,,most_common_adverse_events,Continuation Treatment Period: Tralokinumab R/Q4W+TCS,Diarrhoea,Gastrointestinal disorders,1,69,1.4
NCT03363854,Tralokinumab,,most_common_adverse_events,Continuation Treatment Period: Tralokinumab NR/Q2W+TCS,Diarrhoea,Gastrointestinal disorders,1,95,1.1
NCT03363854,Tralokinumab,,most_common_adverse_events,Continuation Treatment Period: Placebo NR/Tralokinumab Q2W+TCS,Diarrhoea,Gastrointestinal disorders,2,79,2.5
NCT03363854,Tralokinumab,,most_common_adverse_events,Continuation Treatment Period: Placebo R/Placebo+TCS,Diarrhoea,Gastrointestinal disorders,2,41,4.9
NCT03363854,Tralokinumab,,most_common_adverse_events,Safety Follow-up,Diarrhoea,Gastrointestinal disorders,1,278,0.4
NCT03363854,Tralokinumab,,most_common_adverse_events,Initial Treatment Period: Tralokinumab Q2W+TCS,Nausea,Gastrointestinal disorders,0,252,0.0
NCT03363854,Tralokinumab,,most_common_adverse_events,Initial Treatment Period: Placebo+TCS,Nausea,Gastrointestinal disorders,1,126,0.8
NCT03363854,Tralokinumab,,most_common_adverse_events,Continuation Treatment Period: Tralokinumab R/Q2W+TCS,Nausea,Gastrointestinal disorders,3,69,4.3
NCT03363854,Tralokinumab,,most_common_adverse_events,Continuation Treatment Period: Tralokinumab R/Q4W+TCS,Nausea,Gastrointestinal disorders,4,69,5.8
NCT03363854,Tralokinumab,,most_common_adverse_events,Continuation Treatment Period: Tralokinumab NR/Q2W+TCS,Nausea,Gastrointestinal disorders,3,95,3.2
NCT03363854,Tralokinumab,,most_common_adverse_events,Continuation Treatment Period: Placebo NR/Tralokinumab Q2W+TCS,Nausea,Gastrointestinal disorders,1,79,1.3
NCT03363854,Tralokinumab,,most_common_adverse_events,Continuation Treatment Period: Placebo R/Placebo+TCS,Nausea,Gastrointestinal disorders,0,41,0.0
NCT03363854,Tralokinumab,,most_common_adverse_events,Safety Follow-up,Nausea,Gastrointestinal disorders,2,278,0.7
NCT03568318,Upadacitinib,AD Up,serious_adverse_event_rate,Adults: Placebo + Topical Corticosteroids,,,9,264,3.4
NCT03568318,Upadacitinib,AD Up,serious_adverse_event_rate,Adults: Upadacitinib 15 mg + Topical Corticosteroids,,,7,261,2.7
NCT03568318,Upadacitinib,AD Up,serious_adverse_event_rate,Adults: Upadacitinib 30 mg + Topical Corticosteroids,,,4,260,1.5
NCT03568318,Upadacitinib,AD Up,serious_adverse_event_rate,Adolescents: Placebo + Topical Corticosteroids,,,0,62,0.0
NCT03568318,Upadacitinib,AD Up,serious_adverse_event_rate,Adolescents: Upadacitinib 15 mg + Topical Corticosteroids,,,1,60,1.7
NCT03568318,Upadacitinib,AD Up,serious_adverse_event_rate,Adolescents: Upadacitinib 30 mg + Topical Corticosteroids,,,0,60,0.0
NCT03568318,Upadacitinib,AD Up,death_rate,Adults: Placebo + Topical Corticosteroids,,,0,264,0.0
NCT03568318,Upadacitinib,AD Up,death_rate,Adults: Upadacitinib 15 mg + Topical Corticosteroids,,,0,261,0.0
NCT03568318,Upadacitinib,AD Up,death_rate,Adults: Upadacitinib 30 mg + Topical Corticosteroids,,,0,260,0.0
NCT03568318,Upadacitinib,AD Up,death_rate,Adolescents: Placebo + Topical Corticosteroids,,,0,62,0.0
NCT03568318,Upadacitinib,AD Up,death_rate,Adolescents: Upadacitinib 15 mg + Topical Corticosteroids,,,0,60,0.0
NCT03568318,Upadacitinib,AD Up,death_rate,Adolescents: Upadacitinib 30 mg + Topical Corticosteroids,,,0,60,0.0
NCT03568318,Upadacitinib,AD Up,discontinuation_due_to_ae_rate,Adults: Placebo + Topical Corticosteroids,,,3,264,1.1
NCT03568318,Upadacitinib,AD Up,discontinuation_due_to_ae_rate,Adults: Upadacitinib 15 mg + Topical Corticosteroids,,,1,261,0.4
NCT03568318,Upadacitinib,AD Up,discontinuation_due_to_ae_rate,Adults: Upadacitinib 30 mg + Topical Corticosteroids,,,1,260,0.4
NCT03568318,Upadacitinib,AD Up,discontinuation_due_to_ae_rate,Adolescents: Placebo + Topical Corticosteroids,,,0,63,0.0
NCT03568318,Upadacitinib,AD Up,discontinuation_due_to_ae_rate,Adolescents: Upadacitinib 15 mg + Topical Corticosteroids,,,1,60,1.7
NCT03568318,Upadacitinib,AD Up,discontinuation_due_to_ae_rate,Adolescents: Upadacitinib 30 mg + Topical Corticosteroids,,,0,60,0.0
NCT03568318,Upadacitinib,AD Up,most_common_adverse_events,Adults: Placebo + Topical Corticosteroids,ACNE,Skin and subcutaneous tissue disorders,6,264,2.3
NCT03568318,Upadacitinib,AD Up,most_common_adverse_events,Adults: Upadacitinib 15 mg + Topical Corticosteroids,ACNE,Skin and subcutaneous tissue disorders,25,261,9.6
NCT03568318,Upadacitinib,AD Up,most_common_adverse_events,Adults: Upadacitinib 30 mg + Topical Corticosteroids,ACNE,Skin and subcutaneous tissue disorders,36,260,13.8
NCT03568318,Upadacitinib,AD Up,most_common_adverse_events,Adolescents: Placebo + Topical Corticosteroids,ACNE,Skin and subcutaneous tissue disorders,1,62,1.6
NCT03568318,Upadacitinib,AD Up,most_common_adverse_events,Adolescents: Upadacitinib 15 mg + Topical Corticosteroids,ACNE,Skin and subcutaneous tissue disorders,8,60,13.3
NCT03568318,Upadacitinib,AD Up,most_common_adverse_events,Adolescents: Upadacitinib 30 mg + Topical Corticosteroids,ACNE,Skin and subcutaneous tissue disorders,9,60,15.0
NCT03568318,Upadacitinib,AD Up,most_common_adverse_events,Adults: Placebo + Topical Corticosteroids,NASOPHARYNGITIS,Infections and infestations,31,264,11.7
NCT03568318,Upadacitinib,AD Up,most_common_adverse_events,Adults: Upadacitinib 15 mg + Topical Corticosteroids,NASOPHARYNGITIS,Infections and infestations,31,261,11.9
NCT03568318,Upadacitinib,AD Up,most_common_adverse_events,Adults: Upadacitinib 30 mg + Topical Corticosteroids,NASOPHARYNGITIS,Infections and infestations,37,260,14.2
NCT03568318,Upadacitinib,AD Up,most_common_adverse_events,Adolescents: Placebo + Topical Corticosteroids,NASOPHARYNGITIS,Infections and infestations,3,62,4.8
NCT03568318,Upadacitinib,AD Up,most_common_adverse_events,Adolescents: Upadacitinib 15 mg + Topical Corticosteroids,NASOPHARYNGITIS,Infections and infestations,6,60,10.0
NCT03568318,Upadacitinib,AD Up,most_common_adverse_events,Adolescents: Upadacitinib 30 mg + Topical Corticosteroids,NASOPHARYNGITIS,Infections and infestations,3,60,5.0
NCT03568318,Upadacitinib,AD Up,most_common_adverse_events,Adults: Placebo + Topical Corticosteroids,ORAL HERPES,Infections and infestations,5,264,1.9
NCT03568318,Upadacitinib,AD Up,most_common_adverse_events,Adults: Upadacitinib 15 mg + Topical Corticosteroids,ORAL HERPES,Infections and infestations,9,261,3.4
NCT03568318,Upadacitinib,AD Up,most_common_adverse_events,Adults: Upadacitinib 30 mg + Topical Corticosteroids,ORAL HERPES,Infections and infestations,22,260,8.5
NCT03568318,Upadacitinib,AD Up,most_common_adverse_events,Adolescents: Placebo + Topical Corticosteroids,ORAL HERPES,Infections and infestations,1,62,1.6
NCT03568318,Upadacitinib,AD Up,most_common_adverse_events,Adolescents: Upadacitinib 15 mg + Topical Corticosteroids,ORAL HERPES,Infections and infestations,2,60,3.3
NCT03568318,Upadacitinib,AD Up,most_common_adverse_events,Adolescents: Upadacitinib 30 mg + Topical Corticosteroids,ORAL HERPES,Infections and infestations,1,60,1.7
NCT03568318,Upadacitinib,AD Up,most_common_adverse_events,Adults: Placebo + Topical Corticosteroids,HEADACHE,Nervous system disorders,12,264,4.5
NCT03568318,Upadacitinib,AD Up,most_common_adverse_events,Adults: Upadacitinib 15 mg + Topical Corticosteroids,HEADACHE,Nervous system disorders,11,261,4.2
NCT03568318,Upadacitinib,AD Up,most_common_adverse_events,Adults: Upadacitinib 30 mg + Topical Corticosteroids,HEADACHE,Nervous system disorders,11,260,4.2
NCT03568318,Upadacitinib,AD Up,most_common_adverse_events,Adolescents: Placebo + Topical Corticosteroids,HEADACHE,Nervous system disorders,4,62,6.5
NCT03568318,Upadacitinib,AD Up,most_common_adverse_events,Adolescents: Upadacitinib 15 mg + Topical Corticosteroids,HEADACHE,Nervous system disorders,5,60,8.3
NCT03568318,Upadacitinib,AD Up,most_common_adverse_events,Adolescents: Upadacitinib 30 mg + Topical Corticosteroids,HEADACHE,Nervous system disorders,4,60,6.7
NCT03568318,Upadacitinib,AD Up,most_common_adverse_events,Adults: Placebo + Topical Corticosteroids,UPPER RESPIRATORY TRACT INFECTION,Infections and infestations,21,264,8.0
NCT03568318,Upadacitinib,AD Up,most_common_adverse_events,Adults: Upadacitinib 15 mg + Topical Corticosteroids,UPPER RESPIRATORY TRACT INFECTION,Infections and infestations,20,261,7.7
NCT03568318,Upadacitinib,AD Up,most_common_adverse_events,Adults: Upadacitinib 30 mg + Topical Corticosteroids,UPPER RESPIRATORY TRACT INFECTION,Infections and infestations,19,260,7.3
NCT03568318,Upadacitinib,AD Up,most_common_adverse_events,Adolescents: Placebo + Topical Corticosteroids,UPPER RESPIRATORY TRACT INFECTION,Infections and infestations,1,62,1.6
NCT03568318,Upadacitinib,AD Up,most_common_adverse_events,Adolescents: Upadacitinib 15 mg + Topical Corticosteroids,UPPER RESPIRATORY TRACT INFECTION,Infections and infestations,1,60,1.7
NCT03568318,Upadacitinib,AD Up,most_common_adverse_events,Adolescents: Upadacitinib 30 mg + Topical Corticosteroids,UPPER RESPIRATORY TRACT INFECTION,Infections and infestations,4,60,6.7
NCT03568318,Upadacitinib,AD Up,most_common_adverse_events,Adults: Placebo + Topical Corticosteroids,DERMATITIS ATOPIC,Skin and subcutaneous tissue disorders,18,264,6.8
NCT03568318,Upadacitinib,AD Up,most_common_adverse_events,Adults: Upadacitinib 15 mg + Topical Corticosteroids,DERMATITIS ATOPIC,Skin and subcutaneous tissue disorders,8,261,3.1
NCT03568318,Upadacitinib,AD Up,most_common_adverse_events,Adults: Upadacitinib 30 mg + Topical Corticosteroids,DERMATITIS ATOPIC,Skin and subcutaneous tissue disorders,2,260,0.8
NCT03568318,Upadacitinib,AD Up,most_common_adverse_events,Adolescents: Placebo + Topical Corticosteroids,DERMATITIS ATOPIC,Skin and subcutaneous tissue disorders,4,62,6.5
NCT03568318,Upadacitinib,AD Up,most_common_adverse_events,Adolescents: Upadacitinib 15 mg + Topical Corticosteroids,DERMATITIS ATOPIC,Skin and subcutaneous tissue disorders,3,60,5.0
NCT03568318,Upadacitinib,AD Up,most_common_adverse_events,Adolescents: Upadacitinib 30 mg + Topical Corticosteroids,DERMATITIS ATOPIC,Skin and subcutaneous tissue disorders,0,60,0.0
NCT03568318,Upadacitinib,AD Up,most_common_adverse_events,Adults: Placebo + Topical Corticosteroids,VOMITING,Gastrointestinal disorders,2,264,0.8
NCT03568318,Upadacitinib,AD Up,most_common_adverse_events,Adults: Upadacitinib 15 mg + Topical Corticosteroids,VOMITING,Gastrointestinal disorders,1,261,0.4
NCT03568318,Upadacitinib,AD Up,most_common_adverse_events,Adults: Upadacitinib 30 mg + Topical Corticosteroids,VOMITING,Gastrointestinal disorders,0,260,0.0
NCT03568318,Upadacitinib,AD Up,most_common_adverse_events,Adolescents: Placebo + Topical Corticosteroids,VOMITING,Gastrointestinal disorders,1,62,1.6
NCT03568318,Upadacitinib,AD Up,most_common_adverse_events,Adolescents: Upadacitinib 15 mg + Topical Corticosteroids,VOMITING,Gastrointestinal disorders,1,60,1.7
NCT03568318,Upadacitinib,AD Up,most_common_adverse_events,Adolescents: Upadacitinib 30 mg + Topical Corticosteroids,VOMITING,Gastrointestinal disorders,4,60,6.7
NCT03568318,Upadacitinib,AD Up,most_common_adverse_events,Adults: Placebo + Topical Corticosteroids,PYREXIA,General disorders,3,264,1.1
NCT03568318,Upadacitinib,AD Up,most_common_adverse_events,Adults: Upadacitinib 15 mg + Topical Corticosteroids,PYREXIA,General disorders,5,261,1.9
NCT03568318,Upadacitinib,AD Up,most_common_adverse_events,Adults: Upadacitinib 30 mg + Topical Corticosteroids,PYREXIA,General disorders,3,260,1.2
NCT03568318,Upadacitinib,AD Up,most_common_adverse_events,Adolescents: Placebo + Topical Corticosteroids,PYREXIA,General disorders,0,62,0.0
NCT03568318,Upadacitinib,AD Up,most_common_adverse_events,Adolescents: Upadacitinib 15 mg + Topical Corticosteroids,PYREXIA,General disorders,0,60,0.0
NCT03568318,Upadacitinib,AD Up,most_common_adverse_events,Adolescents: Upadacitinib 30 mg + Topical Corticosteroids,PYREXIA,General disorders,4,60,6.7
NCT03569293,Upadacitinib,Measure Up 1,serious_adverse_event_rate,Adults: Double-blind Period - Placebo,,,9,241,3.7
NCT03569293,Upadacitinib,Measure Up 1,serious_adverse_event_rate,Adults: Double-blind Period - Upadacitinib 15 mg QD,,,5,239,2.1
NCT03569293,Upadacitinib,Measure Up 1,serious_adverse_event_rate,Adults: Double-blind Period - Upadacitinib 30 mg QD,,,8,243,3.3
NCT03569293,Upadacitinib,Measure Up 1,serious_adverse_event_rate,Adolescents: Double-blind Period - Placebo,,,1,61,1.6
NCT03569293,Upadacitinib,Measure Up 1,serious_adverse_event_rate,Adolescents: Double-blind Period - Upadacitinib 15 mg QD,,,2,64,3.1
NCT03569293,Upadacitinib,Measure Up 1,serious_adverse_event_rate,Adolescents: Double-blind Period - Upadacitinib 30 mg QD,,,0,64,0.0
NCT03569293,Upadacitinib,Measure Up 1,serious_adverse_event_rate,Adults: Blinded Extension Period - Upadacitinib 15 mg,,,33,231,14.3
NCT03569293,Upadacitinib,Measure Up 1,serious_adverse_event_rate,Adults: Blinded Extension Period - Upadacitinib 30 mg,,,42,228,18.4
NCT03569293,Upadacitinib,Measure Up 1,serious_adverse_event_rate,Adults: Blinded Extension Period - PBO/Upadacitinib 15 mg,,,15,102,14.7
NCT03569293,Upadacitinib,Measure Up 1,serious_adverse_event_rate,Adults: Blinded Extension Period - PBO/Upadacitinib 30 mg,,,21,105,20.0
NCT03569293,Upadacitinib,Measure Up 1,serious_adverse_event_rate,Adolescents: Blinded Extension Period - Upadacitinib 15 mg QD,,,8,64,12.5
NCT03569293,Upadacitinib,Measure Up 1,serious_adverse_event_rate,Adolescents: Blinded Extension Period - Upadacitinib 30 mg QD,,,7,64,10.9
NCT03569293,Upadacitinib,Measure Up 1,serious_adverse_event_rate,Adolescents: Blinded Extension Period - PBO/ Upadacitinib 15 mg,,,1,30,3.3
NCT03569293,Upadacitinib,Measure Up 1,serious_adverse_event_rate,Adolescents: Blinded Extension Period - PBO/ Upadacitinib 30 mg,,,6,27,22.2
NCT03569293,Upadacitinib,Measure Up 1,death_rate,Adults: Double-blind Period - Placebo,,,0,241,0.0
NCT03569293,Upadacitinib,Measure Up 1,death_rate,Adults: Double-blind Period - Upadacitinib 15 mg QD,,,0,239,0.0
NCT03569293,Upadacitinib,Measure Up 1,death_rate,Adults: Double-blind Period - Upadacitinib 30 mg QD,,,0,243,0.0
NCT03569293,Upadacitinib,Measure Up 1,death_rate,Adolescents: Double-blind Period - Placebo,,,0,61,0.0
NCT03569293,Upadacitinib,Measure Up 1,death_rate,Adolescents: Double-blind Period - Upadacitinib 15 mg QD,,,0,64,0.0
NCT03569293,Upadacitinib,Measure Up 1,death_rate,Adolescents: Double-blind Period - Upadacitinib 30 mg QD,,,0,64,0.0
NCT03569293,Upadacitinib,Measure Up 1,death_rate,Adults: Blinded Extension Period - Upadacitinib 15 mg,,,2,231,0.9
NCT03569293,Upadacitinib,Measure Up 1,death_rate,Adults: Blinded Extension Period - Upadacitinib 30 mg,,,2,228,0.9
NCT03569293,Upadacitinib,Measure Up 1,death_rate,Adults: Blinded Extension Period - PBO/Upadacitinib 15 mg,,,0,102,0.0
NCT03569293,Upadacitinib,Measure Up 1,death_rate,Adults: Blinded Extension Period - PBO/Upadacitinib 30 mg,,,1,105,1.0
NCT03569293,Upadacitinib,Measure Up 1,death_rate,Adolescents: Blinded Extension Period - Upadacitinib 15 mg QD,,,0,64,0.0
NCT03569293,Upadacitinib,Measure Up 1,death_rate,Adolescents: Blinded Extension Period - Upadacitinib 30 mg QD,,,0,64,0.0
NCT03569293,Upadacitinib,Measure Up 1,death_rate,Adolescents: Blinded Extension Period - PBO/ Upadacitinib 15 mg,,,0,30,0.0
NCT03569293,Upadacitinib,Measure Up 1,death_rate,Adolescents: Blinded Extension Period - PBO/ Upadacitinib 30 mg,,,0,27,0.0
NCT03569293,Upadacitinib,Measure Up 1,discontinuation_due_to_ae_rate,Adults: Double-blind Period - Placebo,,,4,241,1.7
NCT03569293,Upadacitinib,Measure Up 1,discontinuation_due_to_ae_rate,Adults: Double-blind Period - Upadacitinib 15 mg QD,,,1,239,0.4
NCT03569293,Upadacitinib,Measure Up 1,discontinuation_due_to_ae_rate,Adults: Double-blind Period - Upadacitinib 30 mg QD,,,4,243,1.6
NCT03569293,Upadacitinib,Measure Up 1,discontinuation_due_to_ae_rate,Adolescents: Double-blind Period - Placebo,,,1,61,1.6
NCT03569293,Upadacitinib,Measure Up 1,discontinuation_due_to_ae_rate,Adolescents: Double-blind Period - Upadacitinib 15 mg QD,,,0,64,0.0
NCT03569293,Upadacitinib,Measure Up 1,discontinuation_due_to_ae_rate,Adolescents: Double-blind Period - Upadacitinib 30 mg QD,,,0,64,0.0
NCT03569293,Upadacitinib,Measure Up 1,discontinuation_due_to_ae_rate,Adults: Blinded Extension Period - PBO/Upadacitinib 15 mg,,,0,0,
NCT03569293,Upadacitinib,Measure Up 1,discontinuation_due_to_ae_rate,Adults: Blinded Extension Period - PBO/Upadacitinib 30 mg,,,0,0,
NCT03569293,Upadacitinib,Measure Up 1,discontinuation_due_to_ae_rate,Adults: Blinded Extension Period - Upadacitinib 15 mg,,,0,0,
NCT03569293,Upadacitinib,Measure Up 1,discontinuation_due_to_ae_rate,Adults: Blinded Extension Period - Upadacitinib 30 mg,,,0,0,
NCT03569293,Upadacitinib,Measure Up 1,discontinuation_due_to_ae_rate,Adolescents: Blinded Extension Period - PBO/Upadacitinib 15 mg,,,0,0,
NCT03569293,Upadacitinib,Measure Up 1,discontinuation_due_to_ae_rate,Adolescents: Blinded Extension Period - PBO/Upadacitinib 30 mg,,,0,0,
NCT03569293,Upadacitinib,Measure Up 1,discontinuation_due_to_ae_rate,Adolescents: Blinded Extension Period - Upadacitinib 15 mg,,,0,0,
NCT03569293,Upadacitinib,Measure Up 1,discontinuation_due_to_ae_rate,Adolescents: Blinded Extension Period - Upadacitinib 30 mg,,,0,0,
NCT03569293,Upadacitinib,Measure Up 1,most_common_adverse_events,Adults: Double-blind Period - Placebo,COVID-19,Infections and infestations,0,241,0.0
NCT03569293,Upadacitinib,Measure Up 1,most_common_adverse_events,Adults: Double-blind Period - Upadacitinib 15 mg QD,COVID-19,Infections and infestations,0,239,0.0
NCT03569293,Upadacitinib,Measure Up 1,most_common_adverse_events,Adults: Double-blind Period - Upadacitinib 30 mg QD,COVID-19,Infections and infestations,1,243,0.4
NCT03569293,Upadacitinib,Measure Up 1,most_common_adverse_events,Adolescents: Double-blind Period - Placebo,COVID-19,Infections and infestations,0,61,0.0
NCT03569293,Upadacitinib,Measure Up 1,most_common_adverse_events,Adolescents: Double-blind Period - Upadacitinib 15 mg QD,COVID-19,Infections and infestations,1,64,1.6
NCT03569293,Upadacitinib,Measure Up 1,most_common_adverse_events,Adolescents: Double-blind Period - Upadacitinib 30 mg QD,COVID-19,Infections and infestations,0,64,0.0
NCT03569293,Upadacitinib,Measure Up 1,most_common_adverse_events,Adults: Blinded Extension Period - Upadacitinib 15 mg,COVID-19,Infections and infestations,66,231,28.6
NCT03569293,Upadacitinib,Measure Up 1,most_common_adverse_events,Adults: Blinded Extension Period - Upadacitinib 30 mg,COVID-19,Infections and infestations,80,228,35.1
NCT03569293,Upadacitinib,Measure Up 1,most_common_adverse_events,Adults: Blinded Extension Period - PBO/Upadacitinib 15 mg,COVID-19,Infections and infestations,39,102,38.2
NCT03569293,Upadacitinib,Measure Up 1,most_common_adverse_events,Adults: Blinded Extension Period - PBO/Upadacitinib 30 mg,COVID-19,Infections and infestations,40,105,38.1
NCT03569293,Upadacitinib,Measure Up 1,most_common_adverse_events,Adolescents: Blinded Extension Period - Upadacitinib 15 mg QD,COVID-19,Infections and infestations,16,64,25.0
NCT03569293,Upadacitinib,Measure Up 1,most_common_adverse_events,Adolescents: Blinded Extension Period - Upadacitinib 30 mg QD,COVID-19,Infections and infestations,23,64,35.9
NCT03569293,Upadacitinib,Measure Up 1,most_common_adverse_events,Adolescents: Blinded Extension Period - PBO/ Upadacitinib 15 mg,COVID-19,Infections and infestations,6,30,20.0
NCT03569293,Upadacitinib,Measure Up 1,most_common_adverse_events,Adolescents: Blinded Extension Period - PBO/ Upadacitinib 30 mg,COVID-19,Infections and infestations,6,27,22.2
NCT03569293,Upadacitinib,Measure Up 1,most_common_adverse_events,Adults: Double-blind Period - Placebo,ACNE,Skin and subcutaneous tissue disorders,7,241,2.9
NCT03569293,Upadacitinib,Measure Up 1,most_common_adverse_events,Adults: Double-blind Period - Upadacitinib 15 mg QD,ACNE,Skin and subcutaneous tissue disorders,13,239,5.4
NCT03569293,Upadacitinib,Measure Up 1,most_common_adverse_events,Adults: Double-blind Period - Upadacitinib 30 mg QD,ACNE,Skin and subcutaneous tissue disorders,40,243,16.5
NCT03569293,Upadacitinib,Measure Up 1,most_common_adverse_events,Adolescents: Double-blind Period - Placebo,ACNE,Skin and subcutaneous tissue disorders,1,61,1.6
NCT03569293,Upadacitinib,Measure Up 1,most_common_adverse_events,Adolescents: Double-blind Period - Upadacitinib 15 mg QD,ACNE,Skin and subcutaneous tissue disorders,9,64,14.1
NCT03569293,Upadacitinib,Measure Up 1,most_common_adverse_events,Adolescents: Double-blind Period - Upadacitinib 30 mg QD,ACNE,Skin and subcutaneous tissue disorders,10,64,15.6
NCT03569293,Upadacitinib,Measure Up 1,most_common_adverse_events,Adults: Blinded Extension Period - Upadacitinib 15 mg,ACNE,Skin and subcutaneous tissue disorders,25,231,10.8
NCT03569293,Upadacitinib,Measure Up 1,most_common_adverse_events,Adults: Blinded Extension Period - Upadacitinib 30 mg,ACNE,Skin and subcutaneous tissue disorders,43,228,18.9
NCT03569293,Upadacitinib,Measure Up 1,most_common_adverse_events,Adults: Blinded Extension Period - PBO/Upadacitinib 15 mg,ACNE,Skin and subcutaneous tissue disorders,14,102,13.7
NCT03569293,Upadacitinib,Measure Up 1,most_common_adverse_events,Adults: Blinded Extension Period - PBO/Upadacitinib 30 mg,ACNE,Skin and subcutaneous tissue disorders,24,105,22.9
NCT03569293,Upadacitinib,Measure Up 1,most_common_adverse_events,Adolescents: Blinded Extension Period - Upadacitinib 15 mg QD,ACNE,Skin and subcutaneous tissue disorders,1,64,1.6
NCT03569293,Upadacitinib,Measure Up 1,most_common_adverse_events,Adolescents: Blinded Extension Period - Upadacitinib 30 mg QD,ACNE,Skin and subcutaneous tissue disorders,18,64,28.1
NCT03569293,Upadacitinib,Measure Up 1,most_common_adverse_events,Adolescents: Blinded Extension Period - PBO/ Upadacitinib 15 mg,ACNE,Skin and subcutaneous tissue disorders,5,30,16.7
NCT03569293,Upadacitinib,Measure Up 1,most_common_adverse_events,Adolescents: Blinded Extension Period - PBO/ Upadacitinib 30 mg,ACNE,Skin and subcutaneous tissue disorders,10,27,37.0
NCT03569293,Upadacitinib,Measure Up 1,most_common_adverse_events,Adults: Double-blind Period - Placebo,UPPER RESPIRATORY TRACT INFECTION,Infections and infestations,17,241,7.1
NCT03569293,Upadacitinib,Measure Up 1,most_common_adverse_events,Adults: Double-blind Period - Upadacitinib 15 mg QD,UPPER RESPIRATORY TRACT INFECTION,Infections and infestations,23,239,9.6
NCT03569293,Upadacitinib,Measure Up 1,most_common_adverse_events,Adults: Double-blind Period - Upadacitinib 30 mg QD,UPPER RESPIRATORY TRACT INFECTION,Infections and infestations,31,243,12.8
NCT03569293,Upadacitinib,Measure Up 1,most_common_adverse_events,Adolescents: Double-blind Period - Placebo,UPPER RESPIRATORY TRACT INFECTION,Infections and infestations,5,61,8.2
NCT03569293,Upadacitinib,Measure Up 1,most_common_adverse_events,Adolescents: Double-blind Period - Upadacitinib 15 mg QD,UPPER RESPIRATORY TRACT INFECTION,Infections and infestations,5,64,7.8
NCT03569293,Upadacitinib,Measure Up 1,most_common_adverse_events,Adolescents: Double-blind Period - Upadacitinib 30 mg QD,UPPER RESPIRATORY TRACT INFECTION,Infections and infestations,8,64,12.5
NCT03569293,Upadacitinib,Measure Up 1,most_common_adverse_events,Adults: Blinded Extension Period - Upadacitinib 15 mg,UPPER RESPIRATORY TRACT INFECTION,Infections and infestations,35,231,15.2
NCT03569293,Upadacitinib,Measure Up 1,most_common_adverse_events,Adults: Blinded Extension Period - Upadacitinib 30 mg,UPPER RESPIRATORY TRACT INFECTION,Infections and infestations,35,228,15.4
NCT03569293,Upadacitinib,Measure Up 1,most_common_adverse_events,Adults: Blinded Extension Period - PBO/Upadacitinib 15 mg,UPPER RESPIRATORY TRACT INFECTION,Infections and infestations,19,102,18.6
NCT03569293,Upadacitinib,Measure Up 1,most_common_adverse_events,Adults: Blinded Extension Period - PBO/Upadacitinib 30 mg,UPPER RESPIRATORY TRACT INFECTION,Infections and infestations,14,105,13.3
NCT03569293,Upadacitinib,Measure Up 1,most_common_adverse_events,Adolescents: Blinded Extension Period - Upadacitinib 15 mg QD,UPPER RESPIRATORY TRACT INFECTION,Infections and infestations,14,64,21.9
NCT03569293,Upadacitinib,Measure Up 1,most_common_adverse_events,Adolescents: Blinded Extension Period - Upadacitinib 30 mg QD,UPPER RESPIRATORY TRACT INFECTION,Infections and infestations,18,64,28.1
NCT03569293,Upadacitinib,Measure Up 1,most_common_adverse_events,Adolescents: Blinded Extension Period - PBO/ Upadacitinib 15 mg,UPPER RESPIRATORY TRACT INFECTION,Infections and infestations,5,30,16.7
NCT03569293,Upadacitinib,Measure Up 1,most_common_adverse_events,Adolescents: Blinded Extension Period - PBO/ Upadacitinib 30 mg,UPPER RESPIRATORY TRACT INFECTION,Infections and infestations,9,27,33.3
NCT03569293,Upadacitinib,Measure Up 1,most_common_adverse_events,Adults: Double-blind Period - Placebo,DERMATITIS ATOPIC,Skin and subcutaneous tissue disorders,20,241,8.3
NCT03569293,Upadacitinib,Measure Up 1,most_common_adverse_events,Adults: Double-blind Period - Upadacitinib 15 mg QD,DERMATITIS ATOPIC,Skin and subcutaneous tissue disorders,9,239,3.8
NCT03569293,Upadacitinib,Measure Up 1,most_common_adverse_events,Adults: Double-blind Period - Upadacitinib 30 mg QD,DERMATITIS ATOPIC,Skin and subcutaneous tissue disorders,5,243,2.1
NCT03569293,Upadacitinib,Measure Up 1,most_common_adverse_events,Adolescents: Double-blind Period - Placebo,DERMATITIS ATOPIC,Skin and subcutaneous tissue disorders,2,61,3.3
NCT03569293,Upadacitinib,Measure Up 1,most_common_adverse_events,Adolescents: Double-blind Period - Upadacitinib 15 mg QD,DERMATITIS ATOPIC,Skin and subcutaneous tissue disorders,2,64,3.1
NCT03569293,Upadacitinib,Measure Up 1,most_common_adverse_events,Adolescents: Double-blind Period - Upadacitinib 30 mg QD,DERMATITIS ATOPIC,Skin and subcutaneous tissue disorders,1,64,1.6
NCT03569293,Upadacitinib,Measure Up 1,most_common_adverse_events,Adults: Blinded Extension Period - Upadacitinib 15 mg,DERMATITIS ATOPIC,Skin and subcutaneous tissue disorders,37,231,16.0
NCT03569293,Upadacitinib,Measure Up 1,most_common_adverse_events,Adults: Blinded Extension Period - Upadacitinib 30 mg,DERMATITIS ATOPIC,Skin and subcutaneous tissue disorders,41,228,18.0
NCT03569293,Upadacitinib,Measure Up 1,most_common_adverse_events,Adults: Blinded Extension Period - PBO/Upadacitinib 15 mg,DERMATITIS ATOPIC,Skin and subcutaneous tissue disorders,19,102,18.6
NCT03569293,Upadacitinib,Measure Up 1,most_common_adverse_events,Adults: Blinded Extension Period - PBO/Upadacitinib 30 mg,DERMATITIS ATOPIC,Skin and subcutaneous tissue disorders,10,105,9.5
NCT03569293,Upadacitinib,Measure Up 1,most_common_adverse_events,Adolescents: Blinded Extension Period - Upadacitinib 15 mg QD,DERMATITIS ATOPIC,Skin and subcutaneous tissue disorders,8,64,12.5
NCT03569293,Upadacitinib,Measure Up 1,most_common_adverse_events,Adolescents: Blinded Extension Period - Upadacitinib 30 mg QD,DERMATITIS ATOPIC,Skin and subcutaneous tissue disorders,6,64,9.4
NCT03569293,Upadacitinib,Measure Up 1,most_common_adverse_events,Adolescents: Blinded Extension Period - PBO/ Upadacitinib 15 mg,DERMATITIS ATOPIC,Skin and subcutaneous tissue disorders,4,30,13.3
NCT03569293,Upadacitinib,Measure Up 1,most_common_adverse_events,Adolescents: Blinded Extension Period - PBO/ Upadacitinib 30 mg,DERMATITIS ATOPIC,Skin and subcutaneous tissue disorders,8,27,29.6
NCT03569293,Upadacitinib,Measure Up 1,most_common_adverse_events,Adults: Double-blind Period - Placebo,BLOOD CREATINE PHOSPHOKINASE INCREASED,Investigations,4,241,1.7
NCT03569293,Upadacitinib,Measure Up 1,most_common_adverse_events,Adults: Double-blind Period - Upadacitinib 15 mg QD,BLOOD CREATINE PHOSPHOKINASE INCREASED,Investigations,12,239,5.0
NCT03569293,Upadacitinib,Measure Up 1,most_common_adverse_events,Adults: Double-blind Period - Upadacitinib 30 mg QD,BLOOD CREATINE PHOSPHOKINASE INCREASED,Investigations,11,243,4.5
NCT03569293,Upadacitinib,Measure Up 1,most_common_adverse_events,Adolescents: Double-blind Period - Placebo,BLOOD CREATINE PHOSPHOKINASE INCREASED,Investigations,2,61,3.3
NCT03569293,Upadacitinib,Measure Up 1,most_common_adverse_events,Adolescents: Double-blind Period - Upadacitinib 15 mg QD,BLOOD CREATINE PHOSPHOKINASE INCREASED,Investigations,5,64,7.8
NCT03569293,Upadacitinib,Measure Up 1,most_common_adverse_events,Adolescents: Double-blind Period - Upadacitinib 30 mg QD,BLOOD CREATINE PHOSPHOKINASE INCREASED,Investigations,5,64,7.8
NCT03569293,Upadacitinib,Measure Up 1,most_common_adverse_events,Adults: Blinded Extension Period - Upadacitinib 15 mg,BLOOD CREATINE PHOSPHOKINASE INCREASED,Investigations,19,231,8.2
NCT03569293,Upadacitinib,Measure Up 1,most_common_adverse_events,Adults: Blinded Extension Period - Upadacitinib 30 mg,BLOOD CREATINE PHOSPHOKINASE INCREASED,Investigations,35,228,15.4
NCT03569293,Upadacitinib,Measure Up 1,most_common_adverse_events,Adults: Blinded Extension Period - PBO/Upadacitinib 15 mg,BLOOD CREATINE PHOSPHOKINASE INCREASED,Investigations,4,102,3.9
NCT03569293,Upadacitinib,Measure Up 1,most_common_adverse_events,Adults: Blinded Extension Period - PBO/Upadacitinib 30 mg,BLOOD CREATINE PHOSPHOKINASE INCREASED,Investigations,18,105,17.1
NCT03569293,Upadacitinib,Measure Up 1,most_common_adverse_events,Adolescents: Blinded Extension Period - Upadacitinib 15 mg QD,BLOOD CREATINE PHOSPHOKINASE INCREASED,Investigations,8,64,12.5
NCT03569293,Upadacitinib,Measure Up 1,most_common_adverse_events,Adolescents: Blinded Extension Period - Upadacitinib 30 mg QD,BLOOD CREATINE PHOSPHOKINASE INCREASED,Investigations,9,64,14.1
NCT03569293,Upadacitinib,Measure Up 1,most_common_adverse_events,Adolescents: Blinded Extension Period - PBO/ Upadacitinib 15 mg,BLOOD CREATINE PHOSPHOKINASE INCREASED,Investigations,5,30,16.7
NCT03569293,Upadacitinib,Measure Up 1,most_common_adverse_events,Adolescents: Blinded Extension Period - PBO/ Upadacitinib 30 mg,BLOOD CREATINE PHOSPHOKINASE INCREASED,Investigations,6,27,22.2
NCT03569293,Upadacitinib,Measure Up 1,most_common_adverse_events,Adults: Double-blind Period - Placebo,NASOPHARYNGITIS,Infections and infestations,16,241,6.6
NCT03569293,Upadacitinib,Measure Up 1,most_common_adverse_events,Adults: Double-blind Period - Upadacitinib 15 mg QD,NASOPHARYNGITIS,Infections and infestations,19,239,7.9
NCT03569293,Upadacitinib,Measure Up 1,most_common_adverse_events,Adults: Double-blind Period - Upadacitinib 30 mg QD,NASOPHARYNGITIS,Infections and infestations,28,243,11.5
NCT03569293,Upadacitinib,Measure Up 1,most_common_adverse_events,Adolescents: Double-blind Period - Placebo,NASOPHARYNGITIS,Infections and infestations,1,61,1.6
NCT03569293,Upadacitinib,Measure Up 1,most_common_adverse_events,Adolescents: Double-blind Period - Upadacitinib 15 mg QD,NASOPHARYNGITIS,Infections and infestations,3,64,4.7
NCT03569293,Upadacitinib,Measure Up 1,most_common_adverse_events,Adolescents: Double-blind Period - Upadacitinib 30 mg QD,NASOPHARYNGITIS,Infections and infestations,5,64,7.8
NCT03569293,Upadacitinib,Measure Up 1,most_common_adverse_events,Adults: Blinded Extension Period - Upadacitinib 15 mg,NASOPHARYNGITIS,Infections and infestations,38,231,16.5
NCT03569293,Upadacitinib,Measure Up 1,most_common_adverse_events,Adults: Blinded Extension Period - Upadacitinib 30 mg,NASOPHARYNGITIS,Infections and infestations,32,228,14.0
NCT03569293,Upadacitinib,Measure Up 1,most_common_adverse_events,Adults: Blinded Extension Period - PBO/Upadacitinib 15 mg,NASOPHARYNGITIS,Infections and infestations,15,102,14.7
NCT03569293,Upadacitinib,Measure Up 1,most_common_adverse_events,Adults: Blinded Extension Period - PBO/Upadacitinib 30 mg,NASOPHARYNGITIS,Infections and infestations,13,105,12.4
NCT03569293,Upadacitinib,Measure Up 1,most_common_adverse_events,Adolescents: Blinded Extension Period - Upadacitinib 15 mg QD,NASOPHARYNGITIS,Infections and infestations,8,64,12.5
NCT03569293,Upadacitinib,Measure Up 1,most_common_adverse_events,Adolescents: Blinded Extension Period - Upadacitinib 30 mg QD,NASOPHARYNGITIS,Infections and infestations,8,64,12.5
NCT03569293,Upadacitinib,Measure Up 1,most_common_adverse_events,Adolescents: Blinded Extension Period - PBO/ Upadacitinib 15 mg,NASOPHARYNGITIS,Infections and infestations,3,30,10.0
NCT03569293,Upadacitinib,Measure Up 1,most_common_adverse_events,Adolescents: Blinded Extension Period - PBO/ Upadacitinib 30 mg,NASOPHARYNGITIS,Infections and infestations,4,27,14.8
NCT03569293,Upadacitinib,Measure Up 1,most_common_adverse_events,Adults: Double-blind Period - Placebo,HERPES ZOSTER,Infections and infestations,0,241,0.0
NCT03569293,Upadacitinib,Measure Up 1,most_common_adverse_events,Adults: Double-blind Period - Upadacitinib 15 mg QD,HERPES ZOSTER,Infections and infestations,4,239,1.7
NCT03569293,Upadacitinib,Measure Up 1,most_common_adverse_events,Adults: Double-blind Period - Upadacitinib 30 mg QD,HERPES ZOSTER,Infections and infestations,4,243,1.6
NCT03569293,Upadacitinib,Measure Up 1,most_common_adverse_events,Adolescents: Double-blind Period - Placebo,HERPES ZOSTER,Infections and infestations,0,61,0.0
NCT03569293,Upadacitinib,Measure Up 1,most_common_adverse_events,Adolescents: Double-blind Period - Upadacitinib 15 mg QD,HERPES ZOSTER,Infections and infestations,1,64,1.6
NCT03569293,Upadacitinib,Measure Up 1,most_common_adverse_events,Adolescents: Double-blind Period - Upadacitinib 30 mg QD,HERPES ZOSTER,Infections and infestations,1,64,1.6
NCT03569293,Upadacitinib,Measure Up 1,most_common_adverse_events,Adults: Blinded Extension Period - Upadacitinib 15 mg,HERPES ZOSTER,Infections and infestations,23,231,10.0
NCT03569293,Upadacitinib,Measure Up 1,most_common_adverse_events,Adults: Blinded Extension Period - Upadacitinib 30 mg,HERPES ZOSTER,Infections and infestations,30,228,13.2
NCT03569293,Upadacitinib,Measure Up 1,most_common_adverse_events,Adults: Blinded Extension Period - PBO/Upadacitinib 15 mg,HERPES ZOSTER,Infections and infestations,3,102,2.9
NCT03569293,Upadacitinib,Measure Up 1,most_common_adverse_events,Adults: Blinded Extension Period - PBO/Upadacitinib 30 mg,HERPES ZOSTER,Infections and infestations,12,105,11.4
NCT03569293,Upadacitinib,Measure Up 1,most_common_adverse_events,Adolescents: Blinded Extension Period - Upadacitinib 15 mg QD,HERPES ZOSTER,Infections and infestations,1,64,1.6
NCT03569293,Upadacitinib,Measure Up 1,most_common_adverse_events,Adolescents: Blinded Extension Period - Upadacitinib 30 mg QD,HERPES ZOSTER,Infections and infestations,7,64,10.9
NCT03569293,Upadacitinib,Measure Up 1,most_common_adverse_events,Adolescents: Blinded Extension Period - PBO/ Upadacitinib 15 mg,HERPES ZOSTER,Infections and infestations,2,30,6.7
NCT03569293,Upadacitinib,Measure Up 1,most_common_adverse_events,Adolescents: Blinded Extension Period - PBO/ Upadacitinib 30 mg,HERPES ZOSTER,Infections and infestations,4,27,14.8
NCT03569293,Upadacitinib,Measure Up 1,most_common_adverse_events,Adults: Double-blind Period - Placebo,IMPETIGO,Infections and infestations,6,241,2.5
NCT03569293,Upadacitinib,Measure Up 1,most_common_adverse_events,Adults: Double-blind Period - Upadacitinib 15 mg QD,IMPETIGO,Infections and infestations,3,239,1.3
NCT03569293,Upadacitinib,Measure Up 1,most_common_adverse_events,Adults: Double-blind Period - Upadacitinib 30 mg QD,IMPETIGO,Infections and infestations,2,243,0.8
NCT03569293,Upadacitinib,Measure Up 1,most_common_adverse_events,Adolescents: Double-blind Period - Placebo,IMPETIGO,Infections and infestations,0,61,0.0
NCT03569293,Upadacitinib,Measure Up 1,most_common_adverse_events,Adolescents: Double-blind Period - Upadacitinib 15 mg QD,IMPETIGO,Infections and infestations,1,64,1.6
NCT03569293,Upadacitinib,Measure Up 1,most_common_adverse_events,Adolescents: Double-blind Period - Upadacitinib 30 mg QD,IMPETIGO,Infections and infestations,1,64,1.6
NCT03569293,Upadacitinib,Measure Up 1,most_common_adverse_events,Adults: Blinded Extension Period - Upadacitinib 15 mg,IMPETIGO,Infections and infestations,11,231,4.8
NCT03569293,Upadacitinib,Measure Up 1,most_common_adverse_events,Adults: Blinded Extension Period - Upadacitinib 30 mg,IMPETIGO,Infections and infestations,12,228,5.3
NCT03569293,Upadacitinib,Measure Up 1,most_common_adverse_events,Adults: Blinded Extension Period - PBO/Upadacitinib 15 mg,IMPETIGO,Infections and infestations,2,102,2.0
NCT03569293,Upadacitinib,Measure Up 1,most_common_adverse_events,Adults: Blinded Extension Period - PBO/Upadacitinib 30 mg,IMPETIGO,Infections and infestations,4,105,3.8
NCT03569293,Upadacitinib,Measure Up 1,most_common_adverse_events,Adolescents: Blinded Extension Period - Upadacitinib 15 mg QD,IMPETIGO,Infections and infestations,5,64,7.8
NCT03569293,Upadacitinib,Measure Up 1,most_common_adverse_events,Adolescents: Blinded Extension Period - Upadacitinib 30 mg QD,IMPETIGO,Infections and infestations,8,64,12.5
NCT03569293,Upadacitinib,Measure Up 1,most_common_adverse_events,Adolescents: Blinded Extension Period - PBO/ Upadacitinib 15 mg,IMPETIGO,Infections and infestations,2,30,6.7
NCT03569293,Upadacitinib,Measure Up 1,most_common_adverse_events,Adolescents: Blinded Extension Period - PBO/ Upadacitinib 30 mg,IMPETIGO,Infections and infestations,2,27,7.4
NCT03575871,Abrocitinib,JADE Mono-2,serious_adverse_event_rate,PF-04965842 100 mg,,,5,158,3.2
NCT03575871,Abrocitinib,JADE Mono-2,serious_adverse_event_rate,PF-04965842 200 mg,,,2,155,1.3
NCT03575871,Abrocitinib,JADE Mono-2,serious_adverse_event_rate,Placebo,,,1,78,1.3
NCT03575871,Abrocitinib,JADE Mono-2,death_rate,PF-04965842 100 mg,,,1,158,0.6
NCT03575871,Abrocitinib,JADE Mono-2,death_rate,PF-04965842 200 mg,,,0,155,0.0
NCT03575871,Abrocitinib,JADE Mono-2,death_rate,Placebo,,,0,78,0.0
NCT03575871,Abrocitinib,JADE Mono-2,discontinuation_due_to_ae_rate,PF-04965842 100 mg,,,5,158,3.2
NCT03575871,Abrocitinib,JADE Mono-2,discontinuation_due_to_ae_rate,PF-04965842 200 mg,,,5,155,3.2
NCT03575871,Abrocitinib,JADE Mono-2,discontinuation_due_to_ae_rate,Placebo,,,8,78,10.3
NCT03575871,Abrocitinib,JADE Mono-2,most_common_adverse_events,PF-04965842 100 mg,Dermatitis atopic,Skin and subcutaneous tissue disorders,9,158,5.7
NCT03575871,Abrocitinib,JADE Mono-2,most_common_adverse_events,PF-04965842 200 mg,Dermatitis atopic,Skin and subcutaneous tissue disorders,6,155,3.9
NCT03575871,Abrocitinib,JADE Mono-2,most_common_adverse_events,Placebo,Dermatitis atopic,Skin and subcutaneous tissue disorders,12,78,15.4
NCT03575871,Abrocitinib,JADE Mono-2,most_common_adverse_events,PF-04965842 100 mg,Nausea,Gastrointestinal disorders,12,158,7.6
NCT03575871,Abrocitinib,JADE Mono-2,most_common_adverse_events,PF-04965842 200 mg,Nausea,Gastrointestinal disorders,22,155,14.2
NCT03575871,Abrocitinib,JADE Mono-2,most_common_adverse_events,Placebo,Nausea,Gastrointestinal disorders,2,78,2.6
NCT03575871,Abrocitinib,JADE Mono-2,most_common_adverse_events,PF-04965842 100 mg,Nasopharyngitis,Infections and infestations,20,158,12.7
NCT03575871,Abrocitinib,JADE Mono-2,most_common_adverse_events,PF-04965842 200 mg,Nasopharyngitis,Infections and infestations,12,155,7.7
NCT03575871,Abrocitinib,JADE Mono-2,most_common_adverse_events,Placebo,Nasopharyngitis,Infections and infestations,5,78,6.4
NCT03575871,Abrocitinib,JADE Mono-2,most_common_adverse_events,PF-04965842 100 mg,Upper respiratory tract infection,Infections and infestations,14,158,8.9
NCT03575871,Abrocitinib,JADE Mono-2,most_common_adverse_events,PF-04965842 200 mg,Upper respiratory tract infection,Infections and infestations,5,155,3.2
NCT03575871,Abrocitinib,JADE Mono-2,most_common_adverse_events,Placebo,Upper respiratory tract infection,Infections and infestations,3,78,3.8
NCT03575871,Abrocitinib,JADE Mono-2,most_common_adverse_events,PF-04965842 100 mg,Headache,Nervous system disorders,9,158,5.7
NCT03575871,Abrocitinib,JADE Mono-2,most_common_adverse_events,PF-04965842 200 mg,Headache,Nervous system disorders,12,155,7.7
NCT03575871,Abrocitinib,JADE Mono-2,most_common_adverse_events,Placebo,Headache,Nervous system disorders,2,78,2.6
NCT03575871,Abrocitinib,JADE Mono-2,most_common_adverse_events,PF-04965842 100 mg,Acne,Skin and subcutaneous tissue disorders,2,158,1.3
NCT03575871,Abrocitinib,JADE Mono-2,most_common_adverse_events,PF-04965842 200 mg,Acne,Skin and subcutaneous tissue disorders,9,155,5.8
NCT03575871,Abrocitinib,JADE Mono-2,most_common_adverse_events,Placebo,Acne,Skin and subcutaneous tissue disorders,0,78,0.0
NCT03575871,Abrocitinib,JADE Mono-2,most_common_adverse_events,PF-04965842 100 mg,Vomiting,Gastrointestinal disorders,2,158,1.3
NCT03575871,Abrocitinib,JADE Mono-2,most_common_adverse_events,PF-04965842 200 mg,Vomiting,Gastrointestinal disorders,8,155,5.2
NCT03575871,Abrocitinib,JADE Mono-2,most_common_adverse_events,Placebo,Vomiting,Gastrointestinal disorders,1,78,1.3
NCT03607422,Upadacitinib,,serious_adverse_event_rate,Adults: Double-blind Period - Placebo,,,7,242,2.9
NCT03607422,Upadacitinib,,serious_adverse_event_rate,Adults: Double-blind Period - Upadacitinib 15 mg QD,,,3,243,1.2
NCT03607422,Upadacitinib,,serious_adverse_event_rate,Adults: Double-blind Period - Upadacitinib 30 mg QD,,,7,247,2.8
NCT03607422,Upadacitinib,,serious_adverse_event_rate,Adolescents: Double-blind Period - Placebo,,,3,60,5.0
NCT03607422,Upadacitinib,,serious_adverse_event_rate,Adolescents: Double-blind Period - Upadacitinib 15 mg QD,,,2,58,3.4
NCT03607422,Upadacitinib,,serious_adverse_event_rate,Adolescents: Double-blind Period - Upadacitinib 30 mg QD,,,0,62,0.0
NCT03607422,Upadacitinib,,serious_adverse_event_rate,Adults: Blinded Extension Period - Upadacitinib 15 mg,,,38,229,16.6
NCT03607422,Upadacitinib,,serious_adverse_event_rate,Adults: Blinded Extension Period - Upadacitinib 30 mg,,,41,235,17.4
NCT03607422,Upadacitinib,,serious_adverse_event_rate,Adolescents: Blinded Extension Period - Upadacitinib 15 mg,,,6,55,10.9
NCT03607422,Upadacitinib,,serious_adverse_event_rate,Adolescents: Blinded Extension Period - Upadacitinib 30 mg,,,10,59,16.9
NCT03607422,Upadacitinib,,serious_adverse_event_rate,Adults: Blinded Extension Period - PBO/Upadacitinib 15 mg,,,11,104,10.6
NCT03607422,Upadacitinib,,serious_adverse_event_rate,Adults: Blinded Extension Period - PBO/Upadacitinib 30 mg,,,18,104,17.3
NCT03607422,Upadacitinib,,serious_adverse_event_rate,Adolescents: Blinded Extension Period - PBO/Upadacitinib 15 mg,,,4,26,15.4
NCT03607422,Upadacitinib,,serious_adverse_event_rate,Adolescents: Blinded Extension Period - PBO/Upadacitinib 30 mg,,,4,29,13.8
NCT03607422,Upadacitinib,,death_rate,Adults: Double-blind Period - Placebo,,,0,242,0.0
NCT03607422,Upadacitinib,,death_rate,Adults: Double-blind Period - Upadacitinib 15 mg QD,,,0,243,0.0
NCT03607422,Upadacitinib,,death_rate,Adults: Double-blind Period - Upadacitinib 30 mg QD,,,0,247,0.0
NCT03607422,Upadacitinib,,death_rate,Adolescents: Double-blind Period - Placebo,,,0,60,0.0
NCT03607422,Upadacitinib,,death_rate,Adolescents: Double-blind Period - Upadacitinib 15 mg QD,,,0,58,0.0
NCT03607422,Upadacitinib,,death_rate,Adolescents: Double-blind Period - Upadacitinib 30 mg QD,,,0,62,0.0
NCT03607422,Upadacitinib,,death_rate,Adults: Blinded Extension Period - Upadacitinib 15 mg,,,1,229,0.4
NCT03607422,Upadacitinib,,death_rate,Adults: Blinded Extension Period - Upadacitinib 30 mg,,,1,235,0.4
NCT03607422,Upadacitinib,,death_rate,Adolescents: Blinded Extension Period - Upadacitinib 15 mg,,,0,55,0.0
NCT03607422,Upadacitinib,,death_rate,Adolescents: Blinded Extension Period - Upadacitinib 30 mg,,,0,59,0.0
NCT03607422,Upadacitinib,,death_rate,Adults: Blinded Extension Period - PBO/Upadacitinib 15 mg,,,1,104,1.0
NCT03607422,Upadacitinib,,death_rate,Adults: Blinded Extension Period - PBO/Upadacitinib 30 mg,,,0,104,0.0
NCT03607422,Upadacitinib,,death_rate,Adolescents: Blinded Extension Period - PBO/Upadacitinib 15 mg,,,0,26,0.0
NCT03607422,Upadacitinib,,death_rate,Adolescents: Blinded Extension Period - PBO/Upadacitinib 30 mg,,,0,29,0.0
NCT03607422,Upadacitinib,,discontinuation_due_to_ae_rate,Adults: Double-blind Period - Placebo,,,7,242,2.9
NCT03607422,Upadacitinib,,discontinuation_due_to_ae_rate,Adults: Double-blind Period - Upadacitinib 15 mg QD,,,3,243,1.2
NCT03607422,Upadacitinib,,discontinuation_due_to_ae_rate,Adults: Double-blind Period - Upadacitinib 30 mg QD,,,1,247,0.4
NCT03607422,Upadacitinib,,discontinuation_due_to_ae_rate,Adolescents: Double-blind Period - Placebo,,,0,60,0.0
NCT03607422,Upadacitinib,,discontinuation_due_to_ae_rate,Adolescents: Double-blind Period - Upadacitinib 15 mg QD,,,2,58,3.4
NCT03607422,Upadacitinib,,discontinuation_due_to_ae_rate,Adolescents: Double-blind Period - Upadacitinib 30 mg QD,,,0,62,0.0
NCT03607422,Upadacitinib,,discontinuation_due_to_ae_rate,Adults: Blinded Extension Period - PBO/Upadacitinib 15 mg,,,0,0,
NCT03607422,Upadacitinib,,discontinuation_due_to_ae_rate,Adults: Blinded Extension Period - PBO/Upadacitinib 30 mg,,,0,0,
NCT03607422,Upadacitinib,,discontinuation_due_to_ae_rate,Adults: Blinded Extension Period - Upadacitinib 15 mg,,,0,0,
NCT03607422,Upadacitinib,,discontinuation_due_to_ae_rate,Adults: Blinded Extension Period - Upadacitinib 30 mg,,,0,0,
NCT03607422,Upadacitinib,,discontinuation_due_to_ae_rate,Adolescents: Blinded Extension Period - PBO/Upadacitinib 15 mg,,,0,0,
NCT03607422,Upadacitinib,,discontinuation_due_to_ae_rate,Adolescents: Blinded Extension Period - PBO/Upadacitinib 30 mg,,,0,0,
NCT03607422,Upadacitinib,,discontinuation_due_to_ae_rate,Adolescents: Blinded Extension Period - Upadacitinib 15 mg,,,0,0,
NCT03607422,Upadacitinib,,discontinuation_due_to_ae_rate,Adolescents: Blinded Extension Period - Upadacitinib 30 mg,,,0,0,
NCT03607422,Upadacitinib,,most_common_adverse_events,Adults: Double-blind Period - Placebo,COVID-19,Infections and infestations,0,242,0.0
NCT03607422,Upadacitinib,,most_common_adverse_events,Adults: Double-blind Period - Upadacitinib 15 mg QD,COVID-19,Infections and infestations,0,243,0.0
NCT03607422,Upadacitinib,,most_common_adverse_events,Adults: Double-blind Period - Upadacitinib 30 mg QD,COVID-19,Infections and infestations,0,247,0.0
NCT03607422,Upadacitinib,,most_common_adverse_events,Adolescents: Double-blind Period - Placebo,COVID-19,Infections and infestations,0,60,0.0
NCT03607422,Upadacitinib,,most_common_adverse_events,Adolescents: Double-blind Period - Upadacitinib 15 mg QD,COVID-19,Infections and infestations,0,58,0.0
NCT03607422,Upadacitinib,,most_common_adverse_events,Adolescents: Double-blind Period - Upadacitinib 30 mg QD,COVID-19,Infections and infestations,3,62,4.8
NCT03607422,Upadacitinib,,most_common_adverse_events,Adults: Blinded Extension Period - Upadacitinib 15 mg,COVID-19,Infections and infestations,73,229,31.9
NCT03607422,Upadacitinib,,most_common_adverse_events,Adults: Blinded Extension Period - Upadacitinib 30 mg,COVID-19,Infections and infestations,70,235,29.8
NCT03607422,Upadacitinib,,most_common_adverse_events,Adolescents: Blinded Extension Period - Upadacitinib 15 mg,COVID-19,Infections and infestations,15,55,27.3
NCT03607422,Upadacitinib,,most_common_adverse_events,Adolescents: Blinded Extension Period - Upadacitinib 30 mg,COVID-19,Infections and infestations,19,59,32.2
NCT03607422,Upadacitinib,,most_common_adverse_events,Adults: Blinded Extension Period - PBO/Upadacitinib 15 mg,COVID-19,Infections and infestations,33,104,31.7
NCT03607422,Upadacitinib,,most_common_adverse_events,Adults: Blinded Extension Period - PBO/Upadacitinib 30 mg,COVID-19,Infections and infestations,41,104,39.4
NCT03607422,Upadacitinib,,most_common_adverse_events,Adolescents: Blinded Extension Period - PBO/Upadacitinib 15 mg,COVID-19,Infections and infestations,6,26,23.1
NCT03607422,Upadacitinib,,most_common_adverse_events,Adolescents: Blinded Extension Period - PBO/Upadacitinib 30 mg,COVID-19,Infections and infestations,12,29,41.4
NCT03607422,Upadacitinib,,most_common_adverse_events,Adults: Double-blind Period - Placebo,ACNE,Skin and subcutaneous tissue disorders,5,242,2.1
NCT03607422,Upadacitinib,,most_common_adverse_events,Adults: Double-blind Period - Upadacitinib 15 mg QD,ACNE,Skin and subcutaneous tissue disorders,31,243,12.8
NCT03607422,Upadacitinib,,most_common_adverse_events,Adults: Double-blind Period - Upadacitinib 30 mg QD,ACNE,Skin and subcutaneous tissue disorders,37,247,15.0
NCT03607422,Upadacitinib,,most_common_adverse_events,Adolescents: Double-blind Period - Placebo,ACNE,Skin and subcutaneous tissue disorders,2,60,3.3
NCT03607422,Upadacitinib,,most_common_adverse_events,Adolescents: Double-blind Period - Upadacitinib 15 mg QD,ACNE,Skin and subcutaneous tissue disorders,6,58,10.3
NCT03607422,Upadacitinib,,most_common_adverse_events,Adolescents: Double-blind Period - Upadacitinib 30 mg QD,ACNE,Skin and subcutaneous tissue disorders,9,62,14.5
NCT03607422,Upadacitinib,,most_common_adverse_events,Adults: Blinded Extension Period - Upadacitinib 15 mg,ACNE,Skin and subcutaneous tissue disorders,25,229,10.9
NCT03607422,Upadacitinib,,most_common_adverse_events,Adults: Blinded Extension Period - Upadacitinib 30 mg,ACNE,Skin and subcutaneous tissue disorders,24,235,10.2
NCT03607422,Upadacitinib,,most_common_adverse_events,Adolescents: Blinded Extension Period - Upadacitinib 15 mg,ACNE,Skin and subcutaneous tissue disorders,10,55,18.2
NCT03607422,Upadacitinib,,most_common_adverse_events,Adolescents: Blinded Extension Period - Upadacitinib 30 mg,ACNE,Skin and subcutaneous tissue disorders,7,59,11.9
NCT03607422,Upadacitinib,,most_common_adverse_events,Adults: Blinded Extension Period - PBO/Upadacitinib 15 mg,ACNE,Skin and subcutaneous tissue disorders,20,104,19.2
NCT03607422,Upadacitinib,,most_common_adverse_events,Adults: Blinded Extension Period - PBO/Upadacitinib 30 mg,ACNE,Skin and subcutaneous tissue disorders,26,104,25.0
NCT03607422,Upadacitinib,,most_common_adverse_events,Adolescents: Blinded Extension Period - PBO/Upadacitinib 15 mg,ACNE,Skin and subcutaneous tissue disorders,5,26,19.2
NCT03607422,Upadacitinib,,most_common_adverse_events,Adolescents: Blinded Extension Period - PBO/Upadacitinib 30 mg,ACNE,Skin and subcutaneous tissue disorders,10,29,34.5
NCT03607422,Upadacitinib,,most_common_adverse_events,Adults: Double-blind Period - Placebo,DERMATITIS ATOPIC,Skin and subcutaneous tissue disorders,18,242,7.4
NCT03607422,Upadacitinib,,most_common_adverse_events,Adults: Double-blind Period - Upadacitinib 15 mg QD,DERMATITIS ATOPIC,Skin and subcutaneous tissue disorders,9,243,3.7
NCT03607422,Upadacitinib,,most_common_adverse_events,Adults: Double-blind Period - Upadacitinib 30 mg QD,DERMATITIS ATOPIC,Skin and subcutaneous tissue disorders,3,247,1.2
NCT03607422,Upadacitinib,,most_common_adverse_events,Adolescents: Double-blind Period - Placebo,DERMATITIS ATOPIC,Skin and subcutaneous tissue disorders,8,60,13.3
NCT03607422,Upadacitinib,,most_common_adverse_events,Adolescents: Double-blind Period - Upadacitinib 15 mg QD,DERMATITIS ATOPIC,Skin and subcutaneous tissue disorders,1,58,1.7
NCT03607422,Upadacitinib,,most_common_adverse_events,Adolescents: Double-blind Period - Upadacitinib 30 mg QD,DERMATITIS ATOPIC,Skin and subcutaneous tissue disorders,1,62,1.6
NCT03607422,Upadacitinib,,most_common_adverse_events,Adults: Blinded Extension Period - Upadacitinib 15 mg,DERMATITIS ATOPIC,Skin and subcutaneous tissue disorders,41,229,17.9
NCT03607422,Upadacitinib,,most_common_adverse_events,Adults: Blinded Extension Period - Upadacitinib 30 mg,DERMATITIS ATOPIC,Skin and subcutaneous tissue disorders,35,235,14.9
NCT03607422,Upadacitinib,,most_common_adverse_events,Adolescents: Blinded Extension Period - Upadacitinib 15 mg,DERMATITIS ATOPIC,Skin and subcutaneous tissue disorders,7,55,12.7
NCT03607422,Upadacitinib,,most_common_adverse_events,Adolescents: Blinded Extension Period - Upadacitinib 30 mg,DERMATITIS ATOPIC,Skin and subcutaneous tissue disorders,7,59,11.9
NCT03607422,Upadacitinib,,most_common_adverse_events,Adults: Blinded Extension Period - PBO/Upadacitinib 15 mg,DERMATITIS ATOPIC,Skin and subcutaneous tissue disorders,12,104,11.5
NCT03607422,Upadacitinib,,most_common_adverse_events,Adults: Blinded Extension Period - PBO/Upadacitinib 30 mg,DERMATITIS ATOPIC,Skin and subcutaneous tissue disorders,16,104,15.4
NCT03607422,Upadacitinib,,most_common_adverse_events,Adolescents: Blinded Extension Period - PBO/Upadacitinib 15 mg,DERMATITIS ATOPIC,Skin and subcutaneous tissue disorders,5,26,19.2
NCT03607422,Upadacitinib,,most_common_adverse_events,Adolescents: Blinded Extension Period - PBO/Upadacitinib 30 mg,DERMATITIS ATOPIC,Skin and subcutaneous tissue disorders,7,29,24.1
NCT03607422,Upadacitinib,,most_common_adverse_events,Adults: Double-blind Period - Placebo,UPPER RESPIRATORY TRACT INFECTION,Infections and infestations,12,242,5.0
NCT03607422,Upadacitinib,,most_common_adverse_events,Adults: Double-blind Period - Upadacitinib 15 mg QD,UPPER RESPIRATORY TRACT INFECTION,Infections and infestations,14,243,5.8
NCT03607422,Upadacitinib,,most_common_adverse_events,Adults: Double-blind Period - Upadacitinib 30 mg QD,UPPER RESPIRATORY TRACT INFECTION,Infections and infestations,15,247,6.1
NCT03607422,Upadacitinib,,most_common_adverse_events,Adolescents: Double-blind Period - Placebo,UPPER RESPIRATORY TRACT INFECTION,Infections and infestations,1,60,1.7
NCT03607422,Upadacitinib,,most_common_adverse_events,Adolescents: Double-blind Period - Upadacitinib 15 mg QD,UPPER RESPIRATORY TRACT INFECTION,Infections and infestations,6,58,10.3
NCT03607422,Upadacitinib,,most_common_adverse_events,Adolescents: Double-blind Period - Upadacitinib 30 mg QD,UPPER RESPIRATORY TRACT INFECTION,Infections and infestations,3,62,4.8
NCT03607422,Upadacitinib,,most_common_adverse_events,Adults: Blinded Extension Period - Upadacitinib 15 mg,UPPER RESPIRATORY TRACT INFECTION,Infections and infestations,33,229,14.4
NCT03607422,Upadacitinib,,most_common_adverse_events,Adults: Blinded Extension Period - Upadacitinib 30 mg,UPPER RESPIRATORY TRACT INFECTION,Infections and infestations,20,235,8.5
NCT03607422,Upadacitinib,,most_common_adverse_events,Adolescents: Blinded Extension Period - Upadacitinib 15 mg,UPPER RESPIRATORY TRACT INFECTION,Infections and infestations,12,55,21.8
NCT03607422,Upadacitinib,,most_common_adverse_events,Adolescents: Blinded Extension Period - Upadacitinib 30 mg,UPPER RESPIRATORY TRACT INFECTION,Infections and infestations,4,59,6.8
NCT03607422,Upadacitinib,,most_common_adverse_events,Adults: Blinded Extension Period - PBO/Upadacitinib 15 mg,UPPER RESPIRATORY TRACT INFECTION,Infections and infestations,10,104,9.6
NCT03607422,Upadacitinib,,most_common_adverse_events,Adults: Blinded Extension Period - PBO/Upadacitinib 30 mg,UPPER RESPIRATORY TRACT INFECTION,Infections and infestations,10,104,9.6
NCT03607422,Upadacitinib,,most_common_adverse_events,Adolescents: Blinded Extension Period - PBO/Upadacitinib 15 mg,UPPER RESPIRATORY TRACT INFECTION,Infections and infestations,3,26,11.5
NCT03607422,Upadacitinib,,most_common_adverse_events,Adolescents: Blinded Extension Period - PBO/Upadacitinib 30 mg,UPPER RESPIRATORY TRACT INFECTION,Infections and infestations,3,29,10.3
NCT03607422,Upadacitinib,,most_common_adverse_events,Adults: Double-blind Period - Placebo,BLOOD CREATINE PHOSPHOKINASE INCREASED,Investigations,6,242,2.5
NCT03607422,Upadacitinib,,most_common_adverse_events,Adults: Double-blind Period - Upadacitinib 15 mg QD,BLOOD CREATINE PHOSPHOKINASE INCREASED,Investigations,8,243,3.3
NCT03607422,Upadacitinib,,most_common_adverse_events,Adults: Double-blind Period - Upadacitinib 30 mg QD,BLOOD CREATINE PHOSPHOKINASE INCREASED,Investigations,12,247,4.9
NCT03607422,Upadacitinib,,most_common_adverse_events,Adolescents: Double-blind Period - Placebo,BLOOD CREATINE PHOSPHOKINASE INCREASED,Investigations,1,60,1.7
NCT03607422,Upadacitinib,,most_common_adverse_events,Adolescents: Double-blind Period - Upadacitinib 15 mg QD,BLOOD CREATINE PHOSPHOKINASE INCREASED,Investigations,3,58,5.2
NCT03607422,Upadacitinib,,most_common_adverse_events,Adolescents: Double-blind Period - Upadacitinib 30 mg QD,BLOOD CREATINE PHOSPHOKINASE INCREASED,Investigations,6,62,9.7
NCT03607422,Upadacitinib,,most_common_adverse_events,Adults: Blinded Extension Period - Upadacitinib 15 mg,BLOOD CREATINE PHOSPHOKINASE INCREASED,Investigations,28,229,12.2
NCT03607422,Upadacitinib,,most_common_adverse_events,Adults: Blinded Extension Period - Upadacitinib 30 mg,BLOOD CREATINE PHOSPHOKINASE INCREASED,Investigations,43,235,18.3
NCT03607422,Upadacitinib,,most_common_adverse_events,Adolescents: Blinded Extension Period - Upadacitinib 15 mg,BLOOD CREATINE PHOSPHOKINASE INCREASED,Investigations,9,55,16.4
NCT03607422,Upadacitinib,,most_common_adverse_events,Adolescents: Blinded Extension Period - Upadacitinib 30 mg,BLOOD CREATINE PHOSPHOKINASE INCREASED,Investigations,11,59,18.6
NCT03607422,Upadacitinib,,most_common_adverse_events,Adults: Blinded Extension Period - PBO/Upadacitinib 15 mg,BLOOD CREATINE PHOSPHOKINASE INCREASED,Investigations,18,104,17.3
NCT03607422,Upadacitinib,,most_common_adverse_events,Adults: Blinded Extension Period - PBO/Upadacitinib 30 mg,BLOOD CREATINE PHOSPHOKINASE INCREASED,Investigations,13,104,12.5
NCT03607422,Upadacitinib,,most_common_adverse_events,Adolescents: Blinded Extension Period - PBO/Upadacitinib 15 mg,BLOOD CREATINE PHOSPHOKINASE INCREASED,Investigations,2,26,7.7
NCT03607422,Upadacitinib,,most_common_adverse_events,Adolescents: Blinded Extension Period - PBO/Upadacitinib 30 mg,BLOOD CREATINE PHOSPHOKINASE INCREASED,Investigations,5,29,17.2
NCT03607422,Upadacitinib,,most_common_adverse_events,Adults: Double-blind Period - Placebo,PYREXIA,General disorders,3,242,1.2
NCT03607422,Upadacitinib,,most_common_adverse_events,Adults: Double-blind Period - Upadacitinib 15 mg QD,PYREXIA,General disorders,4,243,1.6
NCT03607422,Upadacitinib,,most_common_adverse_events,Adults: Double-blind Period - Upadacitinib 30 mg QD,PYREXIA,General disorders,6,247,2.4
NCT03607422,Upadacitinib,,most_common_adverse_events,Adolescents: Double-blind Period - Placebo,PYREXIA,General disorders,0,60,0.0
NCT03607422,Upadacitinib,,most_common_adverse_events,Adolescents: Double-blind Period - Upadacitinib 15 mg QD,PYREXIA,General disorders,2,58,3.4
NCT03607422,Upadacitinib,,most_common_adverse_events,Adolescents: Double-blind Period - Upadacitinib 30 mg QD,PYREXIA,General disorders,2,62,3.2
NCT03607422,Upadacitinib,,most_common_adverse_events,Adults: Blinded Extension Period - Upadacitinib 15 mg,PYREXIA,General disorders,17,229,7.4
NCT03607422,Upadacitinib,,most_common_adverse_events,Adults: Blinded Extension Period - Upadacitinib 30 mg,PYREXIA,General disorders,7,235,3.0
NCT03607422,Upadacitinib,,most_common_adverse_events,Adolescents: Blinded Extension Period - Upadacitinib 15 mg,PYREXIA,General disorders,6,55,10.9
NCT03607422,Upadacitinib,,most_common_adverse_events,Adolescents: Blinded Extension Period - Upadacitinib 30 mg,PYREXIA,General disorders,7,59,11.9
NCT03607422,Upadacitinib,,most_common_adverse_events,Adults: Blinded Extension Period - PBO/Upadacitinib 15 mg,PYREXIA,General disorders,0,104,0.0
NCT03607422,Upadacitinib,,most_common_adverse_events,Adults: Blinded Extension Period - PBO/Upadacitinib 30 mg,PYREXIA,General disorders,8,104,7.7
NCT03607422,Upadacitinib,,most_common_adverse_events,Adolescents: Blinded Extension Period - PBO/Upadacitinib 15 mg,PYREXIA,General disorders,3,26,11.5
NCT03607422,Upadacitinib,,most_common_adverse_events,Adolescents: Blinded Extension Period - PBO/Upadacitinib 30 mg,PYREXIA,General disorders,5,29,17.2
NCT03607422,Upadacitinib,,most_common_adverse_events,Adults: Double-blind Period - Placebo,HEADACHE,Nervous system disorders,12,242,5.0
NCT03607422,Upadacitinib,,most_common_adverse_events,Adults: Double-blind Period - Upadacitinib 15 mg QD,HEADACHE,Nervous system disorders,17,243,7.0
NCT03607422,Upadacitinib,,most_common_adverse_events,Adults: Double-blind Period - Upadacitinib 30 mg QD,HEADACHE,Nervous system disorders,16,247,6.5
NCT03607422,Upadacitinib,,most_common_adverse_events,Adolescents: Double-blind Period - Placebo,HEADACHE,Nervous system disorders,2,60,3.3
NCT03607422,Upadacitinib,,most_common_adverse_events,Adolescents: Double-blind Period - Upadacitinib 15 mg QD,HEADACHE,Nervous system disorders,3,58,5.2
NCT03607422,Upadacitinib,,most_common_adverse_events,Adolescents: Double-blind Period - Upadacitinib 30 mg QD,HEADACHE,Nervous system disorders,5,62,8.1
NCT03607422,Upadacitinib,,most_common_adverse_events,Adults: Blinded Extension Period - Upadacitinib 15 mg,HEADACHE,Nervous system disorders,11,229,4.8
NCT03607422,Upadacitinib,,most_common_adverse_events,Adults: Blinded Extension Period - Upadacitinib 30 mg,HEADACHE,Nervous system disorders,13,235,5.5
NCT03607422,Upadacitinib,,most_common_adverse_events,Adolescents: Blinded Extension Period - Upadacitinib 15 mg,HEADACHE,Nervous system disorders,6,55,10.9
NCT03607422,Upadacitinib,,most_common_adverse_events,Adolescents: Blinded Extension Period - Upadacitinib 30 mg,HEADACHE,Nervous system disorders,4,59,6.8
NCT03607422,Upadacitinib,,most_common_adverse_events,Adults: Blinded Extension Period - PBO/Upadacitinib 15 mg,HEADACHE,Nervous system disorders,9,104,8.7
NCT03607422,Upadacitinib,,most_common_adverse_events,Adults: Blinded Extension Period - PBO/Upadacitinib 30 mg,HEADACHE,Nervous system disorders,6,104,5.8
NCT03607422,Upadacitinib,,most_common_adverse_events,Adolescents: Blinded Extension Period - PBO/Upadacitinib 15 mg,HEADACHE,Nervous system disorders,1,26,3.8
NCT03607422,Upadacitinib,,most_common_adverse_events,Adolescents: Blinded Extension Period - PBO/Upadacitinib 30 mg,HEADACHE,Nervous system disorders,5,29,17.2
NCT03607422,Upadacitinib,,most_common_adverse_events,Adults: Double-blind Period - Placebo,HERPES ZOSTER,Infections and infestations,2,242,0.8
NCT03607422,Upadacitinib,,most_common_adverse_events,Adults: Double-blind Period - Upadacitinib 15 mg QD,HERPES ZOSTER,Infections and infestations,6,243,2.5
NCT03607422,Upadacitinib,,most_common_adverse_events,Adults: Double-blind Period - Upadacitinib 30 mg QD,HERPES ZOSTER,Infections and infestations,1,247,0.4
NCT03607422,Upadacitinib,,most_common_adverse_events,Adolescents: Double-blind Period - Placebo,HERPES ZOSTER,Infections and infestations,0,60,0.0
NCT03607422,Upadacitinib,,most_common_adverse_events,Adolescents: Double-blind Period - Upadacitinib 15 mg QD,HERPES ZOSTER,Infections and infestations,0,58,0.0
NCT03607422,Upadacitinib,,most_common_adverse_events,Adolescents: Double-blind Period - Upadacitinib 30 mg QD,HERPES ZOSTER,Infections and infestations,0,62,0.0
NCT03607422,Upadacitinib,,most_common_adverse_events,Adults: Blinded Extension Period - Upadacitinib 15 mg,HERPES ZOSTER,Infections and infestations,17,229,7.4
NCT03607422,Upadacitinib,,most_common_adverse_events,Adults: Blinded Extension Period - Upadacitinib 30 mg,HERPES ZOSTER,Infections and infestations,33,235,14.0
NCT03607422,Upadacitinib,,most_common_adverse_events,Adolescents: Blinded Extension Period - Upadacitinib 15 mg,HERPES ZOSTER,Infections and infestations,4,55,7.3
NCT03607422,Upadacitinib,,most_common_adverse_events,Adolescents: Blinded Extension Period - Upadacitinib 30 mg,HERPES ZOSTER,Infections and infestations,3,59,5.1
NCT03607422,Upadacitinib,,most_common_adverse_events,Adults: Blinded Extension Period - PBO/Upadacitinib 15 mg,HERPES ZOSTER,Infections and infestations,8,104,7.7
NCT03607422,Upadacitinib,,most_common_adverse_events,Adults: Blinded Extension Period - PBO/Upadacitinib 30 mg,HERPES ZOSTER,Infections and infestations,7,104,6.7
NCT03607422,Upadacitinib,,most_common_adverse_events,Adolescents: Blinded Extension Period - PBO/Upadacitinib 15 mg,HERPES ZOSTER,Infections and infestations,0,26,0.0
NCT03607422,Upadacitinib,,most_common_adverse_events,Adolescents: Blinded Extension Period - PBO/Upadacitinib 30 mg,HERPES ZOSTER,Infections and infestations,0,29,0.0
NCT03627767,Abrocitinib,,serious_adverse_event_rate,PF-04965842 200 mg OL,,,20,1233,1.6
NCT03627767,Abrocitinib,,serious_adverse_event_rate,PF-04965842 200 mg OL to Placebo DB,,,3,267,1.1
NCT03627767,Abrocitinib,,serious_adverse_event_rate,PF-04965842 200 mg OL to PF-04965842 100 mg+Placebo DB,,,9,265,3.4
NCT03627767,Abrocitinib,,serious_adverse_event_rate,PF-04965842 200 mg OL to PF-04965842 200 mg DB,,,14,266,5.3
NCT03627767,Abrocitinib,,serious_adverse_event_rate,PF-04965842 200 mg Rescue Period,,,4,351,1.1
NCT03627767,Abrocitinib,,death_rate,PF-04965842 200 mg OL,,,1,1233,0.1
NCT03627767,Abrocitinib,,death_rate,PF-04965842 200 mg OL to Placebo DB,,,0,267,0.0
NCT03627767,Abrocitinib,,death_rate,PF-04965842 200 mg OL to PF-04965842 100 mg+Placebo DB,,,0,265,0.0
NCT03627767,Abrocitinib,,death_rate,PF-04965842 200 mg OL to PF-04965842 200 mg DB,,,0,266,0.0
NCT03627767,Abrocitinib,,death_rate,PF-04965842 200 mg Rescue Period,,,0,351,0.0
NCT03627767,Abrocitinib,,discontinuation_due_to_ae_rate,PF-04965842 200 mg OL,,,48,1235,3.9
NCT03627767,Abrocitinib,,discontinuation_due_to_ae_rate,PF-04965842 200 mg OL to Placebo DB,,,0,0,
NCT03627767,Abrocitinib,,discontinuation_due_to_ae_rate,PF-04965842 200 mg OL to PF-04965842 100 mg+Placebo DB,,,0,0,
NCT03627767,Abrocitinib,,discontinuation_due_to_ae_rate,PF-04965842 200 mg OL to PF-04965842 200 mg DB,,,0,0,
NCT03627767,Abrocitinib,,discontinuation_due_to_ae_rate,PF-04965842 200 mg Rescue Period,,,0,0,
NCT03627767,Abrocitinib,,most_common_adverse_events,PF-04965842 200 mg OL,Dermatitis atopic,Skin and subcutaneous tissue disorders,45,1233,3.6
NCT03627767,Abrocitinib,,most_common_adverse_events,PF-04965842 200 mg OL to Placebo DB,Dermatitis atopic,Skin and subcutaneous tissue disorders,88,267,33.0
NCT03627767,Abrocitinib,,most_common_adverse_events,PF-04965842 200 mg OL to PF-04965842 100 mg+Placebo DB,Dermatitis atopic,Skin and subcutaneous tissue disorders,56,265,21.1
NCT03627767,Abrocitinib,,most_common_adverse_events,PF-04965842 200 mg OL to PF-04965842 200 mg DB,Dermatitis atopic,Skin and subcutaneous tissue disorders,36,266,13.5
NCT03627767,Abrocitinib,,most_common_adverse_events,PF-04965842 200 mg Rescue Period,Dermatitis atopic,Skin and subcutaneous tissue disorders,13,351,3.7
NCT03627767,Abrocitinib,,most_common_adverse_events,PF-04965842 200 mg OL,Nausea,Gastrointestinal disorders,199,1233,16.1
NCT03627767,Abrocitinib,,most_common_adverse_events,PF-04965842 200 mg OL to Placebo DB,Nausea,Gastrointestinal disorders,44,267,16.5
NCT03627767,Abrocitinib,,most_common_adverse_events,PF-04965842 200 mg OL to PF-04965842 100 mg+Placebo DB,Nausea,Gastrointestinal disorders,35,265,13.2
NCT03627767,Abrocitinib,,most_common_adverse_events,PF-04965842 200 mg OL to PF-04965842 200 mg DB,Nausea,Gastrointestinal disorders,49,266,18.4
NCT03627767,Abrocitinib,,most_common_adverse_events,PF-04965842 200 mg Rescue Period,Nausea,Gastrointestinal disorders,12,351,3.4
NCT03627767,Abrocitinib,,most_common_adverse_events,PF-04965842 200 mg OL,Headache,Nervous system disorders,119,1233,9.7
NCT03627767,Abrocitinib,,most_common_adverse_events,PF-04965842 200 mg OL to Placebo DB,Headache,Nervous system disorders,31,267,11.6
NCT03627767,Abrocitinib,,most_common_adverse_events,PF-04965842 200 mg OL to PF-04965842 100 mg+Placebo DB,Headache,Nervous system disorders,24,265,9.1
NCT03627767,Abrocitinib,,most_common_adverse_events,PF-04965842 200 mg OL to PF-04965842 200 mg DB,Headache,Nervous system disorders,31,266,11.7
NCT03627767,Abrocitinib,,most_common_adverse_events,PF-04965842 200 mg Rescue Period,Headache,Nervous system disorders,12,351,3.4
NCT03627767,Abrocitinib,,most_common_adverse_events,PF-04965842 200 mg OL,Acne,Skin and subcutaneous tissue disorders,68,1233,5.5
NCT03627767,Abrocitinib,,most_common_adverse_events,PF-04965842 200 mg OL to Placebo DB,Acne,Skin and subcutaneous tissue disorders,19,267,7.1
NCT03627767,Abrocitinib,,most_common_adverse_events,PF-04965842 200 mg OL to PF-04965842 100 mg+Placebo DB,Acne,Skin and subcutaneous tissue disorders,22,265,8.3
NCT03627767,Abrocitinib,,most_common_adverse_events,PF-04965842 200 mg OL to PF-04965842 200 mg DB,Acne,Skin and subcutaneous tissue disorders,31,266,11.7
NCT03627767,Abrocitinib,,most_common_adverse_events,PF-04965842 200 mg Rescue Period,Acne,Skin and subcutaneous tissue disorders,7,351,2.0
NCT03627767,Abrocitinib,,most_common_adverse_events,PF-04965842 200 mg OL,Nasopharyngitis,Infections and infestations,77,1233,6.2
NCT03627767,Abrocitinib,,most_common_adverse_events,PF-04965842 200 mg OL to Placebo DB,Nasopharyngitis,Infections and infestations,26,267,9.7
NCT03627767,Abrocitinib,,most_common_adverse_events,PF-04965842 200 mg OL to PF-04965842 100 mg+Placebo DB,Nasopharyngitis,Infections and infestations,27,265,10.2
NCT03627767,Abrocitinib,,most_common_adverse_events,PF-04965842 200 mg OL to PF-04965842 200 mg DB,Nasopharyngitis,Infections and infestations,28,266,10.5
NCT03627767,Abrocitinib,,most_common_adverse_events,PF-04965842 200 mg Rescue Period,Nasopharyngitis,Infections and infestations,17,351,4.8
NCT03627767,Abrocitinib,,most_common_adverse_events,PF-04965842 200 mg OL,Upper respiratory tract infection,Infections and infestations,63,1233,5.1
NCT03627767,Abrocitinib,,most_common_adverse_events,PF-04965842 200 mg OL to Placebo DB,Upper respiratory tract infection,Infections and infestations,26,267,9.7
NCT03627767,Abrocitinib,,most_common_adverse_events,PF-04965842 200 mg OL to PF-04965842 100 mg+Placebo DB,Upper respiratory tract infection,Infections and infestations,22,265,8.3
NCT03627767,Abrocitinib,,most_common_adverse_events,PF-04965842 200 mg OL to PF-04965842 200 mg DB,Upper respiratory tract infection,Infections and infestations,22,266,8.3
NCT03627767,Abrocitinib,,most_common_adverse_events,PF-04965842 200 mg Rescue Period,Upper respiratory tract infection,Infections and infestations,21,351,6.0
NCT03627767,Abrocitinib,,most_common_adverse_events,PF-04965842 200 mg OL,Blood creatine phosphokinase increased,Investigations,43,1233,3.5
NCT03627767,Abrocitinib,,most_common_adverse_events,PF-04965842 200 mg OL to Placebo DB,Blood creatine phosphokinase increased,Investigations,11,267,4.1
NCT03627767,Abrocitinib,,most_common_adverse_events,PF-04965842 200 mg OL to PF-04965842 100 mg+Placebo DB,Blood creatine phosphokinase increased,Investigations,18,265,6.8
NCT03627767,Abrocitinib,,most_common_adverse_events,PF-04965842 200 mg OL to PF-04965842 200 mg DB,Blood creatine phosphokinase increased,Investigations,25,266,9.4
NCT03627767,Abrocitinib,,most_common_adverse_events,PF-04965842 200 mg Rescue Period,Blood creatine phosphokinase increased,Investigations,9,351,2.6
NCT03627767,Abrocitinib,,most_common_adverse_events,PF-04965842 200 mg OL,Vomiting,Gastrointestinal disorders,42,1233,3.4
NCT03627767,Abrocitinib,,most_common_adverse_events,PF-04965842 200 mg OL to Placebo DB,Vomiting,Gastrointestinal disorders,7,267,2.6
NCT03627767,Abrocitinib,,most_common_adverse_events,PF-04965842 200 mg OL to PF-04965842 100 mg+Placebo DB,Vomiting,Gastrointestinal disorders,12,265,4.5
NCT03627767,Abrocitinib,,most_common_adverse_events,PF-04965842 200 mg OL to PF-04965842 200 mg DB,Vomiting,Gastrointestinal disorders,15,266,5.6
NCT03627767,Abrocitinib,,most_common_adverse_events,PF-04965842 200 mg Rescue Period,Vomiting,Gastrointestinal disorders,4,351,1.1
NCT03720470,Abrocitinib,JADE Compare,serious_adverse_event_rate,Placebo up to Week 16,,,5,131,3.8
NCT03720470,Abrocitinib,JADE Compare,serious_adverse_event_rate,PF-04965842 100 mg + Placebo Injection up to Week 16,,,6,238,2.5
NCT03720470,Abrocitinib,JADE Compare,serious_adverse_event_rate,PF-04965842 200 mg + Placebo Injection up to Week 16,,,2,226,0.9
NCT03720470,Abrocitinib,JADE Compare,serious_adverse_event_rate,Dupilumab 300 mg + Oral Placebo up to Week 16,,,2,242,0.8
NCT03720470,Abrocitinib,JADE Compare,serious_adverse_event_rate,Placebo up to Week 16 Then PF-04965842 100 mg Week 16 to 20,,,0,60,0.0
NCT03720470,Abrocitinib,JADE Compare,serious_adverse_event_rate,Placebo up to Week 16 Then PF-04965842 200 mg Week 16 to 20,,,0,57,0.0
NCT03720470,Abrocitinib,JADE Compare,serious_adverse_event_rate,PF-04965842 100 mg + Placebo Injection up to Week 16 Then PF-04965842 100 mg Week 16 to 20,,,1,217,0.5
NCT03720470,Abrocitinib,JADE Compare,serious_adverse_event_rate,PF-04965842 200 mg + Placebo Injection up to Week 16 Then PF-04965842 200 mg Week 16 to 20,,,0,208,0.0
NCT03720470,Abrocitinib,JADE Compare,serious_adverse_event_rate,Dupilumab 300 mg + Oral Placebo up to Week 16 Then Oral Placebo Week 16 to 20,,,1,223,0.4
NCT03720470,Abrocitinib,JADE Compare,death_rate,Placebo up to Week 16,,,0,131,0.0
NCT03720470,Abrocitinib,JADE Compare,death_rate,PF-04965842 100 mg + Placebo Injection up to Week 16,,,0,238,0.0
NCT03720470,Abrocitinib,JADE Compare,death_rate,PF-04965842 200 mg + Placebo Injection up to Week 16,,,0,226,0.0
NCT03720470,Abrocitinib,JADE Compare,death_rate,Dupilumab 300 mg + Oral Placebo up to Week 16,,,0,242,0.0
NCT03720470,Abrocitinib,JADE Compare,death_rate,Placebo up to Week 16 Then PF-04965842 100 mg Week 16 to 20,,,0,60,0.0
NCT03720470,Abrocitinib,JADE Compare,death_rate,Placebo up to Week 16 Then PF-04965842 200 mg Week 16 to 20,,,0,57,0.0
NCT03720470,Abrocitinib,JADE Compare,death_rate,PF-04965842 100 mg + Placebo Injection up to Week 16 Then PF-04965842 100 mg Week 16 to 20,,,0,217,0.0
NCT03720470,Abrocitinib,JADE Compare,death_rate,PF-04965842 200 mg + Placebo Injection up to Week 16 Then PF-04965842 200 mg Week 16 to 20,,,0,208,0.0
NCT03720470,Abrocitinib,JADE Compare,death_rate,Dupilumab 300 mg + Oral Placebo up to Week 16 Then Oral Placebo Week 16 to 20,,,0,223,0.0
NCT03720470,Abrocitinib,JADE Compare,discontinuation_due_to_ae_rate,Placebo up to Week 16,,,5,131,3.8
NCT03720470,Abrocitinib,JADE Compare,discontinuation_due_to_ae_rate,Placebo up to Week 16 Then PF-04965842 100 mg Week 16 to 20,,,0,0,
NCT03720470,Abrocitinib,JADE Compare,discontinuation_due_to_ae_rate,Placebo up to Week 16 Then PF-04965842 200 mg Week 16 to 20,,,0,0,
NCT03720470,Abrocitinib,JADE Compare,discontinuation_due_to_ae_rate,PF-04965842 100 mg + Placebo Injection up to Week 16 Then PF-04965842 100 mg Week 16 to 20,,,5,238,2.1
NCT03720470,Abrocitinib,JADE Compare,discontinuation_due_to_ae_rate,PF-04965842 200 mg + Placebo Injection up to Week 16 Then PF-04965842 200 mg Week 16 to 20,,,8,226,3.5
NCT03720470,Abrocitinib,JADE Compare,discontinuation_due_to_ae_rate,Dupilumab 300 mg + Oral Placebo up to Week 16 Then Oral Placebo Week 16 to 20,,,6,243,2.5
NCT03720470,Abrocitinib,JADE Compare,most_common_adverse_events,Placebo up to Week 16,Nausea,Gastrointestinal disorders,2,131,1.5
NCT03720470,Abrocitinib,JADE Compare,most_common_adverse_events,PF-04965842 100 mg + Placebo Injection up to Week 16,Nausea,Gastrointestinal disorders,10,238,4.2
NCT03720470,Abrocitinib,JADE Compare,most_common_adverse_events,PF-04965842 200 mg + Placebo Injection up to Week 16,Nausea,Gastrointestinal disorders,25,226,11.1
NCT03720470,Abrocitinib,JADE Compare,most_common_adverse_events,Dupilumab 300 mg + Oral Placebo up to Week 16,Nausea,Gastrointestinal disorders,7,242,2.9
NCT03720470,Abrocitinib,JADE Compare,most_common_adverse_events,Placebo up to Week 16 Then PF-04965842 100 mg Week 16 to 20,Nausea,Gastrointestinal disorders,0,60,0.0
NCT03720470,Abrocitinib,JADE Compare,most_common_adverse_events,Placebo up to Week 16 Then PF-04965842 200 mg Week 16 to 20,Nausea,Gastrointestinal disorders,5,57,8.8
NCT03720470,Abrocitinib,JADE Compare,most_common_adverse_events,PF-04965842 100 mg + Placebo Injection up to Week 16 Then PF-04965842 100 mg Week 16 to 20,Nausea,Gastrointestinal disorders,0,217,0.0
NCT03720470,Abrocitinib,JADE Compare,most_common_adverse_events,PF-04965842 200 mg + Placebo Injection up to Week 16 Then PF-04965842 200 mg Week 16 to 20,Nausea,Gastrointestinal disorders,0,208,0.0
NCT03720470,Abrocitinib,JADE Compare,most_common_adverse_events,Dupilumab 300 mg + Oral Placebo up to Week 16 Then Oral Placebo Week 16 to 20,Nausea,Gastrointestinal disorders,0,223,0.0
NCT03720470,Abrocitinib,JADE Compare,most_common_adverse_events,Placebo up to Week 16,Nasopharyngitis,Infections and infestations,9,131,6.9
NCT03720470,Abrocitinib,JADE Compare,most_common_adverse_events,PF-04965842 100 mg + Placebo Injection up to Week 16,Nasopharyngitis,Infections and infestations,22,238,9.2
NCT03720470,Abrocitinib,JADE Compare,most_common_adverse_events,PF-04965842 200 mg + Placebo Injection up to Week 16,Nasopharyngitis,Infections and infestations,15,226,6.6
NCT03720470,Abrocitinib,JADE Compare,most_common_adverse_events,Dupilumab 300 mg + Oral Placebo up to Week 16,Nasopharyngitis,Infections and infestations,23,242,9.5
NCT03720470,Abrocitinib,JADE Compare,most_common_adverse_events,Placebo up to Week 16 Then PF-04965842 100 mg Week 16 to 20,Nasopharyngitis,Infections and infestations,3,60,5.0
NCT03720470,Abrocitinib,JADE Compare,most_common_adverse_events,Placebo up to Week 16 Then PF-04965842 200 mg Week 16 to 20,Nasopharyngitis,Infections and infestations,2,57,3.5
NCT03720470,Abrocitinib,JADE Compare,most_common_adverse_events,PF-04965842 100 mg + Placebo Injection up to Week 16 Then PF-04965842 100 mg Week 16 to 20,Nasopharyngitis,Infections and infestations,3,217,1.4
NCT03720470,Abrocitinib,JADE Compare,most_common_adverse_events,PF-04965842 200 mg + Placebo Injection up to Week 16 Then PF-04965842 200 mg Week 16 to 20,Nasopharyngitis,Infections and infestations,9,208,4.3
NCT03720470,Abrocitinib,JADE Compare,most_common_adverse_events,Dupilumab 300 mg + Oral Placebo up to Week 16 Then Oral Placebo Week 16 to 20,Nasopharyngitis,Infections and infestations,5,223,2.2
NCT03720470,Abrocitinib,JADE Compare,most_common_adverse_events,Placebo up to Week 16,Headache,Nervous system disorders,6,131,4.6
NCT03720470,Abrocitinib,JADE Compare,most_common_adverse_events,PF-04965842 100 mg + Placebo Injection up to Week 16,Headache,Nervous system disorders,10,238,4.2
NCT03720470,Abrocitinib,JADE Compare,most_common_adverse_events,PF-04965842 200 mg + Placebo Injection up to Week 16,Headache,Nervous system disorders,15,226,6.6
NCT03720470,Abrocitinib,JADE Compare,most_common_adverse_events,Dupilumab 300 mg + Oral Placebo up to Week 16,Headache,Nervous system disorders,13,242,5.4
NCT03720470,Abrocitinib,JADE Compare,most_common_adverse_events,Placebo up to Week 16 Then PF-04965842 100 mg Week 16 to 20,Headache,Nervous system disorders,1,60,1.7
NCT03720470,Abrocitinib,JADE Compare,most_common_adverse_events,Placebo up to Week 16 Then PF-04965842 200 mg Week 16 to 20,Headache,Nervous system disorders,1,57,1.8
NCT03720470,Abrocitinib,JADE Compare,most_common_adverse_events,PF-04965842 100 mg + Placebo Injection up to Week 16 Then PF-04965842 100 mg Week 16 to 20,Headache,Nervous system disorders,2,217,0.9
NCT03720470,Abrocitinib,JADE Compare,most_common_adverse_events,PF-04965842 200 mg + Placebo Injection up to Week 16 Then PF-04965842 200 mg Week 16 to 20,Headache,Nervous system disorders,0,208,0.0
NCT03720470,Abrocitinib,JADE Compare,most_common_adverse_events,Dupilumab 300 mg + Oral Placebo up to Week 16 Then Oral Placebo Week 16 to 20,Headache,Nervous system disorders,2,223,0.9
NCT03720470,Abrocitinib,JADE Compare,most_common_adverse_events,Placebo up to Week 16,Acne,Skin and subcutaneous tissue disorders,0,131,0.0
NCT03720470,Abrocitinib,JADE Compare,most_common_adverse_events,PF-04965842 100 mg + Placebo Injection up to Week 16,Acne,Skin and subcutaneous tissue disorders,7,238,2.9
NCT03720470,Abrocitinib,JADE Compare,most_common_adverse_events,PF-04965842 200 mg + Placebo Injection up to Week 16,Acne,Skin and subcutaneous tissue disorders,15,226,6.6
NCT03720470,Abrocitinib,JADE Compare,most_common_adverse_events,Dupilumab 300 mg + Oral Placebo up to Week 16,Acne,Skin and subcutaneous tissue disorders,3,242,1.2
NCT03720470,Abrocitinib,JADE Compare,most_common_adverse_events,Placebo up to Week 16 Then PF-04965842 100 mg Week 16 to 20,Acne,Skin and subcutaneous tissue disorders,1,60,1.7
NCT03720470,Abrocitinib,JADE Compare,most_common_adverse_events,Placebo up to Week 16 Then PF-04965842 200 mg Week 16 to 20,Acne,Skin and subcutaneous tissue disorders,0,57,0.0
NCT03720470,Abrocitinib,JADE Compare,most_common_adverse_events,PF-04965842 100 mg + Placebo Injection up to Week 16 Then PF-04965842 100 mg Week 16 to 20,Acne,Skin and subcutaneous tissue disorders,2,217,0.9
NCT03720470,Abrocitinib,JADE Compare,most_common_adverse_events,PF-04965842 200 mg + Placebo Injection up to Week 16 Then PF-04965842 200 mg Week 16 to 20,Acne,Skin and subcutaneous tissue disorders,0,208,0.0
NCT03720470,Abrocitinib,JADE Compare,most_common_adverse_events,Dupilumab 300 mg + Oral Placebo up to Week 16 Then Oral Placebo Week 16 to 20,Acne,Skin and subcutaneous tissue disorders,0,223,0.0
NCT03720470,Abrocitinib,JADE Compare,most_common_adverse_events,Placebo up to Week 16,Conjunctivitis,Infections and infestations,3,131,2.3
NCT03720470,Abrocitinib,JADE Compare,most_common_adverse_events,PF-04965842 100 mg + Placebo Injection up to Week 16,Conjunctivitis,Infections and infestations,2,238,0.8
NCT03720470,Abrocitinib,JADE Compare,most_common_adverse_events,PF-04965842 200 mg + Placebo Injection up to Week 16,Conjunctivitis,Infections and infestations,3,226,1.3
NCT03720470,Abrocitinib,JADE Compare,most_common_adverse_events,Dupilumab 300 mg + Oral Placebo up to Week 16,Conjunctivitis,Infections and infestations,15,242,6.2
NCT03720470,Abrocitinib,JADE Compare,most_common_adverse_events,Placebo up to Week 16 Then PF-04965842 100 mg Week 16 to 20,Conjunctivitis,Infections and infestations,0,60,0.0
NCT03720470,Abrocitinib,JADE Compare,most_common_adverse_events,Placebo up to Week 16 Then PF-04965842 200 mg Week 16 to 20,Conjunctivitis,Infections and infestations,0,57,0.0
NCT03720470,Abrocitinib,JADE Compare,most_common_adverse_events,PF-04965842 100 mg + Placebo Injection up to Week 16 Then PF-04965842 100 mg Week 16 to 20,Conjunctivitis,Infections and infestations,0,217,0.0
NCT03720470,Abrocitinib,JADE Compare,most_common_adverse_events,PF-04965842 200 mg + Placebo Injection up to Week 16 Then PF-04965842 200 mg Week 16 to 20,Conjunctivitis,Infections and infestations,0,208,0.0
NCT03720470,Abrocitinib,JADE Compare,most_common_adverse_events,Dupilumab 300 mg + Oral Placebo up to Week 16 Then Oral Placebo Week 16 to 20,Conjunctivitis,Infections and infestations,2,223,0.9
NCT03720470,Abrocitinib,JADE Compare,most_common_adverse_events,Placebo up to Week 16,Upper respiratory tract infection,Infections and infestations,6,131,4.6
NCT03720470,Abrocitinib,JADE Compare,most_common_adverse_events,PF-04965842 100 mg + Placebo Injection up to Week 16,Upper respiratory tract infection,Infections and infestations,12,238,5.0
NCT03720470,Abrocitinib,JADE Compare,most_common_adverse_events,PF-04965842 200 mg + Placebo Injection up to Week 16,Upper respiratory tract infection,Infections and infestations,9,226,4.0
NCT03720470,Abrocitinib,JADE Compare,most_common_adverse_events,Dupilumab 300 mg + Oral Placebo up to Week 16,Upper respiratory tract infection,Infections and infestations,9,242,3.7
NCT03720470,Abrocitinib,JADE Compare,most_common_adverse_events,Placebo up to Week 16 Then PF-04965842 100 mg Week 16 to 20,Upper respiratory tract infection,Infections and infestations,1,60,1.7
NCT03720470,Abrocitinib,JADE Compare,most_common_adverse_events,Placebo up to Week 16 Then PF-04965842 200 mg Week 16 to 20,Upper respiratory tract infection,Infections and infestations,0,57,0.0
NCT03720470,Abrocitinib,JADE Compare,most_common_adverse_events,PF-04965842 100 mg + Placebo Injection up to Week 16 Then PF-04965842 100 mg Week 16 to 20,Upper respiratory tract infection,Infections and infestations,6,217,2.8
NCT03720470,Abrocitinib,JADE Compare,most_common_adverse_events,PF-04965842 200 mg + Placebo Injection up to Week 16 Then PF-04965842 200 mg Week 16 to 20,Upper respiratory tract infection,Infections and infestations,5,208,2.4
NCT03720470,Abrocitinib,JADE Compare,most_common_adverse_events,Dupilumab 300 mg + Oral Placebo up to Week 16 Then Oral Placebo Week 16 to 20,Upper respiratory tract infection,Infections and infestations,7,223,3.1
NCT03720470,Abrocitinib,JADE Compare,most_common_adverse_events,Placebo up to Week 16,Back pain,Musculoskeletal and connective tissue disorders,5,131,3.8
NCT03720470,Abrocitinib,JADE Compare,most_common_adverse_events,PF-04965842 100 mg + Placebo Injection up to Week 16,Back pain,Musculoskeletal and connective tissue disorders,0,238,0.0
NCT03720470,Abrocitinib,JADE Compare,most_common_adverse_events,PF-04965842 200 mg + Placebo Injection up to Week 16,Back pain,Musculoskeletal and connective tissue disorders,1,226,0.4
NCT03720470,Abrocitinib,JADE Compare,most_common_adverse_events,Dupilumab 300 mg + Oral Placebo up to Week 16,Back pain,Musculoskeletal and connective tissue disorders,7,242,2.9
NCT03720470,Abrocitinib,JADE Compare,most_common_adverse_events,Placebo up to Week 16 Then PF-04965842 100 mg Week 16 to 20,Back pain,Musculoskeletal and connective tissue disorders,0,60,0.0
NCT03720470,Abrocitinib,JADE Compare,most_common_adverse_events,Placebo up to Week 16 Then PF-04965842 200 mg Week 16 to 20,Back pain,Musculoskeletal and connective tissue disorders,0,57,0.0
NCT03720470,Abrocitinib,JADE Compare,most_common_adverse_events,PF-04965842 100 mg + Placebo Injection up to Week 16 Then PF-04965842 100 mg Week 16 to 20,Back pain,Musculoskeletal and connective tissue disorders,1,217,0.5
NCT03720470,Abrocitinib,JADE Compare,most_common_adverse_events,PF-04965842 200 mg + Placebo Injection up to Week 16 Then PF-04965842 200 mg Week 16 to 20,Back pain,Musculoskeletal and connective tissue disorders,0,208,0.0
NCT03720470,Abrocitinib,JADE Compare,most_common_adverse_events,Dupilumab 300 mg + Oral Placebo up to Week 16 Then Oral Placebo Week 16 to 20,Back pain,Musculoskeletal and connective tissue disorders,1,223,0.4
NCT03720470,Abrocitinib,JADE Compare,most_common_adverse_events,Placebo up to Week 16,Diarrhoea,Gastrointestinal disorders,4,131,3.1
NCT03720470,Abrocitinib,JADE Compare,most_common_adverse_events,PF-04965842 100 mg + Placebo Injection up to Week 16,Diarrhoea,Gastrointestinal disorders,4,238,1.7
NCT03720470,Abrocitinib,JADE Compare,most_common_adverse_events,PF-04965842 200 mg + Placebo Injection up to Week 16,Diarrhoea,Gastrointestinal disorders,4,226,1.8
NCT03720470,Abrocitinib,JADE Compare,most_common_adverse_events,Dupilumab 300 mg + Oral Placebo up to Week 16,Diarrhoea,Gastrointestinal disorders,3,242,1.2
NCT03720470,Abrocitinib,JADE Compare,most_common_adverse_events,Placebo up to Week 16 Then PF-04965842 100 mg Week 16 to 20,Diarrhoea,Gastrointestinal disorders,0,60,0.0
NCT03720470,Abrocitinib,JADE Compare,most_common_adverse_events,Placebo up to Week 16 Then PF-04965842 200 mg Week 16 to 20,Diarrhoea,Gastrointestinal disorders,2,57,3.5
NCT03720470,Abrocitinib,JADE Compare,most_common_adverse_events,PF-04965842 100 mg + Placebo Injection up to Week 16 Then PF-04965842 100 mg Week 16 to 20,Diarrhoea,Gastrointestinal disorders,3,217,1.4
NCT03720470,Abrocitinib,JADE Compare,most_common_adverse_events,PF-04965842 200 mg + Placebo Injection up to Week 16 Then PF-04965842 200 mg Week 16 to 20,Diarrhoea,Gastrointestinal disorders,1,208,0.5
NCT03720470,Abrocitinib,JADE Compare,most_common_adverse_events,Dupilumab 300 mg + Oral Placebo up to Week 16 Then Oral Placebo Week 16 to 20,Diarrhoea,Gastrointestinal disorders,0,223,0.0
NCT04146363,Lebrikizumab,,serious_adverse_event_rate,Induction - Placebo,,,1,141,0.7
NCT04146363,Lebrikizumab,,serious_adverse_event_rate,Induction - Lebrikizumab 250mg Q2W,,,6,282,2.1
NCT04146363,Lebrikizumab,,serious_adverse_event_rate,Maintenance Blinded - Lebrikizumab Responder/ Placebo,,,0,32,0.0
NCT04146363,Lebrikizumab,,serious_adverse_event_rate,Maintenance Blinded - Lebrikizumab Responder/Lebrikizumab Q4W,,,2,63,3.2
NCT04146363,Lebrikizumab,,serious_adverse_event_rate,Maintenance Blinded - Lebrikizumab Responder/Lebrikizumab Q2W,,,0,62,0.0
NCT04146363,Lebrikizumab,,serious_adverse_event_rate,Maintenance Blinded - Placebo Responder/ Placebo,,,1,4,25.0
NCT04146363,Lebrikizumab,,serious_adverse_event_rate,Maintenance Blinded - Placebo Responder/Lebrikizumab Q4W,,,0,10,0.0
NCT04146363,Lebrikizumab,,serious_adverse_event_rate,Maintenance Blinded - Placebo Responder/ Lebrikizumab Q2W,,,0,10,0.0
NCT04146363,Lebrikizumab,,serious_adverse_event_rate,Escape Arm Week 16 - Maintenance Open Label (OL) -Placebo Non-Responder/Lebrikizumab Q2W,,,1,96,1.0
NCT04146363,Lebrikizumab,,serious_adverse_event_rate,Escape Arm Week 16 - Maintenance OL- Lebrikizumab Non-Responder/Lebrikizumab Q2W,,,4,106,3.8
NCT04146363,Lebrikizumab,,serious_adverse_event_rate,Escape Arm Week 24 to 48 - Maintenance Lebrikizumab,,,0,18,0.0
NCT04146363,Lebrikizumab,,death_rate,Induction - Placebo,,,0,141,0.0
NCT04146363,Lebrikizumab,,death_rate,Induction - Lebrikizumab 250mg Q2W,,,0,282,0.0
NCT04146363,Lebrikizumab,,death_rate,Maintenance Blinded - Lebrikizumab Responder/ Placebo,,,0,32,0.0
NCT04146363,Lebrikizumab,,death_rate,Maintenance Blinded - Lebrikizumab Responder/Lebrikizumab Q4W,,,0,63,0.0
NCT04146363,Lebrikizumab,,death_rate,Maintenance Blinded - Lebrikizumab Responder/Lebrikizumab Q2W,,,0,62,0.0
NCT04146363,Lebrikizumab,,death_rate,Maintenance Blinded - Placebo Responder/ Placebo,,,0,4,0.0
NCT04146363,Lebrikizumab,,death_rate,Maintenance Blinded - Placebo Responder/Lebrikizumab Q4W,,,0,10,0.0
NCT04146363,Lebrikizumab,,death_rate,Maintenance Blinded - Placebo Responder/ Lebrikizumab Q2W,,,0,10,0.0
NCT04146363,Lebrikizumab,,death_rate,Escape Arm Week 16 - Maintenance Open Label (OL) -Placebo Non-Responder/Lebrikizumab Q2W,,,0,96,0.0
NCT04146363,Lebrikizumab,,death_rate,Escape Arm Week 16 - Maintenance OL- Lebrikizumab Non-Responder/Lebrikizumab Q2W,,,0,106,0.0
NCT04146363,Lebrikizumab,,death_rate,Escape Arm Week 24 to 48 - Maintenance Lebrikizumab,,,0,18,0.0
NCT04146363,Lebrikizumab,,discontinuation_due_to_ae_rate,Induction - Placebo,,,1,141,0.7
NCT04146363,Lebrikizumab,,discontinuation_due_to_ae_rate,Induction - Lebrikizumab Q2W,,,2,283,0.7
NCT04146363,Lebrikizumab,,discontinuation_due_to_ae_rate,Maintenance Blinded Treatment - Placebo Responder/Placebo (PBO),,,0,0,
NCT04146363,Lebrikizumab,,discontinuation_due_to_ae_rate,Maintenance Blinded Treatment - Placebo Responder/Lebrikizumab 250 Q4W,,,0,0,
NCT04146363,Lebrikizumab,,discontinuation_due_to_ae_rate,Maintenance Blinded Treatment - Placebo Responder/Lebrikizumab 250 Q2W,,,0,0,
NCT04146363,Lebrikizumab,,discontinuation_due_to_ae_rate,Maintenance Blinded Treatment - Lebrikizumab Responder/Placebo,,,0,0,
NCT04146363,Lebrikizumab,,discontinuation_due_to_ae_rate,Maintenance Blinded Treatment - Lebrikizumab Responder/Lebrikizumab 250 Q4W,,,0,0,
NCT04146363,Lebrikizumab,,discontinuation_due_to_ae_rate,Maintenance Blinded Treatment - Lebrikizumab Responder/Lebrikizumab 250 Q2W,,,0,0,
NCT04146363,Lebrikizumab,,discontinuation_due_to_ae_rate,Escape Arm Week 16 - Maintenance Open Label - Placebo Nonresponder/ Lebrikizumab 250 Q2W,,,0,0,
NCT04146363,Lebrikizumab,,discontinuation_due_to_ae_rate,Escape Arm Week 16 - Maintenance Open Label - Lebrikizumab Nonresponder/ Lebrikizumab 250 Q2W,,,0,0,
NCT04146363,Lebrikizumab,,discontinuation_due_to_ae_rate,Escape Arm Week 24 to 48 - Maintenance Open Label Lebrikizumab 250 Q2W,,,0,0,
NCT04146363,Lebrikizumab,,most_common_adverse_events,Induction - Placebo,Dermatitis atopic,Skin and subcutaneous tissue disorders,30,141,21.3
NCT04146363,Lebrikizumab,,most_common_adverse_events,Induction - Lebrikizumab 250mg Q2W,Dermatitis atopic,Skin and subcutaneous tissue disorders,16,282,5.7
NCT04146363,Lebrikizumab,,most_common_adverse_events,Maintenance Blinded - Lebrikizumab Responder/ Placebo,Dermatitis atopic,Skin and subcutaneous tissue disorders,4,32,12.5
NCT04146363,Lebrikizumab,,most_common_adverse_events,Maintenance Blinded - Lebrikizumab Responder/Lebrikizumab Q4W,Dermatitis atopic,Skin and subcutaneous tissue disorders,4,63,6.3
NCT04146363,Lebrikizumab,,most_common_adverse_events,Maintenance Blinded - Lebrikizumab Responder/Lebrikizumab Q2W,Dermatitis atopic,Skin and subcutaneous tissue disorders,2,62,3.2
NCT04146363,Lebrikizumab,,most_common_adverse_events,Maintenance Blinded - Placebo Responder/ Placebo,Dermatitis atopic,Skin and subcutaneous tissue disorders,2,4,50.0
NCT04146363,Lebrikizumab,,most_common_adverse_events,Maintenance Blinded - Placebo Responder/Lebrikizumab Q4W,Dermatitis atopic,Skin and subcutaneous tissue disorders,0,10,0.0
NCT04146363,Lebrikizumab,,most_common_adverse_events,Maintenance Blinded - Placebo Responder/ Lebrikizumab Q2W,Dermatitis atopic,Skin and subcutaneous tissue disorders,0,10,0.0
NCT04146363,Lebrikizumab,,most_common_adverse_events,Escape Arm Week 16 - Maintenance Open Label (OL) -Placebo Non-Responder/Lebrikizumab Q2W,Dermatitis atopic,Skin and subcutaneous tissue disorders,6,96,6.2
NCT04146363,Lebrikizumab,,most_common_adverse_events,Escape Arm Week 16 - Maintenance OL- Lebrikizumab Non-Responder/Lebrikizumab Q2W,Dermatitis atopic,Skin and subcutaneous tissue disorders,4,106,3.8
NCT04146363,Lebrikizumab,,most_common_adverse_events,Escape Arm Week 24 to 48 - Maintenance Lebrikizumab,Dermatitis atopic,Skin and subcutaneous tissue disorders,1,18,5.6
NCT04146363,Lebrikizumab,,most_common_adverse_events,Induction - Placebo,Leukopenia,Blood and lymphatic system disorders,0,141,0.0
NCT04146363,Lebrikizumab,,most_common_adverse_events,Induction - Lebrikizumab 250mg Q2W,Leukopenia,Blood and lymphatic system disorders,0,282,0.0
NCT04146363,Lebrikizumab,,most_common_adverse_events,Maintenance Blinded - Lebrikizumab Responder/ Placebo,Leukopenia,Blood and lymphatic system disorders,0,32,0.0
NCT04146363,Lebrikizumab,,most_common_adverse_events,Maintenance Blinded - Lebrikizumab Responder/Lebrikizumab Q4W,Leukopenia,Blood and lymphatic system disorders,0,63,0.0
NCT04146363,Lebrikizumab,,most_common_adverse_events,Maintenance Blinded - Lebrikizumab Responder/Lebrikizumab Q2W,Leukopenia,Blood and lymphatic system disorders,0,62,0.0
NCT04146363,Lebrikizumab,,most_common_adverse_events,Maintenance Blinded - Placebo Responder/ Placebo,Leukopenia,Blood and lymphatic system disorders,1,4,25.0
NCT04146363,Lebrikizumab,,most_common_adverse_events,Maintenance Blinded - Placebo Responder/Lebrikizumab Q4W,Leukopenia,Blood and lymphatic system disorders,0,10,0.0
NCT04146363,Lebrikizumab,,most_common_adverse_events,Maintenance Blinded - Placebo Responder/ Lebrikizumab Q2W,Leukopenia,Blood and lymphatic system disorders,0,10,0.0
NCT04146363,Lebrikizumab,,most_common_adverse_events,Escape Arm Week 16 - Maintenance Open Label (OL) -Placebo Non-Responder/Lebrikizumab Q2W,Leukopenia,Blood and lymphatic system disorders,0,96,0.0
NCT04146363,Lebrikizumab,,most_common_adverse_events,Escape Arm Week 16 - Maintenance OL- Lebrikizumab Non-Responder/Lebrikizumab Q2W,Leukopenia,Blood and lymphatic system disorders,0,106,0.0
NCT04146363,Lebrikizumab,,most_common_adverse_events,Escape Arm Week 24 to 48 - Maintenance Lebrikizumab,Leukopenia,Blood and lymphatic system disorders,0,18,0.0
NCT04146363,Lebrikizumab,,most_common_adverse_events,Induction - Placebo,Lymphadenopathy,Blood and lymphatic system disorders,0,141,0.0
NCT04146363,Lebrikizumab,,most_common_adverse_events,Induction - Lebrikizumab 250mg Q2W,Lymphadenopathy,Blood and lymphatic system disorders,0,282,0.0
NCT04146363,Lebrikizumab,,most_common_adverse_events,Maintenance Blinded - Lebrikizumab Responder/ Placebo,Lymphadenopathy,Blood and lymphatic system disorders,0,32,0.0
NCT04146363,Lebrikizumab,,most_common_adverse_events,Maintenance Blinded - Lebrikizumab Responder/Lebrikizumab Q4W,Lymphadenopathy,Blood and lymphatic system disorders,0,63,0.0
NCT04146363,Lebrikizumab,,most_common_adverse_events,Maintenance Blinded - Lebrikizumab Responder/Lebrikizumab Q2W,Lymphadenopathy,Blood and lymphatic system disorders,0,62,0.0
NCT04146363,Lebrikizumab,,most_common_adverse_events,Maintenance Blinded - Placebo Responder/ Placebo,Lymphadenopathy,Blood and lymphatic system disorders,1,4,25.0
NCT04146363,Lebrikizumab,,most_common_adverse_events,Maintenance Blinded - Placebo Responder/Lebrikizumab Q4W,Lymphadenopathy,Blood and lymphatic system disorders,0,10,0.0
NCT04146363,Lebrikizumab,,most_common_adverse_events,Maintenance Blinded - Placebo Responder/ Lebrikizumab Q2W,Lymphadenopathy,Blood and lymphatic system disorders,0,10,0.0
NCT04146363,Lebrikizumab,,most_common_adverse_events,Escape Arm Week 16 - Maintenance Open Label (OL) -Placebo Non-Responder/Lebrikizumab Q2W,Lymphadenopathy,Blood and lymphatic system disorders,2,96,2.1
NCT04146363,Lebrikizumab,,most_common_adverse_events,Escape Arm Week 16 - Maintenance OL- Lebrikizumab Non-Responder/Lebrikizumab Q2W,Lymphadenopathy,Blood and lymphatic system disorders,0,106,0.0
NCT04146363,Lebrikizumab,,most_common_adverse_events,Escape Arm Week 24 to 48 - Maintenance Lebrikizumab,Lymphadenopathy,Blood and lymphatic system disorders,0,18,0.0
NCT04146363,Lebrikizumab,,most_common_adverse_events,Induction - Placebo,Splenomegaly,Blood and lymphatic system disorders,0,141,0.0
NCT04146363,Lebrikizumab,,most_common_adverse_events,Induction - Lebrikizumab 250mg Q2W,Splenomegaly,Blood and lymphatic system disorders,0,282,0.0
NCT04146363,Lebrikizumab,,most_common_adverse_events,Maintenance Blinded - Lebrikizumab Responder/ Placebo,Splenomegaly,Blood and lymphatic system disorders,0,32,0.0
NCT04146363,Lebrikizumab,,most_common_adverse_events,Maintenance Blinded - Lebrikizumab Responder/Lebrikizumab Q4W,Splenomegaly,Blood and lymphatic system disorders,0,63,0.0
NCT04146363,Lebrikizumab,,most_common_adverse_events,Maintenance Blinded - Lebrikizumab Responder/Lebrikizumab Q2W,Splenomegaly,Blood and lymphatic system disorders,0,62,0.0
NCT04146363,Lebrikizumab,,most_common_adverse_events,Maintenance Blinded - Placebo Responder/ Placebo,Splenomegaly,Blood and lymphatic system disorders,1,4,25.0
NCT04146363,Lebrikizumab,,most_common_adverse_events,Maintenance Blinded - Placebo Responder/Lebrikizumab Q4W,Splenomegaly,Blood and lymphatic system disorders,0,10,0.0
NCT04146363,Lebrikizumab,,most_common_adverse_events,Maintenance Blinded - Placebo Responder/ Lebrikizumab Q2W,Splenomegaly,Blood and lymphatic system disorders,0,10,0.0
NCT04146363,Lebrikizumab,,most_common_adverse_events,Escape Arm Week 16 - Maintenance Open Label (OL) -Placebo Non-Responder/Lebrikizumab Q2W,Splenomegaly,Blood and lymphatic system disorders,0,96,0.0
NCT04146363,Lebrikizumab,,most_common_adverse_events,Escape Arm Week 16 - Maintenance OL- Lebrikizumab Non-Responder/Lebrikizumab Q2W,Splenomegaly,Blood and lymphatic system disorders,0,106,0.0
NCT04146363,Lebrikizumab,,most_common_adverse_events,Escape Arm Week 24 to 48 - Maintenance Lebrikizumab,Splenomegaly,Blood and lymphatic system disorders,0,18,0.0
NCT04146363,Lebrikizumab,,most_common_adverse_events,Induction - Placebo,Covid-19,Infections and infestations,3,141,2.1
NCT04146363,Lebrikizumab,,most_common_adverse_events,Induction - Lebrikizumab 250mg Q2W,Covid-19,Infections and infestations,5,282,1.8
NCT04146363,Lebrikizumab,,most_common_adverse_events,Maintenance Blinded - Lebrikizumab Responder/ Placebo,Covid-19,Infections and infestations,1,32,3.1
NCT04146363,Lebrikizumab,,most_common_adverse_events,Maintenance Blinded - Lebrikizumab Responder/Lebrikizumab Q4W,Covid-19,Infections and infestations,8,63,12.7
NCT04146363,Lebrikizumab,,most_common_adverse_events,Maintenance Blinded - Lebrikizumab Responder/Lebrikizumab Q2W,Covid-19,Infections and infestations,2,62,3.2
NCT04146363,Lebrikizumab,,most_common_adverse_events,Maintenance Blinded - Placebo Responder/ Placebo,Covid-19,Infections and infestations,0,4,0.0
NCT04146363,Lebrikizumab,,most_common_adverse_events,Maintenance Blinded - Placebo Responder/Lebrikizumab Q4W,Covid-19,Infections and infestations,1,10,10.0
NCT04146363,Lebrikizumab,,most_common_adverse_events,Maintenance Blinded - Placebo Responder/ Lebrikizumab Q2W,Covid-19,Infections and infestations,0,10,0.0
NCT04146363,Lebrikizumab,,most_common_adverse_events,Escape Arm Week 16 - Maintenance Open Label (OL) -Placebo Non-Responder/Lebrikizumab Q2W,Covid-19,Infections and infestations,4,96,4.2
NCT04146363,Lebrikizumab,,most_common_adverse_events,Escape Arm Week 16 - Maintenance OL- Lebrikizumab Non-Responder/Lebrikizumab Q2W,Covid-19,Infections and infestations,2,106,1.9
NCT04146363,Lebrikizumab,,most_common_adverse_events,Escape Arm Week 24 to 48 - Maintenance Lebrikizumab,Covid-19,Infections and infestations,1,18,5.6
NCT04146363,Lebrikizumab,,most_common_adverse_events,Induction - Placebo,Abscess limb,Infections and infestations,0,141,0.0
NCT04146363,Lebrikizumab,,most_common_adverse_events,Induction - Lebrikizumab 250mg Q2W,Abscess limb,Infections and infestations,0,282,0.0
NCT04146363,Lebrikizumab,,most_common_adverse_events,Maintenance Blinded - Lebrikizumab Responder/ Placebo,Abscess limb,Infections and infestations,0,32,0.0
NCT04146363,Lebrikizumab,,most_common_adverse_events,Maintenance Blinded - Lebrikizumab Responder/Lebrikizumab Q4W,Abscess limb,Infections and infestations,0,63,0.0
NCT04146363,Lebrikizumab,,most_common_adverse_events,Maintenance Blinded - Lebrikizumab Responder/Lebrikizumab Q2W,Abscess limb,Infections and infestations,0,62,0.0
NCT04146363,Lebrikizumab,,most_common_adverse_events,Maintenance Blinded - Placebo Responder/ Placebo,Abscess limb,Infections and infestations,0,4,0.0
NCT04146363,Lebrikizumab,,most_common_adverse_events,Maintenance Blinded - Placebo Responder/Lebrikizumab Q4W,Abscess limb,Infections and infestations,0,10,0.0
NCT04146363,Lebrikizumab,,most_common_adverse_events,Maintenance Blinded - Placebo Responder/ Lebrikizumab Q2W,Abscess limb,Infections and infestations,1,10,10.0
NCT04146363,Lebrikizumab,,most_common_adverse_events,Escape Arm Week 16 - Maintenance Open Label (OL) -Placebo Non-Responder/Lebrikizumab Q2W,Abscess limb,Infections and infestations,0,96,0.0
NCT04146363,Lebrikizumab,,most_common_adverse_events,Escape Arm Week 16 - Maintenance OL- Lebrikizumab Non-Responder/Lebrikizumab Q2W,Abscess limb,Infections and infestations,0,106,0.0
NCT04146363,Lebrikizumab,,most_common_adverse_events,Escape Arm Week 24 to 48 - Maintenance Lebrikizumab,Abscess limb,Infections and infestations,0,18,0.0
NCT04146363,Lebrikizumab,,most_common_adverse_events,Induction - Placebo,Chest wall abscess,Infections and infestations,0,141,0.0
NCT04146363,Lebrikizumab,,most_common_adverse_events,Induction - Lebrikizumab 250mg Q2W,Chest wall abscess,Infections and infestations,0,282,0.0
NCT04146363,Lebrikizumab,,most_common_adverse_events,Maintenance Blinded - Lebrikizumab Responder/ Placebo,Chest wall abscess,Infections and infestations,0,32,0.0
NCT04146363,Lebrikizumab,,most_common_adverse_events,Maintenance Blinded - Lebrikizumab Responder/Lebrikizumab Q4W,Chest wall abscess,Infections and infestations,0,63,0.0
NCT04146363,Lebrikizumab,,most_common_adverse_events,Maintenance Blinded - Lebrikizumab Responder/Lebrikizumab Q2W,Chest wall abscess,Infections and infestations,0,62,0.0
NCT04146363,Lebrikizumab,,most_common_adverse_events,Maintenance Blinded - Placebo Responder/ Placebo,Chest wall abscess,Infections and infestations,0,4,0.0
NCT04146363,Lebrikizumab,,most_common_adverse_events,Maintenance Blinded - Placebo Responder/Lebrikizumab Q4W,Chest wall abscess,Infections and infestations,0,10,0.0
NCT04146363,Lebrikizumab,,most_common_adverse_events,Maintenance Blinded - Placebo Responder/ Lebrikizumab Q2W,Chest wall abscess,Infections and infestations,1,10,10.0
NCT04146363,Lebrikizumab,,most_common_adverse_events,Escape Arm Week 16 - Maintenance Open Label (OL) -Placebo Non-Responder/Lebrikizumab Q2W,Chest wall abscess,Infections and infestations,0,96,0.0
NCT04146363,Lebrikizumab,,most_common_adverse_events,Escape Arm Week 16 - Maintenance OL- Lebrikizumab Non-Responder/Lebrikizumab Q2W,Chest wall abscess,Infections and infestations,0,106,0.0
NCT04146363,Lebrikizumab,,most_common_adverse_events,Escape Arm Week 24 to 48 - Maintenance Lebrikizumab,Chest wall abscess,Infections and infestations,0,18,0.0
NCT04146363,Lebrikizumab,,most_common_adverse_events,Induction - Placebo,Nasopharyngitis,Infections and infestations,4,141,2.8
NCT04146363,Lebrikizumab,,most_common_adverse_events,Induction - Lebrikizumab 250mg Q2W,Nasopharyngitis,Infections and infestations,11,282,3.9
NCT04146363,Lebrikizumab,,most_common_adverse_events,Maintenance Blinded - Lebrikizumab Responder/ Placebo,Nasopharyngitis,Infections and infestations,2,32,6.2
NCT04146363,Lebrikizumab,,most_common_adverse_events,Maintenance Blinded - Lebrikizumab Responder/Lebrikizumab Q4W,Nasopharyngitis,Infections and infestations,6,63,9.5
NCT04146363,Lebrikizumab,,most_common_adverse_events,Maintenance Blinded - Lebrikizumab Responder/Lebrikizumab Q2W,Nasopharyngitis,Infections and infestations,2,62,3.2
NCT04146363,Lebrikizumab,,most_common_adverse_events,Maintenance Blinded - Placebo Responder/ Placebo,Nasopharyngitis,Infections and infestations,0,4,0.0
NCT04146363,Lebrikizumab,,most_common_adverse_events,Maintenance Blinded - Placebo Responder/Lebrikizumab Q4W,Nasopharyngitis,Infections and infestations,1,10,10.0
NCT04146363,Lebrikizumab,,most_common_adverse_events,Maintenance Blinded - Placebo Responder/ Lebrikizumab Q2W,Nasopharyngitis,Infections and infestations,1,10,10.0
NCT04146363,Lebrikizumab,,most_common_adverse_events,Escape Arm Week 16 - Maintenance Open Label (OL) -Placebo Non-Responder/Lebrikizumab Q2W,Nasopharyngitis,Infections and infestations,2,96,2.1
NCT04146363,Lebrikizumab,,most_common_adverse_events,Escape Arm Week 16 - Maintenance OL- Lebrikizumab Non-Responder/Lebrikizumab Q2W,Nasopharyngitis,Infections and infestations,4,106,3.8
NCT04146363,Lebrikizumab,,most_common_adverse_events,Escape Arm Week 24 to 48 - Maintenance Lebrikizumab,Nasopharyngitis,Infections and infestations,0,18,0.0
NCT04178967,Lebrikizumab,ADvocate2,serious_adverse_event_rate,Induction - Placebo,,,4,149,2.7
NCT04178967,Lebrikizumab,ADvocate2,serious_adverse_event_rate,Induction - Lebrikizumab 250mg Q2W,,,2,295,0.7
NCT04178967,Lebrikizumab,ADvocate2,serious_adverse_event_rate,Maintenance Blinded - Lebrikizumab Responder/ Placebo,,,1,30,3.3
NCT04178967,Lebrikizumab,ADvocate2,serious_adverse_event_rate,Maintenance Blinded - Lebrikizumab Responder/Lebrikizumab Q4W,,,0,59,0.0
NCT04178967,Lebrikizumab,ADvocate2,serious_adverse_event_rate,Maintenance Blinded - Lebrikizumab Responder/Lebrikizumab Q2W,,,2,59,3.4
NCT04178967,Lebrikizumab,ADvocate2,serious_adverse_event_rate,Maintenance Blinded - Placebo Responder/ Placebo,,,0,5,0.0
NCT04178967,Lebrikizumab,ADvocate2,serious_adverse_event_rate,Maintenance Blinded - Placebo Responder/Lebrikizumab Q4W,,,2,9,22.2
NCT04178967,Lebrikizumab,ADvocate2,serious_adverse_event_rate,Maintenance Blinded - Placebo Responder/ Lebrikizumab Q2W,,,0,11,0.0
NCT04178967,Lebrikizumab,ADvocate2,serious_adverse_event_rate,Escape Arm Week 16 - Maintenance Open Label (OL) -Placebo Non-Responder/Lebrikizumab Q2W,,,1,108,0.9
NCT04178967,Lebrikizumab,ADvocate2,serious_adverse_event_rate,Escape Arm Week 16 - Maintenance OL- Lebrikizumab Non-Responder/Lebrikizumab Q2W,,,5,125,4.0
NCT04178967,Lebrikizumab,ADvocate2,serious_adverse_event_rate,Escape Arm Week 24 to 48 - Maintenance Lebrikizumab,,,0,11,0.0
NCT04178967,Lebrikizumab,ADvocate2,death_rate,Induction - Placebo,,,1,149,0.7
NCT04178967,Lebrikizumab,ADvocate2,death_rate,Induction - Lebrikizumab 250mg Q2W,,,0,295,0.0
NCT04178967,Lebrikizumab,ADvocate2,death_rate,Maintenance Blinded - Lebrikizumab Responder/ Placebo,,,0,30,0.0
NCT04178967,Lebrikizumab,ADvocate2,death_rate,Maintenance Blinded - Lebrikizumab Responder/Lebrikizumab Q4W,,,0,59,0.0
NCT04178967,Lebrikizumab,ADvocate2,death_rate,Maintenance Blinded - Lebrikizumab Responder/Lebrikizumab Q2W,,,0,59,0.0
NCT04178967,Lebrikizumab,ADvocate2,death_rate,Maintenance Blinded - Placebo Responder/ Placebo,,,0,5,0.0
NCT04178967,Lebrikizumab,ADvocate2,death_rate,Maintenance Blinded - Placebo Responder/Lebrikizumab Q4W,,,0,9,0.0
NCT04178967,Lebrikizumab,ADvocate2,death_rate,Maintenance Blinded - Placebo Responder/ Lebrikizumab Q2W,,,0,11,0.0
NCT04178967,Lebrikizumab,ADvocate2,death_rate,Escape Arm Week 16 - Maintenance Open Label (OL) -Placebo Non-Responder/Lebrikizumab Q2W,,,0,108,0.0
NCT04178967,Lebrikizumab,ADvocate2,death_rate,Escape Arm Week 16 - Maintenance OL- Lebrikizumab Non-Responder/Lebrikizumab Q2W,,,1,125,0.8
NCT04178967,Lebrikizumab,ADvocate2,death_rate,Escape Arm Week 24 to 48 - Maintenance Lebrikizumab,,,0,11,0.0
NCT04178967,Lebrikizumab,ADvocate2,discontinuation_due_to_ae_rate,Induction - Placebo,,,4,150,2.7
NCT04178967,Lebrikizumab,ADvocate2,discontinuation_due_to_ae_rate,Induction - Lebrikizumab Q2W,,,6,295,2.0
NCT04178967,Lebrikizumab,ADvocate2,discontinuation_due_to_ae_rate,Maintenance Blinded Treatment - Placebo Responder/Placebo (PBO),,,0,0,
NCT04178967,Lebrikizumab,ADvocate2,discontinuation_due_to_ae_rate,Maintenance Blinded Treatment - Placebo Responder/Lebrikizumab 250 Q4W,,,0,0,
NCT04178967,Lebrikizumab,ADvocate2,discontinuation_due_to_ae_rate,Maintenance Blinded Treatment - Placebo Responder/Lebrikizumab 250 Q2W,,,0,0,
NCT04178967,Lebrikizumab,ADvocate2,discontinuation_due_to_ae_rate,Maintenance Blinded Treatment - Lebrikizumab Responder/Placebo,,,0,0,
NCT04178967,Lebrikizumab,ADvocate2,discontinuation_due_to_ae_rate,Maintenance Blinded Treatment - Lebrikizumab Responder/Lebrikizumab 250 Q4W,,,0,0,
NCT04178967,Lebrikizumab,ADvocate2,discontinuation_due_to_ae_rate,Maintenance Blinded Treatment - Lebrikizumab Responder/Lebrikizumab 250 Q2W,,,0,0,
NCT04178967,Lebrikizumab,ADvocate2,discontinuation_due_to_ae_rate,Escape Arm Week 16 - Maintenance Open Label - Placebo Nonresponder/ Lebrikizumab 250 Q2W,,,0,0,
NCT04178967,Lebrikizumab,ADvocate2,discontinuation_due_to_ae_rate,Escape Arm Week 16 - Maintenance Open Label - Lebrikizumab Nonresponder/ Lebrikizumab 250 Q2W,,,0,0,
NCT04178967,Lebrikizumab,ADvocate2,discontinuation_due_to_ae_rate,Escape Arm Week 24 to 48 - Maintenance Open Label Lebrikizumab 250 Q2W,,,0,0,
NCT04178967,Lebrikizumab,ADvocate2,most_common_adverse_events,Induction - Placebo,Dermatitis atopic,Skin and subcutaneous tissue disorders,38,149,25.5
NCT04178967,Lebrikizumab,ADvocate2,most_common_adverse_events,Induction - Lebrikizumab 250mg Q2W,Dermatitis atopic,Skin and subcutaneous tissue disorders,27,295,9.2
NCT04178967,Lebrikizumab,ADvocate2,most_common_adverse_events,Maintenance Blinded - Lebrikizumab Responder/ Placebo,Dermatitis atopic,Skin and subcutaneous tissue disorders,3,30,10.0
NCT04178967,Lebrikizumab,ADvocate2,most_common_adverse_events,Maintenance Blinded - Lebrikizumab Responder/Lebrikizumab Q4W,Dermatitis atopic,Skin and subcutaneous tissue disorders,3,59,5.1
NCT04178967,Lebrikizumab,ADvocate2,most_common_adverse_events,Maintenance Blinded - Lebrikizumab Responder/Lebrikizumab Q2W,Dermatitis atopic,Skin and subcutaneous tissue disorders,3,59,5.1
NCT04178967,Lebrikizumab,ADvocate2,most_common_adverse_events,Maintenance Blinded - Placebo Responder/ Placebo,Dermatitis atopic,Skin and subcutaneous tissue disorders,0,5,0.0
NCT04178967,Lebrikizumab,ADvocate2,most_common_adverse_events,Maintenance Blinded - Placebo Responder/Lebrikizumab Q4W,Dermatitis atopic,Skin and subcutaneous tissue disorders,0,9,0.0
NCT04178967,Lebrikizumab,ADvocate2,most_common_adverse_events,Maintenance Blinded - Placebo Responder/ Lebrikizumab Q2W,Dermatitis atopic,Skin and subcutaneous tissue disorders,0,11,0.0
NCT04178967,Lebrikizumab,ADvocate2,most_common_adverse_events,Escape Arm Week 16 - Maintenance Open Label (OL) -Placebo Non-Responder/Lebrikizumab Q2W,Dermatitis atopic,Skin and subcutaneous tissue disorders,3,108,2.8
NCT04178967,Lebrikizumab,ADvocate2,most_common_adverse_events,Escape Arm Week 16 - Maintenance OL- Lebrikizumab Non-Responder/Lebrikizumab Q2W,Dermatitis atopic,Skin and subcutaneous tissue disorders,6,125,4.8
NCT04178967,Lebrikizumab,ADvocate2,most_common_adverse_events,Escape Arm Week 24 to 48 - Maintenance Lebrikizumab,Dermatitis atopic,Skin and subcutaneous tissue disorders,2,11,18.2
NCT04178967,Lebrikizumab,ADvocate2,most_common_adverse_events,Induction - Placebo,Urinary tract infection,Infections and infestations,1,149,0.7
NCT04178967,Lebrikizumab,ADvocate2,most_common_adverse_events,Induction - Lebrikizumab 250mg Q2W,Urinary tract infection,Infections and infestations,5,295,1.7
NCT04178967,Lebrikizumab,ADvocate2,most_common_adverse_events,Maintenance Blinded - Lebrikizumab Responder/ Placebo,Urinary tract infection,Infections and infestations,0,30,0.0
NCT04178967,Lebrikizumab,ADvocate2,most_common_adverse_events,Maintenance Blinded - Lebrikizumab Responder/Lebrikizumab Q4W,Urinary tract infection,Infections and infestations,3,59,5.1
NCT04178967,Lebrikizumab,ADvocate2,most_common_adverse_events,Maintenance Blinded - Lebrikizumab Responder/Lebrikizumab Q2W,Urinary tract infection,Infections and infestations,3,59,5.1
NCT04178967,Lebrikizumab,ADvocate2,most_common_adverse_events,Maintenance Blinded - Placebo Responder/ Placebo,Urinary tract infection,Infections and infestations,1,5,20.0
NCT04178967,Lebrikizumab,ADvocate2,most_common_adverse_events,Maintenance Blinded - Placebo Responder/Lebrikizumab Q4W,Urinary tract infection,Infections and infestations,0,9,0.0
NCT04178967,Lebrikizumab,ADvocate2,most_common_adverse_events,Maintenance Blinded - Placebo Responder/ Lebrikizumab Q2W,Urinary tract infection,Infections and infestations,0,11,0.0
NCT04178967,Lebrikizumab,ADvocate2,most_common_adverse_events,Escape Arm Week 16 - Maintenance Open Label (OL) -Placebo Non-Responder/Lebrikizumab Q2W,Urinary tract infection,Infections and infestations,2,108,1.9
NCT04178967,Lebrikizumab,ADvocate2,most_common_adverse_events,Escape Arm Week 16 - Maintenance OL- Lebrikizumab Non-Responder/Lebrikizumab Q2W,Urinary tract infection,Infections and infestations,3,125,2.4
NCT04178967,Lebrikizumab,ADvocate2,most_common_adverse_events,Escape Arm Week 24 to 48 - Maintenance Lebrikizumab,Urinary tract infection,Infections and infestations,1,11,9.1
NCT04178967,Lebrikizumab,ADvocate2,most_common_adverse_events,Induction - Placebo,Neck injury,"Injury, poisoning and procedural complications",0,149,0.0
NCT04178967,Lebrikizumab,ADvocate2,most_common_adverse_events,Induction - Lebrikizumab 250mg Q2W,Neck injury,"Injury, poisoning and procedural complications",0,295,0.0
NCT04178967,Lebrikizumab,ADvocate2,most_common_adverse_events,Maintenance Blinded - Lebrikizumab Responder/ Placebo,Neck injury,"Injury, poisoning and procedural complications",0,30,0.0
NCT04178967,Lebrikizumab,ADvocate2,most_common_adverse_events,Maintenance Blinded - Lebrikizumab Responder/Lebrikizumab Q4W,Neck injury,"Injury, poisoning and procedural complications",0,59,0.0
NCT04178967,Lebrikizumab,ADvocate2,most_common_adverse_events,Maintenance Blinded - Lebrikizumab Responder/Lebrikizumab Q2W,Neck injury,"Injury, poisoning and procedural complications",0,59,0.0
NCT04178967,Lebrikizumab,ADvocate2,most_common_adverse_events,Maintenance Blinded - Placebo Responder/ Placebo,Neck injury,"Injury, poisoning and procedural complications",1,5,20.0
NCT04178967,Lebrikizumab,ADvocate2,most_common_adverse_events,Maintenance Blinded - Placebo Responder/Lebrikizumab Q4W,Neck injury,"Injury, poisoning and procedural complications",0,9,0.0
NCT04178967,Lebrikizumab,ADvocate2,most_common_adverse_events,Maintenance Blinded - Placebo Responder/ Lebrikizumab Q2W,Neck injury,"Injury, poisoning and procedural complications",0,11,0.0
NCT04178967,Lebrikizumab,ADvocate2,most_common_adverse_events,Escape Arm Week 16 - Maintenance Open Label (OL) -Placebo Non-Responder/Lebrikizumab Q2W,Neck injury,"Injury, poisoning and procedural complications",0,108,0.0
NCT04178967,Lebrikizumab,ADvocate2,most_common_adverse_events,Escape Arm Week 16 - Maintenance OL- Lebrikizumab Non-Responder/Lebrikizumab Q2W,Neck injury,"Injury, poisoning and procedural complications",0,125,0.0
NCT04178967,Lebrikizumab,ADvocate2,most_common_adverse_events,Escape Arm Week 24 to 48 - Maintenance Lebrikizumab,Neck injury,"Injury, poisoning and procedural complications",0,11,0.0
NCT04178967,Lebrikizumab,ADvocate2,most_common_adverse_events,Induction - Placebo,Pain in extremity,Musculoskeletal and connective tissue disorders,1,149,0.7
NCT04178967,Lebrikizumab,ADvocate2,most_common_adverse_events,Induction - Lebrikizumab 250mg Q2W,Pain in extremity,Musculoskeletal and connective tissue disorders,1,295,0.3
NCT04178967,Lebrikizumab,ADvocate2,most_common_adverse_events,Maintenance Blinded - Lebrikizumab Responder/ Placebo,Pain in extremity,Musculoskeletal and connective tissue disorders,0,30,0.0
NCT04178967,Lebrikizumab,ADvocate2,most_common_adverse_events,Maintenance Blinded - Lebrikizumab Responder/Lebrikizumab Q4W,Pain in extremity,Musculoskeletal and connective tissue disorders,0,59,0.0
NCT04178967,Lebrikizumab,ADvocate2,most_common_adverse_events,Maintenance Blinded - Lebrikizumab Responder/Lebrikizumab Q2W,Pain in extremity,Musculoskeletal and connective tissue disorders,0,59,0.0
NCT04178967,Lebrikizumab,ADvocate2,most_common_adverse_events,Maintenance Blinded - Placebo Responder/ Placebo,Pain in extremity,Musculoskeletal and connective tissue disorders,1,5,20.0
NCT04178967,Lebrikizumab,ADvocate2,most_common_adverse_events,Maintenance Blinded - Placebo Responder/Lebrikizumab Q4W,Pain in extremity,Musculoskeletal and connective tissue disorders,0,9,0.0
NCT04178967,Lebrikizumab,ADvocate2,most_common_adverse_events,Maintenance Blinded - Placebo Responder/ Lebrikizumab Q2W,Pain in extremity,Musculoskeletal and connective tissue disorders,0,11,0.0
NCT04178967,Lebrikizumab,ADvocate2,most_common_adverse_events,Escape Arm Week 16 - Maintenance Open Label (OL) -Placebo Non-Responder/Lebrikizumab Q2W,Pain in extremity,Musculoskeletal and connective tissue disorders,0,108,0.0
NCT04178967,Lebrikizumab,ADvocate2,most_common_adverse_events,Escape Arm Week 16 - Maintenance OL- Lebrikizumab Non-Responder/Lebrikizumab Q2W,Pain in extremity,Musculoskeletal and connective tissue disorders,2,125,1.6
NCT04178967,Lebrikizumab,ADvocate2,most_common_adverse_events,Escape Arm Week 24 to 48 - Maintenance Lebrikizumab,Pain in extremity,Musculoskeletal and connective tissue disorders,0,11,0.0
NCT04178967,Lebrikizumab,ADvocate2,most_common_adverse_events,Induction - Placebo,Headache,Nervous system disorders,8,149,5.4
NCT04178967,Lebrikizumab,ADvocate2,most_common_adverse_events,Induction - Lebrikizumab 250mg Q2W,Headache,Nervous system disorders,15,295,5.1
NCT04178967,Lebrikizumab,ADvocate2,most_common_adverse_events,Maintenance Blinded - Lebrikizumab Responder/ Placebo,Headache,Nervous system disorders,1,30,3.3
NCT04178967,Lebrikizumab,ADvocate2,most_common_adverse_events,Maintenance Blinded - Lebrikizumab Responder/Lebrikizumab Q4W,Headache,Nervous system disorders,3,59,5.1
NCT04178967,Lebrikizumab,ADvocate2,most_common_adverse_events,Maintenance Blinded - Lebrikizumab Responder/Lebrikizumab Q2W,Headache,Nervous system disorders,2,59,3.4
NCT04178967,Lebrikizumab,ADvocate2,most_common_adverse_events,Maintenance Blinded - Placebo Responder/ Placebo,Headache,Nervous system disorders,1,5,20.0
NCT04178967,Lebrikizumab,ADvocate2,most_common_adverse_events,Maintenance Blinded - Placebo Responder/Lebrikizumab Q4W,Headache,Nervous system disorders,1,9,11.1
NCT04178967,Lebrikizumab,ADvocate2,most_common_adverse_events,Maintenance Blinded - Placebo Responder/ Lebrikizumab Q2W,Headache,Nervous system disorders,0,11,0.0
NCT04178967,Lebrikizumab,ADvocate2,most_common_adverse_events,Escape Arm Week 16 - Maintenance Open Label (OL) -Placebo Non-Responder/Lebrikizumab Q2W,Headache,Nervous system disorders,3,108,2.8
NCT04178967,Lebrikizumab,ADvocate2,most_common_adverse_events,Escape Arm Week 16 - Maintenance OL- Lebrikizumab Non-Responder/Lebrikizumab Q2W,Headache,Nervous system disorders,1,125,0.8
NCT04178967,Lebrikizumab,ADvocate2,most_common_adverse_events,Escape Arm Week 24 to 48 - Maintenance Lebrikizumab,Headache,Nervous system disorders,0,11,0.0
NCT04178967,Lebrikizumab,ADvocate2,most_common_adverse_events,Induction - Placebo,Nasopharyngitis,Infections and infestations,3,149,2.0
NCT04178967,Lebrikizumab,ADvocate2,most_common_adverse_events,Induction - Lebrikizumab 250mg Q2W,Nasopharyngitis,Infections and infestations,15,295,5.1
NCT04178967,Lebrikizumab,ADvocate2,most_common_adverse_events,Maintenance Blinded - Lebrikizumab Responder/ Placebo,Nasopharyngitis,Infections and infestations,1,30,3.3
NCT04178967,Lebrikizumab,ADvocate2,most_common_adverse_events,Maintenance Blinded - Lebrikizumab Responder/Lebrikizumab Q4W,Nasopharyngitis,Infections and infestations,3,59,5.1
NCT04178967,Lebrikizumab,ADvocate2,most_common_adverse_events,Maintenance Blinded - Lebrikizumab Responder/Lebrikizumab Q2W,Nasopharyngitis,Infections and infestations,3,59,5.1
NCT04178967,Lebrikizumab,ADvocate2,most_common_adverse_events,Maintenance Blinded - Placebo Responder/ Placebo,Nasopharyngitis,Infections and infestations,0,5,0.0
NCT04178967,Lebrikizumab,ADvocate2,most_common_adverse_events,Maintenance Blinded - Placebo Responder/Lebrikizumab Q4W,Nasopharyngitis,Infections and infestations,1,9,11.1
NCT04178967,Lebrikizumab,ADvocate2,most_common_adverse_events,Maintenance Blinded - Placebo Responder/ Lebrikizumab Q2W,Nasopharyngitis,Infections and infestations,2,11,18.2
NCT04178967,Lebrikizumab,ADvocate2,most_common_adverse_events,Escape Arm Week 16 - Maintenance Open Label (OL) -Placebo Non-Responder/Lebrikizumab Q2W,Nasopharyngitis,Infections and infestations,6,108,5.6
NCT04178967,Lebrikizumab,ADvocate2,most_common_adverse_events,Escape Arm Week 16 - Maintenance OL- Lebrikizumab Non-Responder/Lebrikizumab Q2W,Nasopharyngitis,Infections and infestations,10,125,8.0
NCT04178967,Lebrikizumab,ADvocate2,most_common_adverse_events,Escape Arm Week 24 to 48 - Maintenance Lebrikizumab,Nasopharyngitis,Infections and infestations,1,11,9.1
NCT04178967,Lebrikizumab,ADvocate2,most_common_adverse_events,Induction - Placebo,Hypercholesterolaemia,Metabolism and nutrition disorders,1,149,0.7
NCT04178967,Lebrikizumab,ADvocate2,most_common_adverse_events,Induction - Lebrikizumab 250mg Q2W,Hypercholesterolaemia,Metabolism and nutrition disorders,0,295,0.0
NCT04178967,Lebrikizumab,ADvocate2,most_common_adverse_events,Maintenance Blinded - Lebrikizumab Responder/ Placebo,Hypercholesterolaemia,Metabolism and nutrition disorders,0,30,0.0
NCT04178967,Lebrikizumab,ADvocate2,most_common_adverse_events,Maintenance Blinded - Lebrikizumab Responder/Lebrikizumab Q4W,Hypercholesterolaemia,Metabolism and nutrition disorders,0,59,0.0
NCT04178967,Lebrikizumab,ADvocate2,most_common_adverse_events,Maintenance Blinded - Lebrikizumab Responder/Lebrikizumab Q2W,Hypercholesterolaemia,Metabolism and nutrition disorders,0,59,0.0
NCT04178967,Lebrikizumab,ADvocate2,most_common_adverse_events,Maintenance Blinded - Placebo Responder/ Placebo,Hypercholesterolaemia,Metabolism and nutrition disorders,0,5,0.0
NCT04178967,Lebrikizumab,ADvocate2,most_common_adverse_events,Maintenance Blinded - Placebo Responder/Lebrikizumab Q4W,Hypercholesterolaemia,Metabolism and nutrition disorders,0,9,0.0
NCT04178967,Lebrikizumab,ADvocate2,most_common_adverse_events,Maintenance Blinded - Placebo Responder/ Lebrikizumab Q2W,Hypercholesterolaemia,Metabolism and nutrition disorders,2,11,18.2
NCT04178967,Lebrikizumab,ADvocate2,most_common_adverse_events,Escape Arm Week 16 - Maintenance Open Label (OL) -Placebo Non-Responder/Lebrikizumab Q2W,Hypercholesterolaemia,Metabolism and nutrition disorders,1,108,0.9
NCT04178967,Lebrikizumab,ADvocate2,most_common_adverse_events,Escape Arm Week 16 - Maintenance OL- Lebrikizumab Non-Responder/Lebrikizumab Q2W,Hypercholesterolaemia,Metabolism and nutrition disorders,0,125,0.0
NCT04178967,Lebrikizumab,ADvocate2,most_common_adverse_events,Escape Arm Week 24 to 48 - Maintenance Lebrikizumab,Hypercholesterolaemia,Metabolism and nutrition disorders,0,11,0.0
NCT04178967,Lebrikizumab,ADvocate2,most_common_adverse_events,Induction - Placebo,Asthma,"Respiratory, thoracic and mediastinal disorders",0,149,0.0
NCT04178967,Lebrikizumab,ADvocate2,most_common_adverse_events,Induction - Lebrikizumab 250mg Q2W,Asthma,"Respiratory, thoracic and mediastinal disorders",1,295,0.3
NCT04178967,Lebrikizumab,ADvocate2,most_common_adverse_events,Maintenance Blinded - Lebrikizumab Responder/ Placebo,Asthma,"Respiratory, thoracic and mediastinal disorders",0,30,0.0
NCT04178967,Lebrikizumab,ADvocate2,most_common_adverse_events,Maintenance Blinded - Lebrikizumab Responder/Lebrikizumab Q4W,Asthma,"Respiratory, thoracic and mediastinal disorders",1,59,1.7
NCT04178967,Lebrikizumab,ADvocate2,most_common_adverse_events,Maintenance Blinded - Lebrikizumab Responder/Lebrikizumab Q2W,Asthma,"Respiratory, thoracic and mediastinal disorders",0,59,0.0
NCT04178967,Lebrikizumab,ADvocate2,most_common_adverse_events,Maintenance Blinded - Placebo Responder/ Placebo,Asthma,"Respiratory, thoracic and mediastinal disorders",0,5,0.0
NCT04178967,Lebrikizumab,ADvocate2,most_common_adverse_events,Maintenance Blinded - Placebo Responder/Lebrikizumab Q4W,Asthma,"Respiratory, thoracic and mediastinal disorders",0,9,0.0
NCT04178967,Lebrikizumab,ADvocate2,most_common_adverse_events,Maintenance Blinded - Placebo Responder/ Lebrikizumab Q2W,Asthma,"Respiratory, thoracic and mediastinal disorders",0,11,0.0
NCT04178967,Lebrikizumab,ADvocate2,most_common_adverse_events,Escape Arm Week 16 - Maintenance Open Label (OL) -Placebo Non-Responder/Lebrikizumab Q2W,Asthma,"Respiratory, thoracic and mediastinal disorders",1,108,0.9
NCT04178967,Lebrikizumab,ADvocate2,most_common_adverse_events,Escape Arm Week 16 - Maintenance OL- Lebrikizumab Non-Responder/Lebrikizumab Q2W,Asthma,"Respiratory, thoracic and mediastinal disorders",1,125,0.8
NCT04178967,Lebrikizumab,ADvocate2,most_common_adverse_events,Escape Arm Week 24 to 48 - Maintenance Lebrikizumab,Asthma,"Respiratory, thoracic and mediastinal disorders",2,11,18.2
NCT04250337,Lebrikizumab,ADhere,serious_adverse_event_rate,Placebo +Topical Corticosteroid,,,1,75,1.3
NCT04250337,Lebrikizumab,ADhere,serious_adverse_event_rate,Lebrikizumab + Topical Corticosteroid,,,2,153,1.3
NCT04250337,Lebrikizumab,ADhere,death_rate,Placebo +Topical Corticosteroid,,,0,75,0.0
NCT04250337,Lebrikizumab,ADhere,death_rate,Lebrikizumab + Topical Corticosteroid,,,0,153,0.0
NCT04250337,Lebrikizumab,ADhere,discontinuation_due_to_ae_rate,Placebo + Topical Corticosteroid,,,0,75,0.0
NCT04250337,Lebrikizumab,ADhere,discontinuation_due_to_ae_rate,Lebrikizumab + Topical Corticosteroid,,,3,153,2.0
NCT04250337,Lebrikizumab,ADhere,most_common_adverse_events,Placebo +Topical Corticosteroid,Nasopharyngitis,Infections and infestations,5,75,6.7
NCT04250337,Lebrikizumab,ADhere,most_common_adverse_events,Lebrikizumab + Topical Corticosteroid,Nasopharyngitis,Infections and infestations,3,153,2.0
NCT04250337,Lebrikizumab,ADhere,most_common_adverse_events,Placebo +Topical Corticosteroid,Conjunctivitis,Infections and infestations,0,75,0.0
NCT04250337,Lebrikizumab,ADhere,most_common_adverse_events,Lebrikizumab + Topical Corticosteroid,Conjunctivitis,Infections and infestations,7,153,4.6
NCT04250337,Lebrikizumab,ADhere,most_common_adverse_events,Placebo +Topical Corticosteroid,Headache,Nervous system disorders,1,75,1.3
NCT04250337,Lebrikizumab,ADhere,most_common_adverse_events,Lebrikizumab + Topical Corticosteroid,Headache,Nervous system disorders,7,153,4.6
NCT04250337,Lebrikizumab,ADhere,most_common_adverse_events,Placebo +Topical Corticosteroid,Dermatitis atopic,Skin and subcutaneous tissue disorders,3,75,4.0
NCT04250337,Lebrikizumab,ADhere,most_common_adverse_events,Lebrikizumab + Topical Corticosteroid,Dermatitis atopic,Skin and subcutaneous tissue disorders,3,153,2.0
NCT04250337,Lebrikizumab,ADhere,most_common_adverse_events,Placebo +Topical Corticosteroid,Upper respiratory tract infection,Infections and infestations,2,75,2.7
NCT04250337,Lebrikizumab,ADhere,most_common_adverse_events,Lebrikizumab + Topical Corticosteroid,Upper respiratory tract infection,Infections and infestations,1,153,0.7
NCT04250337,Lebrikizumab,ADhere,most_common_adverse_events,Placebo +Topical Corticosteroid,Hypertension,Vascular disorders,1,75,1.3
NCT04250337,Lebrikizumab,ADhere,most_common_adverse_events,Lebrikizumab + Topical Corticosteroid,Hypertension,Vascular disorders,4,153,2.6
NCT04250337,Lebrikizumab,ADhere,most_common_adverse_events,Placebo +Topical Corticosteroid,Dry eye,Eye disorders,0,75,0.0
NCT04250337,Lebrikizumab,ADhere,most_common_adverse_events,Lebrikizumab + Topical Corticosteroid,Dry eye,Eye disorders,3,153,2.0
NCT04250337,Lebrikizumab,ADhere,most_common_adverse_events,Placebo +Topical Corticosteroid,Urinary tract infection,Infections and infestations,0,75,0.0
NCT04250337,Lebrikizumab,ADhere,most_common_adverse_events,Lebrikizumab + Topical Corticosteroid,Urinary tract infection,Infections and infestations,3,153,2.0
