drug,application_number,regulatory_application,orange_book
Abametapir,206966,"{""application_type"": ""NDA"", ""application_number"": ""206966"", ""registry"": ""orange_book"", ""center"": ""CDER"", ""proprietary_name"": ""XEGLYZE"", ""applicant"": ""LNHC INC"", ""first_approval_date"": ""2020-07-24""}","{""application_type"": ""N"", ""application_number"": ""206966"", ""ingredient"": ""ABAMETAPIR"", ""trade_name"": ""XEGLYZE"", ""applicant"": ""LNHC"", ""applicant_full_name"": ""LNHC INC"", ""products"": [{""product_number"": ""001"", ""strength"": ""0.74%"", ""dosage_form"": ""LOTION"", ""route"": ""TOPICAL"", ""approval_date"": ""2020-07-24"", ""rld"": true, ""rs"": false, ""te_code"": null, ""marketing_type"": ""HUMAN PRESCRIPTION DRUG""}], ""patents"": [{""patent_number"": ""7812163"", ""expiration_date"": ""2026-10-28"", ""drug_substance_claim"": true, ""drug_product_claim"": true, ""patent_use_code"": ""U-2863"", ""delisted"": false, ""submission_date"": ""2020-07-31"", ""product_numbers"": [""001""]}, {""patent_number"": ""10292389"", ""expiration_date"": ""2034-12-17"", ""drug_substance_claim"": true, ""drug_product_claim"": true, ""patent_use_code"": ""U-2863"", ""delisted"": false, ""submission_date"": ""2020-07-31"", ""product_numbers"": [""001""]}], ""exclusivities"": [], ""latest_patent_expiration"": ""2034-12-17"", ""latest_exclusivity_expiration"": null, ""data_file_date"": null}"
Abrocitinib,213871,"{""application_type"": ""NDA"", ""application_number"": ""213871"", ""registry"": ""orange_book"", ""center"": ""CDER"", ""proprietary_name"": ""CIBINQO"", ""applicant"": ""PFIZER INC"", ""first_approval_date"": ""2022-01-14""}","{""application_type"": ""N"", ""application_number"": ""213871"", ""ingredient"": ""ABROCITINIB"", ""trade_name"": ""CIBINQO"", ""applicant"": ""PFIZER"", ""applicant_full_name"": ""PFIZER INC"", ""products"": [{""product_number"": ""001"", ""strength"": ""50MG"", ""dosage_form"": ""TABLET"", ""route"": ""ORAL"", ""approval_date"": ""2022-01-14"", ""rld"": true, ""rs"": false, ""te_code"": null, ""marketing_type"": ""HUMAN PRESCRIPTION DRUG""}, {""product_number"": ""002"", ""strength"": ""100MG"", ""dosage_form"": ""TABLET"", ""route"": ""ORAL"", ""approval_date"": ""2022-01-14"", ""rld"": true, ""rs"": false, ""te_code"": null, ""marketing_type"": ""HUMAN PRESCRIPTION DRUG""}, {""product_number"": ""003"", ""strength"": ""200MG"", ""dosage_form"": ""TABLET"", ""route"": ""ORAL"", ""approval_date"": ""2022-01-14"", ""rld"": true, ""rs"": true, ""te_code"": null, ""marketing_type"": ""HUMAN PRESCRIPTION DRUG""}], ""patents"": [{""patent_number"": ""9545405"", ""expiration_date"": ""2034-02-19"", ""drug_substance_claim"": true, ""drug_product_claim"": true, ""patent_use_code"": null, ""delisted"": false, ""submission_date"": ""2022-02-11"", ""product_numbers"": [""001"", ""002"", ""003""]}, {""patent_number"": ""9549929"", ""expiration_date"": ""2034-02-19"", ""drug_substance_claim"": false, ""drug_product_claim"": false, ""patent_use_code"": ""U-3195"", ""delisted"": false, ""submission_date"": ""2022-02-11"", ""product_numbers"": [""001"", ""002"", ""003""]}, {""patent_number"": ""9035074"", ""expiration_date"": ""2036-01-14"", ""drug_substance_claim"": true, ""drug_product_claim"": true, ""patent_use_code"": null, ""delisted"": false, ""submission_date"": ""2022-02-11"", ""product_numbers"": [""001"", ""002"", ""003""]}], ""exclusivities"": [{""code"": ""NPP"", ""expiration_date"": ""2026-02-09"", ""product_numbers"": [""001"", ""002"", ""003""]}, {""code"": ""NCE"", ""expiration_date"": ""2027-01-14"", ""product_numbers"": [""001"", ""002"", ""003""]}], ""latest_patent_expiration"": ""2036-01-14"", ""latest_exclusivity_expiration"": ""2027-01-14"", ""data_file_date"": null}"
Adalimumab,125057,"{""application_type"": ""BLA"", ""application_number"": ""125057"", ""registry"": ""purple_book"", ""center"": ""CDER"", ""proprietary_name"": ""Humira"", ""applicant"": ""AbbVie Inc."", ""first_approval_date"": ""2002-12-31""}",
Afamelanotide,210797,"{""application_type"": ""NDA"", ""application_number"": ""210797"", ""registry"": ""orange_book"", ""center"": ""CDER"", ""proprietary_name"": ""SCENESSE"", ""applicant"": ""CLINUVEL INC"", ""first_approval_date"": ""2019-10-08""}","{""application_type"": ""N"", ""application_number"": ""210797"", ""ingredient"": ""AFAMELANOTIDE"", ""trade_name"": ""SCENESSE"", ""applicant"": ""CLIVUNEL INC"", ""applicant_full_name"": ""CLINUVEL INC"", ""products"": [{""product_number"": ""001"", ""strength"": ""16MG"", ""dosage_form"": ""IMPLANT"", ""route"": ""SUBCUTANEOUS"", ""approval_date"": ""2019-10-08"", ""rld"": true, ""rs"": true, ""te_code"": null, ""marketing_type"": ""HUMAN PRESCRIPTION DRUG""}], ""patents"": [{""patent_number"": ""8334265"", ""expiration_date"": ""2033-01-20"", ""drug_substance_claim"": false, ""drug_product_claim"": false, ""patent_use_code"": ""U-2638"", ""delisted"": false, ""submission_date"": ""2019-11-06"", ""product_numbers"": [""001""]}], ""exclusivities"": [{""code"": ""ODE-270"", ""expiration_date"": ""2026-10-08"", ""product_numbers"": [""001""]}], ""latest_patent_expiration"": ""2033-01-20"", ""latest_exclusivity_expiration"": ""2026-10-08"", ""data_file_date"": null}"
Apremilast,205437,"{""application_type"": ""NDA"", ""application_number"": ""205437"", ""registry"": ""orange_book"", ""center"": ""CDER"", ""proprietary_name"": ""OTEZLA"", ""applicant"": ""AMGEN INC"", ""first_approval_date"": ""2014-03-21""}","{""application_type"": ""A"", ""application_number"": ""211897"", ""ingredient"": ""APREMILAST"", ""trade_name"": ""APREMILAST"", ""applicant"": ""TEVA PHARMS USA INC"", ""applicant_full_name"": ""TEVA PHARMACEUTICALS USA INC"", ""products"": [{""product_number"": ""001"", ""strength"": ""10MG"", ""dosage_form"": ""TABLET"", ""route"": ""ORAL"", ""approval_date"": ""2022-08-18"", ""rld"": false, ""rs"": false, ""te_code"": null, ""marketing_type"": ""DISCONTINUED""}, {""product_number"": ""002"", ""strength"": ""20MG"", ""dosage_form"": ""TABLET"", ""route"": ""ORAL"", ""approval_date"": ""2022-08-18"", ""rld"": false, ""rs"": false, ""te_code"": null, ""marketing_type"": ""DISCONTINUED""}, {""product_number"": ""003"", ""strength"": ""30MG"", ""dosage_form"": ""TABLET"", ""route"": ""ORAL"", ""approval_date"": ""2022-08-18"", ""rld"": false, ""rs"": false, ""te_code"": null, ""marketing_type"": ""DISCONTINUED""}], ""patents"": [{""patent_number"": ""7427638"", ""expiration_date"": ""2028-02-16"", ""drug_substance_claim"": true, ""drug_product_claim"": true, ""patent_use_code"": null, ""delisted"": false, ""submission_date"": ""2014-04-15"", ""product_numbers"": [""002"", ""001"", ""003""]}, {""patent_number"": ""7427638*PED"", ""expiration_date"": ""2028-08-16"", ""drug_substance_claim"": false, ""drug_product_claim"": false, ""patent_use_code"": null, ""delisted"": false, ""submission_date"": null, ""product_numbers"": [""002"", ""001"", ""003""]}, {""patent_number"": ""12576034"", ""expiration_date"": ""2033-11-30"", ""drug_substance_claim"": false, ""drug_product_claim"": true, ""patent_use_code"": ""U-4290"", ""delisted"": false, ""submission_date"": ""2026-04-16"", ""product_numbers"": [""002"", ""001"", ""003""]}, {""patent_number"": ""10092541"", ""expiration_date"": ""2034-05-29"", ""drug_substance_claim"": false, ""drug_product_claim"": false, ""patent_use_code"": ""U-2403"", ""delisted"": false, ""submission_date"": ""2018-10-09"", ""product_numbers"": [""002""]}, {""patent_number"": ""10092541"", ""expiration_date"": ""2034-05-29"", ""drug_substance_claim"": false, ""drug_product_claim"": false, ""patent_use_code"": ""U-2659"", ""delisted"": false, ""submission_date"": ""2018-10-09"", ""product_numbers"": [""001"", ""003""]}, {""patent_number"": ""9872854"", ""expiration_date"": ""2034-05-29"", ""drug_substance_claim"": false, ""drug_product_claim"": false, ""patent_use_code"": ""U-2233"", ""delisted"": false, ""submission_date"": ""2018-02-21"", ""product_numbers"": [""002"", ""001"", ""003""]}, {""patent_number"": ""12576034*PED"", ""expiration_date"": ""2034-05-30"", ""drug_substance_claim"": false, ""drug_product_claim"": false, ""patent_use_code"": null, ""delisted"": false, ""submission_date"": null, ""product_numbers"": [""002"", ""001"", ""003""]}, {""patent_number"": ""10092541*PED"", ""expiration_date"": ""2034-11-29"", ""drug_substance_claim"": false, ""drug_product_claim"": false, ""patent_use_code"": null, ""delisted"": false, ""submission_date"": null, ""product_numbers"": [""002"", ""001"", ""003""]}, {""patent_number"": ""9872854*PED"", ""expiration_date"": ""2034-11-29"", ""drug_substance_claim"": false, ""drug_product_claim"": false, ""patent_use_code"": null, ""delisted"": false, ""submission_date"": null, ""product_numbers"": [""002"", ""001"", ""003""]}, {""patent_number"": ""11752129"", ""expiration_date"": ""2042-05-27"", ""drug_substance_claim"": false, ""drug_product_claim"": true, ""patent_use_code"": ""U-4266"", ""delisted"": false, ""submission_date"": ""2025-09-24"", ""product_numbers"": [""001""]}, {""patent_number"": ""11969409"", ""expiration_date"": ""2042-05-27"", ""drug_substance_claim"": false, ""drug_product_claim"": true, ""patent_use_code"": null, ""delisted"": false, ""submission_date"": ""2025-09-24"", ""product_numbers"": [""001""]}, {""patent_number"": ""12427136"", ""expiration_date"": ""2042-05-27"", ""drug_substance_claim"": false, ""drug_product_claim"": false, ""patent_use_code"": ""U-4291"", ""delisted"": false, ""submission_date"": ""2025-10-28"", ""product_numbers"": [""001""]}], ""exclusivities"": [{""code"": ""ODE*"", ""expiration_date"": ""2026-07-19"", ""product_numbers"": [""001""]}, {""code"": ""ODE-248"", ""expiration_date"": ""2026-07-19"", ""product_numbers"": [""002"", ""001"", ""003""]}, {""code"": ""M-299"", ""expiration_date"": ""2026-07-20"", ""product_numbers"": [""002"", ""001"", ""003""]}, {""code"": ""PED"", ""expiration_date"": ""2027-01-20"", ""product_numbers"": [""002"", ""001"", ""003""]}, {""code"": ""NPP"", ""expiration_date"": ""2027-04-25"", ""product_numbers"": [""002"", ""001"", ""003""]}], ""latest_patent_expiration"": ""2042-05-27"", ""latest_exclusivity_expiration"": ""2027-04-25"", ""data_file_date"": null}"
Baricitinib,207924,"{""application_type"": ""NDA"", ""application_number"": ""207924"", ""registry"": ""orange_book"", ""center"": ""CDER"", ""proprietary_name"": ""OLUMIANT"", ""applicant"": ""ELI LILLY AND CO"", ""first_approval_date"": ""2018-05-31""}","{""application_type"": ""N"", ""application_number"": ""207924"", ""ingredient"": ""BARICITINIB"", ""trade_name"": ""OLUMIANT"", ""applicant"": ""ELI LILLY AND CO"", ""applicant_full_name"": ""ELI LILLY AND CO"", ""products"": [{""product_number"": ""001"", ""strength"": ""2MG"", ""dosage_form"": ""TABLET"", ""route"": ""ORAL"", ""approval_date"": ""2018-05-31"", ""rld"": true, ""rs"": false, ""te_code"": null, ""marketing_type"": ""HUMAN PRESCRIPTION DRUG""}, {""product_number"": ""002"", ""strength"": ""1MG"", ""dosage_form"": ""TABLET"", ""route"": ""ORAL"", ""approval_date"": ""2019-10-08"", ""rld"": true, ""rs"": false, ""te_code"": null, ""marketing_type"": ""HUMAN PRESCRIPTION DRUG""}, {""product_number"": ""003"", ""strength"": ""4MG"", ""dosage_form"": ""TABLET"", ""route"": ""ORAL"", ""approval_date"": ""2022-05-10"", ""rld"": true, ""rs"": true, ""te_code"": null, ""marketing_type"": ""HUMAN PRESCRIPTION DRUG""}], ""patents"": [{""patent_number"": ""8420629"", ""expiration_date"": ""2029-03-10"", ""drug_substance_claim"": false, ""drug_product_claim"": false, ""patent_use_code"": ""U-247"", ""delisted"": false, ""submission_date"": ""2020-10-26"", ""product_numbers"": [""002"", ""001""]}, {""patent_number"": ""11806555"", ""expiration_date"": ""2031-11-02"", ""drug_substance_claim"": false, ""drug_product_claim"": false, ""patent_use_code"": ""U-3500"", ""delisted"": false, ""submission_date"": ""2023-11-21"", ""product_numbers"": [""002"", ""001"", ""003""]}, {""patent_number"": ""9737469"", ""expiration_date"": ""2031-11-02"", ""drug_substance_claim"": false, ""drug_product_claim"": false, ""patent_use_code"": ""U-3500"", ""delisted"": false, ""submission_date"": ""2023-01-09"", ""product_numbers"": [""002"", ""001"", ""003""]}, {""patent_number"": ""8158616"", ""expiration_date"": ""2032-05-31"", ""drug_substance_claim"": true, ""drug_product_claim"": true, ""patent_use_code"": null, ""delisted"": false, ""submission_date"": ""2020-10-26"", ""product_numbers"": [""002"", ""001"", ""003""]}, {""patent_number"": ""11045474"", ""expiration_date"": ""2032-11-30"", ""drug_substance_claim"": false, ""drug_product_claim"": false, ""patent_use_code"": ""U-3372"", ""delisted"": false, ""submission_date"": ""2022-05-26"", ""product_numbers"": [""002"", ""001"", ""003""]}, {""patent_number"": ""9089574"", ""expiration_date"": ""2032-11-30"", ""drug_substance_claim"": false, ""drug_product_claim"": false, ""patent_use_code"": ""U-3372"", ""delisted"": false, ""submission_date"": ""2022-05-26"", ""product_numbers"": [""002"", ""001"", ""003""]}], ""exclusivities"": [], ""latest_patent_expiration"": ""2032-11-30"", ""latest_exclusivity_expiration"": null, ""data_file_date"": null}"
Benzoyl Peroxide,214510,"{""application_type"": ""NDA"", ""application_number"": ""214510"", ""registry"": ""orange_book"", ""center"": ""CDER"", ""proprietary_name"": ""EPSOLAY"", ""applicant"": ""MAYNE PHARMA LLC"", ""first_approval_date"": ""2022-04-22""}","{""application_type"": ""N"", ""application_number"": ""214510"", ""ingredient"": ""BENZOYL PEROXIDE"", ""trade_name"": ""EPSOLAY"", ""applicant"": ""MAYNE PHARMA"", ""applicant_full_name"": ""MAYNE PHARMA LLC"", ""products"": [{""product_number"": ""001"", ""strength"": ""5%"", ""dosage_form"": ""CREAM"", ""route"": ""TOPICAL"", ""approval_date"": ""2022-04-22"", ""rld"": true, ""rs"": true, ""te_code"": null, ""marketing_type"": ""HUMAN PRESCRIPTION DRUG""}], ""patents"": [{""patent_number"": ""10933046"", ""expiration_date"": ""2040-02-19"", ""drug_substance_claim"": false, ""drug_product_claim"": true, ""patent_use_code"": ""U-3357"", ""delisted"": false, ""submission_date"": ""2022-04-29"", ""product_numbers"": [""001""]}, {""patent_number"": ""10945987"", ""expiration_date"": ""2040-02-19"", ""drug_substance_claim"": false, ""drug_product_claim"": false, ""patent_use_code"": ""U-3356"", ""delisted"": false, ""submission_date"": ""2022-04-29"", ""product_numbers"": [""001""]}, {""patent_number"": ""11426378"", ""expiration_date"": ""2040-08-18"", ""drug_substance_claim"": false, ""drug_product_claim"": false, ""patent_use_code"": ""U-3356"", ""delisted"": false, ""submission_date"": ""2022-10-07"", ""product_numbers"": [""001""]}, {""patent_number"": ""11541026"", ""expiration_date"": ""2040-02-19"", ""drug_substance_claim"": false, ""drug_product_claim"": false, ""patent_use_code"": ""U-3356"", ""delisted"": false, ""submission_date"": ""2023-02-01"", ""product_numbers"": [""001""]}, {""patent_number"": ""11628155"", ""expiration_date"": ""2040-12-27"", ""drug_substance_claim"": false, ""drug_product_claim"": false, ""patent_use_code"": ""U-3356"", ""delisted"": false, ""submission_date"": ""2023-05-17"", ""product_numbers"": [""001""]}, {""patent_number"": ""11865100"", ""expiration_date"": ""2040-02-19"", ""drug_substance_claim"": false, ""drug_product_claim"": false, ""patent_use_code"": ""U-3357"", ""delisted"": false, ""submission_date"": ""2024-02-05"", ""product_numbers"": [""001""]}, {""patent_number"": ""11877997"", ""expiration_date"": ""2040-02-19"", ""drug_substance_claim"": false, ""drug_product_claim"": false, ""patent_use_code"": ""U-3356"", ""delisted"": false, ""submission_date"": ""2024-02-16"", ""product_numbers"": [""001""]}, {""patent_number"": ""11986456"", ""expiration_date"": ""2040-02-19"", ""drug_substance_claim"": false, ""drug_product_claim"": false, ""patent_use_code"": ""U-3947"", ""delisted"": false, ""submission_date"": ""2024-06-17"", ""product_numbers"": [""001""]}, {""patent_number"": ""12156946"", ""expiration_date"": ""2028-02-03"", ""drug_substance_claim"": false, ""drug_product_claim"": true, ""patent_use_code"": null, ""delisted"": false, ""submission_date"": ""2024-12-18"", ""product_numbers"": [""001""]}, {""patent_number"": ""12257348"", ""expiration_date"": ""2041-05-23"", ""drug_substance_claim"": false, ""drug_product_claim"": true, ""patent_use_code"": ""U-3947"", ""delisted"": false, ""submission_date"": ""2025-04-10"", ""product_numbers"": [""001""]}, {""patent_number"": ""12295935"", ""expiration_date"": ""2040-12-27"", ""drug_substance_claim"": false, ""drug_product_claim"": false, ""patent_use_code"": ""U-3356"", ""delisted"": false, ""submission_date"": ""2025-05-23"", ""product_numbers"": [""001""]}, {""patent_number"": ""12350382"", ""expiration_date"": ""2028-02-03"", ""drug_substance_claim"": false, ""drug_product_claim"": true, ""patent_use_code"": null, ""delisted"": false, ""submission_date"": ""2025-07-09"", ""product_numbers"": [""001""]}, {""patent_number"": ""9687465"", ""expiration_date"": ""2032-11-27"", ""drug_substance_claim"": false, ""drug_product_claim"": true, ""patent_use_code"": ""U-3356"", ""delisted"": false, ""submission_date"": ""2022-04-29"", ""product_numbers"": [""001""]}, {""patent_number"": ""9868103"", ""expiration_date"": ""2028-08-08"", ""drug_substance_claim"": false, ""drug_product_claim"": true, ""patent_use_code"": ""U-3356"", ""delisted"": false, ""submission_date"": ""2022-04-29"", ""product_numbers"": [""001""]}], ""exclusivities"": [], ""latest_patent_expiration"": ""2041-05-23"", ""latest_exclusivity_expiration"": null, ""data_file_date"": null}"
Berdazimer,217424,"{""application_type"": ""NDA"", ""application_number"": ""217424"", ""registry"": ""orange_book"", ""center"": ""CDER"", ""proprietary_name"": ""ZELSUVMI"", ""applicant"": ""LNHC INC"", ""first_approval_date"": ""2024-01-05""}","{""application_type"": ""N"", ""application_number"": ""217424"", ""ingredient"": ""BERDAZIMER"", ""trade_name"": ""ZELSUVMI"", ""applicant"": ""LNHC"", ""applicant_full_name"": ""LNHC INC"", ""products"": [{""product_number"": ""001"", ""strength"": ""EQ 10.3% BASE"", ""dosage_form"": ""GEL"", ""route"": ""TOPICAL"", ""approval_date"": ""2024-01-05"", ""rld"": true, ""rs"": true, ""te_code"": null, ""marketing_type"": ""HUMAN PRESCRIPTION DRUG""}], ""patents"": [{""patent_number"": ""8282967"", ""expiration_date"": ""2026-05-30"", ""drug_substance_claim"": true, ""drug_product_claim"": false, ""patent_use_code"": null, ""delisted"": false, ""submission_date"": ""2024-02-02"", ""product_numbers"": [""001""]}, {""patent_number"": ""8956658"", ""expiration_date"": ""2026-05-30"", ""drug_substance_claim"": true, ""drug_product_claim"": false, ""patent_use_code"": null, ""delisted"": false, ""submission_date"": ""2024-02-02"", ""product_numbers"": [""001""]}, {""patent_number"": ""10376538"", ""expiration_date"": ""2030-08-20"", ""drug_substance_claim"": false, ""drug_product_claim"": true, ""patent_use_code"": null, ""delisted"": false, ""submission_date"": ""2024-02-02"", ""product_numbers"": [""001""]}, {""patent_number"": ""9737561"", ""expiration_date"": ""2030-08-20"", ""drug_substance_claim"": false, ""drug_product_claim"": false, ""patent_use_code"": ""U-3802"", ""delisted"": false, ""submission_date"": ""2024-02-02"", ""product_numbers"": [""001""]}, {""patent_number"": ""9526738"", ""expiration_date"": ""2031-09-03"", ""drug_substance_claim"": false, ""drug_product_claim"": true, ""patent_use_code"": null, ""delisted"": false, ""submission_date"": ""2024-02-02"", ""product_numbers"": [""001""]}, {""patent_number"": ""10265334"", ""expiration_date"": ""2032-07-03"", ""drug_substance_claim"": false, ""drug_product_claim"": true, ""patent_use_code"": null, ""delisted"": false, ""submission_date"": ""2024-02-02"", ""product_numbers"": [""001""]}, {""patent_number"": ""9289442"", ""expiration_date"": ""2032-07-03"", ""drug_substance_claim"": false, ""drug_product_claim"": true, ""patent_use_code"": ""U-3803"", ""delisted"": false, ""submission_date"": ""2024-02-02"", ""product_numbers"": [""001""]}, {""patent_number"": ""9855211"", ""expiration_date"": ""2034-02-27"", ""drug_substance_claim"": false, ""drug_product_claim"": true, ""patent_use_code"": ""U-3801"", ""delisted"": false, ""submission_date"": ""2024-02-02"", ""product_numbers"": [""001""]}, {""patent_number"": ""11285098"", ""expiration_date"": ""2034-02-28"", ""drug_substance_claim"": false, ""drug_product_claim"": true, ""patent_use_code"": null, ""delisted"": false, ""submission_date"": ""2024-02-02"", ""product_numbers"": [""001""]}, {""patent_number"": ""10258564"", ""expiration_date"": ""2034-11-22"", ""drug_substance_claim"": false, ""drug_product_claim"": false, ""patent_use_code"": ""U-3799"", ""delisted"": false, ""submission_date"": ""2024-02-02"", ""product_numbers"": [""001""]}, {""patent_number"": ""10322081"", ""expiration_date"": ""2035-07-10"", ""drug_substance_claim"": false, ""drug_product_claim"": false, ""patent_use_code"": ""U-3796"", ""delisted"": false, ""submission_date"": ""2024-02-02"", ""product_numbers"": [""001""]}, {""patent_number"": ""10736839"", ""expiration_date"": ""2035-07-10"", ""drug_substance_claim"": false, ""drug_product_claim"": false, ""patent_use_code"": ""U-3792"", ""delisted"": false, ""submission_date"": ""2024-02-02"", ""product_numbers"": [""001""]}, {""patent_number"": ""11040006"", ""expiration_date"": ""2035-07-10"", ""drug_substance_claim"": false, ""drug_product_claim"": true, ""patent_use_code"": ""U-3789"", ""delisted"": false, ""submission_date"": ""2024-02-02"", ""product_numbers"": [""001""]}, {""patent_number"": ""11723858"", ""expiration_date"": ""2035-07-10"", ""drug_substance_claim"": false, ""drug_product_claim"": true, ""patent_use_code"": ""U-3788"", ""delisted"": false, ""submission_date"": ""2024-02-02"", ""product_numbers"": [""001""]}], ""exclusivities"": [{""code"": ""NCE"", ""expiration_date"": ""2029-01-05"", ""product_numbers"": [""001""]}], ""latest_patent_expiration"": ""2035-07-10"", ""latest_exclusivity_expiration"": ""2029-01-05"", ""data_file_date"": null}"
Beremagene Geperpavec,125774,"{""application_type"": ""BLA"", ""application_number"": ""125774"", ""registry"": ""purple_book"", ""center"": ""CBER"", ""proprietary_name"": ""VYJUVEK"", ""applicant"": ""Krystal Biotech, Inc."", ""first_approval_date"": ""2023-05-19""}",
Bimekizumab,761151,"{""application_type"": ""BLA"", ""application_number"": ""761151"", ""registry"": ""purple_book"", ""center"": ""CDER"", ""proprietary_name"": ""Bimzelx"", ""applicant"": ""UCB, Inc."", ""first_approval_date"": ""2023-10-17""}",
Birch Triterpenes,215064,"{""application_type"": ""NDA"", ""application_number"": ""215064"", ""registry"": ""orange_book"", ""center"": ""CDER"", ""proprietary_name"": ""FILSUVEZ"", ""applicant"": ""CHIESI FARMACEUTICI SPA"", ""first_approval_date"": ""2023-12-18""}","{""application_type"": ""N"", ""application_number"": ""215064"", ""ingredient"": ""BIRCH TRITERPENES"", ""trade_name"": ""FILSUVEZ"", ""applicant"": ""CHIESI"", ""applicant_full_name"": ""CHIESI FARMACEUTICI SPA"", ""products"": [{""product_number"": ""001"", ""strength"": ""10%"", ""dosage_form"": ""GEL"", ""route"": ""TOPICAL"", ""approval_date"": ""2023-12-18"", ""rld"": true, ""rs"": true, ""te_code"": null, ""marketing_type"": ""HUMAN PRESCRIPTION DRUG""}], ""patents"": [{""patent_number"": ""8828444"", ""expiration_date"": ""2027-06-21"", ""drug_substance_claim"": false, ""drug_product_claim"": true, ""patent_use_code"": null, ""delisted"": false, ""submission_date"": ""2024-02-16"", ""product_numbers"": [""001""]}, {""patent_number"": ""9352041"", ""expiration_date"": ""2030-11-24"", ""drug_substance_claim"": false, ""drug_product_claim"": false, ""patent_use_code"": ""U-3811"", ""delisted"": false, ""submission_date"": ""2024-02-16"", ""product_numbers"": [""001""]}, {""patent_number"": ""9827214"", ""expiration_date"": ""2030-11-24"", ""drug_substance_claim"": false, ""drug_product_claim"": false, ""patent_use_code"": ""U-3811"", ""delisted"": false, ""submission_date"": ""2024-02-16"", ""product_numbers"": [""001""]}, {""patent_number"": ""11083733"", ""expiration_date"": ""2039-01-04"", ""drug_substance_claim"": false, ""drug_product_claim"": true, ""patent_use_code"": null, ""delisted"": false, ""submission_date"": ""2024-02-16"", ""product_numbers"": [""001""]}, {""patent_number"": ""11266660"", ""expiration_date"": ""2039-01-04"", ""drug_substance_claim"": false, ""drug_product_claim"": false, ""patent_use_code"": ""U-3811"", ""delisted"": false, ""submission_date"": ""2024-02-16"", ""product_numbers"": [""001""]}, {""patent_number"": ""12268695"", ""expiration_date"": ""2039-01-04"", ""drug_substance_claim"": false, ""drug_product_claim"": false, ""patent_use_code"": ""U-3811"", ""delisted"": false, ""submission_date"": ""2025-05-02"", ""product_numbers"": [""001""]}], ""exclusivities"": [{""code"": ""NCE"", ""expiration_date"": ""2028-12-18"", ""product_numbers"": [""001""]}, {""code"": ""ODE-460"", ""expiration_date"": ""2030-12-18"", ""product_numbers"": [""001""]}], ""latest_patent_expiration"": ""2039-01-04"", ""latest_exclusivity_expiration"": ""2030-12-18"", ""data_file_date"": null}"
Brodalumab,761032,"{""application_type"": ""BLA"", ""application_number"": ""761032"", ""registry"": ""purple_book"", ""center"": ""CDER"", ""proprietary_name"": ""Siliq"", ""applicant"": ""Bausch Health Ireland, Limited"", ""first_approval_date"": ""2017-02-15""}",
Certolizumab,125160,"{""application_type"": ""BLA"", ""application_number"": ""125160"", ""registry"": ""purple_book"", ""center"": ""CDER"", ""proprietary_name"": ""Cimzia"", ""applicant"": ""UCB, Inc."", ""first_approval_date"": ""2008-04-22""}",
Clascoterone,213433,"{""application_type"": ""NDA"", ""application_number"": ""213433"", ""registry"": ""orange_book"", ""center"": ""CDER"", ""proprietary_name"": ""WINLEVI"", ""applicant"": ""SUN PHARMACEUTICAL INDUSTRIES LTD"", ""first_approval_date"": ""2020-08-26""}","{""application_type"": ""N"", ""application_number"": ""213433"", ""ingredient"": ""CLASCOTERONE"", ""trade_name"": ""WINLEVI"", ""applicant"": ""SUN PHARM"", ""applicant_full_name"": ""SUN PHARMACEUTICAL INDUSTRIES LTD"", ""products"": [{""product_number"": ""001"", ""strength"": ""1%"", ""dosage_form"": ""CREAM"", ""route"": ""TOPICAL"", ""approval_date"": ""2020-08-26"", ""rld"": true, ""rs"": true, ""te_code"": null, ""marketing_type"": ""HUMAN PRESCRIPTION DRUG""}], ""patents"": [{""patent_number"": ""8143240"", ""expiration_date"": ""2027-01-12"", ""drug_substance_claim"": false, ""drug_product_claim"": false, ""patent_use_code"": ""U-2942"", ""delisted"": false, ""submission_date"": ""2020-09-04"", ""product_numbers"": [""001""]}, {""patent_number"": ""11938141"", ""expiration_date"": ""2028-07-24"", ""drug_substance_claim"": false, ""drug_product_claim"": true, ""patent_use_code"": null, ""delisted"": false, ""submission_date"": ""2024-05-30"", ""product_numbers"": [""001""]}, {""patent_number"": ""12337002"", ""expiration_date"": ""2028-07-24"", ""drug_substance_claim"": false, ""drug_product_claim"": true, ""patent_use_code"": ""U-3280"", ""delisted"": false, ""submission_date"": ""2025-07-22"", ""product_numbers"": [""001""]}, {""patent_number"": ""9486458"", ""expiration_date"": ""2028-07-24"", ""drug_substance_claim"": false, ""drug_product_claim"": false, ""patent_use_code"": ""U-2942"", ""delisted"": false, ""submission_date"": ""2020-09-04"", ""product_numbers"": [""001""]}, {""patent_number"": ""10159682"", ""expiration_date"": ""2028-08-14"", ""drug_substance_claim"": false, ""drug_product_claim"": false, ""patent_use_code"": ""U-2942"", ""delisted"": false, ""submission_date"": ""2020-09-04"", ""product_numbers"": [""001""]}, {""patent_number"": ""11207332"", ""expiration_date"": ""2028-11-20"", ""drug_substance_claim"": false, ""drug_product_claim"": true, ""patent_use_code"": ""U-3280"", ""delisted"": false, ""submission_date"": ""2022-01-24"", ""product_numbers"": [""001""]}, {""patent_number"": ""9433628"", ""expiration_date"": ""2029-02-28"", ""drug_substance_claim"": false, ""drug_product_claim"": true, ""patent_use_code"": null, ""delisted"": false, ""submission_date"": ""2020-09-04"", ""product_numbers"": [""001""]}, {""patent_number"": ""8785427"", ""expiration_date"": ""2030-07-25"", ""drug_substance_claim"": false, ""drug_product_claim"": true, ""patent_use_code"": null, ""delisted"": false, ""submission_date"": ""2020-09-04"", ""product_numbers"": [""001""]}], ""exclusivities"": [], ""latest_patent_expiration"": ""2030-07-25"", ""latest_exclusivity_expiration"": null, ""data_file_date"": null}"
Clindamycin Phosphate/Benzoyl Peroxide/Adapalene,216632,"{""application_type"": ""NDA"", ""application_number"": ""216632"", ""registry"": ""orange_book"", ""center"": ""CDER"", ""proprietary_name"": ""CABTREO"", ""applicant"": ""BAUSCH HEALTH US LLC"", ""first_approval_date"": ""2023-10-20""}","{""application_type"": ""N"", ""application_number"": ""216632"", ""ingredient"": ""CLINDAMYCIN PHOSPHATE/BENZOYL PEROXIDE/ADAPALENE"", ""trade_name"": ""CABTREO"", ""applicant"": ""BAUSCH"", ""applicant_full_name"": ""BAUSCH HEALTH US LLC"", ""products"": [{""product_number"": ""001"", ""strength"": ""ADAPALENE 0.15%; BENZOYL PEROXIDE 3.1%; CLINDAMYCIN PHOSPHATE 1.2%"", ""dosage_form"": ""GEL"", ""route"": ""TOPICAL"", ""approval_date"": ""2023-10-20"", ""rld"": true, ""rs"": true, ""te_code"": null, ""marketing_type"": ""HUMAN PRESCRIPTION DRUG""}], ""patents"": [{""patent_number"": ""10220049"", ""expiration_date"": ""2029-06-03"", ""drug_substance_claim"": false, ""drug_product_claim"": true, ""patent_use_code"": ""U-3713"", ""delisted"": false, ""submission_date"": ""2023-11-02"", ""product_numbers"": [""001""]}, {""patent_number"": ""10624918"", ""expiration_date"": ""2029-06-03"", ""drug_substance_claim"": false, ""drug_product_claim"": false, ""patent_use_code"": ""U-3713"", ""delisted"": false, ""submission_date"": ""2023-11-02"", ""product_numbers"": [""001""]}, {""patent_number"": ""11389467"", ""expiration_date"": ""2040-12-28"", ""drug_substance_claim"": false, ""drug_product_claim"": true, ""patent_use_code"": ""U-3713"", ""delisted"": false, ""submission_date"": ""2023-11-02"", ""product_numbers"": [""001""]}, {""patent_number"": ""12128059"", ""expiration_date"": ""2040-07-31"", ""drug_substance_claim"": false, ""drug_product_claim"": true, ""patent_use_code"": ""U-3713"", ""delisted"": false, ""submission_date"": ""2024-11-08"", ""product_numbers"": [""001""]}, {""patent_number"": ""12133859"", ""expiration_date"": ""2040-07-31"", ""drug_substance_claim"": false, ""drug_product_claim"": true, ""patent_use_code"": null, ""delisted"": false, ""submission_date"": ""2024-11-22"", ""product_numbers"": [""001""]}, {""patent_number"": ""12138278"", ""expiration_date"": ""2040-07-31"", ""drug_substance_claim"": false, ""drug_product_claim"": true, ""patent_use_code"": null, ""delisted"": false, ""submission_date"": ""2024-12-06"", ""product_numbers"": [""001""]}, {""patent_number"": ""12616710"", ""expiration_date"": ""2040-07-31"", ""drug_substance_claim"": false, ""drug_product_claim"": true, ""patent_use_code"": null, ""delisted"": false, ""submission_date"": ""2026-05-21"", ""product_numbers"": [""001""]}, {""patent_number"": ""8288434"", ""expiration_date"": ""2029-08-05"", ""drug_substance_claim"": false, ""drug_product_claim"": true, ""patent_use_code"": ""U-3713"", ""delisted"": false, ""submission_date"": ""2023-11-02"", ""product_numbers"": [""001""]}, {""patent_number"": ""9561208"", ""expiration_date"": ""2029-06-03"", ""drug_substance_claim"": false, ""drug_product_claim"": true, ""patent_use_code"": ""U-3713"", ""delisted"": false, ""submission_date"": ""2023-11-02"", ""product_numbers"": [""001""]}], ""exclusivities"": [{""code"": ""NP"", ""expiration_date"": ""2026-10-20"", ""product_numbers"": [""001""]}], ""latest_patent_expiration"": ""2040-12-28"", ""latest_exclusivity_expiration"": ""2026-10-20"", ""data_file_date"": null}"
Crisaborole,207695,"{""application_type"": ""NDA"", ""application_number"": ""207695"", ""registry"": ""orange_book"", ""center"": ""CDER"", ""proprietary_name"": ""EUCRISA"", ""applicant"": ""ANACOR PHARMACEUTICALS INC"", ""first_approval_date"": ""2016-12-14""}","{""application_type"": ""N"", ""application_number"": ""207695"", ""ingredient"": ""CRISABOROLE"", ""trade_name"": ""EUCRISA"", ""applicant"": ""ANACOR PHARMS INC"", ""applicant_full_name"": ""ANACOR PHARMACEUTICALS INC"", ""products"": [{""product_number"": ""001"", ""strength"": ""2%"", ""dosage_form"": ""OINTMENT"", ""route"": ""TOPICAL"", ""approval_date"": ""2016-12-14"", ""rld"": true, ""rs"": true, ""te_code"": null, ""marketing_type"": ""HUMAN PRESCRIPTION DRUG""}], ""patents"": [{""patent_number"": ""8501712"", ""expiration_date"": ""2027-02-16"", ""drug_substance_claim"": false, ""drug_product_claim"": false, ""patent_use_code"": ""U-1932"", ""delisted"": false, ""submission_date"": ""2017-01-12"", ""product_numbers"": [""001""]}, {""patent_number"": ""9682092"", ""expiration_date"": ""2027-02-16"", ""drug_substance_claim"": false, ""drug_product_claim"": false, ""patent_use_code"": ""U-1932"", ""delisted"": false, ""submission_date"": ""2017-07-14"", ""product_numbers"": [""001""]}, {""patent_number"": ""8501712*PED"", ""expiration_date"": ""2027-08-16"", ""drug_substance_claim"": false, ""drug_product_claim"": false, ""patent_use_code"": null, ""delisted"": false, ""submission_date"": null, ""product_numbers"": [""001""]}, {""patent_number"": ""9682092*PED"", ""expiration_date"": ""2027-08-16"", ""drug_substance_claim"": false, ""drug_product_claim"": false, ""patent_use_code"": null, ""delisted"": false, ""submission_date"": null, ""product_numbers"": [""001""]}, {""patent_number"": ""8039451"", ""expiration_date"": ""2029-06-29"", ""drug_substance_claim"": true, ""drug_product_claim"": true, ""patent_use_code"": null, ""delisted"": false, ""submission_date"": ""2017-01-12"", ""product_numbers"": [""001""]}, {""patent_number"": ""8039451*PED"", ""expiration_date"": ""2029-12-29"", ""drug_substance_claim"": false, ""drug_product_claim"": false, ""patent_use_code"": null, ""delisted"": false, ""submission_date"": null, ""product_numbers"": [""001""]}, {""patent_number"": ""8168614"", ""expiration_date"": ""2030-01-20"", ""drug_substance_claim"": false, ""drug_product_claim"": false, ""patent_use_code"": ""U-1932"", ""delisted"": false, ""submission_date"": ""2017-01-12"", ""product_numbers"": [""001""]}, {""patent_number"": ""8168614*PED"", ""expiration_date"": ""2030-07-20"", ""drug_substance_claim"": false, ""drug_product_claim"": false, ""patent_use_code"": null, ""delisted"": false, ""submission_date"": null, ""product_numbers"": [""001""]}], ""exclusivities"": [{""code"": ""D-191"", ""expiration_date"": ""2026-04-03"", ""product_numbers"": [""001""]}], ""latest_patent_expiration"": ""2030-07-20"", ""latest_exclusivity_expiration"": ""2026-04-03"", ""data_file_date"": null}"
Delgocitinib,219155,"{""application_type"": ""NDA"", ""application_number"": ""219155"", ""registry"": ""orange_book"", ""center"": ""CDER"", ""proprietary_name"": ""ANZUPGO"", ""applicant"": ""LEO PHARMA AS"", ""first_approval_date"": ""2025-07-23""}","{""application_type"": ""N"", ""application_number"": ""219155"", ""ingredient"": ""DELGOCITINIB"", ""trade_name"": ""ANZUPGO"", ""applicant"": ""LEO PHARMA AS"", ""applicant_full_name"": ""LEO PHARMA AS"", ""products"": [{""product_number"": ""001"", ""strength"": ""2%"", ""dosage_form"": ""CREAM"", ""route"": ""TOPICAL"", ""approval_date"": ""2025-07-23"", ""rld"": true, ""rs"": true, ""te_code"": null, ""marketing_type"": ""HUMAN PRESCRIPTION DRUG""}], ""patents"": [{""patent_number"": ""8609647"", ""expiration_date"": ""2031-09-19"", ""drug_substance_claim"": true, ""drug_product_claim"": true, ""patent_use_code"": ""U-4237"", ""delisted"": false, ""submission_date"": ""2025-08-21"", ""product_numbers"": [""001""]}], ""exclusivities"": [{""code"": ""NCE"", ""expiration_date"": ""2030-07-23"", ""product_numbers"": [""001""]}], ""latest_patent_expiration"": ""2031-09-19"", ""latest_exclusivity_expiration"": ""2030-07-23"", ""data_file_date"": null}"
Deucravacitinib,214958,"{""application_type"": ""NDA"", ""application_number"": ""214958"", ""registry"": ""orange_book"", ""center"": ""CDER"", ""proprietary_name"": ""SOTYKTU"", ""applicant"": ""BRISTOL MYERS SQUIBB CO"", ""first_approval_date"": ""2022-09-09""}","{""application_type"": ""N"", ""application_number"": ""214958"", ""ingredient"": ""DEUCRAVACITINIB"", ""trade_name"": ""SOTYKTU"", ""applicant"": ""BRISTOL"", ""applicant_full_name"": ""BRISTOL MYERS SQUIBB CO"", ""products"": [{""product_number"": ""001"", ""strength"": ""6MG"", ""dosage_form"": ""TABLET"", ""route"": ""ORAL"", ""approval_date"": ""2022-09-09"", ""rld"": true, ""rs"": true, ""te_code"": null, ""marketing_type"": ""HUMAN PRESCRIPTION DRUG""}], ""patents"": [{""patent_number"": ""10000480"", ""expiration_date"": ""2033-11-07"", ""drug_substance_claim"": true, ""drug_product_claim"": true, ""patent_use_code"": null, ""delisted"": false, ""submission_date"": ""2022-10-04"", ""product_numbers"": [""001""]}, {""patent_number"": ""11021475"", ""expiration_date"": ""2033-11-07"", ""drug_substance_claim"": false, ""drug_product_claim"": false, ""patent_use_code"": ""U-3434"", ""delisted"": false, ""submission_date"": ""2022-10-04"", ""product_numbers"": [""001""]}, {""patent_number"": ""RE47929"", ""expiration_date"": ""2033-11-07"", ""drug_substance_claim"": true, ""drug_product_claim"": true, ""patent_use_code"": ""U-3434"", ""delisted"": false, ""submission_date"": ""2022-10-04"", ""product_numbers"": [""001""]}, {""patent_number"": ""12521390"", ""expiration_date"": ""2043-02-11"", ""drug_substance_claim"": false, ""drug_product_claim"": true, ""patent_use_code"": ""U-4451"", ""delisted"": false, ""submission_date"": ""2026-02-09"", ""product_numbers"": [""001""]}], ""exclusivities"": [{""code"": ""NCE"", ""expiration_date"": ""2027-09-09"", ""product_numbers"": [""001""]}, {""code"": ""I-986"", ""expiration_date"": ""2029-03-06"", ""product_numbers"": [""001""]}], ""latest_patent_expiration"": ""2043-02-11"", ""latest_exclusivity_expiration"": ""2029-03-06"", ""data_file_date"": null}"
Deuruxolitinib,217900,"{""application_type"": ""NDA"", ""application_number"": ""217900"", ""registry"": ""orange_book"", ""center"": ""CDER"", ""proprietary_name"": ""LEQSELVI"", ""applicant"": ""SUN PHARMACEUTICAL INDUSTRIES INC"", ""first_approval_date"": ""2024-07-25""}","{""application_type"": ""N"", ""application_number"": ""217900"", ""ingredient"": ""DEURUXOLITINIB"", ""trade_name"": ""LEQSELVI"", ""applicant"": ""SUN PHARM INDS INC"", ""applicant_full_name"": ""SUN PHARMACEUTICAL INDUSTRIES INC"", ""products"": [{""product_number"": ""001"", ""strength"": ""EQ 8MG BASE"", ""dosage_form"": ""TABLET"", ""route"": ""ORAL"", ""approval_date"": ""2024-07-25"", ""rld"": true, ""rs"": true, ""te_code"": null, ""marketing_type"": ""HUMAN PRESCRIPTION DRUG""}], ""patents"": [{""patent_number"": ""10561659"", ""expiration_date"": ""2037-05-04"", ""drug_substance_claim"": false, ""drug_product_claim"": false, ""patent_use_code"": ""U-3976"", ""delisted"": false, ""submission_date"": ""2024-08-23"", ""product_numbers"": [""001""]}, {""patent_number"": ""12076323"", ""expiration_date"": ""2037-05-04"", ""drug_substance_claim"": false, ""drug_product_claim"": false, ""patent_use_code"": ""U-3976"", ""delisted"": false, ""submission_date"": ""2024-10-01"", ""product_numbers"": [""001""]}, {""patent_number"": ""11919907"", ""expiration_date"": ""2041-05-21"", ""drug_substance_claim"": false, ""drug_product_claim"": true, ""patent_use_code"": ""U-3976"", ""delisted"": false, ""submission_date"": ""2024-08-23"", ""product_numbers"": [""001""]}, {""patent_number"": ""12285432"", ""expiration_date"": ""2042-08-11"", ""drug_substance_claim"": false, ""drug_product_claim"": false, ""patent_use_code"": ""U-3976"", ""delisted"": false, ""submission_date"": ""2025-05-29"", ""product_numbers"": [""001""]}, {""patent_number"": ""12247034"", ""expiration_date"": ""2044-05-10"", ""drug_substance_claim"": true, ""drug_product_claim"": true, ""patent_use_code"": null, ""delisted"": false, ""submission_date"": ""2025-04-08"", ""product_numbers"": [""001""]}, {""patent_number"": ""12364699"", ""expiration_date"": ""2044-10-10"", ""drug_substance_claim"": false, ""drug_product_claim"": false, ""patent_use_code"": ""U-3976"", ""delisted"": false, ""submission_date"": ""2025-08-21"", ""product_numbers"": [""001""]}], ""exclusivities"": [{""code"": ""NCE"", ""expiration_date"": ""2029-07-25"", ""product_numbers"": [""001""]}], ""latest_patent_expiration"": ""2044-10-10"", ""latest_exclusivity_expiration"": ""2029-07-25"", ""data_file_date"": null}"
Difamilast,219474,"{""application_type"": ""NDA"", ""application_number"": ""219474"", ""registry"": ""orange_book"", ""center"": ""CDER"", ""proprietary_name"": ""ADQUEY"", ""applicant"": ""Acrotech Biopharma Inc"", ""first_approval_date"": ""2026-02-12""}","{""application_type"": ""N"", ""application_number"": ""219474"", ""ingredient"": ""DIFAMILAST"", ""trade_name"": ""ADQUEY"", ""applicant"": ""ACROTECH BIOPHARMA"", ""applicant_full_name"": ""ACROTECH BIOPHARMA INC"", ""products"": [{""product_number"": ""001"", ""strength"": ""1%"", ""dosage_form"": ""OINTMENT"", ""route"": ""TOPICAL"", ""approval_date"": ""2026-02-12"", ""rld"": true, ""rs"": true, ""te_code"": null, ""marketing_type"": ""HUMAN PRESCRIPTION DRUG""}], ""patents"": [{""patent_number"": ""10588893"", ""expiration_date"": ""2036-12-31"", ""drug_substance_claim"": true, ""drug_product_claim"": true, ""patent_use_code"": null, ""delisted"": false, ""submission_date"": ""2026-03-11"", ""product_numbers"": [""001""]}, {""patent_number"": ""RE46792"", ""expiration_date"": ""2028-03-01"", ""drug_substance_claim"": true, ""drug_product_claim"": true, ""patent_use_code"": ""U-4445"", ""delisted"": false, ""submission_date"": ""2026-03-11"", ""product_numbers"": [""001""]}], ""exclusivities"": [{""code"": ""NCE"", ""expiration_date"": ""2031-02-12"", ""product_numbers"": [""001""]}], ""latest_patent_expiration"": ""2036-12-31"", ""latest_exclusivity_expiration"": ""2031-02-12"", ""data_file_date"": null}"
Dupilumab,761055,"{""application_type"": ""BLA"", ""application_number"": ""761055"", ""registry"": ""purple_book"", ""center"": ""CDER"", ""proprietary_name"": ""Dupixent"", ""applicant"": ""Regeneron Pharmaceuticals, Inc."", ""first_approval_date"": ""2017-03-28""}",
Efinaconazole,203567,"{""application_type"": ""NDA"", ""application_number"": ""203567"", ""registry"": ""orange_book"", ""center"": ""CDER"", ""proprietary_name"": ""JUBLIA"", ""applicant"": ""BAUSCH HEALTH AMERICAS INC"", ""first_approval_date"": ""2014-06-06""}","{""application_type"": ""N"", ""application_number"": ""203567"", ""ingredient"": ""EFINACONAZOLE"", ""trade_name"": ""JUBLIA"", ""applicant"": ""BAUSCH"", ""applicant_full_name"": ""BAUSCH HEALTH AMERICAS INC"", ""products"": [{""product_number"": ""001"", ""strength"": ""10%"", ""dosage_form"": ""SOLUTION"", ""route"": ""TOPICAL"", ""approval_date"": ""2014-06-06"", ""rld"": true, ""rs"": true, ""te_code"": null, ""marketing_type"": ""HUMAN PRESCRIPTION DRUG""}], ""patents"": [{""patent_number"": ""7214506"", ""expiration_date"": ""2026-02-22"", ""drug_substance_claim"": false, ""drug_product_claim"": false, ""patent_use_code"": ""U-281"", ""delisted"": false, ""submission_date"": ""2014-06-20"", ""product_numbers"": [""001""]}, {""patent_number"": ""10512640"", ""expiration_date"": ""2028-01-03"", ""drug_substance_claim"": false, ""drug_product_claim"": false, ""patent_use_code"": ""U-1969"", ""delisted"": false, ""submission_date"": ""2020-01-08"", ""product_numbers"": [""001""]}, {""patent_number"": ""10828369"", ""expiration_date"": ""2028-01-03"", ""drug_substance_claim"": false, ""drug_product_claim"": true, ""patent_use_code"": null, ""delisted"": false, ""submission_date"": ""2020-12-02"", ""product_numbers"": [""001""]}, {""patent_number"": ""11213519"", ""expiration_date"": ""2028-01-03"", ""drug_substance_claim"": false, ""drug_product_claim"": false, ""patent_use_code"": ""U-2720"", ""delisted"": false, ""submission_date"": ""2022-01-20"", ""product_numbers"": [""001""]}, {""patent_number"": ""11872218"", ""expiration_date"": ""2028-01-03"", ""drug_substance_claim"": false, ""drug_product_claim"": false, ""patent_use_code"": ""U-1969"", ""delisted"": false, ""submission_date"": ""2024-02-09"", ""product_numbers"": [""001""]}, {""patent_number"": ""9566272"", ""expiration_date"": ""2028-01-03"", ""drug_substance_claim"": false, ""drug_product_claim"": false, ""patent_use_code"": ""U-1969"", ""delisted"": false, ""submission_date"": ""2017-02-22"", ""product_numbers"": [""001""]}, {""patent_number"": ""9877955"", ""expiration_date"": ""2028-01-03"", ""drug_substance_claim"": false, ""drug_product_claim"": false, ""patent_use_code"": ""U-1969"", ""delisted"": false, ""submission_date"": ""2018-01-31"", ""product_numbers"": [""001""]}, {""patent_number"": ""10105444"", ""expiration_date"": ""2030-07-08"", ""drug_substance_claim"": false, ""drug_product_claim"": true, ""patent_use_code"": null, ""delisted"": false, ""submission_date"": ""2018-10-24"", ""product_numbers"": [""001""]}, {""patent_number"": ""8039494"", ""expiration_date"": ""2030-07-08"", ""drug_substance_claim"": false, ""drug_product_claim"": false, ""patent_use_code"": ""U-281"", ""delisted"": false, ""submission_date"": ""2014-06-20"", ""product_numbers"": [""001""]}, {""patent_number"": ""9861698"", ""expiration_date"": ""2030-07-08"", ""drug_substance_claim"": false, ""drug_product_claim"": true, ""patent_use_code"": null, ""delisted"": false, ""submission_date"": ""2018-01-10"", ""product_numbers"": [""001""]}, {""patent_number"": ""8486978"", ""expiration_date"": ""2030-10-24"", ""drug_substance_claim"": false, ""drug_product_claim"": true, ""patent_use_code"": null, ""delisted"": false, ""submission_date"": ""2014-06-20"", ""product_numbers"": [""001""]}, {""patent_number"": ""9302009"", ""expiration_date"": ""2030-10-24"", ""drug_substance_claim"": false, ""drug_product_claim"": true, ""patent_use_code"": null, ""delisted"": false, ""submission_date"": ""2016-04-25"", ""product_numbers"": [""001""]}, {""patent_number"": ""10342875"", ""expiration_date"": ""2034-10-02"", ""drug_substance_claim"": false, ""drug_product_claim"": true, ""patent_use_code"": ""U-2720"", ""delisted"": false, ""submission_date"": ""2019-07-12"", ""product_numbers"": [""001""]}, {""patent_number"": ""10828293"", ""expiration_date"": ""2034-10-02"", ""drug_substance_claim"": false, ""drug_product_claim"": false, ""patent_use_code"": ""U-2720"", ""delisted"": false, ""submission_date"": ""2020-12-02"", ""product_numbers"": [""001""]}, {""patent_number"": ""10864274"", ""expiration_date"": ""2034-10-02"", ""drug_substance_claim"": false, ""drug_product_claim"": false, ""patent_use_code"": ""U-2720"", ""delisted"": false, ""submission_date"": ""2021-01-07"", ""product_numbers"": [""001""]}, {""patent_number"": ""11654139"", ""expiration_date"": ""2034-10-02"", ""drug_substance_claim"": false, ""drug_product_claim"": false, ""patent_use_code"": ""U-1969"", ""delisted"": false, ""submission_date"": ""2023-06-14"", ""product_numbers"": [""001""]}, {""patent_number"": ""9662394"", ""expiration_date"": ""2034-10-02"", ""drug_substance_claim"": false, ""drug_product_claim"": true, ""patent_use_code"": null, ""delisted"": false, ""submission_date"": ""2017-05-30"", ""product_numbers"": [""001""]}, {""patent_number"": ""10478601"", ""expiration_date"": ""2035-04-25"", ""drug_substance_claim"": false, ""drug_product_claim"": true, ""patent_use_code"": ""U-2721"", ""delisted"": false, ""submission_date"": ""2019-12-17"", ""product_numbers"": [""001""]}], ""exclusivities"": [], ""latest_patent_expiration"": ""2035-04-25"", ""latest_exclusivity_expiration"": null, ""data_file_date"": null}"
Glycopyrronium,210361,"{""application_type"": ""NDA"", ""application_number"": ""210361"", ""registry"": ""orange_book"", ""center"": ""CDER"", ""proprietary_name"": ""QBREXZA"", ""applicant"": ""JOURNEY MEDICAL CORP"", ""first_approval_date"": ""2018-06-28""}","{""application_type"": ""N"", ""application_number"": ""210361"", ""ingredient"": ""GLYCOPYRRONIUM TOSYLATE"", ""trade_name"": ""QBREXZA"", ""applicant"": ""JOURNEY"", ""applicant_full_name"": ""JOURNEY MEDICAL CORP"", ""products"": [{""product_number"": ""001"", ""strength"": ""EQ 2.4% BASE"", ""dosage_form"": ""CLOTH"", ""route"": ""TOPICAL"", ""approval_date"": ""2018-06-28"", ""rld"": true, ""rs"": true, ""te_code"": null, ""marketing_type"": ""HUMAN PRESCRIPTION DRUG""}], ""patents"": [{""patent_number"": ""10052267"", ""expiration_date"": ""2028-10-17"", ""drug_substance_claim"": false, ""drug_product_claim"": true, ""patent_use_code"": ""U-2398"", ""delisted"": false, ""submission_date"": ""2018-09-20"", ""product_numbers"": [""001""]}, {""patent_number"": ""8618160"", ""expiration_date"": ""2029-12-10"", ""drug_substance_claim"": false, ""drug_product_claim"": true, ""patent_use_code"": ""U-2398"", ""delisted"": false, ""submission_date"": ""2018-09-20"", ""product_numbers"": [""001""]}, {""patent_number"": ""9744105"", ""expiration_date"": ""2030-07-18"", ""drug_substance_claim"": false, ""drug_product_claim"": true, ""patent_use_code"": ""U-2398"", ""delisted"": false, ""submission_date"": ""2018-09-20"", ""product_numbers"": [""001""]}, {""patent_number"": ""10004717"", ""expiration_date"": ""2033-02-28"", ""drug_substance_claim"": false, ""drug_product_claim"": true, ""patent_use_code"": ""U-2398"", ""delisted"": false, ""submission_date"": ""2018-09-20"", ""product_numbers"": [""001""]}, {""patent_number"": ""10543192"", ""expiration_date"": ""2033-02-28"", ""drug_substance_claim"": false, ""drug_product_claim"": true, ""patent_use_code"": null, ""delisted"": false, ""submission_date"": ""2020-02-27"", ""product_numbers"": [""001""]}, {""patent_number"": ""10548875"", ""expiration_date"": ""2033-02-28"", ""drug_substance_claim"": true, ""drug_product_claim"": true, ""patent_use_code"": ""U-2398"", ""delisted"": false, ""submission_date"": ""2020-03-03"", ""product_numbers"": [""001""]}, {""patent_number"": ""8859610"", ""expiration_date"": ""2033-02-28"", ""drug_substance_claim"": false, ""drug_product_claim"": true, ""patent_use_code"": ""U-2398"", ""delisted"": false, ""submission_date"": ""2018-09-20"", ""product_numbers"": [""001""]}, {""patent_number"": ""9259414"", ""expiration_date"": ""2033-02-28"", ""drug_substance_claim"": false, ""drug_product_claim"": false, ""patent_use_code"": ""U-2398"", ""delisted"": false, ""submission_date"": ""2018-09-20"", ""product_numbers"": [""001""]}], ""exclusivities"": [], ""latest_patent_expiration"": ""2033-02-28"", ""latest_exclusivity_expiration"": null, ""data_file_date"": null}"
Guselkumab,761061,"{""application_type"": ""BLA"", ""application_number"": ""761061"", ""registry"": ""purple_book"", ""center"": ""CDER"", ""proprietary_name"": ""Tremfya"", ""applicant"": ""Janssen Biotech, Inc."", ""first_approval_date"": ""2017-07-13""}",
Hydrogen Peroxide,209305,"{""application_type"": ""NDA"", ""application_number"": ""209305"", ""registry"": ""orange_book"", ""center"": ""CDER"", ""proprietary_name"": ""ESKATA"", ""applicant"": ""ACLARIS THERAPEUTICS INC"", ""first_approval_date"": ""2017-12-14""}","{""application_type"": ""N"", ""application_number"": ""209305"", ""ingredient"": ""HYDROGEN PEROXIDE"", ""trade_name"": ""ESKATA"", ""applicant"": ""ACLARIS"", ""applicant_full_name"": ""ACLARIS THERAPEUTICS INC"", ""products"": [{""product_number"": ""001"", ""strength"": ""40%"", ""dosage_form"": ""SOLUTION"", ""route"": ""TOPICAL"", ""approval_date"": ""2017-12-14"", ""rld"": true, ""rs"": false, ""te_code"": null, ""marketing_type"": ""HUMAN PRESCRIPTION DRUG""}], ""patents"": [{""patent_number"": ""10098910"", ""expiration_date"": ""2035-04-21"", ""drug_substance_claim"": false, ""drug_product_claim"": true, ""patent_use_code"": ""U-2205"", ""delisted"": false, ""submission_date"": ""2018-10-25"", ""product_numbers"": [""001""]}, {""patent_number"": ""10493103"", ""expiration_date"": ""2035-04-21"", ""drug_substance_claim"": false, ""drug_product_claim"": true, ""patent_use_code"": null, ""delisted"": false, ""submission_date"": ""2020-01-21"", ""product_numbers"": [""001""]}, {""patent_number"": ""10729720"", ""expiration_date"": ""2035-04-21"", ""drug_substance_claim"": false, ""drug_product_claim"": true, ""patent_use_code"": null, ""delisted"": false, ""submission_date"": ""2020-08-11"", ""product_numbers"": [""001""]}, {""patent_number"": ""9675639"", ""expiration_date"": ""2035-07-04"", ""drug_substance_claim"": false, ""drug_product_claim"": true, ""patent_use_code"": ""U-2205"", ""delisted"": false, ""submission_date"": ""2018-01-03"", ""product_numbers"": [""001""]}, {""patent_number"": ""9980983"", ""expiration_date"": ""2035-04-21"", ""drug_substance_claim"": false, ""drug_product_claim"": false, ""patent_use_code"": ""U-2205"", ""delisted"": false, ""submission_date"": ""2018-06-18"", ""product_numbers"": [""001""]}], ""exclusivities"": [], ""latest_patent_expiration"": ""2035-07-04"", ""latest_exclusivity_expiration"": null, ""data_file_date"": null}"
Icotrokinra,220149,"{""application_type"": ""NDA"", ""application_number"": ""220149"", ""registry"": ""orange_book"", ""center"": ""CDER"", ""proprietary_name"": ""ICOTYDE"", ""applicant"": ""JANSSEN BIOTECH"", ""first_approval_date"": ""2026-03-17""}","{""application_type"": ""N"", ""application_number"": ""220149"", ""ingredient"": ""ICOTROKINRA HYDROCHLORIDE"", ""trade_name"": ""ICOTYDE"", ""applicant"": ""JANSSEN BIOTECH"", ""applicant_full_name"": ""JANSSEN BIOTECH INC"", ""products"": [{""product_number"": ""001"", ""strength"": ""EQ 200MG BASE"", ""dosage_form"": ""TABLET"", ""route"": ""ORAL"", ""approval_date"": ""2026-03-17"", ""rld"": true, ""rs"": true, ""te_code"": null, ""marketing_type"": ""HUMAN PRESCRIPTION DRUG""}], ""patents"": [{""patent_number"": ""12552836"", ""expiration_date"": ""2039-07-12"", ""drug_substance_claim"": true, ""drug_product_claim"": true, ""patent_use_code"": null, ""delisted"": false, ""submission_date"": ""2026-04-02"", ""product_numbers"": [""001""]}, {""patent_number"": ""11845808"", ""expiration_date"": ""2041-01-14"", ""drug_substance_claim"": true, ""drug_product_claim"": false, ""patent_use_code"": ""U-4447"", ""delisted"": false, ""submission_date"": ""2026-04-02"", ""product_numbers"": [""001""]}, {""patent_number"": ""11939361"", ""expiration_date"": ""2041-11-19"", ""drug_substance_claim"": false, ""drug_product_claim"": true, ""patent_use_code"": ""U-4447"", ""delisted"": false, ""submission_date"": ""2026-04-02"", ""product_numbers"": [""001""]}], ""exclusivities"": [{""code"": ""NCE"", ""expiration_date"": ""2031-03-17"", ""product_numbers"": [""001""]}], ""latest_patent_expiration"": ""2041-11-19"", ""latest_exclusivity_expiration"": ""2031-03-17"", ""data_file_date"": null}"
Immune Globulin Intravenous (Human) (Octagam 10%),125062,"{""application_type"": ""BLA"", ""application_number"": ""125062"", ""registry"": ""purple_book"", ""center"": ""CBER"", ""proprietary_name"": ""Octagam 10%"", ""applicant"": ""Octapharma Pharmazeutika Produktionsges.m.b.H."", ""first_approval_date"": ""2004-05-21""}",
Ivermectin,206255,"{""application_type"": ""NDA"", ""application_number"": ""206255"", ""registry"": ""orange_book"", ""center"": ""CDER"", ""proprietary_name"": ""SOOLANTRA"", ""applicant"": ""GALDERMA LABORATORIES LP"", ""first_approval_date"": ""2014-12-19""}","{""application_type"": ""N"", ""application_number"": ""206255"", ""ingredient"": ""IVERMECTIN"", ""trade_name"": ""SOOLANTRA"", ""applicant"": ""GALDERMA LABS LP"", ""applicant_full_name"": ""GALDERMA LABORATORIES LP"", ""products"": [{""product_number"": ""001"", ""strength"": ""1%"", ""dosage_form"": ""CREAM"", ""route"": ""TOPICAL"", ""approval_date"": ""2014-12-19"", ""rld"": true, ""rs"": true, ""te_code"": null, ""marketing_type"": ""HUMAN PRESCRIPTION DRUG""}], ""patents"": [{""patent_number"": ""10206939"", ""expiration_date"": ""2034-03-13"", ""drug_substance_claim"": false, ""drug_product_claim"": false, ""patent_use_code"": ""U-1631"", ""delisted"": false, ""submission_date"": ""2019-02-19"", ""product_numbers"": [""001""]}, {""patent_number"": ""9089587"", ""expiration_date"": ""2034-03-13"", ""drug_substance_claim"": false, ""drug_product_claim"": false, ""patent_use_code"": ""U-1631"", ""delisted"": false, ""submission_date"": ""2015-07-31"", ""product_numbers"": [""001""]}, {""patent_number"": ""9233117"", ""expiration_date"": ""2034-03-13"", ""drug_substance_claim"": false, ""drug_product_claim"": false, ""patent_use_code"": ""U-1631"", ""delisted"": false, ""submission_date"": ""2016-01-19"", ""product_numbers"": [""001""]}, {""patent_number"": ""9233118"", ""expiration_date"": ""2034-03-13"", ""drug_substance_claim"": false, ""drug_product_claim"": false, ""patent_use_code"": ""U-1631"", ""delisted"": false, ""submission_date"": ""2016-01-19"", ""product_numbers"": [""001""]}, {""patent_number"": ""9782425"", ""expiration_date"": ""2034-03-13"", ""drug_substance_claim"": false, ""drug_product_claim"": false, ""patent_use_code"": ""U-1631"", ""delisted"": false, ""submission_date"": ""2018-01-05"", ""product_numbers"": [""001""]}], ""exclusivities"": [], ""latest_patent_expiration"": ""2034-03-13"", ""latest_exclusivity_expiration"": null, ""data_file_date"": null}"
Ixekizumab,125521,"{""application_type"": ""BLA"", ""application_number"": ""125521"", ""registry"": ""purple_book"", ""center"": ""CDER"", ""proprietary_name"": ""Taltz"", ""applicant"": ""Eli Lilly and Company"", ""first_approval_date"": ""2016-03-22""}",
Lebrikizumab,761306,"{""application_type"": ""BLA"", ""application_number"": ""761306"", ""registry"": ""purple_book"", ""center"": ""CDER"", ""proprietary_name"": ""Ebglyss"", ""applicant"": ""Eli Lilly and Company"", ""first_approval_date"": ""2024-09-13""}",
Minocycline,212379,"{""application_type"": ""NDA"", ""application_number"": ""212379"", ""registry"": ""orange_book"", ""center"": ""CDER"", ""proprietary_name"": ""AMZEEQ"", ""applicant"": ""JOURNEY MEDICAL CORP"", ""first_approval_date"": ""2019-10-18""}","{""application_type"": ""N"", ""application_number"": ""212379"", ""ingredient"": ""MINOCYCLINE HYDROCHLORIDE"", ""trade_name"": ""AMZEEQ"", ""applicant"": ""JOURNEY"", ""applicant_full_name"": ""JOURNEY MEDICAL CORP"", ""products"": [{""product_number"": ""001"", ""strength"": ""EQ 4% BASE"", ""dosage_form"": ""AEROSOL, FOAM"", ""route"": ""TOPICAL"", ""approval_date"": ""2019-10-18"", ""rld"": true, ""rs"": true, ""te_code"": null, ""marketing_type"": ""HUMAN PRESCRIPTION DRUG""}], ""patents"": [{""patent_number"": ""10086080"", ""expiration_date"": ""2030-10-01"", ""drug_substance_claim"": false, ""drug_product_claim"": false, ""patent_use_code"": ""U-2647"", ""delisted"": false, ""submission_date"": ""2019-11-15"", ""product_numbers"": [""001""]}, {""patent_number"": ""10137200"", ""expiration_date"": ""2030-10-01"", ""drug_substance_claim"": false, ""drug_product_claim"": false, ""patent_use_code"": ""U-2647"", ""delisted"": false, ""submission_date"": ""2019-11-15"", ""product_numbers"": [""001""]}, {""patent_number"": ""10213512"", ""expiration_date"": ""2030-10-01"", ""drug_substance_claim"": false, ""drug_product_claim"": true, ""patent_use_code"": ""U-2647"", ""delisted"": false, ""submission_date"": ""2019-11-15"", ""product_numbers"": [""001""]}, {""patent_number"": ""10265404"", ""expiration_date"": ""2030-10-01"", ""drug_substance_claim"": false, ""drug_product_claim"": true, ""patent_use_code"": null, ""delisted"": false, ""submission_date"": ""2019-11-15"", ""product_numbers"": [""001""]}, {""patent_number"": ""10398641"", ""expiration_date"": ""2037-09-08"", ""drug_substance_claim"": false, ""drug_product_claim"": false, ""patent_use_code"": ""U-2647"", ""delisted"": false, ""submission_date"": ""2019-11-15"", ""product_numbers"": [""001""]}, {""patent_number"": ""10517882"", ""expiration_date"": ""2030-10-01"", ""drug_substance_claim"": false, ""drug_product_claim"": false, ""patent_use_code"": ""U-2647"", ""delisted"": false, ""submission_date"": ""2020-01-10"", ""product_numbers"": [""001""]}, {""patent_number"": ""10821187"", ""expiration_date"": ""2030-10-01"", ""drug_substance_claim"": false, ""drug_product_claim"": false, ""patent_use_code"": ""U-2647"", ""delisted"": false, ""submission_date"": ""2020-11-16"", ""product_numbers"": [""001""]}, {""patent_number"": ""10849847"", ""expiration_date"": ""2037-09-08"", ""drug_substance_claim"": false, ""drug_product_claim"": false, ""patent_use_code"": ""U-2647"", ""delisted"": false, ""submission_date"": ""2020-12-09"", ""product_numbers"": [""001""]}, {""patent_number"": ""8865139"", ""expiration_date"": ""2030-10-01"", ""drug_substance_claim"": false, ""drug_product_claim"": true, ""patent_use_code"": ""U-2647"", ""delisted"": false, ""submission_date"": ""2019-11-15"", ""product_numbers"": [""001""]}, {""patent_number"": ""8945516"", ""expiration_date"": ""2030-10-01"", ""drug_substance_claim"": false, ""drug_product_claim"": true, ""patent_use_code"": null, ""delisted"": false, ""submission_date"": ""2019-11-15"", ""product_numbers"": [""001""]}, {""patent_number"": ""8992896"", ""expiration_date"": ""2030-10-01"", ""drug_substance_claim"": false, ""drug_product_claim"": true, ""patent_use_code"": ""U-2647"", ""delisted"": false, ""submission_date"": ""2019-11-15"", ""product_numbers"": [""001""]}, {""patent_number"": ""9675700"", ""expiration_date"": ""2030-10-01"", ""drug_substance_claim"": false, ""drug_product_claim"": true, ""patent_use_code"": ""U-2647"", ""delisted"": false, ""submission_date"": ""2019-11-15"", ""product_numbers"": [""001""]}], ""exclusivities"": [], ""latest_patent_expiration"": ""2037-09-08"", ""latest_exclusivity_expiration"": null, ""data_file_date"": null}"
Minocycline,213690,"{""application_type"": ""NDA"", ""application_number"": ""213690"", ""registry"": ""orange_book"", ""center"": ""CDER"", ""proprietary_name"": ""ZILXI"", ""applicant"": ""JOURNEY MEDICAL CORP"", ""first_approval_date"": ""2020-05-28""}","{""application_type"": ""N"", ""application_number"": ""213690"", ""ingredient"": ""MINOCYCLINE HYDROCHLORIDE"", ""trade_name"": ""ZILXI"", ""applicant"": ""JOURNEY"", ""applicant_full_name"": ""JOURNEY MEDICAL CORP"", ""products"": [{""product_number"": ""001"", ""strength"": ""EQ 1.5% BASE"", ""dosage_form"": ""AEROSOL, FOAM"", ""route"": ""TOPICAL"", ""approval_date"": ""2020-05-28"", ""rld"": true, ""rs"": true, ""te_code"": null, ""marketing_type"": ""HUMAN PRESCRIPTION DRUG""}], ""patents"": [{""patent_number"": ""10213512"", ""expiration_date"": ""2030-10-01"", ""drug_substance_claim"": false, ""drug_product_claim"": true, ""patent_use_code"": ""U-1631"", ""delisted"": false, ""submission_date"": ""2020-06-22"", ""product_numbers"": [""001""]}, {""patent_number"": ""10265404"", ""expiration_date"": ""2030-10-01"", ""drug_substance_claim"": false, ""drug_product_claim"": true, ""patent_use_code"": null, ""delisted"": false, ""submission_date"": ""2020-06-22"", ""product_numbers"": [""001""]}, {""patent_number"": ""10322186"", ""expiration_date"": ""2030-10-01"", ""drug_substance_claim"": false, ""drug_product_claim"": false, ""patent_use_code"": ""U-1631"", ""delisted"": false, ""submission_date"": ""2020-06-22"", ""product_numbers"": [""001""]}, {""patent_number"": ""10946101"", ""expiration_date"": ""2030-10-01"", ""drug_substance_claim"": false, ""drug_product_claim"": false, ""patent_use_code"": ""U-1631"", ""delisted"": false, ""submission_date"": ""2021-03-22"", ""product_numbers"": [""001""]}, {""patent_number"": ""12138311"", ""expiration_date"": ""2030-10-01"", ""drug_substance_claim"": false, ""drug_product_claim"": false, ""patent_use_code"": ""U-1631"", ""delisted"": false, ""submission_date"": ""2024-12-11"", ""product_numbers"": [""001""]}, {""patent_number"": ""12661407"", ""expiration_date"": ""2030-10-01"", ""drug_substance_claim"": false, ""drug_product_claim"": false, ""patent_use_code"": ""U-1631"", ""delisted"": false, ""submission_date"": ""2026-07-14"", ""product_numbers"": [""001""]}, {""patent_number"": ""8865139"", ""expiration_date"": ""2030-10-01"", ""drug_substance_claim"": false, ""drug_product_claim"": true, ""patent_use_code"": ""U-1631"", ""delisted"": false, ""submission_date"": ""2020-06-22"", ""product_numbers"": [""001""]}, {""patent_number"": ""8945516"", ""expiration_date"": ""2030-10-01"", ""drug_substance_claim"": false, ""drug_product_claim"": true, ""patent_use_code"": null, ""delisted"": false, ""submission_date"": ""2020-06-22"", ""product_numbers"": [""001""]}, {""patent_number"": ""8992896"", ""expiration_date"": ""2030-10-01"", ""drug_substance_claim"": false, ""drug_product_claim"": true, ""patent_use_code"": ""U-1631"", ""delisted"": false, ""submission_date"": ""2020-06-22"", ""product_numbers"": [""001""]}, {""patent_number"": ""9675700"", ""expiration_date"": ""2030-10-01"", ""drug_substance_claim"": false, ""drug_product_claim"": true, ""patent_use_code"": ""U-1631"", ""delisted"": false, ""submission_date"": ""2020-06-22"", ""product_numbers"": [""001""]}], ""exclusivities"": [], ""latest_patent_expiration"": ""2030-10-01"", ""latest_exclusivity_expiration"": null, ""data_file_date"": null}"
Nemolizumab,761390,"{""application_type"": ""BLA"", ""application_number"": ""761390"", ""registry"": ""purple_book"", ""center"": ""CDER"", ""proprietary_name"": ""Nemluvio"", ""applicant"": ""Galderma Laboratories, L.P."", ""first_approval_date"": ""2024-08-12""}",
Omalizumab,103976,"{""application_type"": ""BLA"", ""application_number"": ""103976"", ""registry"": ""purple_book"", ""center"": ""CDER"", ""proprietary_name"": ""Xolair"", ""applicant"": ""Genentech, Inc."", ""first_approval_date"": ""2003-06-20""}",
Oxymetazoline,208552,"{""application_type"": ""NDA"", ""application_number"": ""208552"", ""registry"": ""orange_book"", ""center"": ""CDER"", ""proprietary_name"": ""RHOFADE"", ""applicant"": ""MAYNE PHARMA LLC"", ""first_approval_date"": ""2017-01-18""}","{""application_type"": ""N"", ""application_number"": ""208552"", ""ingredient"": ""OXYMETAZOLINE HYDROCHLORIDE"", ""trade_name"": ""RHOFADE"", ""applicant"": ""MAYNE PHARMA"", ""applicant_full_name"": ""MAYNE PHARMA LLC"", ""products"": [{""product_number"": ""001"", ""strength"": ""1%"", ""dosage_form"": ""CREAM"", ""route"": ""TOPICAL"", ""approval_date"": ""2017-01-18"", ""rld"": true, ""rs"": true, ""te_code"": null, ""marketing_type"": ""HUMAN PRESCRIPTION DRUG""}], ""patents"": [{""patent_number"": ""7812049"", ""expiration_date"": ""2028-05-02"", ""drug_substance_claim"": false, ""drug_product_claim"": false, ""patent_use_code"": ""U-1959"", ""delisted"": false, ""submission_date"": ""2017-02-09"", ""product_numbers"": [""001""]}, {""patent_number"": ""8883838"", ""expiration_date"": ""2031-12-01"", ""drug_substance_claim"": false, ""drug_product_claim"": true, ""patent_use_code"": null, ""delisted"": false, ""submission_date"": ""2017-02-09"", ""product_numbers"": [""001""]}, {""patent_number"": ""10335391"", ""expiration_date"": ""2035-06-11"", ""drug_substance_claim"": false, ""drug_product_claim"": false, ""patent_use_code"": ""U-2567"", ""delisted"": false, ""submission_date"": ""2019-07-08"", ""product_numbers"": [""001""]}, {""patent_number"": ""10751325"", ""expiration_date"": ""2035-06-11"", ""drug_substance_claim"": false, ""drug_product_claim"": false, ""patent_use_code"": ""U-2921"", ""delisted"": false, ""submission_date"": ""2020-08-26"", ""product_numbers"": [""001""]}, {""patent_number"": ""11517560"", ""expiration_date"": ""2035-06-11"", ""drug_substance_claim"": false, ""drug_product_claim"": false, ""patent_use_code"": ""U-3494"", ""delisted"": false, ""submission_date"": ""2022-12-29"", ""product_numbers"": [""001""]}, {""patent_number"": ""12350255"", ""expiration_date"": ""2035-06-11"", ""drug_substance_claim"": false, ""drug_product_claim"": false, ""patent_use_code"": ""U-3494"", ""delisted"": false, ""submission_date"": ""2025-07-17"", ""product_numbers"": [""001""]}, {""patent_number"": ""9974773"", ""expiration_date"": ""2035-06-11"", ""drug_substance_claim"": false, ""drug_product_claim"": false, ""patent_use_code"": ""U-2306"", ""delisted"": false, ""submission_date"": ""2018-05-22"", ""product_numbers"": [""001""]}], ""exclusivities"": [], ""latest_patent_expiration"": ""2035-06-11"", ""latest_exclusivity_expiration"": null, ""data_file_date"": null}"
Ozenoxacin,208945,"{""application_type"": ""NDA"", ""application_number"": ""208945"", ""registry"": ""orange_book"", ""center"": ""CDER"", ""proprietary_name"": ""XEPI"", ""applicant"": ""LNHC INC"", ""first_approval_date"": ""2017-12-11""}","{""application_type"": ""N"", ""application_number"": ""208945"", ""ingredient"": ""OZENOXACIN"", ""trade_name"": ""XEPI"", ""applicant"": ""LNHC"", ""applicant_full_name"": ""LNHC INC"", ""products"": [{""product_number"": ""001"", ""strength"": ""1%"", ""dosage_form"": ""CREAM"", ""route"": ""TOPICAL"", ""approval_date"": ""2017-12-11"", ""rld"": true, ""rs"": false, ""te_code"": null, ""marketing_type"": ""HUMAN PRESCRIPTION DRUG""}], ""patents"": [{""patent_number"": ""9180200"", ""expiration_date"": ""2032-01-29"", ""drug_substance_claim"": false, ""drug_product_claim"": true, ""patent_use_code"": ""U-805"", ""delisted"": false, ""submission_date"": ""2018-01-19"", ""product_numbers"": [""001""]}, {""patent_number"": ""9399014"", ""expiration_date"": ""2029-12-15"", ""drug_substance_claim"": false, ""drug_product_claim"": false, ""patent_use_code"": ""U-805"", ""delisted"": false, ""submission_date"": ""2018-01-19"", ""product_numbers"": [""001""]}], ""exclusivities"": [], ""latest_patent_expiration"": ""2032-01-29"", ""latest_exclusivity_expiration"": null, ""data_file_date"": null}"
Remibrutinib,218436,"{""application_type"": ""NDA"", ""application_number"": ""218436"", ""registry"": ""orange_book"", ""center"": ""CDER"", ""proprietary_name"": ""RHAPSIDO"", ""applicant"": ""NOVARTIS"", ""first_approval_date"": ""2025-09-30""}","{""application_type"": ""N"", ""application_number"": ""218436"", ""ingredient"": ""REMIBRUTINIB"", ""trade_name"": ""RHAPSIDO"", ""applicant"": ""NOVARTIS"", ""applicant_full_name"": ""NOVARTIS PHARMACEUTICALS CORP"", ""products"": [{""product_number"": ""001"", ""strength"": ""25MG"", ""dosage_form"": ""TABLET"", ""route"": ""ORAL"", ""approval_date"": ""2025-09-30"", ""rld"": true, ""rs"": true, ""te_code"": null, ""marketing_type"": ""HUMAN PRESCRIPTION DRUG""}], ""patents"": [{""patent_number"": ""10457647"", ""expiration_date"": ""2034-11-13"", ""drug_substance_claim"": false, ""drug_product_claim"": false, ""patent_use_code"": ""U-4280"", ""delisted"": false, ""submission_date"": ""2025-10-21"", ""product_numbers"": [""001""]}, {""patent_number"": ""9512084"", ""expiration_date"": ""2034-11-13"", ""drug_substance_claim"": true, ""drug_product_claim"": true, ""patent_use_code"": null, ""delisted"": false, ""submission_date"": ""2025-10-21"", ""product_numbers"": [""001""]}, {""patent_number"": ""12419889"", ""expiration_date"": ""2043-01-19"", ""drug_substance_claim"": false, ""drug_product_claim"": false, ""patent_use_code"": ""U-4281"", ""delisted"": false, ""submission_date"": ""2025-10-21"", ""product_numbers"": [""001""]}], ""exclusivities"": [{""code"": ""NCE"", ""expiration_date"": ""2030-09-30"", ""product_numbers"": [""001""]}], ""latest_patent_expiration"": ""2043-01-19"", ""latest_exclusivity_expiration"": ""2030-09-30"", ""data_file_date"": null}"
Risankizumab,761105,"{""application_type"": ""BLA"", ""application_number"": ""761105"", ""registry"": ""purple_book"", ""center"": ""CDER"", ""proprietary_name"": ""Skyrizi"", ""applicant"": ""AbbVie Inc."", ""first_approval_date"": ""2019-04-23""}",
Ritlecitinib,215830,"{""application_type"": ""NDA"", ""application_number"": ""215830"", ""registry"": ""orange_book"", ""center"": ""CDER"", ""proprietary_name"": ""LITFULO"", ""applicant"": ""PFIZER INC"", ""first_approval_date"": ""2023-06-23""}","{""application_type"": ""N"", ""application_number"": ""215830"", ""ingredient"": ""RITLECITINIB"", ""trade_name"": ""LITFULO"", ""applicant"": ""PFIZER"", ""applicant_full_name"": ""PFIZER INC"", ""products"": [{""product_number"": ""001"", ""strength"": ""EQ 50MG BASE"", ""dosage_form"": ""CAPSULE"", ""route"": ""ORAL"", ""approval_date"": ""2023-06-23"", ""rld"": true, ""rs"": true, ""te_code"": null, ""marketing_type"": ""HUMAN PRESCRIPTION DRUG""}], ""patents"": [{""patent_number"": ""12077533"", ""expiration_date"": ""2034-12-03"", ""drug_substance_claim"": false, ""drug_product_claim"": false, ""patent_use_code"": ""U-3994"", ""delisted"": false, ""submission_date"": ""2024-10-02"", ""product_numbers"": [""001""]}, {""patent_number"": ""9617258"", ""expiration_date"": ""2034-12-03"", ""drug_substance_claim"": true, ""drug_product_claim"": true, ""patent_use_code"": null, ""delisted"": false, ""submission_date"": ""2023-07-21"", ""product_numbers"": [""001""]}, {""patent_number"": ""12116368"", ""expiration_date"": ""2041-10-17"", ""drug_substance_claim"": true, ""drug_product_claim"": false, ""patent_use_code"": null, ""delisted"": false, ""submission_date"": ""2024-10-17"", ""product_numbers"": [""001""]}], ""exclusivities"": [{""code"": ""NCE"", ""expiration_date"": ""2028-06-23"", ""product_numbers"": [""001""]}], ""latest_patent_expiration"": ""2041-10-17"", ""latest_exclusivity_expiration"": ""2028-06-23"", ""data_file_date"": null}"
Roflumilast,217242,"{""application_type"": ""NDA"", ""application_number"": ""217242"", ""registry"": ""orange_book"", ""center"": ""CDER"", ""proprietary_name"": ""ZORYVE"", ""applicant"": ""ARCUTIS BIOTHERAPEUTICS INC"", ""first_approval_date"": ""2023-12-15""}","{""application_type"": ""N"", ""application_number"": ""217242"", ""ingredient"": ""ROFLUMILAST"", ""trade_name"": ""ZORYVE"", ""applicant"": ""ARCUTIS"", ""applicant_full_name"": ""ARCUTIS BIOTHERAPEUTICS INC"", ""products"": [{""product_number"": ""001"", ""strength"": ""0.3%"", ""dosage_form"": ""FOAM"", ""route"": ""TOPICAL"", ""approval_date"": ""2023-12-15"", ""rld"": true, ""rs"": true, ""te_code"": null, ""marketing_type"": ""HUMAN PRESCRIPTION DRUG""}], ""patents"": [{""patent_number"": ""10940142"", ""expiration_date"": ""2037-06-07"", ""drug_substance_claim"": false, ""drug_product_claim"": true, ""patent_use_code"": null, ""delisted"": false, ""submission_date"": ""2023-12-26"", ""product_numbers"": [""001""]}, {""patent_number"": ""11793796"", ""expiration_date"": ""2037-06-07"", ""drug_substance_claim"": false, ""drug_product_claim"": true, ""patent_use_code"": null, ""delisted"": false, ""submission_date"": ""2023-12-26"", ""product_numbers"": [""001""]}, {""patent_number"": ""11819496"", ""expiration_date"": ""2037-06-07"", ""drug_substance_claim"": false, ""drug_product_claim"": false, ""patent_use_code"": ""U-4203"", ""delisted"": false, ""submission_date"": ""2023-12-26"", ""product_numbers"": [""001""]}, {""patent_number"": ""11992480"", ""expiration_date"": ""2037-06-07"", ""drug_substance_claim"": false, ""drug_product_claim"": false, ""patent_use_code"": ""U-3773"", ""delisted"": false, ""submission_date"": ""2024-06-26"", ""product_numbers"": [""001""]}, {""patent_number"": ""12005051"", ""expiration_date"": ""2037-06-07"", ""drug_substance_claim"": false, ""drug_product_claim"": false, ""patent_use_code"": ""U-3773"", ""delisted"": false, ""submission_date"": ""2024-07-10"", ""product_numbers"": [""001""]}, {""patent_number"": ""12005052"", ""expiration_date"": ""2037-06-07"", ""drug_substance_claim"": false, ""drug_product_claim"": true, ""patent_use_code"": null, ""delisted"": false, ""submission_date"": ""2024-07-10"", ""product_numbers"": [""001""]}, {""patent_number"": ""12011437"", ""expiration_date"": ""2037-06-07"", ""drug_substance_claim"": false, ""drug_product_claim"": true, ""patent_use_code"": null, ""delisted"": false, ""submission_date"": ""2024-07-10"", ""product_numbers"": [""001""]}, {""patent_number"": ""12016848"", ""expiration_date"": ""2037-06-07"", ""drug_substance_claim"": false, ""drug_product_claim"": true, ""patent_use_code"": null, ""delisted"": false, ""submission_date"": ""2024-07-10"", ""product_numbers"": [""001""]}, {""patent_number"": ""12042487"", ""expiration_date"": ""2037-06-07"", ""drug_substance_claim"": false, ""drug_product_claim"": true, ""patent_use_code"": null, ""delisted"": false, ""submission_date"": ""2024-08-16"", ""product_numbers"": [""001""]}, {""patent_number"": ""12220409"", ""expiration_date"": ""2037-06-07"", ""drug_substance_claim"": false, ""drug_product_claim"": true, ""patent_use_code"": null, ""delisted"": false, ""submission_date"": ""2025-03-07"", ""product_numbers"": [""001""]}, {""patent_number"": ""12257242"", ""expiration_date"": ""2037-06-07"", ""drug_substance_claim"": false, ""drug_product_claim"": true, ""patent_use_code"": null, ""delisted"": false, ""submission_date"": ""2025-04-22"", ""product_numbers"": [""001""]}, {""patent_number"": ""12310956"", ""expiration_date"": ""2037-06-07"", ""drug_substance_claim"": false, ""drug_product_claim"": false, ""patent_use_code"": ""U-4203"", ""delisted"": false, ""submission_date"": ""2025-06-26"", ""product_numbers"": [""001""]}, {""patent_number"": ""12336983"", ""expiration_date"": ""2037-06-07"", ""drug_substance_claim"": false, ""drug_product_claim"": true, ""patent_use_code"": null, ""delisted"": false, ""submission_date"": ""2025-07-22"", ""product_numbers"": [""001""]}, {""patent_number"": ""12390453"", ""expiration_date"": ""2037-06-07"", ""drug_substance_claim"": false, ""drug_product_claim"": true, ""patent_use_code"": null, ""delisted"": false, ""submission_date"": ""2025-09-12"", ""product_numbers"": [""001""]}, {""patent_number"": ""9884050"", ""expiration_date"": ""2037-06-07"", ""drug_substance_claim"": false, ""drug_product_claim"": true, ""patent_use_code"": null, ""delisted"": false, ""submission_date"": ""2023-12-26"", ""product_numbers"": [""001""]}, {""patent_number"": ""9907788"", ""expiration_date"": ""2037-06-07"", ""drug_substance_claim"": false, ""drug_product_claim"": false, ""patent_use_code"": ""U-4203"", ""delisted"": false, ""submission_date"": ""2023-12-26"", ""product_numbers"": [""001""]}, {""patent_number"": ""11129818"", ""expiration_date"": ""2037-08-25"", ""drug_substance_claim"": false, ""drug_product_claim"": false, ""patent_use_code"": ""U-4203"", ""delisted"": false, ""submission_date"": ""2023-12-26"", ""product_numbers"": [""001""]}, {""patent_number"": ""11707454"", ""expiration_date"": ""2041-12-03"", ""drug_substance_claim"": false, ""drug_product_claim"": false, ""patent_use_code"": ""U-3773"", ""delisted"": false, ""submission_date"": ""2023-12-26"", ""product_numbers"": [""001""]}, {""patent_number"": ""12329751"", ""expiration_date"": ""2041-12-03"", ""drug_substance_claim"": false, ""drug_product_claim"": false, ""patent_use_code"": ""U-3773"", ""delisted"": false, ""submission_date"": ""2025-07-17"", ""product_numbers"": [""001""]}, {""patent_number"": ""12453721"", ""expiration_date"": ""2042-08-19"", ""drug_substance_claim"": false, ""drug_product_claim"": true, ""patent_use_code"": null, ""delisted"": false, ""submission_date"": ""2025-11-24"", ""product_numbers"": [""001""]}], ""exclusivities"": [{""code"": ""NP"", ""expiration_date"": ""2026-12-15"", ""product_numbers"": [""001""]}, {""code"": ""I-969"", ""expiration_date"": ""2028-05-22"", ""product_numbers"": [""001""]}], ""latest_patent_expiration"": ""2042-08-19"", ""latest_exclusivity_expiration"": ""2028-05-22"", ""data_file_date"": null}"
Roflumilast,215985,"{""application_type"": ""NDA"", ""application_number"": ""215985"", ""registry"": ""orange_book"", ""center"": ""CDER"", ""proprietary_name"": ""ZORYVE"", ""applicant"": ""ARCUTIS BIOTHERAPEUTICS INC"", ""first_approval_date"": ""2022-07-29""}","{""application_type"": ""N"", ""application_number"": ""215985"", ""ingredient"": ""ROFLUMILAST"", ""trade_name"": ""ZORYVE"", ""applicant"": ""ARCUTIS"", ""applicant_full_name"": ""ARCUTIS BIOTHERAPEUTICS INC"", ""products"": [{""product_number"": ""001"", ""strength"": ""0.3%"", ""dosage_form"": ""CREAM"", ""route"": ""TOPICAL"", ""approval_date"": ""2022-07-29"", ""rld"": true, ""rs"": true, ""te_code"": null, ""marketing_type"": ""HUMAN PRESCRIPTION DRUG""}, {""product_number"": ""002"", ""strength"": ""0.15%"", ""dosage_form"": ""CREAM"", ""route"": ""TOPICAL"", ""approval_date"": ""2024-07-09"", ""rld"": true, ""rs"": true, ""te_code"": null, ""marketing_type"": ""HUMAN PRESCRIPTION DRUG""}, {""product_number"": ""003"", ""strength"": ""0.05%"", ""dosage_form"": ""CREAM"", ""route"": ""TOPICAL"", ""approval_date"": ""2025-10-04"", ""rld"": true, ""rs"": true, ""te_code"": null, ""marketing_type"": ""HUMAN PRESCRIPTION DRUG""}], ""patents"": [{""patent_number"": ""10940142"", ""expiration_date"": ""2037-06-07"", ""drug_substance_claim"": false, ""drug_product_claim"": true, ""patent_use_code"": null, ""delisted"": false, ""submission_date"": ""2022-08-19"", ""product_numbers"": [""001"", ""002"", ""003""]}, {""patent_number"": ""11793796"", ""expiration_date"": ""2037-06-07"", ""drug_substance_claim"": false, ""drug_product_claim"": true, ""patent_use_code"": null, ""delisted"": false, ""submission_date"": ""2023-10-24"", ""product_numbers"": [""001"", ""002"", ""003""]}, {""patent_number"": ""11819496"", ""expiration_date"": ""2037-06-07"", ""drug_substance_claim"": false, ""drug_product_claim"": false, ""patent_use_code"": ""U-4578"", ""delisted"": false, ""submission_date"": ""2023-11-21"", ""product_numbers"": [""001""]}, {""patent_number"": ""11819496"", ""expiration_date"": ""2037-06-07"", ""drug_substance_claim"": false, ""drug_product_claim"": false, ""patent_use_code"": ""U-3970"", ""delisted"": false, ""submission_date"": ""2024-08-08"", ""product_numbers"": [""002""]}, {""patent_number"": ""11819496"", ""expiration_date"": ""2037-06-07"", ""drug_substance_claim"": false, ""drug_product_claim"": false, ""patent_use_code"": ""U-4301"", ""delisted"": false, ""submission_date"": ""2025-11-04"", ""product_numbers"": [""003""]}, {""patent_number"": ""11992480"", ""expiration_date"": ""2037-06-07"", ""drug_substance_claim"": false, ""drug_product_claim"": false, ""patent_use_code"": ""U-3748"", ""delisted"": false, ""submission_date"": ""2024-06-26"", ""product_numbers"": [""001""]}, {""patent_number"": ""11992480"", ""expiration_date"": ""2037-06-07"", ""drug_substance_claim"": false, ""drug_product_claim"": false, ""patent_use_code"": ""U-3970"", ""delisted"": false, ""submission_date"": ""2024-08-08"", ""product_numbers"": [""002""]}, {""patent_number"": ""11992480"", ""expiration_date"": ""2037-06-07"", ""drug_substance_claim"": false, ""drug_product_claim"": false, ""patent_use_code"": ""U-4301"", ""delisted"": false, ""submission_date"": ""2025-11-04"", ""product_numbers"": [""003""]}, {""patent_number"": ""12005051"", ""expiration_date"": ""2037-06-07"", ""drug_substance_claim"": false, ""drug_product_claim"": false, ""patent_use_code"": ""U-4578"", ""delisted"": false, ""submission_date"": ""2024-07-09"", ""product_numbers"": [""001""]}, {""patent_number"": ""12005051"", ""expiration_date"": ""2037-06-07"", ""drug_substance_claim"": false, ""drug_product_claim"": false, ""patent_use_code"": ""U-3970"", ""delisted"": false, ""submission_date"": ""2024-08-08"", ""product_numbers"": [""002""]}, {""patent_number"": ""12005051"", ""expiration_date"": ""2037-06-07"", ""drug_substance_claim"": false, ""drug_product_claim"": false, ""patent_use_code"": ""U-4301"", ""delisted"": false, ""submission_date"": ""2025-11-04"", ""product_numbers"": [""003""]}, {""patent_number"": ""12005052"", ""expiration_date"": ""2037-06-07"", ""drug_substance_claim"": false, ""drug_product_claim"": true, ""patent_use_code"": null, ""delisted"": false, ""submission_date"": ""2024-07-09"", ""product_numbers"": [""001"", ""002"", ""003""]}, {""patent_number"": ""12011437"", ""expiration_date"": ""2037-06-07"", ""drug_substance_claim"": false, ""drug_product_claim"": true, ""patent_use_code"": null, ""delisted"": false, ""submission_date"": ""2024-07-09"", ""product_numbers"": [""001"", ""002"", ""003""]}, {""patent_number"": ""12016848"", ""expiration_date"": ""2037-06-07"", ""drug_substance_claim"": false, ""drug_product_claim"": true, ""patent_use_code"": null, ""delisted"": false, ""submission_date"": ""2024-07-09"", ""product_numbers"": [""001"", ""002"", ""003""]}, {""patent_number"": ""12042487"", ""expiration_date"": ""2037-06-07"", ""drug_substance_claim"": false, ""drug_product_claim"": true, ""patent_use_code"": null, ""delisted"": false, ""submission_date"": ""2024-08-21"", ""product_numbers"": [""001"", ""002"", ""003""]}, {""patent_number"": ""12220409"", ""expiration_date"": ""2037-06-07"", ""drug_substance_claim"": false, ""drug_product_claim"": true, ""patent_use_code"": null, ""delisted"": false, ""submission_date"": ""2025-03-07"", ""product_numbers"": [""001"", ""002"", ""003""]}, {""patent_number"": ""12257242"", ""expiration_date"": ""2037-06-07"", ""drug_substance_claim"": false, ""drug_product_claim"": true, ""patent_use_code"": null, ""delisted"": false, ""submission_date"": ""2025-04-22"", ""product_numbers"": [""001"", ""002"", ""003""]}, {""patent_number"": ""12310956"", ""expiration_date"": ""2037-06-07"", ""drug_substance_claim"": false, ""drug_product_claim"": false, ""patent_use_code"": ""U-3748"", ""delisted"": false, ""submission_date"": ""2025-06-26"", ""product_numbers"": [""001""]}, {""patent_number"": ""12310956"", ""expiration_date"": ""2037-06-07"", ""drug_substance_claim"": false, ""drug_product_claim"": false, ""patent_use_code"": ""U-3970"", ""delisted"": false, ""submission_date"": ""2025-06-26"", ""product_numbers"": [""002""]}, {""patent_number"": ""12310956"", ""expiration_date"": ""2037-06-07"", ""drug_substance_claim"": false, ""drug_product_claim"": false, ""patent_use_code"": ""U-4301"", ""delisted"": false, ""submission_date"": ""2025-11-04"", ""product_numbers"": [""003""]}, {""patent_number"": ""12336983"", ""expiration_date"": ""2037-06-07"", ""drug_substance_claim"": false, ""drug_product_claim"": true, ""patent_use_code"": null, ""delisted"": false, ""submission_date"": ""2025-07-22"", ""product_numbers"": [""001"", ""002"", ""003""]}, {""patent_number"": ""9884050"", ""expiration_date"": ""2037-06-07"", ""drug_substance_claim"": false, ""drug_product_claim"": true, ""patent_use_code"": null, ""delisted"": false, ""submission_date"": ""2022-08-19"", ""product_numbers"": [""001"", ""002"", ""003""]}, {""patent_number"": ""9907788"", ""expiration_date"": ""2037-06-07"", ""drug_substance_claim"": false, ""drug_product_claim"": false, ""patent_use_code"": ""U-3408"", ""delisted"": false, ""submission_date"": ""2022-08-19"", ""product_numbers"": [""001""]}, {""patent_number"": ""9907788"", ""expiration_date"": ""2037-06-07"", ""drug_substance_claim"": false, ""drug_product_claim"": false, ""patent_use_code"": ""U-3970"", ""delisted"": false, ""submission_date"": ""2024-08-08"", ""product_numbers"": [""002""]}, {""patent_number"": ""9907788"", ""expiration_date"": ""2037-06-07"", ""drug_substance_claim"": false, ""drug_product_claim"": false, ""patent_use_code"": ""U-4301"", ""delisted"": false, ""submission_date"": ""2025-11-04"", ""product_numbers"": [""003""]}, {""patent_number"": ""11129818"", ""expiration_date"": ""2037-08-25"", ""drug_substance_claim"": false, ""drug_product_claim"": false, ""patent_use_code"": ""U-3408"", ""delisted"": false, ""submission_date"": ""2022-08-19"", ""product_numbers"": [""001""]}, {""patent_number"": ""11129818"", ""expiration_date"": ""2037-08-25"", ""drug_substance_claim"": false, ""drug_product_claim"": false, ""patent_use_code"": ""U-3970"", ""delisted"": false, ""submission_date"": ""2024-08-08"", ""product_numbers"": [""002""]}, {""patent_number"": ""11129818"", ""expiration_date"": ""2037-08-25"", ""drug_substance_claim"": false, ""drug_product_claim"": false, ""patent_use_code"": ""U-4301"", ""delisted"": false, ""submission_date"": ""2025-11-04"", ""product_numbers"": [""003""]}], ""exclusivities"": [{""code"": ""NPP"", ""expiration_date"": ""2026-10-05"", ""product_numbers"": [""001""]}, {""code"": ""NS"", ""expiration_date"": ""2027-07-09"", ""product_numbers"": [""002""]}, {""code"": ""NS"", ""expiration_date"": ""2028-10-04"", ""product_numbers"": [""003""]}], ""latest_patent_expiration"": ""2037-08-25"", ""latest_exclusivity_expiration"": ""2028-10-04"", ""data_file_date"": null}"
Ruxolitinib,215309,"{""application_type"": ""NDA"", ""application_number"": ""215309"", ""registry"": ""orange_book"", ""center"": ""CDER"", ""proprietary_name"": ""OPZELURA"", ""applicant"": ""INCYTE CORP"", ""first_approval_date"": ""2021-09-21""}","{""application_type"": ""N"", ""application_number"": ""215309"", ""ingredient"": ""RUXOLITINIB"", ""trade_name"": ""OPZELURA"", ""applicant"": ""INCYTE CORP"", ""applicant_full_name"": ""INCYTE CORP"", ""products"": [{""product_number"": ""001"", ""strength"": ""EQ 1.5% BASE"", ""dosage_form"": ""CREAM"", ""route"": ""TOPICAL"", ""approval_date"": ""2021-09-21"", ""rld"": true, ""rs"": true, ""te_code"": null, ""marketing_type"": ""HUMAN PRESCRIPTION DRUG""}], ""patents"": [{""patent_number"": ""10639310"", ""expiration_date"": ""2026-12-12"", ""drug_substance_claim"": false, ""drug_product_claim"": false, ""patent_use_code"": ""U-3229"", ""delisted"": false, ""submission_date"": ""2021-10-20"", ""product_numbers"": [""001""]}, {""patent_number"": ""9079912"", ""expiration_date"": ""2026-12-12"", ""drug_substance_claim"": false, ""drug_product_claim"": false, ""patent_use_code"": ""U-3229"", ""delisted"": false, ""submission_date"": ""2021-10-20"", ""product_numbers"": [""001""]}, {""patent_number"": ""9974790"", ""expiration_date"": ""2026-12-12"", ""drug_substance_claim"": false, ""drug_product_claim"": false, ""patent_use_code"": ""U-3229"", ""delisted"": false, ""submission_date"": ""2021-10-20"", ""product_numbers"": [""001""]}, {""patent_number"": ""10639310*PED"", ""expiration_date"": ""2027-06-12"", ""drug_substance_claim"": false, ""drug_product_claim"": false, ""patent_use_code"": null, ""delisted"": false, ""submission_date"": null, ""product_numbers"": [""001""]}, {""patent_number"": ""9079912*PED"", ""expiration_date"": ""2027-06-12"", ""drug_substance_claim"": false, ""drug_product_claim"": false, ""patent_use_code"": null, ""delisted"": false, ""submission_date"": null, ""product_numbers"": [""001""]}, {""patent_number"": ""9974790*PED"", ""expiration_date"": ""2027-06-12"", ""drug_substance_claim"": false, ""drug_product_claim"": false, ""patent_use_code"": null, ""delisted"": false, ""submission_date"": null, ""product_numbers"": [""001""]}, {""patent_number"": ""7598257"", ""expiration_date"": ""2027-12-24"", ""drug_substance_claim"": true, ""drug_product_claim"": true, ""patent_use_code"": null, ""delisted"": false, ""submission_date"": ""2021-10-20"", ""product_numbers"": [""001""]}, {""patent_number"": ""8415362"", ""expiration_date"": ""2027-12-24"", ""drug_substance_claim"": true, ""drug_product_claim"": true, ""patent_use_code"": null, ""delisted"": false, ""submission_date"": ""2021-10-20"", ""product_numbers"": [""001""]}, {""patent_number"": ""10610530"", ""expiration_date"": ""2028-06-12"", ""drug_substance_claim"": false, ""drug_product_claim"": false, ""patent_use_code"": ""U-3229"", ""delisted"": false, ""submission_date"": ""2021-10-20"", ""product_numbers"": [""001""]}, {""patent_number"": ""8722693"", ""expiration_date"": ""2028-06-12"", ""drug_substance_claim"": true, ""drug_product_claim"": true, ""patent_use_code"": null, ""delisted"": false, ""submission_date"": ""2021-10-20"", ""product_numbers"": [""001""]}, {""patent_number"": ""8822481"", ""expiration_date"": ""2028-06-12"", ""drug_substance_claim"": false, ""drug_product_claim"": false, ""patent_use_code"": ""U-3404"", ""delisted"": false, ""submission_date"": ""2021-10-20"", ""product_numbers"": [""001""]}, {""patent_number"": ""7598257*PED"", ""expiration_date"": ""2028-06-24"", ""drug_substance_claim"": false, ""drug_product_claim"": false, ""patent_use_code"": null, ""delisted"": false, ""submission_date"": null, ""product_numbers"": [""001""]}, {""patent_number"": ""8415362*PED"", ""expiration_date"": ""2028-06-24"", ""drug_substance_claim"": false, ""drug_product_claim"": false, ""patent_use_code"": null, ""delisted"": false, ""submission_date"": null, ""product_numbers"": [""001""]}, {""patent_number"": ""10610530*PED"", ""expiration_date"": ""2028-12-12"", ""drug_substance_claim"": false, ""drug_product_claim"": false, ""patent_use_code"": null, ""delisted"": false, ""submission_date"": null, ""product_numbers"": [""001""]}, {""patent_number"": ""8722693*PED"", ""expiration_date"": ""2028-12-12"", ""drug_substance_claim"": false, ""drug_product_claim"": false, ""patent_use_code"": null, ""delisted"": false, ""submission_date"": null, ""product_numbers"": [""001""]}, {""patent_number"": ""8822481*PED"", ""expiration_date"": ""2028-12-12"", ""drug_substance_claim"": false, ""drug_product_claim"": false, ""patent_use_code"": null, ""delisted"": false, ""submission_date"": null, ""product_numbers"": [""001""]}, {""patent_number"": ""10758543"", ""expiration_date"": ""2031-05-20"", ""drug_substance_claim"": false, ""drug_product_claim"": true, ""patent_use_code"": null, ""delisted"": false, ""submission_date"": ""2021-10-20"", ""product_numbers"": [""001""]}, {""patent_number"": ""10869870"", ""expiration_date"": ""2031-05-20"", ""drug_substance_claim"": false, ""drug_product_claim"": false, ""patent_use_code"": ""U-3229"", ""delisted"": false, ""submission_date"": ""2021-10-20"", ""product_numbers"": [""001""]}, {""patent_number"": ""11219624"", ""expiration_date"": ""2031-05-20"", ""drug_substance_claim"": false, ""drug_product_claim"": true, ""patent_use_code"": ""U-3229"", ""delisted"": false, ""submission_date"": ""2022-02-08"", ""product_numbers"": [""001""]}, {""patent_number"": ""11571425"", ""expiration_date"": ""2031-05-20"", ""drug_substance_claim"": false, ""drug_product_claim"": true, ""patent_use_code"": null, ""delisted"": false, ""submission_date"": ""2023-02-28"", ""product_numbers"": [""001""]}, {""patent_number"": ""11590136"", ""expiration_date"": ""2031-05-20"", ""drug_substance_claim"": false, ""drug_product_claim"": false, ""patent_use_code"": ""U-3404"", ""delisted"": false, ""submission_date"": ""2023-03-28"", ""product_numbers"": [""001""]}, {""patent_number"": ""12226419"", ""expiration_date"": ""2031-05-20"", ""drug_substance_claim"": false, ""drug_product_claim"": true, ""patent_use_code"": null, ""delisted"": false, ""submission_date"": ""2025-03-17"", ""product_numbers"": [""001""]}, {""patent_number"": ""12544381"", ""expiration_date"": ""2031-05-20"", ""drug_substance_claim"": false, ""drug_product_claim"": true, ""patent_use_code"": null, ""delisted"": false, ""submission_date"": ""2026-03-03"", ""product_numbers"": [""001""]}, {""patent_number"": ""12564593"", ""expiration_date"": ""2031-05-20"", ""drug_substance_claim"": false, ""drug_product_claim"": true, ""patent_use_code"": null, ""delisted"": false, ""submission_date"": ""2026-03-24"", ""product_numbers"": [""001""]}, {""patent_number"": ""10758543*PED"", ""expiration_date"": ""2031-11-20"", ""drug_substance_claim"": false, ""drug_product_claim"": false, ""patent_use_code"": null, ""delisted"": false, ""submission_date"": null, ""product_numbers"": [""001""]}, {""patent_number"": ""10869870*PED"", ""expiration_date"": ""2031-11-20"", ""drug_substance_claim"": false, ""drug_product_claim"": false, ""patent_use_code"": null, ""delisted"": false, ""submission_date"": null, ""product_numbers"": [""001""]}, {""patent_number"": ""11219624*PED"", ""expiration_date"": ""2031-11-20"", ""drug_substance_claim"": false, ""drug_product_claim"": false, ""patent_use_code"": null, ""delisted"": false, ""submission_date"": null, ""product_numbers"": [""001""]}, {""patent_number"": ""11590138"", ""expiration_date"": ""2040-06-10"", ""drug_substance_claim"": false, ""drug_product_claim"": false, ""patent_use_code"": ""U-3551"", ""delisted"": false, ""submission_date"": ""2023-03-28"", ""product_numbers"": [""001""]}, {""patent_number"": ""12233067"", ""expiration_date"": ""2040-07-28"", ""drug_substance_claim"": false, ""drug_product_claim"": false, ""patent_use_code"": ""U-4151"", ""delisted"": false, ""submission_date"": ""2025-03-17"", ""product_numbers"": [""001""]}, {""patent_number"": ""11510923"", ""expiration_date"": ""2040-09-04"", ""drug_substance_claim"": false, ""drug_product_claim"": false, ""patent_use_code"": ""U-3505"", ""delisted"": false, ""submission_date"": ""2022-12-16"", ""product_numbers"": [""001""]}, {""patent_number"": ""11590137"", ""expiration_date"": ""2040-09-04"", ""drug_substance_claim"": false, ""drug_product_claim"": false, ""patent_use_code"": ""U-3505"", ""delisted"": false, ""submission_date"": ""2023-03-28"", ""product_numbers"": [""001""]}, {""patent_number"": ""12589096"", ""expiration_date"": ""2040-09-04"", ""drug_substance_claim"": false, ""drug_product_claim"": false, ""patent_use_code"": ""U-3505"", ""delisted"": false, ""submission_date"": ""2026-04-27"", ""product_numbers"": [""001""]}, {""patent_number"": ""11602536"", ""expiration_date"": ""2041-05-05"", ""drug_substance_claim"": false, ""drug_product_claim"": false, ""patent_use_code"": ""U-3550"", ""delisted"": false, ""submission_date"": ""2023-03-28"", ""product_numbers"": [""001""]}], ""exclusivities"": [{""code"": ""I-896"", ""expiration_date"": ""2025-07-18"", ""product_numbers"": [""001""]}, {""code"": ""PED"", ""expiration_date"": ""2026-01-18"", ""product_numbers"": [""001""]}, {""code"": ""NPP"", ""expiration_date"": ""2028-09-18"", ""product_numbers"": [""001""]}], ""latest_patent_expiration"": ""2041-05-05"", ""latest_exclusivity_expiration"": ""2028-09-18"", ""data_file_date"": null}"
Sarecycline,209521,"{""application_type"": ""NDA"", ""application_number"": ""209521"", ""registry"": ""orange_book"", ""center"": ""CDER"", ""proprietary_name"": ""SEYSARA"", ""applicant"": ""ALMIRALL LLC"", ""first_approval_date"": ""2018-10-01""}","{""application_type"": ""N"", ""application_number"": ""209521"", ""ingredient"": ""SARECYCLINE"", ""trade_name"": ""SEYSARA"", ""applicant"": ""ALMIRALL"", ""applicant_full_name"": ""ALMIRALL LLC"", ""products"": [{""product_number"": ""001"", ""strength"": ""EQ 60MG BASE"", ""dosage_form"": ""TABLET"", ""route"": ""ORAL"", ""approval_date"": ""2018-10-01"", ""rld"": true, ""rs"": false, ""te_code"": null, ""marketing_type"": ""HUMAN PRESCRIPTION DRUG""}, {""product_number"": ""002"", ""strength"": ""EQ 100MG BASE"", ""dosage_form"": ""TABLET"", ""route"": ""ORAL"", ""approval_date"": ""2018-10-01"", ""rld"": true, ""rs"": false, ""te_code"": null, ""marketing_type"": ""HUMAN PRESCRIPTION DRUG""}, {""product_number"": ""003"", ""strength"": ""EQ 150MG BASE"", ""dosage_form"": ""TABLET"", ""route"": ""ORAL"", ""approval_date"": ""2018-10-01"", ""rld"": true, ""rs"": true, ""te_code"": null, ""marketing_type"": ""HUMAN PRESCRIPTION DRUG""}], ""patents"": [{""patent_number"": ""9481639"", ""expiration_date"": ""2028-08-10"", ""drug_substance_claim"": false, ""drug_product_claim"": false, ""patent_use_code"": ""U-2409"", ""delisted"": false, ""submission_date"": ""2018-10-12"", ""product_numbers"": [""003"", ""001"", ""002""]}, {""patent_number"": ""8513223"", ""expiration_date"": ""2029-12-07"", ""drug_substance_claim"": false, ""drug_product_claim"": false, ""patent_use_code"": ""U-2406"", ""delisted"": false, ""submission_date"": ""2018-10-12"", ""product_numbers"": [""003"", ""001"", ""002""]}, {""patent_number"": ""8318706"", ""expiration_date"": ""2032-01-03"", ""drug_substance_claim"": true, ""drug_product_claim"": true, ""patent_use_code"": ""U-2405"", ""delisted"": false, ""submission_date"": ""2018-10-12"", ""product_numbers"": [""003"", ""001"", ""002""]}, {""patent_number"": ""9255068"", ""expiration_date"": ""2033-02-09"", ""drug_substance_claim"": true, ""drug_product_claim"": true, ""patent_use_code"": ""U-2407"", ""delisted"": false, ""submission_date"": ""2018-10-12"", ""product_numbers"": [""003"", ""002""]}, {""patent_number"": ""9255068"", ""expiration_date"": ""2033-02-09"", ""drug_substance_claim"": true, ""drug_product_claim"": true, ""patent_use_code"": ""U-2408"", ""delisted"": false, ""submission_date"": ""2018-10-12"", ""product_numbers"": [""001""]}], ""exclusivities"": [], ""latest_patent_expiration"": ""2033-02-09"", ""latest_exclusivity_expiration"": null, ""data_file_date"": null}"
Secukinumab,125504,"{""application_type"": ""BLA"", ""application_number"": ""125504"", ""registry"": ""purple_book"", ""center"": ""CDER"", ""proprietary_name"": ""Cosentyx"", ""applicant"": ""Novartis Pharmaceuticals Corporation"", ""first_approval_date"": ""2015-01-21""}",
Sofpironium Bromide,217347,"{""application_type"": ""NDA"", ""application_number"": ""217347"", ""registry"": ""orange_book"", ""center"": ""CDER"", ""proprietary_name"": ""SOFDRA"", ""applicant"": ""BOTANIX SB INC"", ""first_approval_date"": ""2024-06-18""}","{""application_type"": ""N"", ""application_number"": ""217347"", ""ingredient"": ""SOFPIRONIUM BROMIDE"", ""trade_name"": ""SOFDRA"", ""applicant"": ""BOTANIX SB"", ""applicant_full_name"": ""BOTANIX SB INC"", ""products"": [{""product_number"": ""001"", ""strength"": ""EQ 12.45% BASE (EQ 72MG BASE/ACTUATION)"", ""dosage_form"": ""GEL, METERED"", ""route"": ""TOPICAL"", ""approval_date"": ""2024-06-18"", ""rld"": true, ""rs"": true, ""te_code"": null, ""marketing_type"": ""HUMAN PRESCRIPTION DRUG""}], ""patents"": [{""patent_number"": ""10383846"", ""expiration_date"": ""2034-03-14"", ""drug_substance_claim"": false, ""drug_product_claim"": false, ""patent_use_code"": ""U-2398"", ""delisted"": false, ""submission_date"": ""2024-09-26"", ""product_numbers"": [""001""]}, {""patent_number"": ""10947192"", ""expiration_date"": ""2034-05-22"", ""drug_substance_claim"": false, ""drug_product_claim"": false, ""patent_use_code"": ""U-2398"", ""delisted"": false, ""submission_date"": ""2024-09-26"", ""product_numbers"": [""001""]}, {""patent_number"": ""10952990"", ""expiration_date"": ""2034-05-22"", ""drug_substance_claim"": false, ""drug_product_claim"": false, ""patent_use_code"": ""U-2398"", ""delisted"": false, ""submission_date"": ""2024-09-26"", ""product_numbers"": [""001""]}, {""patent_number"": ""10959983"", ""expiration_date"": ""2034-05-22"", ""drug_substance_claim"": false, ""drug_product_claim"": false, ""patent_use_code"": ""U-2398"", ""delisted"": false, ""submission_date"": ""2024-09-26"", ""product_numbers"": [""001""]}, {""patent_number"": ""10961191"", ""expiration_date"": ""2034-05-22"", ""drug_substance_claim"": false, ""drug_product_claim"": false, ""patent_use_code"": ""U-2398"", ""delisted"": false, ""submission_date"": ""2024-09-26"", ""product_numbers"": [""001""]}, {""patent_number"": ""11026919"", ""expiration_date"": ""2034-05-22"", ""drug_substance_claim"": false, ""drug_product_claim"": true, ""patent_use_code"": ""U-2398"", ""delisted"": false, ""submission_date"": ""2024-09-26"", ""product_numbers"": [""001""]}, {""patent_number"": ""11034652"", ""expiration_date"": ""2034-05-22"", ""drug_substance_claim"": false, ""drug_product_claim"": true, ""patent_use_code"": ""U-2398"", ""delisted"": false, ""submission_date"": ""2024-09-26"", ""product_numbers"": [""001""]}, {""patent_number"": ""11052067"", ""expiration_date"": ""2034-05-22"", ""drug_substance_claim"": false, ""drug_product_claim"": true, ""patent_use_code"": ""U-2398"", ""delisted"": false, ""submission_date"": ""2024-09-26"", ""product_numbers"": [""001""]}, {""patent_number"": ""11084788"", ""expiration_date"": ""2034-05-22"", ""drug_substance_claim"": false, ""drug_product_claim"": true, ""patent_use_code"": ""U-2398"", ""delisted"": false, ""submission_date"": ""2024-09-26"", ""product_numbers"": [""001""]}, {""patent_number"": ""11123325"", ""expiration_date"": ""2037-07-20"", ""drug_substance_claim"": false, ""drug_product_claim"": true, ""patent_use_code"": ""U-2398"", ""delisted"": false, ""submission_date"": ""2024-09-26"", ""product_numbers"": [""001""]}, {""patent_number"": ""11566000"", ""expiration_date"": ""2040-05-22"", ""drug_substance_claim"": true, ""drug_product_claim"": true, ""patent_use_code"": null, ""delisted"": false, ""submission_date"": ""2024-09-26"", ""product_numbers"": [""001""]}, {""patent_number"": ""11584715"", ""expiration_date"": ""2040-05-22"", ""drug_substance_claim"": true, ""drug_product_claim"": true, ""patent_use_code"": null, ""delisted"": false, ""submission_date"": ""2024-09-26"", ""product_numbers"": [""001""]}, {""patent_number"": ""12156865"", ""expiration_date"": ""2034-05-22"", ""drug_substance_claim"": false, ""drug_product_claim"": true, ""patent_use_code"": ""U-2398"", ""delisted"": false, ""submission_date"": ""2025-06-10"", ""product_numbers"": [""001""]}, {""patent_number"": ""12357609"", ""expiration_date"": ""2034-05-22"", ""drug_substance_claim"": false, ""drug_product_claim"": true, ""patent_use_code"": ""U-2398"", ""delisted"": false, ""submission_date"": ""2025-08-14"", ""product_numbers"": [""001""]}, {""patent_number"": ""12398102"", ""expiration_date"": ""2034-05-22"", ""drug_substance_claim"": false, ""drug_product_claim"": true, ""patent_use_code"": ""U-2398"", ""delisted"": false, ""submission_date"": ""2025-09-23"", ""product_numbers"": [""001""]}, {""patent_number"": ""8147809"", ""expiration_date"": ""2027-03-26"", ""drug_substance_claim"": true, ""drug_product_claim"": true, ""patent_use_code"": null, ""delisted"": false, ""submission_date"": ""2024-09-26"", ""product_numbers"": [""001""]}, {""patent_number"": ""8628759"", ""expiration_date"": ""2026-11-13"", ""drug_substance_claim"": false, ""drug_product_claim"": false, ""patent_use_code"": ""U-2398"", ""delisted"": false, ""submission_date"": ""2024-09-26"", ""product_numbers"": [""001""]}, {""patent_number"": ""9220707"", ""expiration_date"": ""2034-03-14"", ""drug_substance_claim"": false, ""drug_product_claim"": false, ""patent_use_code"": ""U-2398"", ""delisted"": false, ""submission_date"": ""2024-09-26"", ""product_numbers"": [""001""]}, {""patent_number"": ""9492429"", ""expiration_date"": ""2034-03-14"", ""drug_substance_claim"": false, ""drug_product_claim"": true, ""patent_use_code"": ""U-2398"", ""delisted"": false, ""submission_date"": ""2024-09-26"", ""product_numbers"": [""001""]}, {""patent_number"": ""9895350"", ""expiration_date"": ""2034-03-14"", ""drug_substance_claim"": false, ""drug_product_claim"": false, ""patent_use_code"": ""U-2398"", ""delisted"": false, ""submission_date"": ""2024-09-26"", ""product_numbers"": [""001""]}], ""exclusivities"": [{""code"": ""NCE"", ""expiration_date"": ""2029-06-20"", ""product_numbers"": [""001""]}], ""latest_patent_expiration"": ""2040-05-22"", ""latest_exclusivity_expiration"": ""2029-06-20"", ""data_file_date"": null}"
Spesolimab,761244,"{""application_type"": ""BLA"", ""application_number"": ""761244"", ""registry"": ""purple_book"", ""center"": ""CDER"", ""proprietary_name"": ""Spevigo"", ""applicant"": ""LEO Pharma A/S"", ""first_approval_date"": ""2022-09-01""}",
Tapinarof,215272,"{""application_type"": ""NDA"", ""application_number"": ""215272"", ""registry"": ""orange_book"", ""center"": ""CDER"", ""proprietary_name"": ""VTAMA"", ""applicant"": ""ORGANON LLC"", ""first_approval_date"": ""2022-05-23""}","{""application_type"": ""N"", ""application_number"": ""215272"", ""ingredient"": ""TAPINAROF"", ""trade_name"": ""VTAMA"", ""applicant"": ""ORGANON LLC"", ""applicant_full_name"": ""ORGANON LLC"", ""products"": [{""product_number"": ""001"", ""strength"": ""1%"", ""dosage_form"": ""CREAM"", ""route"": ""TOPICAL"", ""approval_date"": ""2022-05-23"", ""rld"": true, ""rs"": true, ""te_code"": null, ""marketing_type"": ""HUMAN PRESCRIPTION DRUG""}], ""patents"": [{""patent_number"": ""10426743"", ""expiration_date"": ""2036-05-19"", ""drug_substance_claim"": false, ""drug_product_claim"": false, ""patent_use_code"": ""U-2625"", ""delisted"": false, ""submission_date"": ""2022-06-21"", ""product_numbers"": [""001""]}, {""patent_number"": ""11458108"", ""expiration_date"": ""2036-05-19"", ""drug_substance_claim"": false, ""drug_product_claim"": true, ""patent_use_code"": null, ""delisted"": false, ""submission_date"": ""2022-10-07"", ""product_numbers"": [""001""]}, {""patent_number"": ""11612573"", ""expiration_date"": ""2036-05-19"", ""drug_substance_claim"": false, ""drug_product_claim"": false, ""patent_use_code"": ""U-2625"", ""delisted"": false, ""submission_date"": ""2023-04-20"", ""product_numbers"": [""001""]}, {""patent_number"": ""11617724"", ""expiration_date"": ""2036-05-19"", ""drug_substance_claim"": false, ""drug_product_claim"": true, ""patent_use_code"": null, ""delisted"": false, ""submission_date"": ""2023-04-20"", ""product_numbers"": [""001""]}, {""patent_number"": ""11622945"", ""expiration_date"": ""2036-05-19"", ""drug_substance_claim"": false, ""drug_product_claim"": true, ""patent_use_code"": null, ""delisted"": false, ""submission_date"": ""2023-04-20"", ""product_numbers"": [""001""]}, {""patent_number"": ""10195160"", ""expiration_date"": ""2036-05-23"", ""drug_substance_claim"": false, ""drug_product_claim"": true, ""patent_use_code"": null, ""delisted"": false, ""submission_date"": ""2022-06-21"", ""product_numbers"": [""001""]}, {""patent_number"": ""10647649"", ""expiration_date"": ""2038-11-13"", ""drug_substance_claim"": true, ""drug_product_claim"": false, ""patent_use_code"": null, ""delisted"": false, ""submission_date"": ""2022-06-21"", ""product_numbers"": [""001""]}, {""patent_number"": ""11597692"", ""expiration_date"": ""2038-11-13"", ""drug_substance_claim"": true, ""drug_product_claim"": true, ""patent_use_code"": null, ""delisted"": false, ""submission_date"": ""2023-03-31"", ""product_numbers"": [""001""]}, {""patent_number"": ""11497718"", ""expiration_date"": ""2039-11-13"", ""drug_substance_claim"": false, ""drug_product_claim"": false, ""patent_use_code"": ""U-4048"", ""delisted"": false, ""submission_date"": ""2025-01-10"", ""product_numbers"": [""001""]}, {""patent_number"": ""11590088"", ""expiration_date"": ""2039-11-13"", ""drug_substance_claim"": false, ""drug_product_claim"": false, ""patent_use_code"": ""U-2625"", ""delisted"": false, ""submission_date"": ""2023-03-16"", ""product_numbers"": [""001""]}, {""patent_number"": ""11938099"", ""expiration_date"": ""2039-11-13"", ""drug_substance_claim"": false, ""drug_product_claim"": false, ""patent_use_code"": ""U-4048"", ""delisted"": false, ""submission_date"": ""2025-01-10"", ""product_numbers"": [""001""]}, {""patent_number"": ""12569453"", ""expiration_date"": ""2039-12-18"", ""drug_substance_claim"": false, ""drug_product_claim"": false, ""patent_use_code"": ""U-4048"", ""delisted"": false, ""submission_date"": ""2026-04-06"", ""product_numbers"": [""001""]}], ""exclusivities"": [{""code"": ""NCE"", ""expiration_date"": ""2027-05-23"", ""product_numbers"": [""001""]}, {""code"": ""I-956"", ""expiration_date"": ""2027-12-12"", ""product_numbers"": [""001""]}], ""latest_patent_expiration"": ""2039-12-18"", ""latest_exclusivity_expiration"": ""2027-12-12"", ""data_file_date"": null}"
Tavaborole,204427,"{""application_type"": ""NDA"", ""application_number"": ""204427"", ""registry"": ""orange_book"", ""center"": ""CDER"", ""proprietary_name"": ""KERYDIN"", ""applicant"": ""ANACOR PHARMACEUTICALS INC"", ""first_approval_date"": ""2014-07-07""}","{""application_type"": ""N"", ""application_number"": ""204427"", ""ingredient"": ""TAVABOROLE"", ""trade_name"": ""KERYDIN"", ""applicant"": ""ANACOR PHARMS INC"", ""applicant_full_name"": ""ANACOR PHARMACEUTICALS INC"", ""products"": [{""product_number"": ""001"", ""strength"": ""5% **Federal Register determination that product was not discontinued or withdrawn for safety or effectiveness reasons**"", ""dosage_form"": ""SOLUTION"", ""route"": ""TOPICAL"", ""approval_date"": ""2014-07-07"", ""rld"": true, ""rs"": false, ""te_code"": null, ""marketing_type"": ""DISCONTINUED""}], ""patents"": [], ""exclusivities"": [], ""latest_patent_expiration"": null, ""latest_exclusivity_expiration"": null, ""data_file_date"": null}"
Tildrakizumab,761067,"{""application_type"": ""BLA"", ""application_number"": ""761067"", ""registry"": ""purple_book"", ""center"": ""CDER"", ""proprietary_name"": ""Ilumya"", ""applicant"": ""Sun Pharmaceutical Industries Limited"", ""first_approval_date"": ""2018-03-20""}",
Tirbanibulin,213189,"{""application_type"": ""NDA"", ""application_number"": ""213189"", ""registry"": ""orange_book"", ""center"": ""CDER"", ""proprietary_name"": ""KLISYRI"", ""applicant"": ""ALMIRALL LLC"", ""first_approval_date"": ""2020-12-14""}","{""application_type"": ""N"", ""application_number"": ""213189"", ""ingredient"": ""TIRBANIBULIN"", ""trade_name"": ""KLISYRI"", ""applicant"": ""ALMIRALL"", ""applicant_full_name"": ""ALMIRALL LLC"", ""products"": [{""product_number"": ""001"", ""strength"": ""1%"", ""dosage_form"": ""OINTMENT"", ""route"": ""TOPICAL"", ""approval_date"": ""2020-12-14"", ""rld"": true, ""rs"": true, ""te_code"": null, ""marketing_type"": ""HUMAN PRESCRIPTION DRUG""}], ""patents"": [{""patent_number"": ""10323001"", ""expiration_date"": ""2027-12-28"", ""drug_substance_claim"": false, ""drug_product_claim"": true, ""patent_use_code"": null, ""delisted"": false, ""submission_date"": ""2021-01-12"", ""product_numbers"": [""001""]}, {""patent_number"": ""7851470"", ""expiration_date"": ""2029-02-02"", ""drug_substance_claim"": true, ""drug_product_claim"": true, ""patent_use_code"": ""U-3015"", ""delisted"": false, ""submission_date"": ""2021-01-12"", ""product_numbers"": [""001""]}, {""patent_number"": ""7300931"", ""expiration_date"": ""2030-12-28"", ""drug_substance_claim"": true, ""drug_product_claim"": true, ""patent_use_code"": null, ""delisted"": false, ""submission_date"": ""2021-01-12"", ""product_numbers"": [""001""]}, {""patent_number"": ""10617693"", ""expiration_date"": ""2038-03-12"", ""drug_substance_claim"": false, ""drug_product_claim"": false, ""patent_use_code"": ""U-3015"", ""delisted"": false, ""submission_date"": ""2021-01-12"", ""product_numbers"": [""001""]}, {""patent_number"": ""11497750"", ""expiration_date"": ""2038-03-12"", ""drug_substance_claim"": false, ""drug_product_claim"": false, ""patent_use_code"": ""U-3015"", ""delisted"": false, ""submission_date"": ""2022-12-14"", ""product_numbers"": [""001""]}, {""patent_number"": ""12667576"", ""expiration_date"": ""2038-03-12"", ""drug_substance_claim"": false, ""drug_product_claim"": false, ""patent_use_code"": ""U-4577"", ""delisted"": false, ""submission_date"": ""2026-07-22"", ""product_numbers"": [""001""]}, {""patent_number"": ""10669236"", ""expiration_date"": ""2038-09-07"", ""drug_substance_claim"": true, ""drug_product_claim"": true, ""patent_use_code"": null, ""delisted"": false, ""submission_date"": ""2021-01-12"", ""product_numbers"": [""001""]}], ""exclusivities"": [{""code"": ""D-192"", ""expiration_date"": ""2027-06-07"", ""product_numbers"": [""001""]}], ""latest_patent_expiration"": ""2038-09-07"", ""latest_exclusivity_expiration"": ""2027-06-07"", ""data_file_date"": null}"
Tralokinumab,761180,"{""application_type"": ""BLA"", ""application_number"": ""761180"", ""registry"": ""purple_book"", ""center"": ""CDER"", ""proprietary_name"": ""Adbry"", ""applicant"": ""LEO Pharma A/S"", ""first_approval_date"": ""2021-12-27""}",
Tretinoin and Benzoyl Peroxide,214902,"{""application_type"": ""NDA"", ""application_number"": ""214902"", ""registry"": ""orange_book"", ""center"": ""CDER"", ""proprietary_name"": ""TWYNEO"", ""applicant"": ""MAYNE PHARMA LLC"", ""first_approval_date"": ""2021-07-26""}","{""application_type"": ""N"", ""application_number"": ""214902"", ""ingredient"": ""TRETINOIN AND BENZOYL PEROXIDE"", ""trade_name"": ""TWYNEO"", ""applicant"": ""MAYNE PHARMA"", ""applicant_full_name"": ""MAYNE PHARMA LLC"", ""products"": [{""product_number"": ""001"", ""strength"": ""BENZOYL PEROXIDE 3%; TRETINOIN 0.1%"", ""dosage_form"": ""CREAM"", ""route"": ""TOPICAL"", ""approval_date"": ""2021-07-26"", ""rld"": true, ""rs"": true, ""te_code"": null, ""marketing_type"": ""HUMAN PRESCRIPTION DRUG""}], ""patents"": [{""patent_number"": ""10420743"", ""expiration_date"": ""2038-07-12"", ""drug_substance_claim"": false, ""drug_product_claim"": false, ""patent_use_code"": ""U-3194"", ""delisted"": false, ""submission_date"": ""2021-11-24"", ""product_numbers"": [""001""]}, {""patent_number"": ""10653899"", ""expiration_date"": ""2030-12-30"", ""drug_substance_claim"": false, ""drug_product_claim"": true, ""patent_use_code"": ""U-3194"", ""delisted"": false, ""submission_date"": ""2021-11-24"", ""product_numbers"": [""001""]}, {""patent_number"": ""11071878"", ""expiration_date"": ""2030-12-30"", ""drug_substance_claim"": false, ""drug_product_claim"": true, ""patent_use_code"": null, ""delisted"": false, ""submission_date"": ""2021-08-23"", ""product_numbers"": [""001""]}, {""patent_number"": ""12053546"", ""expiration_date"": ""2032-06-29"", ""drug_substance_claim"": false, ""drug_product_claim"": true, ""patent_use_code"": null, ""delisted"": false, ""submission_date"": ""2024-08-26"", ""product_numbers"": [""001""]}, {""patent_number"": ""12070629"", ""expiration_date"": ""2030-12-30"", ""drug_substance_claim"": false, ""drug_product_claim"": true, ""patent_use_code"": ""U-3987"", ""delisted"": false, ""submission_date"": ""2024-09-18"", ""product_numbers"": [""001""]}, {""patent_number"": ""12133919"", ""expiration_date"": ""2041-05-23"", ""drug_substance_claim"": false, ""drug_product_claim"": true, ""patent_use_code"": ""U-3987"", ""delisted"": false, ""submission_date"": ""2024-12-03"", ""product_numbers"": [""001""]}, {""patent_number"": ""12156946"", ""expiration_date"": ""2028-02-03"", ""drug_substance_claim"": false, ""drug_product_claim"": true, ""patent_use_code"": null, ""delisted"": false, ""submission_date"": ""2024-12-18"", ""product_numbers"": [""001""]}, {""patent_number"": ""12257348"", ""expiration_date"": ""2041-05-23"", ""drug_substance_claim"": false, ""drug_product_claim"": true, ""patent_use_code"": ""U-3987"", ""delisted"": false, ""submission_date"": ""2025-04-10"", ""product_numbers"": [""001""]}, {""patent_number"": ""12295935"", ""expiration_date"": ""2040-12-27"", ""drug_substance_claim"": false, ""drug_product_claim"": false, ""patent_use_code"": ""U-3987"", ""delisted"": false, ""submission_date"": ""2025-05-23"", ""product_numbers"": [""001""]}, {""patent_number"": ""12357602"", ""expiration_date"": ""2038-07-12"", ""drug_substance_claim"": false, ""drug_product_claim"": true, ""patent_use_code"": ""U-3987"", ""delisted"": false, ""submission_date"": ""2025-07-17"", ""product_numbers"": [""001""]}, {""patent_number"": ""12491163"", ""expiration_date"": ""2041-05-23"", ""drug_substance_claim"": false, ""drug_product_claim"": true, ""patent_use_code"": ""U-3987"", ""delisted"": false, ""submission_date"": ""2025-12-16"", ""product_numbers"": [""001""]}, {""patent_number"": ""8617580"", ""expiration_date"": ""2028-02-03"", ""drug_substance_claim"": false, ""drug_product_claim"": true, ""patent_use_code"": null, ""delisted"": false, ""submission_date"": ""2021-11-24"", ""product_numbers"": [""001""]}, {""patent_number"": ""9868103"", ""expiration_date"": ""2028-08-08"", ""drug_substance_claim"": false, ""drug_product_claim"": true, ""patent_use_code"": ""U-3194"", ""delisted"": false, ""submission_date"": ""2021-08-23"", ""product_numbers"": [""001""]}], ""exclusivities"": [], ""latest_patent_expiration"": ""2041-05-23"", ""latest_exclusivity_expiration"": null, ""data_file_date"": null}"
Trifarotene,211527,"{""application_type"": ""NDA"", ""application_number"": ""211527"", ""registry"": ""orange_book"", ""center"": ""CDER"", ""proprietary_name"": ""AKLIEF"", ""applicant"": ""GALDERMA LABORATORIES LP"", ""first_approval_date"": ""2019-10-04""}","{""application_type"": ""N"", ""application_number"": ""211527"", ""ingredient"": ""TRIFAROTENE"", ""trade_name"": ""AKLIEF"", ""applicant"": ""GALDERMA LABS LP"", ""applicant_full_name"": ""GALDERMA LABORATORIES LP"", ""products"": [{""product_number"": ""001"", ""strength"": ""0.005%"", ""dosage_form"": ""CREAM"", ""route"": ""TOPICAL"", ""approval_date"": ""2019-10-04"", ""rld"": true, ""rs"": true, ""te_code"": null, ""marketing_type"": ""HUMAN PRESCRIPTION DRUG""}], ""patents"": [{""patent_number"": ""7807708"", ""expiration_date"": ""2031-07-19"", ""drug_substance_claim"": true, ""drug_product_claim"": true, ""patent_use_code"": null, ""delisted"": false, ""submission_date"": ""2019-10-31"", ""product_numbers"": [""001""]}, {""patent_number"": ""9084778"", ""expiration_date"": ""2033-05-30"", ""drug_substance_claim"": false, ""drug_product_claim"": true, ""patent_use_code"": ""U-134"", ""delisted"": false, ""submission_date"": ""2019-10-31"", ""product_numbers"": [""001""]}, {""patent_number"": ""9498465"", ""expiration_date"": ""2033-05-30"", ""drug_substance_claim"": false, ""drug_product_claim"": true, ""patent_use_code"": ""U-1033"", ""delisted"": false, ""submission_date"": ""2021-06-17"", ""product_numbers"": [""001""]}], ""exclusivities"": [], ""latest_patent_expiration"": ""2033-05-30"", ""latest_exclusivity_expiration"": null, ""data_file_date"": null}"
Upadacitinib,211675,"{""application_type"": ""NDA"", ""application_number"": ""211675"", ""registry"": ""orange_book"", ""center"": ""CDER"", ""proprietary_name"": ""RINVOQ"", ""applicant"": ""ABBVIE INC"", ""first_approval_date"": ""2019-08-16""}","{""application_type"": ""N"", ""application_number"": ""211675"", ""ingredient"": ""UPADACITINIB"", ""trade_name"": ""RINVOQ"", ""applicant"": ""ABBVIE"", ""applicant_full_name"": ""ABBVIE INC"", ""products"": [{""product_number"": ""001"", ""strength"": ""15MG"", ""dosage_form"": ""TABLET, EXTENDED RELEASE"", ""route"": ""ORAL"", ""approval_date"": ""2019-08-16"", ""rld"": true, ""rs"": false, ""te_code"": null, ""marketing_type"": ""HUMAN PRESCRIPTION DRUG""}, {""product_number"": ""002"", ""strength"": ""30MG"", ""dosage_form"": ""TABLET, EXTENDED RELEASE"", ""route"": ""ORAL"", ""approval_date"": ""2022-01-14"", ""rld"": true, ""rs"": false, ""te_code"": null, ""marketing_type"": ""HUMAN PRESCRIPTION DRUG""}, {""product_number"": ""003"", ""strength"": ""45MG"", ""dosage_form"": ""TABLET, EXTENDED RELEASE"", ""route"": ""ORAL"", ""approval_date"": ""2022-03-16"", ""rld"": true, ""rs"": true, ""te_code"": null, ""marketing_type"": ""HUMAN PRESCRIPTION DRUG""}], ""patents"": [{""patent_number"": ""8962629"", ""expiration_date"": ""2031-01-15"", ""drug_substance_claim"": true, ""drug_product_claim"": false, ""patent_use_code"": ""U-3624"", ""delisted"": false, ""submission_date"": ""2022-04-14"", ""product_numbers"": [""003"", ""002""]}, {""patent_number"": ""8962629"", ""expiration_date"": ""2031-01-15"", ""drug_substance_claim"": true, ""drug_product_claim"": false, ""patent_use_code"": ""U-3945"", ""delisted"": false, ""submission_date"": ""2019-09-13"", ""product_numbers"": [""001""]}, {""patent_number"": ""RE47221"", ""expiration_date"": ""2033-08-16"", ""drug_substance_claim"": true, ""drug_product_claim"": false, ""patent_use_code"": null, ""delisted"": false, ""submission_date"": ""2022-04-14"", ""product_numbers"": [""003"", ""001"", ""002""]}, {""patent_number"": ""10202393"", ""expiration_date"": ""2036-10-17"", ""drug_substance_claim"": false, ""drug_product_claim"": true, ""patent_use_code"": null, ""delisted"": false, ""submission_date"": ""2022-04-14"", ""product_numbers"": [""003""]}, {""patent_number"": ""10344036"", ""expiration_date"": ""2036-10-17"", ""drug_substance_claim"": false, ""drug_product_claim"": true, ""patent_use_code"": null, ""delisted"": false, ""submission_date"": ""2022-02-10"", ""product_numbers"": [""002""]}, {""patent_number"": ""10519164"", ""expiration_date"": ""2036-10-17"", ""drug_substance_claim"": false, ""drug_product_claim"": true, ""patent_use_code"": null, ""delisted"": false, ""submission_date"": ""2020-01-29"", ""product_numbers"": [""001""]}, {""patent_number"": ""10550126"", ""expiration_date"": ""2036-10-17"", ""drug_substance_claim"": false, ""drug_product_claim"": false, ""patent_use_code"": ""U-3298"", ""delisted"": false, ""submission_date"": ""2022-02-10"", ""product_numbers"": [""002""]}, {""patent_number"": ""10597400"", ""expiration_date"": ""2036-10-17"", ""drug_substance_claim"": false, ""drug_product_claim"": false, ""patent_use_code"": ""U-3255"", ""delisted"": false, ""submission_date"": ""2020-04-17"", ""product_numbers"": [""001""]}, {""patent_number"": ""10730883"", ""expiration_date"": ""2036-10-17"", ""drug_substance_claim"": false, ""drug_product_claim"": true, ""patent_use_code"": null, ""delisted"": false, ""submission_date"": ""2022-02-10"", ""product_numbers"": [""002""]}, {""patent_number"": ""10981923"", ""expiration_date"": ""2036-10-17"", ""drug_substance_claim"": true, ""drug_product_claim"": false, ""patent_use_code"": null, ""delisted"": false, ""submission_date"": ""2022-04-14"", ""product_numbers"": [""003"", ""001"", ""002""]}, {""patent_number"": ""10981924"", ""expiration_date"": ""2036-10-17"", ""drug_substance_claim"": false, ""drug_product_claim"": true, ""patent_use_code"": null, ""delisted"": false, ""submission_date"": ""2021-05-18"", ""product_numbers"": [""001"", ""002""]}, {""patent_number"": ""10995095"", ""expiration_date"": ""2036-10-17"", ""drug_substance_claim"": false, ""drug_product_claim"": false, ""patent_use_code"": ""U-3298"", ""delisted"": false, ""submission_date"": ""2022-02-10"", ""product_numbers"": [""001""]}, {""patent_number"": ""11186584"", ""expiration_date"": ""2036-10-17"", ""drug_substance_claim"": true, ""drug_product_claim"": false, ""patent_use_code"": null, ""delisted"": false, ""submission_date"": ""2022-04-14"", ""product_numbers"": [""003"", ""001"", ""002""]}, {""patent_number"": ""11198697"", ""expiration_date"": ""2036-10-17"", ""drug_substance_claim"": false, ""drug_product_claim"": true, ""patent_use_code"": null, ""delisted"": false, ""submission_date"": ""2022-04-14"", ""product_numbers"": [""003"", ""001"", ""002""]}, {""patent_number"": ""11365198"", ""expiration_date"": ""2036-10-17"", ""drug_substance_claim"": false, ""drug_product_claim"": false, ""patent_use_code"": ""U-3275"", ""delisted"": false, ""submission_date"": ""2022-07-20"", ""product_numbers"": [""001""]}, {""patent_number"": ""11512092"", ""expiration_date"": ""2036-10-17"", ""drug_substance_claim"": false, ""drug_product_claim"": false, ""patent_use_code"": ""U-3371"", ""delisted"": false, ""submission_date"": ""2022-12-16"", ""product_numbers"": [""001""]}, {""patent_number"": ""11524964"", ""expiration_date"": ""2036-10-17"", ""drug_substance_claim"": false, ""drug_product_claim"": false, ""patent_use_code"": ""U-3371"", ""delisted"": false, ""submission_date"": ""2023-01-12"", ""product_numbers"": [""001""]}, {""patent_number"": ""11535624"", ""expiration_date"": ""2036-10-17"", ""drug_substance_claim"": false, ""drug_product_claim"": false, ""patent_use_code"": ""U-3255"", ""delisted"": false, ""submission_date"": ""2023-01-26"", ""product_numbers"": [""001""]}, {""patent_number"": ""11535625"", ""expiration_date"": ""2036-10-17"", ""drug_substance_claim"": false, ""drug_product_claim"": false, ""patent_use_code"": ""U-3298"", ""delisted"": false, ""submission_date"": ""2023-01-26"", ""product_numbers"": [""001""]}, {""patent_number"": ""11535626"", ""expiration_date"": ""2036-10-17"", ""drug_substance_claim"": false, ""drug_product_claim"": false, ""patent_use_code"": ""U-3298"", ""delisted"": false, ""submission_date"": ""2023-01-26"", ""product_numbers"": [""002""]}, {""patent_number"": ""11661425"", ""expiration_date"": ""2036-10-17"", ""drug_substance_claim"": true, ""drug_product_claim"": true, ""patent_use_code"": null, ""delisted"": false, ""submission_date"": ""2023-06-29"", ""product_numbers"": [""003"", ""001"", ""002""]}, {""patent_number"": ""11680069"", ""expiration_date"": ""2036-10-17"", ""drug_substance_claim"": true, ""drug_product_claim"": true, ""patent_use_code"": null, ""delisted"": false, ""submission_date"": ""2023-07-20"", ""product_numbers"": [""003"", ""001"", ""002""]}, {""patent_number"": ""11718627"", ""expiration_date"": ""2036-10-17"", ""drug_substance_claim"": true, ""drug_product_claim"": true, ""patent_use_code"": null, ""delisted"": false, ""submission_date"": ""2023-08-11"", ""product_numbers"": [""003"", ""001"", ""002""]}, {""patent_number"": ""11767326"", ""expiration_date"": ""2036-10-17"", ""drug_substance_claim"": false, ""drug_product_claim"": false, ""patent_use_code"": ""U-3298"", ""delisted"": false, ""submission_date"": ""2023-10-23"", ""product_numbers"": [""001"", ""002""]}, {""patent_number"": ""11773105"", ""expiration_date"": ""2036-10-17"", ""drug_substance_claim"": true, ""drug_product_claim"": true, ""patent_use_code"": null, ""delisted"": false, ""submission_date"": ""2023-11-02"", ""product_numbers"": [""003"", ""001"", ""002""]}, {""patent_number"": ""11773106"", ""expiration_date"": ""2036-10-17"", ""drug_substance_claim"": false, ""drug_product_claim"": false, ""patent_use_code"": ""U-3371"", ""delisted"": false, ""submission_date"": ""2023-11-02"", ""product_numbers"": [""001""]}, {""patent_number"": ""11780847"", ""expiration_date"": ""2036-10-17"", ""drug_substance_claim"": false, ""drug_product_claim"": true, ""patent_use_code"": null, ""delisted"": false, ""submission_date"": ""2023-11-08"", ""product_numbers"": [""001""]}, {""patent_number"": ""11780848"", ""expiration_date"": ""2036-10-17"", ""drug_substance_claim"": false, ""drug_product_claim"": false, ""patent_use_code"": ""U-3371"", ""delisted"": false, ""submission_date"": ""2023-11-08"", ""product_numbers"": [""001""]}, {""patent_number"": ""11787815"", ""expiration_date"": ""2036-10-17"", ""drug_substance_claim"": false, ""drug_product_claim"": true, ""patent_use_code"": null, ""delisted"": false, ""submission_date"": ""2023-11-08"", ""product_numbers"": [""001""]}, {""patent_number"": ""11795175"", ""expiration_date"": ""2036-10-17"", ""drug_substance_claim"": false, ""drug_product_claim"": false, ""patent_use_code"": ""U-3255"", ""delisted"": false, ""submission_date"": ""2023-11-22"", ""product_numbers"": [""001""]}, {""patent_number"": ""11976077"", ""expiration_date"": ""2036-10-17"", ""drug_substance_claim"": false, ""drug_product_claim"": false, ""patent_use_code"": ""U-3298"", ""delisted"": false, ""submission_date"": ""2024-06-05"", ""product_numbers"": [""001""]}, {""patent_number"": ""11993605"", ""expiration_date"": ""2036-10-17"", ""drug_substance_claim"": false, ""drug_product_claim"": false, ""patent_use_code"": ""U-3946"", ""delisted"": false, ""submission_date"": ""2024-06-26"", ""product_numbers"": [""001""]}, {""patent_number"": ""11993606"", ""expiration_date"": ""2036-10-17"", ""drug_substance_claim"": false, ""drug_product_claim"": false, ""patent_use_code"": ""U-3487"", ""delisted"": false, ""submission_date"": ""2024-06-26"", ""product_numbers"": [""001""]}, {""patent_number"": ""12077545"", ""expiration_date"": ""2036-10-17"", ""drug_substance_claim"": false, ""drug_product_claim"": true, ""patent_use_code"": null, ""delisted"": false, ""submission_date"": ""2024-09-27"", ""product_numbers"": [""003"", ""001"", ""002""]}, {""patent_number"": ""12091415"", ""expiration_date"": ""2036-10-17"", ""drug_substance_claim"": false, ""drug_product_claim"": true, ""patent_use_code"": null, ""delisted"": false, ""submission_date"": ""2024-10-16"", ""product_numbers"": [""002""]}, {""patent_number"": ""12103933"", ""expiration_date"": ""2036-10-17"", ""drug_substance_claim"": false, ""drug_product_claim"": true, ""patent_use_code"": null, ""delisted"": false, ""submission_date"": ""2024-10-31"", ""product_numbers"": [""001""]}, {""patent_number"": ""12110297"", ""expiration_date"": ""2036-10-17"", ""drug_substance_claim"": false, ""drug_product_claim"": true, ""patent_use_code"": null, ""delisted"": false, ""submission_date"": ""2024-11-05"", ""product_numbers"": [""001""]}, {""patent_number"": ""12110298"", ""expiration_date"": ""2036-10-17"", ""drug_substance_claim"": true, ""drug_product_claim"": true, ""patent_use_code"": null, ""delisted"": false, ""submission_date"": ""2024-11-05"", ""product_numbers"": [""003"", ""001"", ""002""]}, {""patent_number"": ""12116373"", ""expiration_date"": ""2036-10-17"", ""drug_substance_claim"": false, ""drug_product_claim"": true, ""patent_use_code"": null, ""delisted"": false, ""submission_date"": ""2024-11-05"", ""product_numbers"": [""002""]}, {""patent_number"": ""12134621"", ""expiration_date"": ""2036-10-17"", ""drug_substance_claim"": false, ""drug_product_claim"": true, ""patent_use_code"": null, ""delisted"": false, ""submission_date"": ""2024-12-04"", ""product_numbers"": [""003""]}, {""patent_number"": ""12365689"", ""expiration_date"": ""2036-10-17"", ""drug_substance_claim"": false, ""drug_product_claim"": false, ""patent_use_code"": ""U-3945"", ""delisted"": false, ""submission_date"": ""2025-08-20"", ""product_numbers"": [""001""]}, {""patent_number"": ""12570664"", ""expiration_date"": ""2036-10-17"", ""drug_substance_claim"": false, ""drug_product_claim"": false, ""patent_use_code"": ""U-4454"", ""delisted"": false, ""submission_date"": ""2026-04-08"", ""product_numbers"": [""001""]}, {""patent_number"": ""9951080"", ""expiration_date"": ""2036-10-17"", ""drug_substance_claim"": true, ""drug_product_claim"": true, ""patent_use_code"": null, ""delisted"": false, ""submission_date"": ""2022-04-14"", ""product_numbers"": [""003"", ""001"", ""002""]}, {""patent_number"": ""9963459"", ""expiration_date"": ""2036-10-17"", ""drug_substance_claim"": false, ""drug_product_claim"": true, ""patent_use_code"": null, ""delisted"": false, ""submission_date"": ""2019-09-13"", ""product_numbers"": [""001""]}, {""patent_number"": ""11564922"", ""expiration_date"": ""2038-03-09"", ""drug_substance_claim"": false, ""drug_product_claim"": false, ""patent_use_code"": ""U-4303"", ""delisted"": false, ""submission_date"": ""2023-06-15"", ""product_numbers"": [""003"", ""001""]}, {""patent_number"": ""11564922"", ""expiration_date"": ""2038-03-09"", ""drug_substance_claim"": false, ""drug_product_claim"": false, ""patent_use_code"": ""U-3624"", ""delisted"": false, ""submission_date"": ""2023-08-11"", ""product_numbers"": [""002""]}, {""patent_number"": ""11607411"", ""expiration_date"": ""2038-03-09"", ""drug_substance_claim"": false, ""drug_product_claim"": false, ""patent_use_code"": ""U-3341"", ""delisted"": false, ""submission_date"": ""2023-04-18"", ""product_numbers"": [""003"", ""001"", ""002""]}], ""exclusivities"": [{""code"": ""I-919"", ""expiration_date"": ""2026-05-18"", ""product_numbers"": [""003"", ""001"", ""002""]}, {""code"": ""I-946"", ""expiration_date"": ""2027-04-26"", ""product_numbers"": [""003"", ""001"", ""002""]}, {""code"": ""NP"", ""expiration_date"": ""2027-04-26"", ""product_numbers"": [""001""]}, {""code"": ""NPP"", ""expiration_date"": ""2027-04-26"", ""product_numbers"": [""003"", ""001"", ""002""]}, {""code"": ""I-966"", ""expiration_date"": ""2028-04-28"", ""product_numbers"": [""001""]}, {""code"": ""ODE-481"", ""expiration_date"": ""2031-04-26"", ""product_numbers"": [""003"", ""001"", ""002""]}, {""code"": ""ODE-538"", ""expiration_date"": ""2032-04-28"", ""product_numbers"": [""001""]}], ""latest_patent_expiration"": ""2038-03-09"", ""latest_exclusivity_expiration"": ""2032-04-28"", ""data_file_date"": null}"
Ustekinumab,125261,"{""application_type"": ""BLA"", ""application_number"": ""125261"", ""registry"": ""purple_book"", ""center"": ""CDER"", ""proprietary_name"": ""Stelara"", ""applicant"": ""Janssen Biotech, Inc."", ""first_approval_date"": ""2009-09-25""}",
