nct_id,drug,trial_name,endpoint_rank,endpoint_position,endpoint_verbatim_sha1,timepoint,test_arm_id,reference_arm_id,comparison_kind,effect_type,effect_type_verbatim,effect_value,ci_pct,ci_lower,ci_upper,ci_sides,p_value_comparator,p_value,p_value_verbatim,statistical_method,adjusted_for
NCT00267969,Ustekinumab,PHOENIX1,primary,1,e69e19ca7e53d6b2fa4abf513b252061a7866603,12w,OG000,OG002,superiority,,,,95.0,,,,<,0.001,<0.001,Cochran-Mantel-Haenszel (CMH) chi square,
NCT00267969,Ustekinumab,PHOENIX1,primary,1,e69e19ca7e53d6b2fa4abf513b252061a7866603,12w,OG000,OG001,superiority,,,,95.0,,,,<,0.001,<0.001,Cochran-Mantel-Haenszel (CMH) chi square,
NCT00267969,Ustekinumab,PHOENIX1,secondary,1,7fc2916aa8ae0520e6be8910be43516eebfe0d15,12w,OG000,OG002,superiority,,,,95.0,,,,<,0.001,<0.001,Cochran-Mantel-Haenszel(CMH) chi square,
NCT00267969,Ustekinumab,PHOENIX1,secondary,1,7fc2916aa8ae0520e6be8910be43516eebfe0d15,12w,OG000,OG001,superiority,,,,95.0,,,,<,0.001,<0.001,Cochran-Mantel-Haenszel (CMH) chi square,
NCT00267969,Ustekinumab,PHOENIX1,secondary,2,31f5eb6c168fe0bcf3d0667a76bddacd81273cb7,12w,OG000,OG002,superiority,,,,95.0,,,,<,0.001,<0.001,ANOVA on van der Waerden normal scores,
NCT00267969,Ustekinumab,PHOENIX1,secondary,2,31f5eb6c168fe0bcf3d0667a76bddacd81273cb7,12w,OG000,OG001,superiority,,,,95.0,,,,<,0.001,<0.001,ANOVA on van der Waerden normal scores,
NCT00267969,Ustekinumab,PHOENIX1,secondary,3,2bc6f2c8b840b322c099309737e68ad43bd2bac0,52w,OG004,OG005,superiority,,,,95.0,,,,<,0.001,<0.001,Cochran-Mantel-Haenszel (CMH) chi square,
NCT00267969,Ustekinumab,PHOENIX1,secondary,3,2bc6f2c8b840b322c099309737e68ad43bd2bac0,52w,OG002,OG003,superiority,,,,95.0,,,,<,0.001,<0.001,Cochran-Mantel-Haenszel (CMH) chi square,
NCT00267969,Ustekinumab,PHOENIX1,secondary,3,2bc6f2c8b840b322c099309737e68ad43bd2bac0,52w,OG000,OG001,superiority,,,,95.0,,,,=,0.001,0.001,Cochran-Mantel-Haenszel (CMH) chi square,
NCT00307437,Ustekinumab,,primary,1,8f0d24f34589e257bb26a9906a3bc4d9d679c9b0,12w,OG000,OG002,superiority,,,,95.0,,,,<,0.001,<0.001,Cochran-Mantel-Haenszel (CMH) chi square,
NCT00307437,Ustekinumab,,primary,1,8f0d24f34589e257bb26a9906a3bc4d9d679c9b0,12w,OG000,OG001,superiority,,,,95.0,,,,<,0.001,<0.001,Cochran-Mantel-Haenszel (CMH) chi square,
NCT00307437,Ustekinumab,,secondary,1,039c3b912af434418ba7c1bee8b8ec324219edf9,12w,OG000,OG002,superiority,,,,95.0,,,,<,0.001,<0.001,Cochran-Mantel-Haenszel (CMH) chi square,
NCT00307437,Ustekinumab,,secondary,1,039c3b912af434418ba7c1bee8b8ec324219edf9,12w,OG000,OG001,superiority,,,,95.0,,,,<,0.001,<0.001,Cochran-Mantel-Haenszel (CMH) chi square,
NCT00307437,Ustekinumab,,secondary,2,c12371955872caab66c6fedee2e102c1430b1c33,12w,OG000,OG002,superiority,,,,95.0,,,,<,0.001,<0.001,ANOVA on van der Waerden normal scores,
NCT00307437,Ustekinumab,,secondary,2,c12371955872caab66c6fedee2e102c1430b1c33,12w,OG000,OG001,superiority,,,,95.0,,,,<,0.001,<0.001,ANOVA on van der Waerden normal scores,
NCT00307437,Ustekinumab,,secondary,3,81d87574213d86810e76eacf0a672dd71fc7bef0,40w,OG004,OG005,superiority,,,,95.0,,,,=,0.468,0.468,Cochran-Mantel-Haenszel (row mean score),
NCT00307437,Ustekinumab,,secondary,3,81d87574213d86810e76eacf0a672dd71fc7bef0,40w,OG000,OG001,superiority,,,,95.0,,,,=,0.21,0.210,Cochran-Mantel-Haenszel (row mean score),
NCT00307437,Ustekinumab,,secondary,3,81d87574213d86810e76eacf0a672dd71fc7bef0,40w,OG002,OG003,superiority,,,,95.0,,,,=,0.014,0.014,Cochran-Mantel-Haenszel (row mean score),
NCT01194219,Apremilast,ESTEEM 1,primary,1,5b3323acaf3435b40d5b4010e91ff15730406338,16w,OG000,OG001,superiority,risk_difference,Risk Difference (RD),27.8,95.0,23.1,32.5,2,<,0.0001,<0.0001,Chi-squared,
NCT01194219,Apremilast,ESTEEM 1,secondary,1,b5f2045ab00d70a0a55bb92bc856a4ab8d6de1b1,,OG000,OG001,superiority,risk_difference,Risk Difference (RD),17.8,95.0,13.7,21.9,2,<,0.0001,<0.0001,Chi-squared,
NCT01194219,Apremilast,ESTEEM 1,secondary,2,f8f45699f345d6b31ebdb58ebae2d99e107b6264,16w,OG000,OG001,superiority,ls_mean_difference,Difference in LS Mean,-40.78,95.0,-46.34,-35.21,2,<,0.0001,<0.0001,ANCOVA,
NCT01194219,Apremilast,ESTEEM 1,secondary,3,c3659864f456e4ef635fe2fd01d033d477639168,16w,OG000,OG001,superiority,ls_mean_difference,Difference in LS Mean,-35.3,95.0,-39.9,-30.6,2,<,0.0001,<0.0001,ANCOVA,
NCT01194219,Apremilast,ESTEEM 1,secondary,4,c1926447f32d141457dfa9f35383bdb54ad1916d,16w,OG000,OG001,superiority,risk_difference,Risk Difference (RD),41.7,95.0,35.7,47.7,2,<,0.0001,<0.0001,Chi-squared,
NCT01194219,Apremilast,ESTEEM 1,secondary,5,1ff10a640ff07e44ebb2c741a6d219c8ef763fd2,16w,OG000,OG001,superiority,ls_mean_difference,Difference in LS Mean,-24.2,95.0,-28.7,-19.8,2,<,0.0001,<0.0001,ANOVA,
NCT01194219,Apremilast,ESTEEM 1,secondary,6,313728535c9dce81e9e0a6c6745ddf6c36fcf607,16w,OG000,OG001,superiority,ls_mean_difference,Difference in LS Mean,-4.5,95.0,-5.4,-3.6,2,<,0.0001,<0.0001,ANOVA,
NCT01194219,Apremilast,ESTEEM 1,secondary,7,edbede0c0d259e5f4a8c8656392124aa33260e59,16w,OG000,OG001,superiority,ls_mean_difference,LS Mean Difference,3.08,95.0,1.81,4.35,2,<,0.0001,<0.0001,ANCOVA,
NCT01194219,Apremilast,ESTEEM 1,secondary,8,ea02b3ff7bf259279f25fa5440ee72f792168cca,16w,OG000,OG001,superiority,risk_difference,Risk Difference (RD),16.7,95.0,12.8,20.7,2,<,0.0001,<0.0001,Chi-squared,
NCT01194219,Apremilast,ESTEEM 1,secondary,9,24ab3a2b494679a850aa45a7ee487552a5d38535,32w,OG000,OG001,superiority,hazard_ratio,Hazard Ratio (HR),2.649,95.0,1.768,3.969,2,<,0.0001,<0.0001,Log Rank,
NCT01232283,Apremilast,ESTEEM 2,primary,1,008ec4c24cf411e20e1ece7542a4e21232a94a74,16w,OG000,OG001,superiority,risk_difference,Risk Difference (RD),23.0,95.0,16.3,29.6,2,<,0.0001,<0.0001,Chi-squared,
NCT01232283,Apremilast,ESTEEM 2,secondary,1,d2d01d8efc3d3a1e49d95ad8e2f900ef50f7bd3d,,OG000,OG001,superiority,risk_difference,Risk Difference (RD),16.1,95.0,10.2,21.9,2,<,0.0001,<0.0001,Chi-squared,
NCT01232283,Apremilast,ESTEEM 2,secondary,2,35192f21966ac353c41afb067a31e1514c973107,16w,OG000,OG001,superiority,ls_mean_difference,Difference in LS Mean,-42.15,95.0,-51.11,-33.2,2,<,0.0001,<0.0001,ANCOVA,
NCT01232283,Apremilast,ESTEEM 2,secondary,4,c1926447f32d141457dfa9f35383bdb54ad1916d,16w,OG000,OG001,superiority,risk_difference,Risk Difference (RD),35.8,95.0,26.9,44.7,2,<,0.0001,< 0.0001,Chi-squared,
NCT01232283,Apremilast,ESTEEM 2,secondary,5,1ff10a640ff07e44ebb2c741a6d219c8ef763fd2,16w,OG000,OG001,superiority,ls_mean_difference,LS Mean Difference,-21.3,95.0,-28.4,-14.2,2,<,0.0001,<0.0001,ANCOVA,
NCT01232283,Apremilast,ESTEEM 2,secondary,6,53b08183cd81b6b6ff8dd7e347a32b3eb448cd9c,16w,OG000,OG001,superiority,ls_mean_difference,LS Mean Difference,-4.0,95.0,-5.3,-2.8,2,<,0.0001,<0.0001,ANCOVA,
NCT01232283,Apremilast,ESTEEM 2,secondary,7,edbede0c0d259e5f4a8c8656392124aa33260e59,16w,OG000,OG001,superiority,ls_mean_difference,LS Mean Difference,2.63,95.0,0.69,4.56,2,=,0.0078,0.0078,ANCOVA,
NCT01232283,Apremilast,ESTEEM 2,secondary,8,ea02b3ff7bf259279f25fa5440ee72f792168cca,16w,OG000,OG001,superiority,risk_difference,Risk Difference (RD),14.2,95.0,8.5,20.0,2,<,0.0001,<0.0001,Chi-squared,
NCT01232283,Apremilast,ESTEEM 2,secondary,9,e5969d21b82260f0ecfa34de93862c9654591678,32w,OG000,OG001,superiority,hazard_ratio,Hazard Ratio (HR),7.7,95.0,3.408,17.399,2,<,0.0001,<0.0001,Log Rank,
NCT01264939,Omalizumab,,secondary,1,dbe7c119e2292f1509d42821a26a7a76adbdf232,12w,OG000,OG001,superiority,ls_mean_difference,Least squares mean difference,-4.52,95.0,-5.97,-3.08,2,<,0.0001,<0.0001,ANCOVA,
NCT01264939,Omalizumab,,secondary,2,dcedaa4645d02a06984fa293492faa5c3b8ea514,12w,OG000,OG001,superiority,ls_mean_difference,Least squares mean difference,-10.02,95.0,-13.17,-6.86,2,<,0.0001,<0.0001,ANCOVA,
NCT01264939,Omalizumab,,secondary,3,979bfc125458e5fe8220c741a20ed9b8cfae9baf,12w,OG000,OG001,superiority,ls_mean_difference,Least squares mean difference,-5.9,95.0,-7.72,-4.07,2,<,0.0001,<0.0001,ANCOVA,
NCT01264939,Omalizumab,,secondary,4,57b12227207437afb05f0c8276dc8d03e8ca6699,12w,OG000,OG001,superiority,hazard_ratio,Hazard Ratio (HR),1.99,95.0,1.47,2.68,2,<,0.0001,<0.0001,Cox proportional hazards model,
NCT01264939,Omalizumab,,secondary,5,2f4dd21a162d2d6c04dd515fb07cde39fddceb96,12w,OG000,OG001,superiority,,,,95.0,,,,<,0.0001,<0.0001,Cochran-Mantel-Haenszel,
NCT01264939,Omalizumab,,secondary,6,ba660141baad848f510cae70c9d0ea63f55f0000,12w,OG000,OG001,superiority,,,,95.0,,,,<,0.0001,<0.0001,Cochran-Mantel-Haenszel,
NCT01264939,Omalizumab,,secondary,7,e109d613bb4ea4ea58de8d4f97b401a64a4c541d,12w,OG000,OG001,superiority,ls_mean_difference,Least squares mean difference,-5.61,95.0,-7.25,-3.96,2,<,0.0001,<0.0001,ANCOVA,
NCT01264939,Omalizumab,,secondary,8,8af5409aff134175b01d95a329501d67f52394b4,12w,OG000,OG001,superiority,ls_mean_difference,Least squares mean difference,-4.67,95.0,-6.28,-3.06,2,<,0.0001,<0.0001,ANCOVA,
NCT01264939,Omalizumab,,secondary,9,9aedca76a04b250cbcbd344134ff3f8e60357074,4-12w,OG000,OG001,superiority,,,,95.0,,,,=,0.0006,0.0006,Stratified Wilcoxon,
NCT01264939,Omalizumab,,secondary,10,f4376ec3cd79b1dc02067211ea72514f765318b8,12w,OG000,OG001,superiority,,,,95.0,,,,<,0.0001,<0.0001,Cochran-Mantel-Haenszel,
NCT01270971,Tavaborole,,primary,1,6e3183e897981a863b3ea1e4576b07c994b1c370,52w,OG000,OG001,superiority,,,,,,,,=,0.001,0.001,Cochran-Mantel-Haenszel,
NCT01270971,Tavaborole,,secondary,1,6607b9b8e7ee24fde9d2f187da85649f195a5e3d,52w,OG000,OG001,superiority,,,,,,,,<,0.001,<0.001,Cochran-Mantel-Haenszel,
NCT01270971,Tavaborole,,secondary,2,455e2c4fecce0ddc98c028a869dc306121fa321b,52w,OG000,OG001,superiority,,,,,,,,<,0.001,<0.001,Cochran-Mantel-Haenszel,
NCT01270971,Tavaborole,,secondary,3,2e2e4974f51660d78fce3c7996a5c72ab382d22c,52w,OG000,OG001,superiority,,,,,,,,<,0.001,<0.001,Cochran-Mantel-Haenszel,
NCT01287117,Omalizumab,,primary,1,4b18ae73273aaf08906da71d91d09989b4d44ee2,12w,OG000,OG001,superiority,ls_mean_difference,Least squares mean difference,-2.96,95.0,-4.71,-1.21,2,=,0.001,0.0010,ANCOVA,
NCT01287117,Omalizumab,,primary,1,4b18ae73273aaf08906da71d91d09989b4d44ee2,12w,OG000,OG002,superiority,ls_mean_difference,Least squares mean difference,-2.95,95.0,-4.72,-1.18,2,=,0.0012,0.0012,ANCOVA,
NCT01287117,Omalizumab,,primary,1,4b18ae73273aaf08906da71d91d09989b4d44ee2,12w,OG000,OG003,superiority,ls_mean_difference,Least squares mean difference,-5.8,95.0,-7.49,-4.1,2,<,0.0001,<0.0001,ANCOVA,
NCT01287117,Omalizumab,,secondary,1,dcedaa4645d02a06984fa293492faa5c3b8ea514,12w,OG000,OG001,superiority,ls_mean_difference,Least squares mean difference,-5.75,95.0,-9.59,-1.92,2,=,0.0035,0.0035,ANCOVA,
NCT01287117,Omalizumab,,secondary,1,dcedaa4645d02a06984fa293492faa5c3b8ea514,12w,OG000,OG002,superiority,ls_mean_difference,Least squares mean difference,-6.54,95.0,-10.33,-2.75,2,=,0.0008,0.0008,ANCOVA,
NCT01287117,Omalizumab,,secondary,1,dcedaa4645d02a06984fa293492faa5c3b8ea514,12w,OG000,OG003,superiority,ls_mean_difference,Least squares mean difference,-12.8,95.0,-16.44,-9.16,2,<,0.0001,<0.0001,ANCOVA,
NCT01287117,Omalizumab,,secondary,2,979bfc125458e5fe8220c741a20ed9b8cfae9baf,12w,OG000,OG001,superiority,ls_mean_difference,Least squares mean difference,-2.75,95.0,-4.95,-0.54,2,=,0.0149,0.0149,ANCOVA,
NCT01287117,Omalizumab,,secondary,2,979bfc125458e5fe8220c741a20ed9b8cfae9baf,12w,OG000,OG002,superiority,ls_mean_difference,Least squares mean difference,-3.44,95.0,-5.57,-1.32,2,=,0.0017,0.0017,ANCOVA,
NCT01287117,Omalizumab,,secondary,2,979bfc125458e5fe8220c741a20ed9b8cfae9baf,12w,OG000,OG003,superiority,ls_mean_difference,Least squares mean difference,-6.93,95.0,-9.1,-4.76,2,<,0.0001,<0.0001,ANCOVA,
NCT01287117,Omalizumab,,secondary,3,57b12227207437afb05f0c8276dc8d03e8ca6699,12w,OG000,OG001,superiority,hazard_ratio,Hazard Ratio (HR),1.39,95.0,0.95,2.03,2,=,0.0879,0.0879,Cox proportional hazards model,
NCT01287117,Omalizumab,,secondary,3,57b12227207437afb05f0c8276dc8d03e8ca6699,12w,OG000,OG002,superiority,hazard_ratio,Hazard Ratio (HR),1.49,95.0,1.04,2.14,2,=,0.0301,0.0301,Cox proportional hazards model,
NCT01287117,Omalizumab,,secondary,3,57b12227207437afb05f0c8276dc8d03e8ca6699,12w,OG000,OG003,superiority,hazard_ratio,Hazard Ratio (HR),2.34,95.0,1.63,3.36,2,<,0.0001,<0.0001,Cox proportional hazards model,
NCT01287117,Omalizumab,,secondary,4,2f4dd21a162d2d6c04dd515fb07cde39fddceb96,12w,OG000,OG001,superiority,,,,95.0,,,,=,0.0148,0.0148,Cochran-Mantel-Haenszel,
NCT01287117,Omalizumab,,secondary,4,2f4dd21a162d2d6c04dd515fb07cde39fddceb96,12w,OG000,OG002,superiority,,,,95.0,,,,<,0.0001,<0.0001,Cochran-Mantel-Haenszel,
NCT01287117,Omalizumab,,secondary,4,2f4dd21a162d2d6c04dd515fb07cde39fddceb96,12w,OG000,OG003,superiority,,,,95.0,,,,<,0.0001,<0.0001,Cochran-Mantel-Haenszel,
NCT01287117,Omalizumab,,secondary,5,ba660141baad848f510cae70c9d0ea63f55f0000,12w,OG000,OG001,superiority,,,,95.0,,,,=,0.0118,0.0118,Cochran-Mantel-Haenszel,
NCT01287117,Omalizumab,,secondary,5,ba660141baad848f510cae70c9d0ea63f55f0000,12w,OG000,OG002,superiority,,,,95.0,,,,=,0.0226,0.0226,Cochran-Mantel-Haenszel,
NCT01287117,Omalizumab,,secondary,5,ba660141baad848f510cae70c9d0ea63f55f0000,12w,OG000,OG003,superiority,,,,95.0,,,,<,0.0001,<0.0001,Cochran-Mantel-Haenszel,
NCT01287117,Omalizumab,,secondary,6,e109d613bb4ea4ea58de8d4f97b401a64a4c541d,12w,OG000,OG001,superiority,ls_mean_difference,Least squares mean difference,-2.34,95.0,-4.17,-0.51,2,=,0.0124,0.0124,ANCOVA,
NCT01287117,Omalizumab,,secondary,6,e109d613bb4ea4ea58de8d4f97b401a64a4c541d,12w,OG000,OG002,superiority,ls_mean_difference,Least squares mean difference,-3.16,95.0,-5.05,-1.27,2,=,0.0012,0.0012,ANCOVA,
NCT01287117,Omalizumab,,secondary,6,e109d613bb4ea4ea58de8d4f97b401a64a4c541d,12w,OG000,OG003,superiority,ls_mean_difference,Least squares mean difference,-5.73,95.0,-7.59,-3.87,2,<,0.0001,<0.0001,ANCOVA,
NCT01287117,Omalizumab,,secondary,7,8af5409aff134175b01d95a329501d67f52394b4,12w,OG000,OG001,superiority,ls_mean_difference,Least squares mean difference,0.26,95.0,-1.76,2.28,2,=,0.7956,0.7956,ANCOVA,
NCT01287117,Omalizumab,,secondary,7,8af5409aff134175b01d95a329501d67f52394b4,12w,OG000,OG002,superiority,ls_mean_difference,Least squares mean difference,-1.31,95.0,-3.46,0.84,2,=,0.2286,0.2286,ANCOVA,
NCT01287117,Omalizumab,,secondary,7,8af5409aff134175b01d95a329501d67f52394b4,12w,OG000,OG003,superiority,ls_mean_difference,Least squares mean difference,-4.08,95.0,-5.96,-2.2,2,<,0.0001,<0.0001,ANCOVA,
NCT01287117,Omalizumab,,secondary,8,9aedca76a04b250cbcbd344134ff3f8e60357074,4-12w,OG000,OG001,superiority,,,,95.0,,,,=,0.4867,0.4867,Stratified Wilcoxon,
NCT01287117,Omalizumab,,secondary,8,9aedca76a04b250cbcbd344134ff3f8e60357074,4-12w,OG000,OG002,superiority,,,,95.0,,,,=,0.1747,0.1747,Stratified Wilcoxon,
NCT01287117,Omalizumab,,secondary,8,9aedca76a04b250cbcbd344134ff3f8e60357074,4-12w,OG000,OG003,superiority,,,,95.0,,,,<,0.0001,<0.0001,Stratified Wilcoxon,
NCT01287117,Omalizumab,,secondary,9,f4376ec3cd79b1dc02067211ea72514f765318b8,12w,OG000,OG001,superiority,,,,95.0,,,,=,0.458,0.4580,Cochran-Mantel-Haenszel,
NCT01287117,Omalizumab,,secondary,9,f4376ec3cd79b1dc02067211ea72514f765318b8,12w,OG000,OG002,superiority,,,,95.0,,,,=,0.2087,0.2087,Cochran-Mantel-Haenszel,
NCT01287117,Omalizumab,,secondary,9,f4376ec3cd79b1dc02067211ea72514f765318b8,12w,OG000,OG003,superiority,,,,95.0,,,,<,0.0001,<0.0001,Cochran-Mantel-Haenszel,
NCT01292473,Omalizumab,,primary,1,07f30a5483711e39e0d686d58c5b65fcb17085fe,12w,OG000,OG001,superiority,ls_mean_difference,Least Squares Mean Difference,-0.69,95.0,-2.54,1.16,2,=,0.4637,0.4637,ANCOVA,
NCT01292473,Omalizumab,,primary,1,07f30a5483711e39e0d686d58c5b65fcb17085fe,12w,OG000,OG002,superiority,ls_mean_difference,Least Squares Mean Difference,-3.04,95.0,-4.85,-1.24,2,=,0.0011,0.0011,ANCOVA,
NCT01292473,Omalizumab,,primary,1,07f30a5483711e39e0d686d58c5b65fcb17085fe,12w,OG000,OG003,superiority,ls_mean_difference,Least Squares Mean Difference,-4.81,95.0,-6.49,-3.13,2,<,0.0001,<0.0001,ANCOVA,
NCT01292473,Omalizumab,,secondary,1,7f0f5f55d5b144f21179579aa07d4d115d349f5f,12w,OG000,OG001,superiority,ls_mean_difference,Least Squares Mean Difference,-2.73,95.0,-6.53,1.07,2,=,0.1575,0.1575,ANCOVA,
NCT01292473,Omalizumab,,secondary,1,7f0f5f55d5b144f21179579aa07d4d115d349f5f,12w,OG000,OG002,superiority,ls_mean_difference,Least Squares Mean Difference,-7.69,95.0,-11.49,-3.88,,=,0.0001,0.0001,ANCOVA,
NCT01292473,Omalizumab,,secondary,1,7f0f5f55d5b144f21179579aa07d4d115d349f5f,12w,OG000,OG003,superiority,ls_mean_difference,Least Squares Mean Difference,-12.4,95.0,-16.13,-8.66,2,<,0.0001,<0.0001,ANCOVA,
NCT01292473,Omalizumab,,secondary,2,0ce6d027cc5e05a8850667fb0d6028256411c04d,12w,OG000,OG001,superiority,ls_mean_difference,Least Squares Mean Difference,-2.01,95.0,-4.11,0.09,2,=,0.0603,0.0603,ANCOVA,
NCT01292473,Omalizumab,,secondary,2,0ce6d027cc5e05a8850667fb0d6028256411c04d,12w,OG000,OG002,superiority,ls_mean_difference,Least Squares Mean Difference,-4.51,95.0,-6.65,-2.36,2,<,0.0001,<0.0001,ANCOVA,
NCT01292473,Omalizumab,,secondary,2,0ce6d027cc5e05a8850667fb0d6028256411c04d,12w,OG000,OG003,superiority,ls_mean_difference,Least Squares Mean Difference,-7.09,95.0,-9.26,-4.93,2,<,0.0001,<0.0001,ANCOVA,
NCT01292473,Omalizumab,,secondary,3,57b12227207437afb05f0c8276dc8d03e8ca6699,12w,OG000,OG001,superiority,hazard_ratio,Hazard Ratio (HR),1.43,95.0,1.0,2.05,2,=,0.0478,0.0478,Cox proportional hazards model,
NCT01292473,Omalizumab,,secondary,3,57b12227207437afb05f0c8276dc8d03e8ca6699,12w,OG000,OG002,superiority,hazard_ratio,Hazard Ratio (HR),1.59,95.0,1.12,2.26,2,=,0.0101,0.0101,Cox proportional hazards model,
NCT01292473,Omalizumab,,secondary,3,57b12227207437afb05f0c8276dc8d03e8ca6699,12w,OG000,OG003,superiority,hazard_ratio,Hazard Ratio (HR),2.12,95.0,1.48,3.03,2,<,0.0001,<0.0001,Cox proportional hazards model,
NCT01292473,Omalizumab,,secondary,4,fb1aa9a800e6f3aa12c0920352e7eefd7d404d59,12w,OG000,OG001,superiority,,,,,,,,=,0.3419,0.3419,Cochran-Mantel-Haenszel,
NCT01292473,Omalizumab,,secondary,4,fb1aa9a800e6f3aa12c0920352e7eefd7d404d59,12w,OG000,OG002,superiority,,,,,,,,=,0.001,0.0010,Cochran-Mantel-Haenszel,
NCT01292473,Omalizumab,,secondary,4,fb1aa9a800e6f3aa12c0920352e7eefd7d404d59,12w,OG000,OG003,superiority,,,,,,,,<,0.0001,<0.0001,Cochran-Mantel-Haenszel,
NCT01292473,Omalizumab,,secondary,5,ba660141baad848f510cae70c9d0ea63f55f0000,12w,OG000,OG001,superiority,,,,,,,,=,0.4366,0.4366,Cochran-Mantel-Haenszel,
NCT01292473,Omalizumab,,secondary,5,ba660141baad848f510cae70c9d0ea63f55f0000,12w,OG000,OG002,superiority,,,,,,,,=,0.0045,0.0045,Cochran-Mantel-Haenszel,
NCT01292473,Omalizumab,,secondary,5,ba660141baad848f510cae70c9d0ea63f55f0000,12w,OG000,OG003,superiority,,,,,,,,<,0.0001,<0.0001,Cochran-Mantel-Haenszel,
NCT01292473,Omalizumab,,secondary,6,7cb12a90189501db7304eef5fed8f9af572a7c62,12w,OG000,OG001,superiority,ls_mean_difference,Least Squares Mean Difference,-2.48,95.0,-4.32,-0.65,2,=,0.0082,0.0082,ANCOVA,
NCT01292473,Omalizumab,,secondary,6,7cb12a90189501db7304eef5fed8f9af572a7c62,12w,OG000,OG002,superiority,ls_mean_difference,Least Squares Mean Difference,-3.76,95.0,-5.61,-1.9,2,<,0.0001,<0.0001,ANCOVA,
NCT01292473,Omalizumab,,secondary,6,7cb12a90189501db7304eef5fed8f9af572a7c62,12w,OG000,OG003,superiority,ls_mean_difference,Least Squares Mean Difference,-7.15,95.0,-9.03,-5.27,2,<,0.0001,<0.0001,ANCOVA,
NCT01292473,Omalizumab,,secondary,7,aa472bb8e3bf77b71403992fd902fac144924f50,12w,OG000,OG001,superiority,ls_mean_difference,Least Squares Mean Difference,-1.68,95.0,-3.82,0.45,2,=,0.1207,0.1207,ANCOVA,
NCT01292473,Omalizumab,,secondary,7,aa472bb8e3bf77b71403992fd902fac144924f50,12w,OG000,OG002,superiority,ls_mean_difference,Least Squares Mean Difference,-2.51,95.0,-4.64,-0.38,2,=,0.0215,0.0215,ANCOVA,
NCT01292473,Omalizumab,,secondary,7,aa472bb8e3bf77b71403992fd902fac144924f50,12w,OG000,OG003,superiority,ls_mean_difference,Least Squares Mean Difference,-3.79,95.0,-5.85,-1.73,2,=,0.0004,0.0004,ANCOVA,
NCT01292473,Omalizumab,,secondary,8,9aedca76a04b250cbcbd344134ff3f8e60357074,4-12w,OG000,OG001,superiority,,,,,,,,=,0.1361,0.1361,Stratified Wilcoxon,
NCT01292473,Omalizumab,,secondary,8,9aedca76a04b250cbcbd344134ff3f8e60357074,4-12w,OG000,OG002,superiority,,,,,,,,=,0.0905,0.0905,Stratified Wilcoxon,
NCT01292473,Omalizumab,,secondary,8,9aedca76a04b250cbcbd344134ff3f8e60357074,4-12w,OG000,OG003,superiority,,,,,,,,<,0.0001,<0.0001,Stratified Wilcoxon,
NCT01302119,Tavaborole,,primary,1,6e3183e897981a863b3ea1e4576b07c994b1c370,52w,OG000,OG001,superiority,,,,,,,,<,0.001,<0.001,Cochran-Mantel-Haenszel,
NCT01302119,Tavaborole,,secondary,1,6607b9b8e7ee24fde9d2f187da85649f195a5e3d,52w,OG000,OG001,superiority,,,,,,,,<,0.001,<0.001,Cochran-Mantel-Haenszel,
NCT01302119,Tavaborole,,secondary,2,455e2c4fecce0ddc98c028a869dc306121fa321b,52w,OG000,OG001,superiority,,,,,,,,<,0.001,<0.001,Cochran-Mantel-Haenszel,
NCT01302119,Tavaborole,,secondary,3,2e2e4974f51660d78fce3c7996a5c72ab382d22c,52w,OG000,OG001,superiority,,,,,,,,<,0.001,<0.001,Cochran-Mantel-Haenszel,
NCT01397461,Ozenoxacin,,primary,1,9e737060a20214802d6735ee22c7c6986d6f443b,,OG000,OG001,superiority,,,,,,,,=,0.003,0.003,Chi-squared,
NCT01468207,Adalimumab,PIONEER I,primary,1,8fd6cdf3f518e4125548ee194f988724ee0b3679,12w,OG000,OG001,superiority,mean_difference,Adjusted mean difference,15.9,95.0,5.3,26.5,2,=,0.003,=0.003,Cochran-Mantel-Haenszel,
NCT01468207,Adalimumab,PIONEER I,primary,1,8fd6cdf3f518e4125548ee194f988724ee0b3679,12w,OG002,OG004,superiority,mean_difference,Mean Difference (Final Values),14.8,95.0,0.3,29.3,2,=,0.048,=0.048,Chi-squared,
NCT01468207,Adalimumab,PIONEER I,primary,1,8fd6cdf3f518e4125548ee194f988724ee0b3679,12w,OG003,OG005,superiority,mean_difference,Mean Difference (Final Values),17.1,95.0,2.2,32.1,2,=,0.027,=0.027,Chi-squared,
NCT01468207,Adalimumab,PIONEER I,secondary,1,3a00c113d36406fbeda30c9d83f0611830c26589,12w,OG000,OG001,superiority,mean_difference,Mean Difference (Final Values),0.3,95.0,-13.4,14.1,2,=,0.961,=0.961,Chi-squared,
NCT01468207,Adalimumab,PIONEER I,secondary,2,f4050cfe22c13ab0795373adb1582c59a0454082,12w,OG000,OG001,superiority,mean_difference,Adjusted mean difference,2.8,95.0,-8.6,14.2,2,=,0.628,=0.628,Cochran-Mantel-Haenszel,
NCT01468207,Adalimumab,PIONEER I,secondary,3,99bb95d3d72962392f906599a54c5e7630fb079b,12w,OG000,OG001,superiority,ls_mean_difference,LS mean difference,-8.7,95.0,-19.7,2.4,2,=,0.124,=0.124,ANCOVA,
NCT01468233,Adalimumab,PIONEER II,primary,1,8fd6cdf3f518e4125548ee194f988724ee0b3679,12w,OG000,OG001,superiority,mean_difference,Adjusted mean difference,31.5,95.0,20.7,42.2,2,<,0.001,<0.001,Cochran-Mantel-Haenszel,
NCT01468233,Adalimumab,PIONEER II,primary,1,8fd6cdf3f518e4125548ee194f988724ee0b3679,12w,OG002,OG004,superiority,mean_difference,Adjusted mean difference,25.5,95.0,10.5,40.5,2,<,0.001,<0.001,Cochran-Mantel-Haenszel,
NCT01468233,Adalimumab,PIONEER II,primary,1,8fd6cdf3f518e4125548ee194f988724ee0b3679,12w,OG003,OG005,superiority,mean_difference,Adjusted mean difference,38.1,95.0,22.8,53.3,2,<,0.001,<0.001,Cochran-Mantel-Haenszel,
NCT01468233,Adalimumab,PIONEER II,secondary,1,3a00c113d36406fbeda30c9d83f0611830c26589,12w,OG000,OG001,superiority,mean_difference,Adjusted mean difference,19.5,95.0,4.7,34.2,2,=,0.01,=0.01,Cochran-Mantel-Haenszel,
NCT01468233,Adalimumab,PIONEER II,secondary,2,f4050cfe22c13ab0795373adb1582c59a0454082,12w,OG000,OG001,superiority,mean_difference,Adjusted mean difference,25.1,95.0,12.7,37.6,2,<,0.001,<0.001,Cochran-Mantel-Haenszel,
NCT01468233,Adalimumab,PIONEER II,secondary,3,99bb95d3d72962392f906599a54c5e7630fb079b,12w,OG000,OG001,superiority,ls_mean_difference,LS mean difference,-19.4,95.0,-28.6,-10.1,2,<,0.001,<0.001,ANCOVA,
NCT01474512,Ixekizumab,UNCOVER-1,primary,1,f528bb0a30ae39938638c93952e78af6decdb0a7,12w,OG000,OG001,superiority,,,,,,,2,<,0.001,<0.001,"Regression, Logistic",
NCT01474512,Ixekizumab,UNCOVER-1,primary,1,f528bb0a30ae39938638c93952e78af6decdb0a7,12w,OG000,OG002,superiority,,,,,,,2,<,0.001,<0.001,"Regression, Logistic",
NCT01474512,Ixekizumab,UNCOVER-1,primary,2,8b0925e03fb8ef7793a8557186cdbd6a01dfec5c,12w,OG000,OG001,superiority,,,,,,,2,<,0.001,<0.001,"Regression, Logistic",
NCT01474512,Ixekizumab,UNCOVER-1,primary,2,8b0925e03fb8ef7793a8557186cdbd6a01dfec5c,12w,OG000,OG002,superiority,,,,,,,2,<,0.001,<0.001,"Regression, Logistic",
NCT01474512,Ixekizumab,UNCOVER-1,secondary,1,8b824902756ba01d6c6f535d7d960f8d37647397,,OG000,OG001,superiority,,,,,,,2,<,0.001,<0.001,Fisher Exact,
NCT01474512,Ixekizumab,UNCOVER-1,secondary,1,8b824902756ba01d6c6f535d7d960f8d37647397,,OG000,OG002,superiority,,,,,,,2,<,0.001,<0.001,Fisher Exact,
NCT01474512,Ixekizumab,UNCOVER-1,secondary,2,2976bda6f91437b8a908ffcc6ff787bfa216ab48,,OG000,OG001,superiority,,,,,,,2,<,0.001,<0.001,"Regression, Logistic",
NCT01474512,Ixekizumab,UNCOVER-1,secondary,2,2976bda6f91437b8a908ffcc6ff787bfa216ab48,,OG000,OG002,superiority,,,,,,,2,<,0.001,<0.001,"Regression, Logistic",
NCT01474512,Ixekizumab,UNCOVER-1,secondary,2,2976bda6f91437b8a908ffcc6ff787bfa216ab48,,OG000,OG001,superiority,,,,,,,2,<,0.001,<0.001,Fisher Exact,
NCT01474512,Ixekizumab,UNCOVER-1,secondary,2,2976bda6f91437b8a908ffcc6ff787bfa216ab48,,OG000,OG002,superiority,,,,,,,2,<,0.001,<0.001,Fisher Exact,
NCT01474512,Ixekizumab,UNCOVER-1,secondary,3,2e99ba58bd15b4171a3863d84e140659c7c65974,,OG000,OG001,superiority,,,,,,,2,<,0.001,<0.001,"Regression, Logistic",
NCT01474512,Ixekizumab,UNCOVER-1,secondary,3,2e99ba58bd15b4171a3863d84e140659c7c65974,,OG000,OG002,superiority,,,,,,,2,<,0.001,<0.001,"Regression, Logistic",
NCT01474512,Ixekizumab,UNCOVER-1,secondary,4,3d0632310a58c712b56fa84a07d70ade197929ba,,OG000,OG001,superiority,,,,,,,2,<,0.001,<0.001,"Regression, Logistic",
NCT01474512,Ixekizumab,UNCOVER-1,secondary,4,3d0632310a58c712b56fa84a07d70ade197929ba,,OG000,OG002,superiority,,,,,,,2,<,0.001,<0.001,"Regression, Logistic",
NCT01474512,Ixekizumab,UNCOVER-1,secondary,5,bb84c597787c35e2800e640f420a99305a1ae674,,OG000,OG001,superiority,,,,,,,2,<,0.001,<0.001,Mixed Models Analysis,
NCT01474512,Ixekizumab,UNCOVER-1,secondary,5,bb84c597787c35e2800e640f420a99305a1ae674,,OG000,OG002,superiority,,,,,,,2,<,0.001,<0.001,Mixed Models Analysis,
NCT01474512,Ixekizumab,UNCOVER-1,secondary,6,4b4606fb86e036c19ece9c0a14d45dcb3ee1ca2d,,OG000,OG001,superiority,,,,,,,2,<,0.001,<0.001,Mixed Models Analysis,
NCT01474512,Ixekizumab,UNCOVER-1,secondary,6,4b4606fb86e036c19ece9c0a14d45dcb3ee1ca2d,,OG000,OG002,superiority,,,,,,,2,<,0.001,<0.001,Mixed Models Analysis,
NCT01474512,Ixekizumab,UNCOVER-1,secondary,7,bbe4cba77104cc02726c1851c20b1a6b2eb3bb9e,,OG000,OG001,superiority,,,,,,,2,<,0.001,<0.001,Mixed Models Analysis,
NCT01474512,Ixekizumab,UNCOVER-1,secondary,7,bbe4cba77104cc02726c1851c20b1a6b2eb3bb9e,,OG000,OG002,superiority,,,,,,,2,<,0.001,<0.001,Mixed Models Analysis,
NCT01474512,Ixekizumab,UNCOVER-1,secondary,8,5865cc2de74934d10820366ca3c4e91224f0b068,,OG000,OG001,superiority,,,,,,,2,<,0.001,<0.001,Mixed Models Analysis,
NCT01474512,Ixekizumab,UNCOVER-1,secondary,8,5865cc2de74934d10820366ca3c4e91224f0b068,,OG000,OG002,superiority,,,,,,,2,<,0.001,<0.001,Mixed Models Analysis,
NCT01474512,Ixekizumab,UNCOVER-1,secondary,9,a444c1edfec29e84fc82e5304a54d6e75be0960e,,OG000,OG001,superiority,,,,,,,2,<,0.001,<0.001,ANCOVA,
NCT01474512,Ixekizumab,UNCOVER-1,secondary,9,a444c1edfec29e84fc82e5304a54d6e75be0960e,,OG000,OG002,superiority,,,,,,,2,=,0.003,0.003,ANCOVA,
NCT01474512,Ixekizumab,UNCOVER-1,secondary,9,a444c1edfec29e84fc82e5304a54d6e75be0960e,,OG000,OG001,superiority,,,,,,,2,<,0.001,<0.001,ANCOVA,
NCT01474512,Ixekizumab,UNCOVER-1,secondary,9,a444c1edfec29e84fc82e5304a54d6e75be0960e,,OG000,OG002,superiority,,,,,,,2,<,0.001,<0.001,ANCOVA,
NCT01474512,Ixekizumab,UNCOVER-1,secondary,9,a444c1edfec29e84fc82e5304a54d6e75be0960e,,OG000,OG001,superiority,,,,,,,2,<,0.001,<0.001,ANCOVA,
NCT01474512,Ixekizumab,UNCOVER-1,secondary,9,a444c1edfec29e84fc82e5304a54d6e75be0960e,,OG000,OG002,superiority,,,,,,,2,<,0.001,<0.001,ANCOVA,
NCT01474512,Ixekizumab,UNCOVER-1,secondary,9,a444c1edfec29e84fc82e5304a54d6e75be0960e,,OG000,OG001,superiority,,,,,,,2,<,0.001,<0.001,ANCOVA,
NCT01474512,Ixekizumab,UNCOVER-1,secondary,9,a444c1edfec29e84fc82e5304a54d6e75be0960e,,OG000,OG002,superiority,,,,,,,2,<,0.001,<0.001,ANCOVA,
NCT01474512,Ixekizumab,UNCOVER-1,secondary,10,d2e2e32ccbfce08c998eddce79b793b0fbea9214,,OG000,OG001,superiority,,,,,,,2,<,0.001,<0.001,ANCOVA,
NCT01474512,Ixekizumab,UNCOVER-1,secondary,10,d2e2e32ccbfce08c998eddce79b793b0fbea9214,,OG000,OG002,superiority,,,,,,,2,<,0.001,<0.001,ANCOVA,
NCT01474512,Ixekizumab,UNCOVER-1,secondary,11,7569e0c6207707ebde53ffccc459adbb255b5208,,OG000,OG001,superiority,,,,,,,2,<,0.001,<0.001,ANCOVA,
NCT01474512,Ixekizumab,UNCOVER-1,secondary,11,7569e0c6207707ebde53ffccc459adbb255b5208,,OG000,OG002,superiority,,,,,,,2,<,0.001,<0.001,ANCOVA,
NCT01474512,Ixekizumab,UNCOVER-1,secondary,11,7569e0c6207707ebde53ffccc459adbb255b5208,,OG000,OG001,superiority,,,,,,,2,<,0.001,<0.001,ANCOVA,
NCT01474512,Ixekizumab,UNCOVER-1,secondary,11,7569e0c6207707ebde53ffccc459adbb255b5208,,OG000,OG002,superiority,,,,,,,2,<,0.001,<0.001,ANCOVA,
NCT01474512,Ixekizumab,UNCOVER-1,secondary,12,5db35dbcca3e8538a1a4a3698aeaf6549e93a96f,,OG000,OG001,superiority,,,,,,,2,<,0.001,<0.001,Mixed Models Analysis,
NCT01474512,Ixekizumab,UNCOVER-1,secondary,12,5db35dbcca3e8538a1a4a3698aeaf6549e93a96f,,OG000,OG002,superiority,,,,,,,2,<,0.001,<0.001,Mixed Models Analysis,
NCT01474512,Ixekizumab,UNCOVER-1,secondary,13,841bad632ed4fc07f88ce08d40003ec598ae140b,,OG000,OG001,superiority,,,,,,,2,<,0.001,<0.001,"Regression, Logistic",
NCT01474512,Ixekizumab,UNCOVER-1,secondary,13,841bad632ed4fc07f88ce08d40003ec598ae140b,,OG000,OG002,superiority,,,,,,,2,<,0.001,<0.001,"Regression, Logistic",
NCT01474512,Ixekizumab,UNCOVER-1,secondary,13,841bad632ed4fc07f88ce08d40003ec598ae140b,,OG000,OG001,superiority,,,,,,,2,<,0.001,<0.001,"Regression, Logistic",
NCT01474512,Ixekizumab,UNCOVER-1,secondary,13,841bad632ed4fc07f88ce08d40003ec598ae140b,,OG000,OG002,superiority,,,,,,,2,<,0.001,<0.001,"Regression, Logistic",
NCT01474512,Ixekizumab,UNCOVER-1,secondary,13,841bad632ed4fc07f88ce08d40003ec598ae140b,,OG000,OG001,superiority,,,,,,,2,<,0.001,<0.001,"Regression, Logistic",
NCT01474512,Ixekizumab,UNCOVER-1,secondary,13,841bad632ed4fc07f88ce08d40003ec598ae140b,,OG000,OG002,superiority,,,,,,,2,<,0.001,<0.001,"Regression, Logistic",
NCT01493687,Ivermectin,,primary,1,ad5dc9b036e66da7f895fe215419f1ef933e437c,12w,OG000,OG001,superiority,,,,,,,2,<,0.001,<0.001,Cochran-Mantel-Haenszel,
NCT01493687,Ivermectin,,primary,2,4651d0fcfa6a5d05dfe0ee18bf28f89698e0e137,12w,OG000,OG001,superiority,mean_difference,Mean Difference (Net),-8.13,95.0,-10.12,-6.13,2,<,0.001,<0.001,ANCOVA,
NCT01493687,Ivermectin,,secondary,1,2c93c6cbf8b40bd809c1ae5d293204c562d113aa,12w,OG000,OG001,superiority,,,,,,,2,<,0.001,<0.001,Cochran-Mantel-Haenszel,
NCT01494467,Ivermectin,,primary,1,ad5dc9b036e66da7f895fe215419f1ef933e437c,12w,OG000,OG001,superiority,,,,,,,2,<,0.001,<0.001,Cochran-Mantel-Haenszel,
NCT01494467,Ivermectin,,primary,2,4651d0fcfa6a5d05dfe0ee18bf28f89698e0e137,12w,OG000,OG001,superiority,mean_difference,Mean Difference (Net),-8.22,95.0,-10.18,-6.25,2,<,0.001,<0.001,ANCOVA,
NCT01494467,Ivermectin,,secondary,1,2c93c6cbf8b40bd809c1ae5d293204c562d113aa,12w,OG000,OG001,superiority,,,,,,,2,<,0.001,<0.001,Cochran-Mantel-Haenszel,
NCT01555125,Secukinumab,FEATURE,primary,1,ac73b7a349fe2c3a0ed8fb33d980618c1591b55b,12w,OG000,OG002,superiority,,,,,,,,<,0.0001,<0.0001,Fisher Exact,
NCT01555125,Secukinumab,FEATURE,primary,1,ac73b7a349fe2c3a0ed8fb33d980618c1591b55b,12w,OG001,OG002,superiority,,,,,,,,<,0.0001,<0.0001,Fisher Exact,
NCT01555125,Secukinumab,FEATURE,primary,2,4ec62baa43abadb9fcd66e786d1746ac11470a8a,12w,OG000,OG002,superiority,,,,,,,,<,0.0001,<0.0001,Fisher Exact,
NCT01555125,Secukinumab,FEATURE,primary,2,4ec62baa43abadb9fcd66e786d1746ac11470a8a,12w,OG001,OG002,superiority,,,,,,,,<,0.0001,<0.0001,Fisher Exact,
NCT01597245,Ixekizumab,UNCOVER-2,primary,1,10f7d6a6bbaab1b53981b2bf45c94153f8d6d6c4,12w,OG000,OG001,superiority,,,,,,,2,<,0.001,<0.001,Cochran-Mantel-Haenszel,
NCT01597245,Ixekizumab,UNCOVER-2,primary,1,10f7d6a6bbaab1b53981b2bf45c94153f8d6d6c4,12w,OG000,OG002,superiority,,,,,,,2,<,0.001,<0.001,Cochran-Mantel-Haenszel,
NCT01597245,Ixekizumab,UNCOVER-2,primary,1,10f7d6a6bbaab1b53981b2bf45c94153f8d6d6c4,12w,OG000,OG003,superiority,,,,,,,2,<,0.001,<0.001,Cochran-Mantel-Haenszel,
NCT01597245,Ixekizumab,UNCOVER-2,primary,2,b83e7d222348eb46882d736822b86ba263e5ff3a,12w,OG000,OG001,superiority,,,,,,,2,<,0.001,<0.001,Cochran-Mantel-Haenszel,
NCT01597245,Ixekizumab,UNCOVER-2,primary,2,b83e7d222348eb46882d736822b86ba263e5ff3a,12w,OG000,OG002,superiority,,,,,,,2,<,0.001,<0.001,Cochran-Mantel-Haenszel,
NCT01597245,Ixekizumab,UNCOVER-2,primary,2,b83e7d222348eb46882d736822b86ba263e5ff3a,12w,OG000,OG003,superiority,,,,,,,2,<,0.001,<0.001,Cochran-Mantel-Haenszel,
NCT01597245,Ixekizumab,UNCOVER-2,secondary,1,278f077c579c3f4bb2b9adc9f0c6fac883b95f88,,OG000,OG001,superiority,,,,,,,2,=,0.005,0.005,Cochran-Mantel-Haenszel,
NCT01597245,Ixekizumab,UNCOVER-2,secondary,1,278f077c579c3f4bb2b9adc9f0c6fac883b95f88,,OG000,OG002,superiority,,,,,,,2,<,0.001,<0.001,Cochran-Mantel-Haenszel,
NCT01597245,Ixekizumab,UNCOVER-2,secondary,1,278f077c579c3f4bb2b9adc9f0c6fac883b95f88,,OG000,OG003,superiority,,,,,,,2,<,0.001,<0.001,Cochran-Mantel-Haenszel,
NCT01597245,Ixekizumab,UNCOVER-2,secondary,2,72559a6938c848254f294d6e63af757da7f84bc3,,OG000,OG001,superiority,,,,,,,2,<,0.001,<0.001,Cochran-Mantel-Haenszel,
NCT01597245,Ixekizumab,UNCOVER-2,secondary,2,72559a6938c848254f294d6e63af757da7f84bc3,,OG000,OG002,superiority,,,,,,,2,<,0.001,<0.001,Cochran-Mantel-Haenszel,
NCT01597245,Ixekizumab,UNCOVER-2,secondary,2,72559a6938c848254f294d6e63af757da7f84bc3,,OG000,OG003,superiority,,,,,,,2,<,0.001,<0.001,Cochran-Mantel-Haenszel,
NCT01597245,Ixekizumab,UNCOVER-2,secondary,3,e58d644f35e4642fb3f2e55ea7b9151f5b0b425f,,OG000,OG001,superiority,,,,,,,2,=,0.008,0.008,Cochran-Mantel-Haenszel,
NCT01597245,Ixekizumab,UNCOVER-2,secondary,3,e58d644f35e4642fb3f2e55ea7b9151f5b0b425f,,OG000,OG002,superiority,,,,,,,2,<,0.001,<0.001,Cochran-Mantel-Haenszel,
NCT01597245,Ixekizumab,UNCOVER-2,secondary,3,e58d644f35e4642fb3f2e55ea7b9151f5b0b425f,,OG000,OG003,superiority,,,,,,,2,<,0.001,<0.001,Cochran-Mantel-Haenszel,
NCT01597245,Ixekizumab,UNCOVER-2,secondary,4,59a782bd783d3e8df2b85b803476ef78cb7116fc,,OG000,OG001,superiority,,,,,,,2,<,0.001,<0.001,Fisher Exact,
NCT01597245,Ixekizumab,UNCOVER-2,secondary,4,59a782bd783d3e8df2b85b803476ef78cb7116fc,,OG000,OG002,superiority,,,,,,,2,<,0.001,<0.001,Fisher Exact,
NCT01597245,Ixekizumab,UNCOVER-2,secondary,5,260c3d6f60b788454281bc3d7d3da010f22fd615,,OG000,OG001,superiority,,,,,,,2,<,0.001,<0.001,Cochran-Mantel-Haenszel,
NCT01597245,Ixekizumab,UNCOVER-2,secondary,5,260c3d6f60b788454281bc3d7d3da010f22fd615,,OG000,OG002,superiority,,,,,,,2,<,0.001,<0.001,Cochran-Mantel-Haenszel,
NCT01597245,Ixekizumab,UNCOVER-2,secondary,5,260c3d6f60b788454281bc3d7d3da010f22fd615,,OG000,OG003,superiority,,,,,,,2,<,0.001,<0.001,Cochran-Mantel-Haenszel,
NCT01597245,Ixekizumab,UNCOVER-2,secondary,6,a9fcbdb13eb612d8d4094271c14d6f1b7bd9926b,,OG000,OG001,superiority,,,,,,,2,<,0.001,<0.001,Mixed Models Analysis,
NCT01597245,Ixekizumab,UNCOVER-2,secondary,6,a9fcbdb13eb612d8d4094271c14d6f1b7bd9926b,,OG000,OG002,superiority,,,,,,,2,<,0.001,<0.001,Mixed Models Analysis,
NCT01597245,Ixekizumab,UNCOVER-2,secondary,6,a9fcbdb13eb612d8d4094271c14d6f1b7bd9926b,,OG000,OG003,superiority,,,,,,,2,<,0.001,<0.001,Mixed Models Analysis,
NCT01597245,Ixekizumab,UNCOVER-2,secondary,7,4b4606fb86e036c19ece9c0a14d45dcb3ee1ca2d,,OG000,OG001,superiority,,,,,,,2,=,0.002,0.002,Mixed Models Analysis,
NCT01597245,Ixekizumab,UNCOVER-2,secondary,7,4b4606fb86e036c19ece9c0a14d45dcb3ee1ca2d,,OG000,OG002,superiority,,,,,,,2,<,0.001,<0.001,Mixed Models Analysis,
NCT01597245,Ixekizumab,UNCOVER-2,secondary,7,4b4606fb86e036c19ece9c0a14d45dcb3ee1ca2d,,OG000,OG003,superiority,,,,,,,2,<,0.001,<0.001,Mixed Models Analysis,
NCT01597245,Ixekizumab,UNCOVER-2,secondary,8,cba27675d08c6b7fe00e2269a39c0b21159ae959,,OG000,OG001,superiority,,,,,,,2,<,0.001,<0.001,Mixed Models Analysis,
NCT01597245,Ixekizumab,UNCOVER-2,secondary,8,cba27675d08c6b7fe00e2269a39c0b21159ae959,,OG000,OG002,superiority,,,,,,,2,<,0.001,<0.001,Mixed Models Analysis,
NCT01597245,Ixekizumab,UNCOVER-2,secondary,8,cba27675d08c6b7fe00e2269a39c0b21159ae959,,OG000,OG003,superiority,,,,,,,2,<,0.001,<0.001,Mixed Models Analysis,
NCT01597245,Ixekizumab,UNCOVER-2,secondary,9,8cde4081ba80124d0ba9c505afa71e800b7a4883,,OG000,OG001,superiority,,,,,,,2,<,0.001,<0.001,Mixed Models Analysis,
NCT01597245,Ixekizumab,UNCOVER-2,secondary,9,8cde4081ba80124d0ba9c505afa71e800b7a4883,,OG000,OG002,superiority,,,,,,,2,<,0.001,<0.001,Mixed Models Analysis,
NCT01597245,Ixekizumab,UNCOVER-2,secondary,9,8cde4081ba80124d0ba9c505afa71e800b7a4883,,OG000,OG003,superiority,,,,,,,2,<,0.001,<0.001,Mixed Models Analysis,
NCT01597245,Ixekizumab,UNCOVER-2,secondary,10,6cf5ac16805ce12fbb1464ecf42b4a0790dad883,,OG000,OG001,superiority,,,,,,,2,=,0.15,0.150,ANCOVA,
NCT01597245,Ixekizumab,UNCOVER-2,secondary,10,6cf5ac16805ce12fbb1464ecf42b4a0790dad883,,OG000,OG002,superiority,,,,,,,2,=,0.002,0.002,ANCOVA,
NCT01597245,Ixekizumab,UNCOVER-2,secondary,10,6cf5ac16805ce12fbb1464ecf42b4a0790dad883,,OG000,OG003,superiority,,,,,,,2,<,0.001,<0.001,ANCOVA,
NCT01597245,Ixekizumab,UNCOVER-2,secondary,11,5c5d39a583c1fea12e7501a967183f3d4c0e2269,,OG000,OG001,superiority,,,,,,,2,=,0.026,0.026,ANCOVA,
NCT01597245,Ixekizumab,UNCOVER-2,secondary,11,5c5d39a583c1fea12e7501a967183f3d4c0e2269,,OG000,OG002,superiority,,,,,,,2,=,0.076,0.076,ANCOVA,
NCT01597245,Ixekizumab,UNCOVER-2,secondary,11,5c5d39a583c1fea12e7501a967183f3d4c0e2269,,OG000,OG003,superiority,,,,,,,2,=,0.016,0.016,ANCOVA,
NCT01597245,Ixekizumab,UNCOVER-2,secondary,11,5c5d39a583c1fea12e7501a967183f3d4c0e2269,,OG000,OG001,superiority,,,,,,,2,<,0.001,<0.001,ANCOVA,
NCT01597245,Ixekizumab,UNCOVER-2,secondary,11,5c5d39a583c1fea12e7501a967183f3d4c0e2269,,OG000,OG002,superiority,,,,,,,2,<,0.001,<0.001,ANCOVA,
NCT01597245,Ixekizumab,UNCOVER-2,secondary,11,5c5d39a583c1fea12e7501a967183f3d4c0e2269,,OG000,OG003,superiority,,,,,,,2,<,0.001,<0.001,ANCOVA,
NCT01597245,Ixekizumab,UNCOVER-2,secondary,11,5c5d39a583c1fea12e7501a967183f3d4c0e2269,,OG000,OG001,superiority,,,,,,,2,<,0.001,<0.001,ANCOVA,
NCT01597245,Ixekizumab,UNCOVER-2,secondary,11,5c5d39a583c1fea12e7501a967183f3d4c0e2269,,OG000,OG002,superiority,,,,,,,2,<,0.001,<0.001,ANCOVA,
NCT01597245,Ixekizumab,UNCOVER-2,secondary,11,5c5d39a583c1fea12e7501a967183f3d4c0e2269,,OG000,OG003,superiority,,,,,,,2,<,0.001,<0.001,ANCOVA,
NCT01597245,Ixekizumab,UNCOVER-2,secondary,11,5c5d39a583c1fea12e7501a967183f3d4c0e2269,,OG000,OG001,superiority,,,,,,,2,<,0.001,<0.001,ANCOVA,
NCT01597245,Ixekizumab,UNCOVER-2,secondary,11,5c5d39a583c1fea12e7501a967183f3d4c0e2269,,OG000,OG002,superiority,,,,,,,2,<,0.001,<0.001,ANCOVA,
NCT01597245,Ixekizumab,UNCOVER-2,secondary,11,5c5d39a583c1fea12e7501a967183f3d4c0e2269,,OG000,OG003,superiority,,,,,,,2,<,0.001,<0.001,ANCOVA,
NCT01597245,Ixekizumab,UNCOVER-2,secondary,12,079c1d26fdb09ca27b3b75f2e9f3693c5f26a40f,,OG000,OG001,superiority,,,,,,,2,<,0.001,<0.001,ANCOVA,
NCT01597245,Ixekizumab,UNCOVER-2,secondary,12,079c1d26fdb09ca27b3b75f2e9f3693c5f26a40f,,OG000,OG002,superiority,,,,,,,2,<,0.001,<0.001,ANCOVA,
NCT01597245,Ixekizumab,UNCOVER-2,secondary,12,079c1d26fdb09ca27b3b75f2e9f3693c5f26a40f,,OG000,OG003,superiority,,,,,,,2,<,0.001,<0.001,ANCOVA,
NCT01597245,Ixekizumab,UNCOVER-2,secondary,12,079c1d26fdb09ca27b3b75f2e9f3693c5f26a40f,,OG000,OG001,superiority,,,,,,,2,<,0.001,<0.001,ANCOVA,
NCT01597245,Ixekizumab,UNCOVER-2,secondary,12,079c1d26fdb09ca27b3b75f2e9f3693c5f26a40f,,OG000,OG002,superiority,,,,,,,2,<,0.001,<0.001,ANCOVA,
NCT01597245,Ixekizumab,UNCOVER-2,secondary,12,079c1d26fdb09ca27b3b75f2e9f3693c5f26a40f,,OG000,OG003,superiority,,,,,,,2,<,0.001,<0.001,ANCOVA,
NCT01597245,Ixekizumab,UNCOVER-2,secondary,13,c9332b5961ff5e4ae19d01f13e0a3453b07f6734,,OG000,OG001,superiority,,,,,,,2,<,0.001,<0.001,Mixed Models Analysis,
NCT01597245,Ixekizumab,UNCOVER-2,secondary,13,c9332b5961ff5e4ae19d01f13e0a3453b07f6734,,OG000,OG002,superiority,,,,,,,2,<,0.001,<0.001,Mixed Models Analysis,
NCT01597245,Ixekizumab,UNCOVER-2,secondary,13,c9332b5961ff5e4ae19d01f13e0a3453b07f6734,,OG000,OG003,superiority,,,,,,,2,<,0.001,<0.001,Mixed Models Analysis,
NCT01597245,Ixekizumab,UNCOVER-2,secondary,14,6422bde78014e3b131d0585c1bf28e907c8fdfc9,,OG000,OG001,superiority,,,,,,,2,<,0.001,<0.001,Cochran-Mantel-Haenszel,
NCT01597245,Ixekizumab,UNCOVER-2,secondary,14,6422bde78014e3b131d0585c1bf28e907c8fdfc9,,OG000,OG002,superiority,,,,,,,2,<,0.001,<0.001,Cochran-Mantel-Haenszel,
NCT01597245,Ixekizumab,UNCOVER-2,secondary,14,6422bde78014e3b131d0585c1bf28e907c8fdfc9,,OG000,OG003,superiority,,,,,,,2,<,0.001,<0.001,Cochran-Mantel-Haenszel,
NCT01597245,Ixekizumab,UNCOVER-2,secondary,14,6422bde78014e3b131d0585c1bf28e907c8fdfc9,,OG000,OG001,superiority,,,,,,,2,<,0.001,<0.001,Cochran-Mantel-Haenszel,
NCT01597245,Ixekizumab,UNCOVER-2,secondary,14,6422bde78014e3b131d0585c1bf28e907c8fdfc9,,OG000,OG002,superiority,,,,,,,2,<,0.001,<0.001,Cochran-Mantel-Haenszel,
NCT01597245,Ixekizumab,UNCOVER-2,secondary,14,6422bde78014e3b131d0585c1bf28e907c8fdfc9,,OG000,OG003,superiority,,,,,,,2,<,0.001,<0.001,Cochran-Mantel-Haenszel,
NCT01597245,Ixekizumab,UNCOVER-2,secondary,14,6422bde78014e3b131d0585c1bf28e907c8fdfc9,,OG000,OG001,superiority,,,,,,,2,=,0.002,0.002,Cochran-Mantel-Haenszel,
NCT01597245,Ixekizumab,UNCOVER-2,secondary,14,6422bde78014e3b131d0585c1bf28e907c8fdfc9,,OG000,OG002,superiority,,,,,,,2,<,0.001,<0.001,Cochran-Mantel-Haenszel,
NCT01597245,Ixekizumab,UNCOVER-2,secondary,14,6422bde78014e3b131d0585c1bf28e907c8fdfc9,,OG000,OG003,superiority,,,,,,,2,<,0.001,<0.001,Cochran-Mantel-Haenszel,
NCT01636687,Secukinumab,JUNCTURE,primary,1,c0d6239a2ffbe58e0c4ab1741b5b62213c097c7c,,OG000,OG002,superiority,risk_difference,Risk Difference (RD),53.3,95.0,36.6,67.7,2,<,0.0001,<0.0001,Fisher Exact,
NCT01636687,Secukinumab,JUNCTURE,primary,1,c0d6239a2ffbe58e0c4ab1741b5b62213c097c7c,,OG001,OG002,superiority,risk_difference,Risk Difference (RD),73.3,95.0,58.8,83.9,2,<,0.0001,<0.0001,Fisher Exact,
NCT01636687,Secukinumab,JUNCTURE,primary,1,c0d6239a2ffbe58e0c4ab1741b5b62213c097c7c,,OG000,OG002,superiority,risk_difference,Risk Difference (RD),68.4,95.0,53.1,79.8,2,<,0.0001,<0.0001,Fisher Exact,
NCT01636687,Secukinumab,JUNCTURE,primary,1,c0d6239a2ffbe58e0c4ab1741b5b62213c097c7c,,OG001,OG002,superiority,risk_difference,Risk Difference (RD),83.4,95.0,70.7,91.7,2,<,0.0001,<0.0001,Fisher Exact,
NCT01646177,Ixekizumab,UNCOVER-3,primary,1,fdd7288a3a4f2d49708454a6ad054e3fbf72bc72,12w,OG000,OG001,superiority,,,,,,,2,<,0.001,<0.001,Cochran-Mantel-Haenszel,
NCT01646177,Ixekizumab,UNCOVER-3,primary,1,fdd7288a3a4f2d49708454a6ad054e3fbf72bc72,12w,OG000,OG002,superiority,,,,,,,2,<,0.001,<0.001,Cochran-Mantel-Haenszel,
NCT01646177,Ixekizumab,UNCOVER-3,primary,1,fdd7288a3a4f2d49708454a6ad054e3fbf72bc72,12w,OG000,OG003,superiority,,,,,,,2,<,0.001,<0.001,Cochran-Mantel-Haenszel,
NCT01646177,Ixekizumab,UNCOVER-3,primary,2,03a262949dd2f0a68f6a01ca4e6ce745854164b6,12w,OG000,OG001,superiority,,,,,,,2,<,0.001,<0.001,Cochran-Mantel-Haenszel,
NCT01646177,Ixekizumab,UNCOVER-3,primary,2,03a262949dd2f0a68f6a01ca4e6ce745854164b6,12w,OG000,OG002,superiority,,,,,,,2,<,0.001,<0.001,Cochran-Mantel-Haenszel,
NCT01646177,Ixekizumab,UNCOVER-3,primary,2,03a262949dd2f0a68f6a01ca4e6ce745854164b6,12w,OG000,OG003,superiority,,,,,,,2,<,0.001,<0.001,Cochran-Mantel-Haenszel,
NCT01646177,Ixekizumab,UNCOVER-3,secondary,1,46b4466a526bc6d7f71259fdb91e0d5bc7cdb431,,OG000,OG001,superiority,,,,,,,2,<,0.001,<0.001,Cochran-Mantel-Haenszel,
NCT01646177,Ixekizumab,UNCOVER-3,secondary,1,46b4466a526bc6d7f71259fdb91e0d5bc7cdb431,,OG000,OG002,superiority,,,,,,,2,<,0.001,<0.001,Cochran-Mantel-Haenszel,
NCT01646177,Ixekizumab,UNCOVER-3,secondary,1,46b4466a526bc6d7f71259fdb91e0d5bc7cdb431,,OG000,OG003,superiority,,,,,,,2,<,0.001,<0.001,Cochran-Mantel-Haenszel,
NCT01646177,Ixekizumab,UNCOVER-3,secondary,2,c6d2bc7344c223aecd87d4607711a6126ef6e9bc,,OG000,OG001,superiority,,,,,,,2,<,0.001,<0.001,Cochran-Mantel-Haenszel,
NCT01646177,Ixekizumab,UNCOVER-3,secondary,2,c6d2bc7344c223aecd87d4607711a6126ef6e9bc,,OG000,OG002,superiority,,,,,,,2,<,0.001,<0.001,Cochran-Mantel-Haenszel,
NCT01646177,Ixekizumab,UNCOVER-3,secondary,2,c6d2bc7344c223aecd87d4607711a6126ef6e9bc,,OG000,OG003,superiority,,,,,,,2,<,0.001,<0.001,Cochran-Mantel-Haenszel,
NCT01646177,Ixekizumab,UNCOVER-3,secondary,3,32f3adf71f3b7ed68318837312d5ddb6fd0663eb,,OG000,OG001,superiority,,,,,,,2,<,0.001,<0.001,Cochran-Mantel-Haenszel,
NCT01646177,Ixekizumab,UNCOVER-3,secondary,3,32f3adf71f3b7ed68318837312d5ddb6fd0663eb,,OG000,OG002,superiority,,,,,,,2,<,0.001,<0.001,Cochran-Mantel-Haenszel,
NCT01646177,Ixekizumab,UNCOVER-3,secondary,3,32f3adf71f3b7ed68318837312d5ddb6fd0663eb,,OG000,OG003,superiority,,,,,,,2,<,0.001,<0.001,Cochran-Mantel-Haenszel,
NCT01646177,Ixekizumab,UNCOVER-3,secondary,4,7364df721f963b0aae2f52278c6325d8b125ca33,,OG000,OG001,superiority,,,,,,,2,<,0.001,<0.001,Cochran-Mantel-Haenszel,
NCT01646177,Ixekizumab,UNCOVER-3,secondary,4,7364df721f963b0aae2f52278c6325d8b125ca33,,OG000,OG002,superiority,,,,,,,2,<,0.001,<0.001,Cochran-Mantel-Haenszel,
NCT01646177,Ixekizumab,UNCOVER-3,secondary,4,7364df721f963b0aae2f52278c6325d8b125ca33,,OG000,OG003,superiority,,,,,,,2,<,0.001,<0.001,Cochran-Mantel-Haenszel,
NCT01646177,Ixekizumab,UNCOVER-3,secondary,5,688fc19b54df37db8f3ade5d6eb02b414d7a35a3,,OG000,OG001,superiority,,,,,,,2,<,0.001,<0.001,Mixed Models Analysis,
NCT01646177,Ixekizumab,UNCOVER-3,secondary,5,688fc19b54df37db8f3ade5d6eb02b414d7a35a3,,OG000,OG002,superiority,,,,,,,2,<,0.001,<0.001,Mixed Models Analysis,
NCT01646177,Ixekizumab,UNCOVER-3,secondary,5,688fc19b54df37db8f3ade5d6eb02b414d7a35a3,,OG000,OG003,superiority,,,,,,,2,<,0.001,<0.001,Mixed Models Analysis,
NCT01646177,Ixekizumab,UNCOVER-3,secondary,6,5e42ad8747c6831df02892905a9be1756a46e7aa,,OG000,OG001,superiority,,,,,,,2,<,0.001,<0.001,Mixed Models Analysis,
NCT01646177,Ixekizumab,UNCOVER-3,secondary,6,5e42ad8747c6831df02892905a9be1756a46e7aa,,OG000,OG002,superiority,,,,,,,2,<,0.001,<0.001,Mixed Models Analysis,
NCT01646177,Ixekizumab,UNCOVER-3,secondary,6,5e42ad8747c6831df02892905a9be1756a46e7aa,,OG000,OG003,superiority,,,,,,,2,<,0.001,<0.001,Mixed Models Analysis,
NCT01646177,Ixekizumab,UNCOVER-3,secondary,7,1aaf17555e020328afe29407f2b50e2f6a38960a,,OG000,OG001,superiority,,,,,,,2,<,0.001,<0.001,Mixed Models Analysis,
NCT01646177,Ixekizumab,UNCOVER-3,secondary,7,1aaf17555e020328afe29407f2b50e2f6a38960a,,OG000,OG002,superiority,,,,,,,2,<,0.001,<0.001,Mixed Models Analysis,
NCT01646177,Ixekizumab,UNCOVER-3,secondary,7,1aaf17555e020328afe29407f2b50e2f6a38960a,,OG000,OG003,superiority,,,,,,,2,<,0.001,<0.001,Mixed Models Analysis,
NCT01646177,Ixekizumab,UNCOVER-3,secondary,8,04e29a5ed2899f661eb6697fe0ec9cb230eab851,,OG000,OG001,superiority,,,,,,,2,<,0.001,<0.001,Mixed Models Analysis,
NCT01646177,Ixekizumab,UNCOVER-3,secondary,8,04e29a5ed2899f661eb6697fe0ec9cb230eab851,,OG000,OG002,superiority,,,,,,,2,<,0.001,<0.001,Mixed Models Analysis,
NCT01646177,Ixekizumab,UNCOVER-3,secondary,8,04e29a5ed2899f661eb6697fe0ec9cb230eab851,,OG000,OG003,superiority,,,,,,,2,<,0.001,<0.001,Mixed Models Analysis,
NCT01646177,Ixekizumab,UNCOVER-3,secondary,9,7f4c8146329681c035a31f319e7b9e0e6c6e0580,,OG000,OG001,superiority,,,,,,,2,=,0.473,0.473,ANCOVA,
NCT01646177,Ixekizumab,UNCOVER-3,secondary,9,7f4c8146329681c035a31f319e7b9e0e6c6e0580,,OG000,OG002,superiority,,,,,,,2,=,0.015,0.015,ANCOVA,
NCT01646177,Ixekizumab,UNCOVER-3,secondary,9,7f4c8146329681c035a31f319e7b9e0e6c6e0580,,OG000,OG003,superiority,,,,,,,2,<,0.001,<0.001,ANCOVA,
NCT01646177,Ixekizumab,UNCOVER-3,secondary,10,5c5d39a583c1fea12e7501a967183f3d4c0e2269,,OG000,OG001,superiority,,,,,,,2,=,0.006,0.006,ANCOVA,
NCT01646177,Ixekizumab,UNCOVER-3,secondary,10,5c5d39a583c1fea12e7501a967183f3d4c0e2269,,OG000,OG002,superiority,,,,,,,2,=,0.045,0.045,ANCOVA,
NCT01646177,Ixekizumab,UNCOVER-3,secondary,10,5c5d39a583c1fea12e7501a967183f3d4c0e2269,,OG000,OG003,superiority,,,,,,,2,=,0.012,0.012,ANCOVA,
NCT01646177,Ixekizumab,UNCOVER-3,secondary,10,5c5d39a583c1fea12e7501a967183f3d4c0e2269,,OG000,OG001,superiority,,,,,,,2,<,0.001,<0.001,ANCOVA,
NCT01646177,Ixekizumab,UNCOVER-3,secondary,10,5c5d39a583c1fea12e7501a967183f3d4c0e2269,,OG000,OG002,superiority,,,,,,,2,<,0.001,<0.001,ANCOVA,
NCT01646177,Ixekizumab,UNCOVER-3,secondary,10,5c5d39a583c1fea12e7501a967183f3d4c0e2269,,OG000,OG003,superiority,,,,,,,2,<,0.001,<0.001,ANCOVA,
NCT01646177,Ixekizumab,UNCOVER-3,secondary,10,5c5d39a583c1fea12e7501a967183f3d4c0e2269,,OG000,OG001,superiority,,,,,,,2,<,0.001,<0.001,ANCOVA,
NCT01646177,Ixekizumab,UNCOVER-3,secondary,10,5c5d39a583c1fea12e7501a967183f3d4c0e2269,,OG000,OG002,superiority,,,,,,,2,<,0.001,<0.001,ANCOVA,
NCT01646177,Ixekizumab,UNCOVER-3,secondary,10,5c5d39a583c1fea12e7501a967183f3d4c0e2269,,OG000,OG003,superiority,,,,,,,2,<,0.001,<0.001,ANCOVA,
NCT01646177,Ixekizumab,UNCOVER-3,secondary,10,5c5d39a583c1fea12e7501a967183f3d4c0e2269,,OG000,OG001,superiority,,,,,,,2,<,0.001,<0.001,ANCOVA,
NCT01646177,Ixekizumab,UNCOVER-3,secondary,10,5c5d39a583c1fea12e7501a967183f3d4c0e2269,,OG000,OG002,superiority,,,,,,,2,<,0.001,<0.001,ANCOVA,
NCT01646177,Ixekizumab,UNCOVER-3,secondary,10,5c5d39a583c1fea12e7501a967183f3d4c0e2269,,OG000,OG003,superiority,,,,,,,2,<,0.001,<0.001,ANCOVA,
NCT01646177,Ixekizumab,UNCOVER-3,secondary,11,8deff6d2b555c321312f7e9abb98d73f4b96935e,,OG000,OG001,superiority,,,,,,,2,<,0.001,<0.001,ANCOVA,
NCT01646177,Ixekizumab,UNCOVER-3,secondary,11,8deff6d2b555c321312f7e9abb98d73f4b96935e,,OG000,OG002,superiority,,,,,,,2,<,0.001,<0.001,ANCOVA,
NCT01646177,Ixekizumab,UNCOVER-3,secondary,11,8deff6d2b555c321312f7e9abb98d73f4b96935e,,OG000,OG003,superiority,,,,,,,2,<,0.001,<0.001,ANCOVA,
NCT01646177,Ixekizumab,UNCOVER-3,secondary,11,8deff6d2b555c321312f7e9abb98d73f4b96935e,,OG000,OG001,superiority,,,,,,,2,=,0.031,0.031,ANCOVA,
NCT01646177,Ixekizumab,UNCOVER-3,secondary,11,8deff6d2b555c321312f7e9abb98d73f4b96935e,,OG000,OG002,superiority,,,,,,,2,<,0.001,<0.001,ANCOVA,
NCT01646177,Ixekizumab,UNCOVER-3,secondary,11,8deff6d2b555c321312f7e9abb98d73f4b96935e,,OG000,OG003,superiority,,,,,,,2,<,0.001,<0.001,ANCOVA,
NCT01646177,Ixekizumab,UNCOVER-3,secondary,12,a615e5bdf204716e5f92a0624bcbd213d94a3471,,OG000,OG001,superiority,,,,,,,2,<,0.001,<0.001,Mixed Models Analysis,
NCT01646177,Ixekizumab,UNCOVER-3,secondary,12,a615e5bdf204716e5f92a0624bcbd213d94a3471,,OG000,OG002,superiority,,,,,,,2,<,0.001,<0.001,Mixed Models Analysis,
NCT01646177,Ixekizumab,UNCOVER-3,secondary,12,a615e5bdf204716e5f92a0624bcbd213d94a3471,,OG000,OG003,superiority,,,,,,,2,<,0.001,<0.001,Mixed Models Analysis,
NCT01646177,Ixekizumab,UNCOVER-3,secondary,13,ee253b50ff6ff6d10daed032b7c7140fc11164db,,OG000,OG001,superiority,,,,,,,2,<,0.001,<0.001,Cochran-Mantel-Haenszel,
NCT01646177,Ixekizumab,UNCOVER-3,secondary,13,ee253b50ff6ff6d10daed032b7c7140fc11164db,,OG000,OG002,superiority,,,,,,,2,<,0.001,<0.001,Cochran-Mantel-Haenszel,
NCT01646177,Ixekizumab,UNCOVER-3,secondary,13,ee253b50ff6ff6d10daed032b7c7140fc11164db,,OG000,OG003,superiority,,,,,,,2,<,0.001,<0.001,Cochran-Mantel-Haenszel,
NCT01646177,Ixekizumab,UNCOVER-3,secondary,14,6a2a414c18497178e67fa29c16185707ecfea692,,OG000,OG001,superiority,,,,,,,2,<,0.001,<0.001,Cochran-Mantel-Haenszel,
NCT01646177,Ixekizumab,UNCOVER-3,secondary,14,6a2a414c18497178e67fa29c16185707ecfea692,,OG000,OG002,superiority,,,,,,,2,<,0.001,<0.001,Cochran-Mantel-Haenszel,
NCT01646177,Ixekizumab,UNCOVER-3,secondary,14,6a2a414c18497178e67fa29c16185707ecfea692,,OG000,OG003,superiority,,,,,,,2,<,0.001,<0.001,Cochran-Mantel-Haenszel,
NCT01646177,Ixekizumab,UNCOVER-3,secondary,15,fe0fa7dceb570564cd07c964943bc3c993317736,,OG000,OG001,superiority,,,,,,,2,<,0.001,<0.001,Cochran-Mantel-Haenszel,
NCT01646177,Ixekizumab,UNCOVER-3,secondary,15,fe0fa7dceb570564cd07c964943bc3c993317736,,OG000,OG002,superiority,,,,,,,2,<,0.001,<0.001,Cochran-Mantel-Haenszel,
NCT01646177,Ixekizumab,UNCOVER-3,secondary,15,fe0fa7dceb570564cd07c964943bc3c993317736,,OG000,OG003,superiority,,,,,,,2,<,0.001,<0.001,Cochran-Mantel-Haenszel,
NCT01722331,Tildrakizumab,reSURFACE 1,primary,1,61bba008b7cacfe64894965ff901f5591ae46d05,12w,OG000,OG002,superiority,response_rate_difference,Difference in percentages,56.6,95.0,49.6,62.8,2,<,0.001,<0.001,Cochran-Mantel-Haenszel,
NCT01722331,Tildrakizumab,reSURFACE 1,primary,1,61bba008b7cacfe64894965ff901f5591ae46d05,12w,OG001,OG002,superiority,response_rate_difference,Difference in percentages,58.0,95.0,51.0,64.1,2,<,0.001,<0.001,Cochran-Mantel-Haenszel,
NCT01722331,Tildrakizumab,reSURFACE 1,primary,2,10af8c8abcb5cbacb44057b5a77e6bf9e7b21ebf,12w,OG000,OG002,superiority,response_rate_difference,Difference in percentages,52.1,95.0,44.8,58.5,2,<,0.001,<0.001,Cochran-Mantel-Haenszel,
NCT01722331,Tildrakizumab,reSURFACE 1,primary,2,10af8c8abcb5cbacb44057b5a77e6bf9e7b21ebf,12w,OG001,OG002,superiority,response_rate_difference,Difference in percentages,50.9,95.0,43.6,57.4,2,<,0.001,<0.001,Cochran-Mantel-Haenszel,
NCT01722331,Tildrakizumab,reSURFACE 1,secondary,1,3ff202f56926f945e47ef19175890604f32fee44,12w,OG000,OG002,superiority,response_rate_difference,Difference in percentages,32.9,95.0,26.8,38.8,2,<,0.001,<0.001,Cochran-Mantel-Haenszel,
NCT01722331,Tildrakizumab,reSURFACE 1,secondary,1,3ff202f56926f945e47ef19175890604f32fee44,12w,OG001,OG002,superiority,response_rate_difference,Difference in percentages,32.1,95.0,25.9,38.0,2,<,0.001,<0.001,Cochran-Mantel-Haenszel,
NCT01722331,Tildrakizumab,reSURFACE 1,secondary,2,0d09138f2dba756f5b1c56475f2d43c15bb88dd7,12w,OG000,OG002,superiority,response_rate_difference,Difference in percentages,12.7,95.0,8.3,17.2,2,<,0.001,<0.001,Cochran-Mantel-Haenszel,
NCT01722331,Tildrakizumab,reSURFACE 1,secondary,2,0d09138f2dba756f5b1c56475f2d43c15bb88dd7,12w,OG001,OG002,superiority,response_rate_difference,Difference in percentages,12.7,95.0,8.0,17.3,2,<,0.001,<0.001,Cochran-Mantel-Haenszel,
NCT01722331,Tildrakizumab,reSURFACE 1,secondary,4,7bbdc92cc56e3dd64e24da71a907143943fe8e8d,12w,OG000,OG002,other,ls_mean_difference,Difference in least squares means,-7.7,95.0,-8.6,-6.8,2,<,0.001,<0.001,Constrained Longitudinal Data Analysis,
NCT01722331,Tildrakizumab,reSURFACE 1,secondary,4,7bbdc92cc56e3dd64e24da71a907143943fe8e8d,12w,OG001,OG002,other,ls_mean_difference,Difference in least squares means,-7.4,95.0,-8.3,-6.5,2,<,0.001,<0.001,Constrained Longitudinal Data Analysis,
NCT01722331,Tildrakizumab,reSURFACE 1,secondary,5,0e0540fb179ea58748f88f9adcc05d49d3eeddba,12w,OG000,OG002,other,response_rate_difference,Difference in percentages,38.9,95.0,31.9,45.4,2,<,0.001,<0.001,Cochran-Mantel-Haenszel,
NCT01722331,Tildrakizumab,reSURFACE 1,secondary,5,0e0540fb179ea58748f88f9adcc05d49d3eeddba,12w,OG001,OG002,other,response_rate_difference,Difference in percentages,36.1,95.0,29.3,42.5,2,<,0.001,<0.001,Cochran-Mantel-Haenszel,
NCT01729754,Tildrakizumab,reSURFACE 2,primary,1,c68560978919aeceb30cd9881fb3d968ee6d160f,12w,OG000,OG002,superiority,response_rate_difference,Difference in percentages,59.8,95.0,52.9,65.9,2,<,0.001,<0.001,Cochran-Mantel-Haenszel,
NCT01729754,Tildrakizumab,reSURFACE 2,primary,1,c68560978919aeceb30cd9881fb3d968ee6d160f,12w,OG001,OG002,superiority,response_rate_difference,Difference in percentages,55.5,95.0,48.3,61.8,2,<,0.001,<0.001,Cochran-Mantel-Haenszel,
NCT01729754,Tildrakizumab,reSURFACE 2,primary,2,ae4ddc28424bac303f8469bb03fa57a6f1967e31,12w,OG000,OG002,superiority,response_rate_difference,Difference in percentages,54.7,95.0,47.9,60.8,2,<,0.001,<0.001,Cochran-Mantel-Haenszel,
NCT01729754,Tildrakizumab,reSURFACE 2,primary,2,ae4ddc28424bac303f8469bb03fa57a6f1967e31,12w,OG001,OG002,superiority,response_rate_difference,Difference in percentages,50.2,95.0,43.2,56.5,2,<,0.001,<0.001,Cochran-Mantel-Haenszel,
NCT01729754,Tildrakizumab,reSURFACE 2,secondary,1,2c77ec9a9a93693ce023c1b09a115dd03a34b48f,28w,OG000,OG002,superiority,response_rate_difference,Difference in percentages,19.2,95.0,11.5,26.7,2,<,0.001,<0.001,Cochran-Mantel-Haenszel,
NCT01729754,Tildrakizumab,reSURFACE 2,secondary,1,2c77ec9a9a93693ce023c1b09a115dd03a34b48f,28w,OG001,OG002,superiority,response_rate_difference,Difference in percentages,20.1,95.0,12.4,27.6,2,<,0.001,<0.001,Cochran-Mantel-Haenszel,
NCT01729754,Tildrakizumab,reSURFACE 2,secondary,4,f22f07816a81f64c9838f391cbadc2b0a548ee27,28w,OG000,OG002,superiority,response_rate_difference,Difference in percentages,24.1,95.0,16.2,31.7,2,<,0.001,<0.001,Cochran-Mantel-Haenszel,
NCT01729754,Tildrakizumab,reSURFACE 2,secondary,4,f22f07816a81f64c9838f391cbadc2b0a548ee27,28w,OG001,OG002,superiority,response_rate_difference,Difference in percentages,19.6,95.0,11.7,27.3,2,<,0.001,<0.001,Cochran-Mantel-Haenszel,
NCT01729754,Tildrakizumab,reSURFACE 2,secondary,7,15549ea135f304db3d9bd069ac1d2a5fb2a91bee,12w,OG000,OG002,superiority,response_rate_difference,Difference in percentages,35.3,95.0,29.2,41.1,2,<,0.001,<0.001,Cochran-Mantel-Haenszel,
NCT01729754,Tildrakizumab,reSURFACE 2,secondary,7,15549ea135f304db3d9bd069ac1d2a5fb2a91bee,12w,OG001,OG002,superiority,response_rate_difference,Difference in percentages,37.5,95.0,31.1,43.4,2,<,0.001,<0.001,Cochran-Mantel-Haenszel,
NCT01729754,Tildrakizumab,reSURFACE 2,secondary,7,15549ea135f304db3d9bd069ac1d2a5fb2a91bee,12w,OG000,OG003,superiority,response_rate_difference,Difference in percentages,15.2,95.0,8.3,22.1,2,<,0.001,<0.001,Cochran-Mantel-Haenszel,
NCT01729754,Tildrakizumab,reSURFACE 2,secondary,7,15549ea135f304db3d9bd069ac1d2a5fb2a91bee,12w,OG001,OG003,superiority,response_rate_difference,Difference in percentages,17.4,95.0,10.3,24.4,2,<,0.001,<0.001,Cochran-Mantel-Haenszel,
NCT01729754,Tildrakizumab,reSURFACE 2,secondary,8,384184091e2c5c48f7ddf37fa2609eec94b803e4,28w,OG000,OG002,other,response_rate_difference,Difference in percentages,27.1,95.0,19.1,34.7,2,<,0.001,<0.001,Cochran-Mantel-Haenszel,
NCT01729754,Tildrakizumab,reSURFACE 2,secondary,8,384184091e2c5c48f7ddf37fa2609eec94b803e4,28w,OG001,OG002,other,response_rate_difference,Difference in percentages,24.9,95.0,17.0,32.6,2,<,0.001,<0.001,Cochran-Mantel-Haenszel,
NCT01729754,Tildrakizumab,reSURFACE 2,secondary,11,58597c68fca449bc1db9a8875cd744e84a11d5be,12w,OG000,OG002,superiority,response_rate_difference,Difference in percentages,11.7,95.0,7.8,16.0,2,<,0.001,<0.001,Cochran-Mantel-Haenszel,
NCT01729754,Tildrakizumab,reSURFACE 2,secondary,11,58597c68fca449bc1db9a8875cd744e84a11d5be,12w,OG001,OG002,superiority,response_rate_difference,Difference in percentages,12.4,95.0,8.5,16.6,2,<,0.001,<0.001,Cochran-Mantel-Haenszel,
NCT01729754,Tildrakizumab,reSURFACE 2,secondary,11,58597c68fca449bc1db9a8875cd744e84a11d5be,12w,OG000,OG003,superiority,response_rate_difference,Difference in percentages,7.0,95.0,2.8,11.6,2,=,0.001,0.001,Cochran-Mantel-Haenszel,
NCT01729754,Tildrakizumab,reSURFACE 2,secondary,11,58597c68fca449bc1db9a8875cd744e84a11d5be,12w,OG001,OG003,superiority,response_rate_difference,Difference in percentages,7.6,95.0,3.3,12.3,2,<,0.001,<0.001,Cochran-Mantel-Haenszel,
NCT01729754,Tildrakizumab,reSURFACE 2,secondary,12,a0af1acd7006b36c0925080ebc61aecccb6abf2c,28w,OG000,OG002,superiority,response_rate_difference,Difference in percentages,15.7,95.0,9.4,22.1,2,<,0.001,<0.001,Cochran-Mantel-Haenszel,
NCT01729754,Tildrakizumab,reSURFACE 2,secondary,12,a0af1acd7006b36c0925080ebc61aecccb6abf2c,28w,OG001,OG002,superiority,response_rate_difference,Difference in percentages,11.7,95.0,5.6,17.9,2,<,0.001,<0.001,Cochran-Mantel-Haenszel,
NCT01729754,Tildrakizumab,reSURFACE 2,secondary,16,ee7f817e73c46daa3cd429a0241995e39b9e2cff,12w,OG001,OG002,other,ls_mean_difference,Difference in least squares means,-8.2,95.0,-9.3,-7.2,2,<,0.001,<0.001,cLDA,
NCT01729754,Tildrakizumab,reSURFACE 2,secondary,16,ee7f817e73c46daa3cd429a0241995e39b9e2cff,12w,OG000,OG002,other,ls_mean_difference,Difference in least squares means,-8.3,95.0,-9.3,-7.3,2,<,0.001,<0.001,cLDA,
NCT01729754,Tildrakizumab,reSURFACE 2,secondary,16,ee7f817e73c46daa3cd429a0241995e39b9e2cff,12w,OG001,OG003,other,ls_mean_difference,Difference in least squares means,-1.3,95.0,-2.1,-0.5,2,=,0.002,0.002,cLDA,
NCT01729754,Tildrakizumab,reSURFACE 2,secondary,16,ee7f817e73c46daa3cd429a0241995e39b9e2cff,12w,OG000,OG003,other,ls_mean_difference,Difference in least squares means,-1.4,95.0,-2.2,-0.6,2,=,0.001,0.001,cLDA,
NCT01729754,Tildrakizumab,reSURFACE 2,secondary,17,3f07b24a9c3fb40cc50f79c98d695e76c6f2d8b7,28w,OG001,OG002,other,ls_mean_difference,Difference in least squares means,-1.7,95.0,-2.4,-1.0,2,<,0.001,<0.001,cLDA,
NCT01729754,Tildrakizumab,reSURFACE 2,secondary,17,3f07b24a9c3fb40cc50f79c98d695e76c6f2d8b7,28w,OG000,OG002,other,ls_mean_difference,Difference in least squares means,-2.2,95.0,-2.9,-1.5,2,<,0.001,<0.001,cLDA,
NCT01729754,Tildrakizumab,reSURFACE 2,secondary,20,a40ffcdb2121fad888d2c55eb07c5b62bf6280b9,12w,OG000,OG002,other,response_rate_difference,Difference in percentages,39.3,95.0,31.8,46.1,2,<,0.001,<0.001,Cochran-Mantel-Haenszel,
NCT01729754,Tildrakizumab,reSURFACE 2,secondary,20,a40ffcdb2121fad888d2c55eb07c5b62bf6280b9,12w,OG001,OG002,other,response_rate_difference,Difference in percentages,32.1,95.0,24.5,39.1,2,<,0.001,<0.001,Cochran-Mantel-Haenszel,
NCT01729754,Tildrakizumab,reSURFACE 2,secondary,20,a40ffcdb2121fad888d2c55eb07c5b62bf6280b9,12w,OG000,OG003,other,response_rate_difference,Difference in percentages,11.9,95.0,4.1,19.5,2,=,0.003,0.003,Cochran-Mantel-Haenszel,
NCT01729754,Tildrakizumab,reSURFACE 2,secondary,20,a40ffcdb2121fad888d2c55eb07c5b62bf6280b9,12w,OG001,OG003,other,response_rate_difference,Difference in percentages,4.8,95.0,-2.9,12.5,2,=,0.221,0.221,Cochran-Mantel-Haenszel,
NCT01729754,Tildrakizumab,reSURFACE 2,secondary,21,bc7349a20e85f4500bf79a2abd5f8d4bca3b1508,28w,OG000,OG002,other,response_rate_difference,Difference in percentages,25.7,95.0,17.7,33.4,2,<,0.001,<0.001,Cochran-Mantel-Haenszel,
NCT01729754,Tildrakizumab,reSURFACE 2,secondary,21,bc7349a20e85f4500bf79a2abd5f8d4bca3b1508,28w,OG001,OG002,other,response_rate_difference,Difference in percentages,15.0,95.0,6.9,22.9,2,<,0.001,<0.001,Cochran-Mantel-Haenszel,
NCT02068352,Difamilast,Trial 1,primary,1,47223913f83b8c475a5586fe02749a62b0038fa6,4w,OG000,OG002,superiority,mean_difference,Mean Difference,11.93,95.0,-0.08,23.95,2,=,0.069,0.0690,Cochran-Mantel-Haenszel,
NCT02068352,Difamilast,Trial 1,primary,1,47223913f83b8c475a5586fe02749a62b0038fa6,4w,OG001,OG002,superiority,mean_difference,Mean Difference,18.23,95.0,4.99,31.46,2,=,0.0165,0.0165,Cochran-Mantel-Haenszel,
NCT02068352,Difamilast,Trial 1,primary,1,47223913f83b8c475a5586fe02749a62b0038fa6,4w,OG000,OG002,superiority,mean_difference,Mean Difference,12.3,95.0,0.06,24.53,2,=,0.0617,0.0617,Cochran-Mantel-Haenszel,
NCT02068352,Difamilast,Trial 1,secondary,1,43a7fd87daa910b218cd619e953ff6f17953d530,4w,OG000,OG002,superiority,mean_difference,Mean Difference (Final Values),-0.47,95.0,-0.84,-0.1,2,=,0.0128,0.0128,Mixed Models Analysis,
NCT02068352,Difamilast,Trial 1,secondary,1,43a7fd87daa910b218cd619e953ff6f17953d530,4w,OG001,OG002,superiority,mean_difference,Mean Difference (Final Values),-0.46,95.0,-0.81,-0.1,2,=,0.0134,0.0134,Mixed Models Analysis,
NCT02068352,Difamilast,Trial 1,secondary,2,b9a75049779ca16e9989956c05339180662cf811,4w,OG000,OG002,superiority,mean_difference,Mean Difference (Final Values),-0.5,95.0,-0.85,-0.16,2,=,0.0048,0.0048,ANCOVA,
NCT02068352,Difamilast,Trial 1,secondary,2,b9a75049779ca16e9989956c05339180662cf811,4w,OG001,OG002,superiority,mean_difference,Mean Difference (Final Values),-0.5,95.0,-0.84,-0.16,2,=,0.0045,0.0045,ANCOVA,
NCT02090764,Ozenoxacin,,primary,1,28cd650798780f3d5bb875b75abee390914fcd0a,,OG000,OG001,superiority,,,,,,,,=,0.001,0.001,Chi-squared,
NCT02118766,Crisaborole,,primary,1,e6316e720e99be08a59415b61c152d78f2a50379,29d,OG000,OG001,superiority,,,,,,,,=,0.038,0.038,"Regression, Logistic",
NCT02118792,Crisaborole,,primary,1,29e09e67fe562dc7e3b6196515d69b81057b7ca9,29d,OG000,OG001,superiority,,,,,,,,<,0.001,<0.001,"Regression, Logistic",
NCT02207231,Guselkumab,VOYAGE 1,primary,1,2a2746be12a4c3bb56d8700eb79dee7b5ca26351,16w,OG000,OG001,superiority,,,,,,,,<,0.001,<0.001,Cochran-Mantel-Haenszel chi-square test,
NCT02207231,Guselkumab,VOYAGE 1,primary,2,03f474167ba91c8b1188c5ed3464ff2bb8f6a42f,16w,OG000,OG001,superiority,,,,,,,,<,0.001,<0.001,Cochran-Mantel-Haenszel chi-square test,
NCT02207231,Guselkumab,VOYAGE 1,secondary,1,37bed2800956ad35cb0ade8e32691b9e287bf477,24w,OG000,OG001,superiority,,,,,,,,<,0.001,< 0.001,Cochran-Mantel-Haenszel chi-square test,
NCT02207231,Guselkumab,VOYAGE 1,secondary,1,37bed2800956ad35cb0ade8e32691b9e287bf477,48w,OG000,OG001,superiority,,,,,,,,<,0.001,< 0.001,Cochran-Mantel-Haenszel chi-square test,
NCT02207231,Guselkumab,VOYAGE 1,secondary,2,7eb5cd4f5895be3563f7c4d8fecb7fe3e6734c5d,24w,OG000,OG001,superiority,,,,,,,,<,0.001,< 0.001,Cochran-Mantel-Haenszel chi-square test,
NCT02207231,Guselkumab,VOYAGE 1,secondary,2,7eb5cd4f5895be3563f7c4d8fecb7fe3e6734c5d,48w,OG000,OG001,superiority,,,,,,,,<,0.001,< 0.001,Cochran-Mantel-Haenszel chi-square test,
NCT02207231,Guselkumab,VOYAGE 1,secondary,3,0537257b5f6ef29bb685e629beea2cf23cda3ea2,24w,OG000,OG001,superiority,,,,,,,,<,0.001,< 0.001,Cochran-Mantel-Haenszel chi-square test,
NCT02207231,Guselkumab,VOYAGE 1,secondary,3,0537257b5f6ef29bb685e629beea2cf23cda3ea2,48w,OG000,OG001,superiority,,,,,,,,<,0.001,< 0.001,Cochran-Mantel-Haenszel chi-square test,
NCT02207231,Guselkumab,VOYAGE 1,secondary,4,6d66393c93ee570b8ecc02278cbf7525baa17687,16w,OG000,OG001,superiority,,,,,,,,<,0.001,< 0.001,ANOVA,
NCT02207231,Guselkumab,VOYAGE 1,secondary,5,8ce2da4882584e3826b51f643fd59b312b9ffbd8,16w,OG000,OG001,non_inferiority,response_rate_difference,Difference in Percentage,19.3,95.0,12.9,25.7,2,<,0.001,< 0.001,MH Z-test,
NCT02207231,Guselkumab,VOYAGE 1,secondary,5,8ce2da4882584e3826b51f643fd59b312b9ffbd8,16w,OG000,OG001,superiority,,,,,,,,<,0.001,< 0.001,Cochran-Mantel-Haenszel chi-square test,
NCT02207231,Guselkumab,VOYAGE 1,secondary,6,f2ee1b0a5fe53237dd209ae52c2632108a5c3b1b,16w,OG000,OG001,non_inferiority,response_rate_difference,Difference in Percentage,24.1,95.0,17.0,31.0,2,<,0.001,< 0.001,MH Z-test,
NCT02207231,Guselkumab,VOYAGE 1,secondary,6,f2ee1b0a5fe53237dd209ae52c2632108a5c3b1b,16w,OG000,OG001,superiority,,,,,,,,<,0.001,< 0.001,Cochran-Mantel-Haenszel chi-square test,
NCT02207231,Guselkumab,VOYAGE 1,secondary,7,f9b608c26d7eccff473b3bb4c3ebd390d6d7112d,16w,OG000,OG001,non_inferiority,response_rate_difference,Difference in percentage,18.0,95.0,12.4,23.8,2,<,0.001,< 0.001,MH Z-test,
NCT02207231,Guselkumab,VOYAGE 1,secondary,7,f9b608c26d7eccff473b3bb4c3ebd390d6d7112d,16w,OG000,OG001,superiority,,,,,,,,<,0.001,< 0.001,Cochran-Mantel-Haenszel chi-square test,
NCT02207231,Guselkumab,VOYAGE 1,secondary,8,d7e34e82b3342a98e185b2b45602117526d79c14,16w,OG000,OG001,superiority,,,,,,,,<,0.001,< 0.001,Cochran-Mantel-Haenszel chi-square test,
NCT02207231,Guselkumab,VOYAGE 1,secondary,9,726526e7a4436417990c3ecdf141847f53ad722b,16w,OG000,OG001,superiority,,,,,,,,<,0.001,< 0.001,ANOVA,
NCT02207231,Guselkumab,VOYAGE 1,secondary,10,54bddf04112cd3c34185ef287ed769e5517af853,24w,OG000,OG001,superiority,,,,,,,,<,0.001,< 0.001,Cochran-Mantel-Haenszel chi-square test,
NCT02207244,Guselkumab,VOYAGE 2,primary,1,2a2746be12a4c3bb56d8700eb79dee7b5ca26351,16w,OG000,OG001,superiority,,,,,,,,<,0.001,< 0.001,Cochran-Mantel-Haenszel chi-square test,
NCT02207244,Guselkumab,VOYAGE 2,primary,2,03f474167ba91c8b1188c5ed3464ff2bb8f6a42f,16w,OG000,OG001,superiority,,,,,,,,<,0.001,< 0.001,Cochran-Mantel-Haenszel chi-square test,
NCT02207244,Guselkumab,VOYAGE 2,secondary,1,f0250ffc509a8601e4236807b3396ef69b3abe9f,24w,OG000,OG001,superiority,,,,,,,,<,0.001,< 0.001,Cochran-Mantel-Haenszel chi-square test,
NCT02207244,Guselkumab,VOYAGE 2,secondary,2,1ea719112a16183825a78cfcd37daade753bab67,24w,OG000,OG001,superiority,,,,,,,,<,0.001,< 0.001,Cochran-Mantel-Haenszel chi-square test,
NCT02207244,Guselkumab,VOYAGE 2,secondary,3,746dc6bfb048eaf2ef828587136b9b9e05bd2777,24w,OG000,OG001,superiority,,,,,,,,<,0.001,< 0.001,Cochran-Mantel-Haenszel chi-square test,
NCT02207244,Guselkumab,VOYAGE 2,secondary,4,d05389c299b9a635c9709c529db97c06219183ce,,OG000,OG001,superiority,,,,,,,,<,0.001,< 0.001,Log Rank,
NCT02207244,Guselkumab,VOYAGE 2,secondary,5,6d66393c93ee570b8ecc02278cbf7525baa17687,16w,OG000,OG001,superiority,,,,,,,,<,0.001,< 0.001,ANOVA,
NCT02207244,Guselkumab,VOYAGE 2,secondary,6,8ce2da4882584e3826b51f643fd59b312b9ffbd8,16w,OG000,OG001,non_inferiority,response_rate_difference,Difference in Percentage,16.4,95.0,10.0,23.2,2,<,0.001,< 0.001,MH Z-test,
NCT02207244,Guselkumab,VOYAGE 2,secondary,6,8ce2da4882584e3826b51f643fd59b312b9ffbd8,16w,OG000,OG001,superiority,,,,,,,,<,0.001,< 0.001,Cochran-Mantel-Haenszel chi-square test,
NCT02207244,Guselkumab,VOYAGE 2,secondary,7,3d1e20371d9936ffd59c593453df8b6e05db680b,16w,OG000,OG001,non_inferiority,response_rate_difference,Difference in Percentage,23.3,95.0,16.0,30.4,2,<,0.001,< 0.001,MH Z-test,
NCT02207244,Guselkumab,VOYAGE 2,secondary,7,3d1e20371d9936ffd59c593453df8b6e05db680b,16w,OG000,OG001,superiority,,,,,,,,<,0.001,< 0.001,Cochran-Mantel-Haenszel chi-square test,
NCT02207244,Guselkumab,VOYAGE 2,secondary,8,f9b608c26d7eccff473b3bb4c3ebd390d6d7112d,16w,OG000,OG001,non_inferiority,response_rate_difference,Difference in percentage,17.7,95.0,11.4,24.4,2,<,0.001,< 0.001,MH Z-test,
NCT02207244,Guselkumab,VOYAGE 2,secondary,8,f9b608c26d7eccff473b3bb4c3ebd390d6d7112d,16w,OG000,OG001,superiority,,,,,,,,<,0.001,< 0.001,Cochran-Mantel-Haenszel chi-square test,
NCT02207244,Guselkumab,VOYAGE 2,secondary,9,d7e34e82b3342a98e185b2b45602117526d79c14,16w,OG000,OG001,superiority,,,,,,,,<,0.001,< 0.001,Cochran-Mantel-Haenszel chi-square test,
NCT02207244,Guselkumab,VOYAGE 2,secondary,10,726526e7a4436417990c3ecdf141847f53ad722b,16w,OG000,OG001,superiority,,,,,,,,<,0.001,< 0.001,ANOVA,
NCT02207244,Guselkumab,VOYAGE 2,secondary,11,54bddf04112cd3c34185ef287ed769e5517af853,24w,OG000,OG001,superiority,,,,,,,,<,0.001,< 0.001,Cochran-Mantel-Haenszel chi-square test,
NCT02260986,Dupilumab,CHRONOS,primary,1,95be162831cf829f27e8c86081153b0363958d13,16w,OG000,OG001,superiority,response_rate_difference,difference in percentages,26.3,95.0,16.34,36.26,2,<,0.0001,<0.0001,Cochran-Mantel-Haenszel,
NCT02260986,Dupilumab,CHRONOS,primary,1,95be162831cf829f27e8c86081153b0363958d13,16w,OG000,OG002,superiority,response_rate_difference,difference in percentages,26.8,95.0,20.33,33.28,2,<,0.0001,<0.0001,Cochran-Mantel-Haenszel,
NCT02260986,Dupilumab,CHRONOS,secondary,1,7411153b692f8af70370dd2ac27698b59097397f,16w,OG000,OG001,superiority,response_rate_difference,difference in percentages,45.7,95.0,35.72,55.66,2,<,0.0001,<0.0001,Cochran-Mantel-Haenszel,
NCT02260986,Dupilumab,CHRONOS,secondary,1,7411153b692f8af70370dd2ac27698b59097397f,16w,OG000,OG002,superiority,response_rate_difference,difference in percentages,40.8,95.0,33.74,47.81,2,<,0.0001,<0.0001,Cochran-Mantel-Haenszel,
NCT02260986,Dupilumab,CHRONOS,secondary,2,7b8d6e5e4cc7d07ac670bfdfce57a7d19cf388a5,16w,OG000,OG001,superiority,response_rate_difference,difference in percentages,39.1,95.0,28.53,49.65,2,<,0.0001,<0.0001,Cochran-Mantel-Haenszel,
NCT02260986,Dupilumab,CHRONOS,secondary,2,7b8d6e5e4cc7d07ac670bfdfce57a7d19cf388a5,16w,OG000,OG002,superiority,response_rate_difference,difference in percentages,31.1,95.0,23.84,38.39,2,<,0.0001,<0.0001,Cochran-Mantel-Haenszel,
NCT02260986,Dupilumab,CHRONOS,secondary,3,80fa1b2834a85b77f2b7f6e1913c078f4031bafd,16w,OG000,OG001,superiority,response_rate_difference,difference in percentages,37.9,95.0,27.56,48.31,2,<,0.0001,<0.0001,Cochran-Mantel-Haenszel,
NCT02260986,Dupilumab,CHRONOS,secondary,3,80fa1b2834a85b77f2b7f6e1913c078f4031bafd,16w,OG000,OG002,superiority,response_rate_difference,difference in percentages,34.7,95.0,27.31,42.05,2,<,0.0001,<0.0001,Cochran-Mantel-Haenszel,
NCT02260986,Dupilumab,CHRONOS,secondary,4,bf9cf298a974b4cc1ca95666ce483739c70f2ed6,52w,OG000,OG001,superiority,response_rate_difference,difference in percentages,23.5,95.0,12.72,34.19,2,<,0.0001,<0.0001,Cochran-Mantel-Haenszel,
NCT02260986,Dupilumab,CHRONOS,secondary,4,bf9cf298a974b4cc1ca95666ce483739c70f2ed6,52w,OG000,OG002,superiority,response_rate_difference,difference in percentages,27.5,95.0,20.42,34.58,2,<,0.0001,<0.0001,Cochran-Mantel-Haenszel,
NCT02260986,Dupilumab,CHRONOS,secondary,5,42d72cb325f9e0ed441564b6b0cd6ab1b6ca58cb,52w,OG000,OG001,superiority,response_rate_difference,difference in percentages,43.6,95.0,32.5,54.65,2,<,0.0001,<0.0001,Cochran-Mantel-Haenszel,
NCT02260986,Dupilumab,CHRONOS,secondary,5,42d72cb325f9e0ed441564b6b0cd6ab1b6ca58cb,52w,OG000,OG002,superiority,response_rate_difference,difference in percentages,42.5,95.0,34.91,50.06,2,<,0.0001,<0.0001,Cochran-Mantel-Haenszel,
NCT02260986,Dupilumab,CHRONOS,secondary,6,da37b0b0786fe9145810c429e8c1db35f6b56069,16w,OG000,OG001,superiority,ls_mean_difference,Least square (LS) mean difference,-26.2,95.0,-35.04,-17.43,2,<,0.0001,<0.0001,ANCOVA,
NCT02260986,Dupilumab,CHRONOS,secondary,6,da37b0b0786fe9145810c429e8c1db35f6b56069,16w,OG000,OG002,superiority,ls_mean_difference,LS mean difference,-26.8,95.0,-32.83,-20.73,2,<,0.0001,<0.0001,ANCOVA,
NCT02260986,Dupilumab,CHRONOS,secondary,7,5e4c066e72ad4481004cace046df134a556e300d,52w,OG000,OG001,superiority,response_rate_difference,difference in percentages,38.3,95.0,26.96,49.66,2,<,0.0001,<0.0001,Cochran-Mantel-Haenszel,
NCT02260986,Dupilumab,CHRONOS,secondary,7,5e4c066e72ad4481004cace046df134a556e300d,52w,OG000,OG002,superiority,response_rate_difference,difference in percentages,26.1,95.0,18.76,33.45,2,<,0.0001,<0.0001,Cochran-Mantel-Haenszel,
NCT02260986,Dupilumab,CHRONOS,secondary,8,bbd23096ee46ea2282022d80389c8fae6e2b2f53,52w,OG000,OG001,superiority,response_rate_difference,difference in percentages,40.1,95.0,28.76,51.35,2,<,0.0001,<0.0001,Cochran-Mantel-Haenszel,
NCT02260986,Dupilumab,CHRONOS,secondary,8,bbd23096ee46ea2282022d80389c8fae6e2b2f53,52w,OG000,OG002,superiority,response_rate_difference,difference in percentages,27.3,95.0,19.81,34.76,2,<,0.0001,<0.0001,Cochran-Mantel-Haenszel,
NCT02260986,Dupilumab,CHRONOS,secondary,9,20759b3ae043d75e4e2b80e97e09aec39335fb91,24w,OG000,OG001,superiority,response_rate_difference,difference in percentages,37.9,95.0,27.34,48.4,2,<,0.0001,<0.0001,Cochran-Mantel-Haenszel,
NCT02260986,Dupilumab,CHRONOS,secondary,9,20759b3ae043d75e4e2b80e97e09aec39335fb91,24w,OG000,OG002,superiority,response_rate_difference,difference in percentages,27.7,95.0,20.65,34.7,2,<,0.0001,<0.0001,Cochran-Mantel-Haenszel,
NCT02260986,Dupilumab,CHRONOS,secondary,10,3541fc371979c058575799589f298ce82d0ca9da,4w,OG000,OG001,superiority,response_rate_difference,difference in percentages,20.9,95.0,10.59,31.15,2,<,0.0001,<0.0001,Cochran-Mantel-Haenszel,
NCT02260986,Dupilumab,CHRONOS,secondary,10,3541fc371979c058575799589f298ce82d0ca9da,4w,OG000,OG002,superiority,response_rate_difference,difference in percentages,10.7,95.0,4.15,17.31,2,=,0.0021,0.0021,Cochran-Mantel-Haenszel,
NCT02260986,Dupilumab,CHRONOS,secondary,11,c4f653f6e3813a3427b4366df222a381851f462b,2w,OG000,OG001,superiority,response_rate_difference,difference in percentages,9.6,95.0,1.61,17.63,2,=,0.0062,0.0062,Cochran-Mantel-Haenszel,
NCT02260986,Dupilumab,CHRONOS,secondary,11,c4f653f6e3813a3427b4366df222a381851f462b,2w,OG000,OG002,superiority,response_rate_difference,difference in percentages,5.5,95.0,0.56,10.51,2,=,0.0344,0.0344,Cochran-Mantel-Haenszel,
NCT02260986,Dupilumab,CHRONOS,secondary,12,ccb41e393386d6f132445cbf109fc6944f8b9456,16w,OG000,OG001,superiority,ls_mean_difference,LS mean difference,-1.81,95.0,-2.297,-1.322,2,<,0.0001,<0.0001,ANCOVA,
NCT02260986,Dupilumab,CHRONOS,secondary,13,cec3f3a512d37f7aa42cd2ac19e673a96bc76e5e,16w,OG000,OG001,superiority,ls_mean_difference,LS mean difference,-32.1,95.0,-46.37,-17.82,2,<,0.0001,<0.0001,ANCOVA,
NCT02260986,Dupilumab,CHRONOS,secondary,14,2c0f28e7e0d0eb07ac007fbb28a2fd41f75b5406,16w,OG000,OG001,superiority,ls_mean_difference,LS mean difference,-18.38,95.0,-22.583,-14.187,2,<,0.0001,<0.0001,ANCOVA,
NCT02260986,Dupilumab,CHRONOS,secondary,15,76c16e91fc2335528a59671368628550b8479104,16w,OG000,OG001,superiority,ls_mean_difference,LS mean difference,-27.7,95.0,-33.46,-21.9,2,<,0.0001,<0.0001,ANCOVA,
NCT02260986,Dupilumab,CHRONOS,secondary,16,c7a8a2622cdbc2107c0acdd125b9f415141f1502,16w,OG000,OG001,superiority,ls_mean_difference,LS mean difference,-4.2,95.0,-5.31,-3.02,2,<,0.0001,<0.0001,ANCOVA,
NCT02260986,Dupilumab,CHRONOS,secondary,17,12726e0a66bc9bdaf46bd57766a912c0ad88979b,16w,OG000,OG001,superiority,ls_mean_difference,LS mean difference,-7.4,95.0,-8.85,-5.93,2,<,0.0001,<0.0001,ANCOVA,
NCT02260986,Dupilumab,CHRONOS,secondary,18,37f44057ac602f8410521c464ef58d9d8e48f516,16w,OG000,OG001,superiority,ls_mean_difference,LS mean difference,-1.0,95.0,-2.27,0.37,2,=,0.1596,0.1596,ANCOVA,
NCT02277743,Dupilumab,SOLO 1,primary,1,ab3aa46e147251436091ee6766723fbec1ce59e6,16w,OG000,OG001,superiority,response_rate_difference,difference in percentages,27.7,95.0,20.18,35.17,2,<,0.0001,< 0.0001,Cochran-Mantel-Haenszel,
NCT02277743,Dupilumab,SOLO 1,primary,1,ab3aa46e147251436091ee6766723fbec1ce59e6,16w,OG000,OG002,superiority,response_rate_difference,difference in percentages,27.0,95.0,19.47,34.44,2,<,0.0001,< 0.0001,Cochran-Mantel-Haenszel,
NCT02277743,Dupilumab,SOLO 1,secondary,1,7411153b692f8af70370dd2ac27698b59097397f,16w,OG000,OG001,superiority,response_rate_difference,difference in percentages,36.6,95.0,28.58,44.63,2,<,0.0001,< 0.0001,Cochran-Mantel-Haenszel,
NCT02277743,Dupilumab,SOLO 1,secondary,1,7411153b692f8af70370dd2ac27698b59097397f,16w,OG000,OG002,superiority,response_rate_difference,difference in percentages,37.7,95.0,29.7,45.77,2,<,0.0001,< 0.0001,Cochran-Mantel-Haenszel,
NCT02277743,Dupilumab,SOLO 1,secondary,2,1186dc7369046aa2cf1185360466318969a4285d,16w,OG000,OG001,superiority,response_rate_difference,difference in percentages,28.6,95.0,20.64,36.52,2,<,0.0001,< 0.0001,Cochran-Mantel-Haenszel,
NCT02277743,Dupilumab,SOLO 1,secondary,2,1186dc7369046aa2cf1185360466318969a4285d,16w,OG000,OG002,superiority,response_rate_difference,difference in percentages,28.0,95.0,19.94,36.13,2,<,0.0001,< 0.0001,Cochran-Mantel-Haenszel,
NCT02277743,Dupilumab,SOLO 1,secondary,3,5701b7f824d713bb83cee4d66ec99880107298cc,16w,OG000,OG001,superiority,response_rate_difference,difference in percentages,29.6,95.0,21.36,37.88,2,<,0.0001,< 0.0001,Cochran-Mantel-Haenszel,
NCT02277743,Dupilumab,SOLO 1,secondary,3,5701b7f824d713bb83cee4d66ec99880107298cc,16w,OG000,OG002,superiority,response_rate_difference,difference in percentages,34.5,95.0,26.08,42.84,2,<,0.0001,< 0.0001,Cochran-Mantel-Haenszel,
NCT02277743,Dupilumab,SOLO 1,secondary,4,776f3c9e82348293f41d943a73e2d79c7479e240,16w,OG000,OG001,superiority,ls_mean_difference,Least square (LS) mean difference,-24.9,95.0,-32.26,-17.52,2,<,0.0001,< 0.0001,ANCOVA,
NCT02277743,Dupilumab,SOLO 1,secondary,4,776f3c9e82348293f41d943a73e2d79c7479e240,16w,OG000,OG002,superiority,ls_mean_difference,LS mean difference,-22.8,95.0,-30.33,-15.33,2,<,0.0001,< 0.0001,ANCOVA,
NCT02277743,Dupilumab,SOLO 1,secondary,5,33bd0b1ed3d9d32dce725619f60851e16bb7f133,4w,OG000,OG001,superiority,response_rate_difference,difference in percentages,9.8,95.0,3.95,15.71,2,=,0.0012,0.0012,Cochran-Mantel-Haenszel,
NCT02277743,Dupilumab,SOLO 1,secondary,5,33bd0b1ed3d9d32dce725619f60851e16bb7f133,4w,OG000,OG002,superiority,response_rate_difference,difference in percentages,17.3,95.0,10.57,23.93,2,<,0.0001,< 0.0001,Cochran-Mantel-Haenszel,
NCT02277743,Dupilumab,SOLO 1,secondary,6,47181b8d00a413944bb26c25e587289185fd0462,2w,OG000,OG001,superiority,response_rate_difference,difference in percentages,6.1,95.0,1.49,10.68,2,=,0.0097,0.0097,Cochran-Mantel-Haenszel,
NCT02277743,Dupilumab,SOLO 1,secondary,6,47181b8d00a413944bb26c25e587289185fd0462,2w,OG000,OG002,superiority,response_rate_difference,difference in percentages,6.2,95.0,1.45,10.86,2,=,0.0094,0.0094,Cochran-Mantel-Haenszel,
NCT02277743,Dupilumab,SOLO 1,secondary,7,006af487cf68a18b5e3211480a7539a2b02efc99,16w,OG000,OG001,superiority,ls_mean_difference,LS mean difference,-1.75,95.0,-2.236,-1.26,2,<,0.0001,< 0.0001,ANCOVA,
NCT02277743,Dupilumab,SOLO 1,secondary,7,006af487cf68a18b5e3211480a7539a2b02efc99,16w,OG000,OG002,superiority,ls_mean_difference,LS mean difference,-1.69,95.0,-2.189,-1.186,2,<,0.0001,< 0.0001,ANCOVA,
NCT02277743,Dupilumab,SOLO 1,secondary,8,cec3f3a512d37f7aa42cd2ac19e673a96bc76e5e,16w,OG000,OG001,superiority,ls_mean_difference,LS mean difference,-34.6,95.0,-42.35,-26.88,2,<,0.0001,< 0.0001,ANCOVA,
NCT02277743,Dupilumab,SOLO 1,secondary,8,cec3f3a512d37f7aa42cd2ac19e673a96bc76e5e,16w,OG000,OG002,superiority,ls_mean_difference,LS mean difference,-34.4,95.0,-42.17,-26.56,2,<,0.0001,< 0.0001,ANCOVA,
NCT02277743,Dupilumab,SOLO 1,secondary,9,0ad9fbd8cbe05b5c05e51adb94de6f51fcf2ff2a,16w,OG000,OG001,superiority,response_rate_difference,difference in percentages,44.2,95.0,35.91,52.48,2,<,0.0001,< 0.0001,Cochran-Mantel-Haenszel,
NCT02277743,Dupilumab,SOLO 1,secondary,9,0ad9fbd8cbe05b5c05e51adb94de6f51fcf2ff2a,16w,OG000,OG002,superiority,response_rate_difference,difference in percentages,36.4,95.0,27.9,44.96,2,<,0.0001,< 0.0001,Cochran-Mantel-Haenszel,
NCT02277743,Dupilumab,SOLO 1,secondary,10,891ad8abc81e28947ba4780878adeb072331ca8c,16w,OG000,OG001,superiority,response_rate_difference,difference in percentages,28.1,95.0,20.96,35.29,2,<,0.0001,< 0.0001,Cochran-Mantel-Haenszel,
NCT02277743,Dupilumab,SOLO 1,secondary,10,891ad8abc81e28947ba4780878adeb072331ca8c,16w,OG000,OG002,superiority,response_rate_difference,difference in percentages,25.6,95.0,18.51,32.68,2,<,0.0001,< 0.0001,Cochran-Mantel-Haenszel,
NCT02277743,Dupilumab,SOLO 1,secondary,11,0c6e8b21908a2086141c2e908f1b6a3eb6f5dd84,16w,OG000,OG001,superiority,ls_mean_difference,LS mean difference,-17.92,95.0,-22.487,-13.353,2,<,0.0001,< 0.0001,ANCOVA,
NCT02277743,Dupilumab,SOLO 1,secondary,11,0c6e8b21908a2086141c2e908f1b6a3eb6f5dd84,16w,OG000,OG002,superiority,ls_mean_difference,LS mean difference,-18.89,95.0,-23.125,-14.65,2,<,0.0001,< 0.0001,ANCOVA,
NCT02277743,Dupilumab,SOLO 1,secondary,12,76c16e91fc2335528a59671368628550b8479104,16w,OG000,OG001,superiority,ls_mean_difference,LS mean difference,-28.7,95.0,-35.79,-21.54,2,<,0.0001,< 0.0001,ANCOVA,
NCT02277743,Dupilumab,SOLO 1,secondary,12,76c16e91fc2335528a59671368628550b8479104,16w,OG000,OG002,superiority,ls_mean_difference,LS mean difference,-28.0,95.0,-35.09,-20.87,2,<,0.0001,< 0.0001,ANCOVA,
NCT02277743,Dupilumab,SOLO 1,secondary,13,c7a8a2622cdbc2107c0acdd125b9f415141f1502,16w,OG000,OG001,superiority,ls_mean_difference,LS mean difference,-4.0,95.0,-5.16,-2.8,2,<,0.0001,< 0.0001,ANCOVA,
NCT02277743,Dupilumab,SOLO 1,secondary,13,c7a8a2622cdbc2107c0acdd125b9f415141f1502,16w,OG000,OG002,superiority,ls_mean_difference,LS mean difference,-3.7,95.0,-4.87,-2.49,2,<,0.0001,< 0.0001,ANCOVA,
NCT02277743,Dupilumab,SOLO 1,secondary,14,12726e0a66bc9bdaf46bd57766a912c0ad88979b,16w,OG000,OG001,superiority,ls_mean_difference,LS mean difference,-6.5,95.0,-8.02,-5.01,2,<,0.0001,< 0.0001,ANCOVA,
NCT02277743,Dupilumab,SOLO 1,secondary,14,12726e0a66bc9bdaf46bd57766a912c0ad88979b,16w,OG000,OG002,superiority,ls_mean_difference,LS mean difference,-5.9,95.0,-7.44,-4.32,2,<,0.0001,< 0.0001,ANCOVA,
NCT02277743,Dupilumab,SOLO 1,secondary,15,37f44057ac602f8410521c464ef58d9d8e48f516,16w,OG000,OG001,superiority,ls_mean_difference,LS mean difference,-2.2,95.0,-3.44,-0.95,2,=,0.0006,0.0006,ANCOVA,
NCT02277743,Dupilumab,SOLO 1,secondary,15,37f44057ac602f8410521c464ef58d9d8e48f516,16w,OG000,OG002,superiority,ls_mean_difference,LS mean difference,-2.2,95.0,-3.46,-1.03,2,=,0.0003,0.0003,ANCOVA,
NCT02277743,Dupilumab,SOLO 1,secondary,16,0cf86a1cfe9e642ce257bbdc614d22f3987cef7d,16w,OG000,OG001,superiority,ls_mean_difference,LS mean difference,-27.0,95.0,-35.04,-18.91,2,<,0.0001,< 0.0001,ANCOVA,
NCT02277743,Dupilumab,SOLO 1,secondary,16,0cf86a1cfe9e642ce257bbdc614d22f3987cef7d,16w,OG000,OG002,superiority,ls_mean_difference,LS mean difference,-25.6,95.0,-33.06,-18.12,2,<,0.0001,< 0.0001,ANCOVA,
NCT02277743,Dupilumab,SOLO 1,secondary,17,9b5af3452fa385c1654d4eb6863770a0b99ea22a,2w,OG000,OG001,superiority,ls_mean_difference,LS mean difference,-16.5,95.0,-21.08,-11.9,2,<,0.0001,< 0.0001,ANCOVA,
NCT02277743,Dupilumab,SOLO 1,secondary,17,9b5af3452fa385c1654d4eb6863770a0b99ea22a,2w,OG000,OG002,superiority,ls_mean_difference,LS mean difference,-15.1,95.0,-19.62,-10.5,2,<,0.0001,< 0.0001,ANCOVA,
NCT02277769,Dupilumab,SOLO 2,primary,1,ab3aa46e147251436091ee6766723fbec1ce59e6,16w,OG000,OG001,superiority,response_rate_difference,difference in percentages,27.6,95.0,20.46,34.69,2,<,0.0001,< 0.0001,Cochran-Mantel-Haenszel,
NCT02277769,Dupilumab,SOLO 2,primary,1,ab3aa46e147251436091ee6766723fbec1ce59e6,16w,OG000,OG002,superiority,response_rate_difference,difference in percentages,27.9,95.0,20.87,34.99,2,<,0.0001,< 0.0001,Cochran-Mantel-Haenszel,
NCT02277769,Dupilumab,SOLO 2,secondary,1,7411153b692f8af70370dd2ac27698b59097397f,16w,OG000,OG001,superiority,response_rate_difference,difference in percentages,32.3,95.0,24.75,39.94,2,<,0.0001,< 0.0001,Cochran-Mantel-Haenszel,
NCT02277769,Dupilumab,SOLO 2,secondary,1,7411153b692f8af70370dd2ac27698b59097397f,16w,OG000,OG002,superiority,response_rate_difference,difference in percentages,36.3,95.0,28.69,43.81,2,<,0.0001,< 0.0001,Cochran-Mantel-Haenszel,
NCT02277769,Dupilumab,SOLO 2,secondary,2,7b8d6e5e4cc7d07ac670bfdfce57a7d19cf388a5,16w,OG000,OG001,superiority,response_rate_difference,difference in percentages,26.5,95.0,19.13,33.87,2,<,0.0001,< 0.0001,Cochran-Mantel-Haenszel,
NCT02277769,Dupilumab,SOLO 2,secondary,2,7b8d6e5e4cc7d07ac670bfdfce57a7d19cf388a5,16w,OG000,OG002,superiority,response_rate_difference,difference in percentages,29.5,95.0,22.11,36.95,2,<,0.0001,< 0.0001,Cochran-Mantel-Haenszel,
NCT02277769,Dupilumab,SOLO 2,secondary,3,419f663aa6f3a237913c61af5ed6feb07133d4d5,16w,OG000,OG001,superiority,response_rate_difference,difference in percentages,37.8,95.0,30.03,45.6,2,<,0.0001,< 0.0001,Cochran-Mantel-Haenszel,
NCT02277769,Dupilumab,SOLO 2,secondary,3,419f663aa6f3a237913c61af5ed6feb07133d4d5,16w,OG000,OG002,superiority,response_rate_difference,difference in percentages,36.3,95.0,28.56,44.06,2,<,0.0001,< 0.0001,Cochran-Mantel-Haenszel,
NCT02277769,Dupilumab,SOLO 2,secondary,4,d6f4a2ae29e5b482f4896c4554eb79637f752d44,16w,OG000,OG001,superiority,ls_mean_difference,LS mean difference,-28.9,95.0,-36.04,-21.83,2,<,0.0001,< 0.0001,ANCOVA,
NCT02277769,Dupilumab,SOLO 2,secondary,4,d6f4a2ae29e5b482f4896c4554eb79637f752d44,16w,OG000,OG002,superiority,ls_mean_difference,Least square (LS) mean difference,-32.8,95.0,-40.2,-25.49,2,<,0.0001,< 0.0001,ANCOVA,
NCT02277769,Dupilumab,SOLO 2,secondary,5,33bd0b1ed3d9d32dce725619f60851e16bb7f133,4w,OG000,OG001,superiority,response_rate_difference,difference in percentages,16.3,95.0,9.99,22.68,2,<,0.0001,< 0.0001,Cochran-Mantel-Haenszel,
NCT02277769,Dupilumab,SOLO 2,secondary,5,33bd0b1ed3d9d32dce725619f60851e16bb7f133,4w,OG000,OG002,superiority,response_rate_difference,difference in percentages,21.3,95.0,14.66,27.93,2,<,0.0001,< 0.0001,Cochran-Mantel-Haenszel,
NCT02277769,Dupilumab,SOLO 2,secondary,6,47181b8d00a413944bb26c25e587289185fd0462,2w,OG000,OG001,superiority,response_rate_difference,difference in percentages,9.8,95.0,5.54,13.98,2,<,0.0001,< 0.0001,Cochran-Mantel-Haenszel,
NCT02277769,Dupilumab,SOLO 2,secondary,6,47181b8d00a413944bb26c25e587289185fd0462,2w,OG000,OG002,superiority,response_rate_difference,difference in percentages,11.8,95.0,7.31,16.32,2,<,0.0001,< 0.0001,Cochran-Mantel-Haenszel,
NCT02277769,Dupilumab,SOLO 2,secondary,7,006af487cf68a18b5e3211480a7539a2b02efc99,16w,OG000,OG001,superiority,ls_mean_difference,LS mean difference,-2.1,95.0,-2.605,-1.587,2,<,0.0001,< 0.0001,ANCOVA,
NCT02277769,Dupilumab,SOLO 2,secondary,7,006af487cf68a18b5e3211480a7539a2b02efc99,16w,OG000,OG002,superiority,ls_mean_difference,LS mean difference,-2.47,95.0,-2.982,-1.957,2,<,0.0001,< 0.0001,ANCOVA,
NCT02277769,Dupilumab,SOLO 2,secondary,8,cec3f3a512d37f7aa42cd2ac19e673a96bc76e5e,16w,OG000,OG001,superiority,ls_mean_difference,LS mean difference,-36.2,95.0,-43.46,-28.86,2,<,0.0001,< 0.0001,ANCOVA,
NCT02277769,Dupilumab,SOLO 2,secondary,8,cec3f3a512d37f7aa42cd2ac19e673a96bc76e5e,16w,OG000,OG002,superiority,ls_mean_difference,LS mean difference,-38.2,95.0,-45.55,-30.88,2,<,0.0001,< 0.0001,ANCOVA,
NCT02277769,Dupilumab,SOLO 2,secondary,9,0ad9fbd8cbe05b5c05e51adb94de6f51fcf2ff2a,16w,OG000,OG001,superiority,response_rate_difference,difference in percentages,43.2,95.0,35.12,51.29,2,<,0.0001,< 0.0001,Cochran-Mantel-Haenszel,
NCT02277769,Dupilumab,SOLO 2,secondary,9,0ad9fbd8cbe05b5c05e51adb94de6f51fcf2ff2a,16w,OG000,OG002,superiority,response_rate_difference,difference in percentages,39.1,95.0,30.92,47.19,2,<,0.0001,< 0.0001,Cochran-Mantel-Haenszel,
NCT02277769,Dupilumab,SOLO 2,secondary,10,891ad8abc81e28947ba4780878adeb072331ca8c,16w,OG000,OG001,superiority,response_rate_difference,difference in percentages,22.8,95.0,16.09,29.59,2,<,0.0001,< 0.0001,Cochran-Mantel-Haenszel,
NCT02277769,Dupilumab,SOLO 2,secondary,10,891ad8abc81e28947ba4780878adeb072331ca8c,16w,OG000,OG002,superiority,response_rate_difference,difference in percentages,23.3,95.0,16.63,30.05,2,<,0.0001,< 0.0001,Cochran-Mantel-Haenszel,
NCT02277769,Dupilumab,SOLO 2,secondary,11,0c6e8b21908a2086141c2e908f1b6a3eb6f5dd84,16w,OG000,OG001,superiority,ls_mean_difference,LS mean difference,-17.99,95.0,-22.062,-13.927,2,<,0.0001,< 0.0001,ANCOVA,
NCT02277769,Dupilumab,SOLO 2,secondary,11,0c6e8b21908a2086141c2e908f1b6a3eb6f5dd84,16w,OG000,OG002,superiority,ls_mean_difference,LS mean difference,-19.51,95.0,-23.491,-15.529,2,<,0.0001,< 0.0001,ANCOVA,
NCT02277769,Dupilumab,SOLO 2,secondary,12,76c16e91fc2335528a59671368628550b8479104,16w,OG000,OG001,superiority,ls_mean_difference,LS mean difference,-31.4,95.0,-37.36,-25.4,2,<,0.0001,< 0.0001,ANCOVA,
NCT02277769,Dupilumab,SOLO 2,secondary,12,76c16e91fc2335528a59671368628550b8479104,16w,OG000,OG002,superiority,ls_mean_difference,LS mean difference,-33.8,95.0,-39.75,-27.8,2,<,0.0001,< 0.0001,ANCOVA,
NCT02277769,Dupilumab,SOLO 2,secondary,13,c7a8a2622cdbc2107c0acdd125b9f415141f1502,16w,OG000,OG001,superiority,ls_mean_difference,LS mean difference,-5.7,95.0,-6.86,-4.47,2,<,0.0001,< 0.0001,ANCOVA,
NCT02277769,Dupilumab,SOLO 2,secondary,13,c7a8a2622cdbc2107c0acdd125b9f415141f1502,16w,OG000,OG002,superiority,ls_mean_difference,LS mean difference,-5.9,95.0,-7.1,-4.72,2,<,0.0001,< 0.0001,ANCOVA,
NCT02277769,Dupilumab,SOLO 2,secondary,14,12726e0a66bc9bdaf46bd57766a912c0ad88979b,16w,OG000,OG001,superiority,ls_mean_difference,LS mean difference,-7.0,95.0,-8.36,-5.57,2,<,0.0001,< 0.0001,ANCOVA,
NCT02277769,Dupilumab,SOLO 2,secondary,14,12726e0a66bc9bdaf46bd57766a912c0ad88979b,16w,OG000,OG002,superiority,ls_mean_difference,LS mean difference,-8.0,95.0,-9.36,-6.64,2,<,0.0001,< 0.0001,ANCOVA,
NCT02277769,Dupilumab,SOLO 2,secondary,15,37f44057ac602f8410521c464ef58d9d8e48f516,16w,OG000,OG001,superiority,ls_mean_difference,LS mean difference,-4.2,95.0,-5.34,-3.09,2,<,0.0001,< 0.0001,ANCOVA,
NCT02277769,Dupilumab,SOLO 2,secondary,15,37f44057ac602f8410521c464ef58d9d8e48f516,16w,OG000,OG002,superiority,ls_mean_difference,LS mean difference,-4.9,95.0,-6.04,-3.81,2,<,0.0001,< 0.0001,ANCOVA,
NCT02277769,Dupilumab,SOLO 2,secondary,16,0cf86a1cfe9e642ce257bbdc614d22f3987cef7d,16w,OG000,OG001,superiority,ls_mean_difference,LS mean difference,-27.7,95.0,-33.73,-21.7,2,<,0.0001,< 0.0001,ANCOVA,
NCT02277769,Dupilumab,SOLO 2,secondary,16,0cf86a1cfe9e642ce257bbdc614d22f3987cef7d,16w,OG000,OG002,superiority,ls_mean_difference,LS mean difference,-28.9,95.0,-35.03,-22.74,2,<,0.0001,< 0.0001,ANCOVA,
NCT02277769,Dupilumab,SOLO 2,secondary,17,26c2f5621f5010af1e03cdbffc8473b454ba954a,2w,OG000,OG001,superiority,ls_mean_difference,LS mean difference,-17.7,95.0,-21.96,-13.53,2,<,0.0001,< 0.0001,ANCOVA,
NCT02277769,Dupilumab,SOLO 2,secondary,17,26c2f5621f5010af1e03cdbffc8473b454ba954a,2w,OG000,OG002,superiority,ls_mean_difference,LS mean difference,-15.0,95.0,-19.16,-10.78,2,<,0.0001,< 0.0001,ANCOVA,
NCT02320149,Sarecycline,,primary,1,9c9a058dd5be754998828b7b5d2a2888aa408962,12w,OG000,OG001,superiority,ls_mean_difference,Least Squares Mean Difference,-5.2,95.0,-6.7,-3.6,2,<,0.0001,< 0.0001,ANCOVA,
NCT02320149,Sarecycline,,primary,2,6005578feac99bcb3a48176e2c1540196b81833a,12w,OG000,OG001,superiority,mean_difference,Treatment Rate Difference,11.05,95.0,6.39,15.72,2,<,0.0001,< 0.0001,Cochran-Mantel-Haenszel,
NCT02320149,Sarecycline,,secondary,1,123c64abcde6632f15f39639ee033da87913b495,12w,OG000,OG001,superiority,ls_mean_difference,Least Squares Mean Difference,-16.7,95.0,-21.9,-11.6,2,<,0.0001,< 0.0001,ANCOVA,
NCT02320149,Sarecycline,,secondary,2,9602b03725826c2e7a6b69770e0f5169881bd9a8,9w,OG000,OG001,superiority,ls_mean_difference,Least Squares Mean Difference,-12.5,95.0,-16.9,-8.0,,<,0.0001,< 0.0001,ANCOVA,
NCT02320149,Sarecycline,,secondary,3,db779f786e12ce73af014e5915479f263f1ece08,6w,OG000,OG001,superiority,ls_mean_difference,Least Squares Mean Difference,-13.3,95.0,-17.5,-9.1,2,<,0.0001,< 0.0001,ANCOVA,
NCT02320149,Sarecycline,,secondary,4,19d850770bdc066f3bbd5a423f95a74fca9aca88,3w,OG000,OG001,superiority,ls_mean_difference,Least Squares Mean Difference,-7.2,95.0,-11.1,-3.3,2,=,0.0003,0.0003,ANCOVA,
NCT02320149,Sarecycline,,secondary,5,bc6fb680ace40749af278814bcb89dad6a8f00a7,9w,OG000,OG001,superiority,ls_mean_difference,Least Squares Mean Difference,-3.9,95.0,-5.3,-2.5,2,<,0.0001,< 0.0001,ANCOVA,
NCT02320149,Sarecycline,,secondary,6,2c194ee9655e8f12c34e7d3699932f23e8287700,6w,OG000,OG001,superiority,ls_mean_difference,Least Squares Mean Difference,-4.1,95.0,-5.4,-2.9,2,<,0.0001,< 0.0001,ANCOVA,
NCT02320149,Sarecycline,,secondary,7,37f3173af2149cfca60ea403eb625652ead73c79,3w,OG000,OG001,superiority,ls_mean_difference,Least Squares Mean Difference,-2.1,95.0,-3.3,-0.9,2,=,0.0005,0.0005,ANCOVA,
NCT02320149,Sarecycline,,secondary,8,00894e4c6e47c24a171ce98d2b62a94de478f086,12w,OG000,OG001,superiority,ls_mean_difference,Least Squares Mean Difference,-4.3,95.0,-19.4,10.8,2,=,0.5786,0.5786,ANCOVA,
NCT02320149,Sarecycline,,secondary,9,90bda059da0325197ac19247ec13580dfaf6f4a7,9w,OG000,OG001,superiority,ls_mean_difference,Least Squares Mean Difference,-2.8,95.0,-17.1,11.4,2,=,0.6969,0.6969,ANCOVA,
NCT02320149,Sarecycline,,secondary,10,77d0f0885e5b27c5b1bdf6d00d9ccc91dce0ab86,6w,OG000,OG001,superiority,ls_mean_difference,Least Squares Mean Difference,3.0,95.0,-14.7,20.7,2,=,0.7377,0.7377,ANCOVA,
NCT02320149,Sarecycline,,secondary,11,9c528dd7744294993355623dc5100d767b96b31f,3w,OG000,OG001,superiority,ls_mean_difference,Least Squares Mean Difference,6.4,95.0,-5.3,18.1,2,=,0.2861,0.2861,ANCOVA,
NCT02320149,Sarecycline,,secondary,12,5a0a6156c64e1412f555fb2900886319d5454014,12w,OG000,OG001,superiority,ls_mean_difference,Least Squares Mean Difference,-3.9,95.0,-6.3,-1.5,2,=,0.0014,0.0014,ANCOVA,
NCT02320149,Sarecycline,,secondary,13,eadc79c78b4992f4ade1cb5114f8efd752657b98,9w,OG000,OG001,superiority,ls_mean_difference,Least Squares Mean Difference,-3.4,95.0,-5.5,-1.4,2,=,0.001,0.0010,ANCOVA,
NCT02320149,Sarecycline,,secondary,14,b2199f9cde6d2ff2f21654dec0cbc27d0f9abbac,6w,OG000,OG001,superiority,ls_mean_difference,Least Squares Mean Difference,-2.0,95.0,-4.0,-0.1,2,=,0.0371,0.0371,ANCOVA,
NCT02320149,Sarecycline,,secondary,15,79cb8b32a76e60ee6ce94ade754f7339c2a9324d,3w,OG000,OG001,superiority,ls_mean_difference,Least Squares Mean Difference,-0.8,95.0,-2.5,1.0,2,=,0.3806,0.3806,ANCOVA,
NCT02322866,Sarecycline,,primary,1,f337dbc1d8ae0e95041d7ad46c05e5f58ffab441,12w,OG000,OG001,superiority,ls_mean_difference,Least Squares Mean Difference,-4.4,95.0,-5.8,-2.9,2,<,0.0001,< 0.0001,ANCOVA,
NCT02322866,Sarecycline,,primary,2,cc9f04daa16e86b28335df6237f2f603e36e149c,12w,OG000,OG001,superiority,mean_difference,Treatment Rate Difference,7.3,95.0,2.53,12.07,2,=,0.0038,0.0038,Cochran-Mantel-Haenszel,
NCT02322866,Sarecycline,,secondary,1,123c64abcde6632f15f39639ee033da87913b495,12w,OG000,OG001,superiority,ls_mean_difference,Least Squares Mean Difference,-14.4,95.0,-19.4,-9.5,2,<,0.0001,< 0.0001,ANCOVA,
NCT02322866,Sarecycline,,secondary,2,9602b03725826c2e7a6b69770e0f5169881bd9a8,9w,OG000,OG001,superiority,ls_mean_difference,Least Squares Mean Difference,-12.6,95.0,-17.3,-7.9,2,<,0.0001,< 0.0001,ANCOVA,
NCT02322866,Sarecycline,,secondary,3,db779f786e12ce73af014e5915479f263f1ece08,6w,OG000,OG001,superiority,ls_mean_difference,Least Squares Mean Difference,-11.8,95.0,-16.1,-7.5,2,<,0.0001,< 0.0001,ANCOVA,
NCT02322866,Sarecycline,,secondary,4,19d850770bdc066f3bbd5a423f95a74fca9aca88,3w,OG000,OG001,superiority,ls_mean_difference,Least Squares Mean Difference,-9.4,95.0,-13.5,-5.3,2,<,0.0001,< 0.0001,ANCOVA,
NCT02322866,Sarecycline,,secondary,5,bc6fb680ace40749af278814bcb89dad6a8f00a7,9w,OG000,OG001,superiority,ls_mean_difference,Least Squares Mean Difference,-3.8,95.0,-5.2,-2.5,2,<,0.0001,< 0.0001,ANCOVA,
NCT02322866,Sarecycline,,secondary,6,2c194ee9655e8f12c34e7d3699932f23e8287700,6w,OG000,OG001,superiority,ls_mean_difference,Least Squares Mean Difference,-3.7,95.0,-5.0,-2.4,2,<,0.0001,< 0.0001,ANCOVA,
NCT02322866,Sarecycline,,secondary,7,37f3173af2149cfca60ea403eb625652ead73c79,3w,OG000,OG001,superiority,ls_mean_difference,Least Squares Mean Difference,-2.9,95.0,-4.1,-1.7,2,<,0.0001,< 0.0001,ANCOVA,
NCT02326272,Certolizumab,CIMPASI-2,primary,1,91ad0182da861440662ff7b803f291bd7b25ce1a,16w,OG000,OG001,superiority,odds_ratio,Odds Ratio (OR),33.405,97.5,9.965,111.983,2,<,0.0001,<0.0001,"Regression, Logistic",
NCT02326272,Certolizumab,CIMPASI-2,primary,1,91ad0182da861440662ff7b803f291bd7b25ce1a,16w,OG000,OG001,superiority,response_rate_difference,Estimated difference in responder rate,69.7,95.0,57.12,82.36,2,,,,"Regression, Logistic",
NCT02326272,Certolizumab,CIMPASI-2,primary,1,91ad0182da861440662ff7b803f291bd7b25ce1a,16w,OG000,OG002,superiority,odds_ratio,Odds Ratio (OR),36.212,97.5,10.686,122.713,2,<,0.0001,<0.0001,"Regression, Logistic",
NCT02326272,Certolizumab,CIMPASI-2,primary,1,91ad0182da861440662ff7b803f291bd7b25ce1a,16w,OG000,OG002,superiority,response_rate_difference,Estimated difference in responder rate,71.0,95.0,58.47,83.43,2,,,,"Regression, Logistic",
NCT02326272,Certolizumab,CIMPASI-2,primary,2,1237d361ccb1194d39b31d85cb7a515e15161aa1,16w,OG000,OG001,superiority,odds_ratio,Odds Ratio (OR),106.225,97.5,9.572,1178.843,2,<,0.0001,<0.0001,"Regression, Logistic",
NCT02326272,Certolizumab,CIMPASI-2,primary,2,1237d361ccb1194d39b31d85cb7a515e15161aa1,16w,OG000,OG001,superiority,response_rate_difference,Estimated difference in responder rate,64.8,95.0,52.16,77.46,2,,,,"Regression, Logistic",
NCT02326272,Certolizumab,CIMPASI-2,primary,2,1237d361ccb1194d39b31d85cb7a515e15161aa1,16w,OG000,OG002,superiority,odds_ratio,Odds Ratio (OR),133.163,97.5,11.904,1489.578,2,<,0.0001,<0.0001,"Regression, Logistic",
NCT02326272,Certolizumab,CIMPASI-2,primary,2,1237d361ccb1194d39b31d85cb7a515e15161aa1,16w,OG000,OG002,superiority,response_rate_difference,Estimated difference in responder rate,69.6,95.0,57.48,81.77,2,,,,"Regression, Logistic",
NCT02326272,Certolizumab,CIMPASI-2,secondary,1,66ab916e2bad63abd57ac93afebaefd1ce5736a0,16w,OG000,OG001,superiority,odds_ratio,Odds Ratio (OR),24.283,97.5,4.386,134.432,2,<,0.0001,<0.0001,"Regression, Logistic",
NCT02326272,Certolizumab,CIMPASI-2,secondary,1,66ab916e2bad63abd57ac93afebaefd1ce5736a0,16w,OG000,OG001,superiority,response_rate_difference,Estimated difference in responder rate,48.1,95.0,35.04,61.26,2,,,,"Regression, Logistic",
NCT02326272,Certolizumab,CIMPASI-2,secondary,1,66ab916e2bad63abd57ac93afebaefd1ce5736a0,16w,OG000,OG002,superiority,odds_ratio,Odds Ratio (OR),27.204,97.5,4.895,151.198,2,<,0.0001,<0.0001,"Regression, Logistic",
NCT02326272,Certolizumab,CIMPASI-2,secondary,1,66ab916e2bad63abd57ac93afebaefd1ce5736a0,16w,OG000,OG002,superiority,response_rate_difference,Estimated difference in responder rate,51.0,95.0,37.75,64.19,2,,,,"Regression, Logistic",
NCT02326272,Certolizumab,CIMPASI-2,secondary,4,df165f6c08b01feef2b68d5948f563ecbe75aedd,16w,OG000,OG001,superiority,mean_difference,Adjusted Mean Treatment Differences,-6.62,97.5,-8.88,-4.36,2,<,0.0001,<0.0001,ANCOVA,
NCT02326272,Certolizumab,CIMPASI-2,secondary,4,df165f6c08b01feef2b68d5948f563ecbe75aedd,16w,OG000,OG002,superiority,mean_difference,Adjusted Mean Treatment Differences,-6.19,97.5,-8.46,-3.93,2,<,0.0001,<0.0001,ANCOVA,
NCT02326298,Certolizumab,CIMPASI-1,primary,1,7420a51d6f4c40c68633a6e72e1aa9420c1c182e,16w,OG000,OG001,superiority,odds_ratio,Odds Ratio (OR),28.962,97.5,6.968,120.371,2,<,0.0001,<0.0001,"Regression, Logistic",
NCT02326298,Certolizumab,CIMPASI-1,primary,1,7420a51d6f4c40c68633a6e72e1aa9420c1c182e,16w,OG000,OG002,superiority,odds_ratio,Odds Ratio (OR),45.66,97.5,10.657,195.634,2,<,0.0001,<0.0001,"Regression, Logistic",
NCT02326298,Certolizumab,CIMPASI-1,primary,1,7420a51d6f4c40c68633a6e72e1aa9420c1c182e,16w,OG000,OG001,superiority,response_rate_difference,Estimated difference in responder rate,60.0,95.0,47.92,72.17,2,,,,"Regression, Logistic",
NCT02326298,Certolizumab,CIMPASI-1,primary,1,7420a51d6f4c40c68633a6e72e1aa9420c1c182e,16w,OG000,OG002,superiority,response_rate_difference,Estimated difference in responder rate,69.3,95.0,57.65,80.99,2,,,,"Regression, Logistic",
NCT02326298,Certolizumab,CIMPASI-1,primary,2,32ced2a47c92c7f314a8b17a22b9806b709f3060,16w,OG000,OG001,superiority,odds_ratio,Odds Ratio (OR),20.116,97.5,3.699,109.399,2,<,0.0001,<0.0001,"Regression, Logistic",
NCT02326298,Certolizumab,CIMPASI-1,primary,2,32ced2a47c92c7f314a8b17a22b9806b709f3060,16w,OG000,OG002,superiority,odds_ratio,Odds Ratio (OR),31.143,97.5,5.687,170.548,2,<,0.0001,<0.0001,"Regression, Logistic",
NCT02326298,Certolizumab,CIMPASI-1,primary,2,32ced2a47c92c7f314a8b17a22b9806b709f3060,16w,OG000,OG001,superiority,response_rate_difference,Estimated difference in responder rate,42.8,95.0,30.7,54.86,2,,,,"Regression, Logistic",
NCT02326298,Certolizumab,CIMPASI-1,primary,2,32ced2a47c92c7f314a8b17a22b9806b709f3060,16w,OG000,OG002,superiority,response_rate_difference,Estimated difference in responder rate,53.6,95.0,41.33,65.94,2,,,,"Regression, Logistic",
NCT02326298,Certolizumab,CIMPASI-1,secondary,1,0f95e9193ac30c4d8862d1029206a92acf60a916,16w,OG000,OG001,superiority,odds_ratio,Odds Ratio (OR),36.668,97.5,5.717,235.193,2,<,0.0001,<0.0001,"Regression, Logistic",
NCT02326298,Certolizumab,CIMPASI-1,secondary,1,0f95e9193ac30c4d8862d1029206a92acf60a916,16w,OG000,OG002,superiority,odds_ratio,Odds Ratio (OR),50.606,97.5,7.88,324.988,2,<,0.0001,<0.0001,"Regression, Logistic",
NCT02326298,Certolizumab,CIMPASI-1,secondary,1,0f95e9193ac30c4d8862d1029206a92acf60a916,16w,OG000,OG001,superiority,response_rate_difference,Estimated difference in responder rate,35.4,95.0,20.85,49.87,2,,,,"Regression, Logistic",
NCT02326298,Certolizumab,CIMPASI-1,secondary,1,0f95e9193ac30c4d8862d1029206a92acf60a916,16w,OG000,OG002,superiority,response_rate_difference,Estimated difference in responder rate,43.1,95.0,27.56,58.71,2,,,,"Regression, Logistic",
NCT02326298,Certolizumab,CIMPASI-1,secondary,2,df165f6c08b01feef2b68d5948f563ecbe75aedd,16w,OG000,OG001,superiority,mean_difference,Adjusted Mean Treatment Differences,-6.0,97.5,-8.18,-3.81,2,<,0.0001,<0.0001,ANCOVA,
NCT02326298,Certolizumab,CIMPASI-1,secondary,2,df165f6c08b01feef2b68d5948f563ecbe75aedd,16w,OG000,OG002,superiority,mean_difference,Ajusted Mean Treatment Differences,-6.84,97.5,-9.05,-4.62,2,<,0.0001,<0.0001,ANCOVA,
NCT02346240,Certolizumab,CIMPACT,primary,1,4042e39081e9d43b5dc664366407bde0b28a7dd3,12w,OG000,OG003,superiority,response_rate_difference,Estimated difference in responder rate,61.6,95.0,52.1,71.2,2,,,,"Regression, Logistic",
NCT02346240,Certolizumab,CIMPACT,primary,1,4042e39081e9d43b5dc664366407bde0b28a7dd3,12w,OG000,OG002,superiority,response_rate_difference,Estimated difference in responder rate,56.2,95.0,46.4,66.0,2,,,,"Regression, Logistic",
NCT02346240,Certolizumab,CIMPACT,primary,1,4042e39081e9d43b5dc664366407bde0b28a7dd3,12w,OG000,OG003,superiority,odds_ratio,Odds Ratio (OR),37.988,95.0,11.312,127.576,2,<,0.0001,<0.0001,"Regression, Logistic",
NCT02346240,Certolizumab,CIMPACT,primary,1,4042e39081e9d43b5dc664366407bde0b28a7dd3,12w,OG000,OG002,superiority,odds_ratio,Odds Ratio (OR),30.023,95.0,8.971,100.481,2,<,0.0001,<0.0001,"Regression, Logistic",
NCT02346240,Certolizumab,CIMPACT,primary,1,4042e39081e9d43b5dc664366407bde0b28a7dd3,12w,OG001,OG003,superiority,response_rate_difference,Estimated difference in responder rate,13.4,95.0,2.7,24.1,2,,,,"Regression, Logistic",
NCT02346240,Certolizumab,CIMPACT,primary,1,4042e39081e9d43b5dc664366407bde0b28a7dd3,12w,OG001,OG002,superiority,response_rate_difference,Estimated difference in responder rate,8.0,95.0,-2.9,18.9,2,,,,"Regression, Logistic",
NCT02346240,Certolizumab,CIMPACT,primary,1,4042e39081e9d43b5dc664366407bde0b28a7dd3,12w,OG001,OG003,superiority,odds_ratio,Odds Ratio (OR),1.756,95.0,1.114,2.768,2,=,0.0152,=0.0152,"Regression, Logistic",
NCT02346240,Certolizumab,CIMPACT,primary,1,4042e39081e9d43b5dc664366407bde0b28a7dd3,12w,OG001,OG002,superiority,odds_ratio,Odds Ratio (OR),1.388,95.0,0.886,2.175,2,=,0.1523,=0.1523,"Regression, Logistic",
NCT02346240,Certolizumab,CIMPACT,secondary,1,a4f21d3368e8975f1dc637a83a49dab1473372ea,12w,OG000,OG003,superiority,response_rate_difference,Estimated difference in responder rate,48.5,95.0,39.33,57.63,2,,,,"Regression, Logistic",
NCT02346240,Certolizumab,CIMPACT,secondary,1,a4f21d3368e8975f1dc637a83a49dab1473372ea,12w,OG000,OG002,superiority,response_rate_difference,Estimated difference in responder rate,37.9,95.0,28.88,46.96,2,,,,"Regression, Logistic",
NCT02346240,Certolizumab,CIMPACT,secondary,1,a4f21d3368e8975f1dc637a83a49dab1473372ea,12w,OG000,OG003,superiority,odds_ratio,Odds Ratio (OR),56.129,95.0,7.787,404.555,2,<,0.0001,<0.0001,"Regression, Logistic",
NCT02346240,Certolizumab,CIMPACT,secondary,1,a4f21d3368e8975f1dc637a83a49dab1473372ea,12w,OG000,OG002,superiority,odds_ratio,Odds Ratio (OR),36.566,95.0,5.061,264.196,2,=,0.0004,=0.0004,"Regression, Logistic",
NCT02346240,Certolizumab,CIMPACT,secondary,2,772120c41b4e5dc92cf328ba81ca3cf30f99d4c9,12w,OG000,OG003,superiority,response_rate_difference,Estimated difference in responder rate,33.8,95.0,20.68,46.98,2,,,,"Regression, Logistic",
NCT02346240,Certolizumab,CIMPACT,secondary,2,772120c41b4e5dc92cf328ba81ca3cf30f99d4c9,12w,OG000,OG002,superiority,response_rate_difference,Estimated difference in responder rate,31.0,95.0,18.18,43.8,2,,,,"Regression, Logistic",
NCT02346240,Certolizumab,CIMPACT,secondary,2,772120c41b4e5dc92cf328ba81ca3cf30f99d4c9,12w,OG000,OG003,superiority,odds_ratio,Odds Ratio (OR),39.949,95.0,8.407,189.828,2,<,0.0001,<0.0001,"Regression, Logistic",
NCT02346240,Certolizumab,CIMPACT,secondary,2,772120c41b4e5dc92cf328ba81ca3cf30f99d4c9,12w,OG000,OG002,superiority,odds_ratio,Odds Ratio (OR),35.084,95.0,7.363,167.179,2,<,0.0001,<0.0001,"Regression, Logistic",
NCT02346240,Certolizumab,CIMPACT,secondary,3,3692e78591922ad8beedf40c7d5917d4f10f1964,16w,OG000,OG002,superiority,response_rate_difference,Estimated difference in responder rate,70.9,95.0,62.15,79.59,2,,,,"Regression, Logistic",
NCT02346240,Certolizumab,CIMPACT,secondary,3,3692e78591922ad8beedf40c7d5917d4f10f1964,16w,OG000,OG001,superiority,response_rate_difference,Estimated difference in responder rate,64.4,95.0,55.12,73.63,2,,,,"Regression, Logistic",
NCT02346240,Certolizumab,CIMPACT,secondary,3,3692e78591922ad8beedf40c7d5917d4f10f1964,16w,OG000,OG002,superiority,odds_ratio,Odds Ratio (OR),76.277,95.0,17.952,324.094,2,<,0.0001,<0.0001,"Regression, Logistic",
NCT02346240,Certolizumab,CIMPACT,secondary,3,3692e78591922ad8beedf40c7d5917d4f10f1964,16w,OG000,OG001,superiority,odds_ratio,Odds Ratio (OR),55.413,95.0,13.135,233.782,2,<,0.0001,<0.0001,"Regression, Logistic",
NCT02346240,Certolizumab,CIMPACT,secondary,4,ed511ed03c23148b9e255703601a7f90e33f4d86,16w,OG000,OG002,superiority,response_rate_difference,Estimated difference in responder rate,55.0,95.0,45.59,64.35,2,,,,"Regression, Logistic",
NCT02346240,Certolizumab,CIMPACT,secondary,4,ed511ed03c23148b9e255703601a7f90e33f4d86,16w,OG000,OG001,superiority,response_rate_difference,Estimated difference in responder rate,44.9,95.0,35.39,54.49,2,,,,"Regression, Logistic",
NCT02346240,Certolizumab,CIMPACT,secondary,4,ed511ed03c23148b9e255703601a7f90e33f4d86,16w,OG000,OG002,superiority,odds_ratio,Odds Ratio (OR),40.717,95.0,9.741,170.198,2,<,0.0001,<0.0001,"Regression, Logistic",
NCT02346240,Certolizumab,CIMPACT,secondary,4,ed511ed03c23148b9e255703601a7f90e33f4d86,16w,OG000,OG001,superiority,odds_ratio,Odds Ratio (OR),27.165,95.0,6.504,113.453,2,<,0.0001,<0.0001,"Regression, Logistic",
NCT02346240,Certolizumab,CIMPACT,secondary,5,0f95e9193ac30c4d8862d1029206a92acf60a916,16w,OG000,OG002,superiority,response_rate_difference,Estimated difference in responder rate,48.8,95.0,34.22,63.41,2,,,,"Regression, Logistic",
NCT02346240,Certolizumab,CIMPACT,secondary,5,0f95e9193ac30c4d8862d1029206a92acf60a916,16w,OG000,OG001,superiority,response_rate_difference,Estimated difference in responder rate,39.5,95.0,25.58,53.38,2,,,,"Regression, Logistic",
NCT02346240,Certolizumab,CIMPACT,secondary,5,0f95e9193ac30c4d8862d1029206a92acf60a916,16w,OG000,OG002,superiority,odds_ratio,Odds Ratio (OR),72.278,95.0,14.65,356.602,2,<,0.0001,<0.0001,"Regression, Logistic",
NCT02346240,Certolizumab,CIMPACT,secondary,5,0f95e9193ac30c4d8862d1029206a92acf60a916,16w,OG000,OG001,superiority,odds_ratio,Odds Ratio (OR),49.527,95.0,10.002,245.256,2,<,0.0001,<0.0001,"Regression, Logistic",
NCT02530281,Glycopyrronium,,primary,1,b917fd6a64448f721663defa91c3bbb415897e34,4w,OG000,OG001,other,,,,,,,,<,0.001,<0.001,Cochran-Mantel-Haenszel,
NCT02530281,Glycopyrronium,,primary,2,9a43dcbbb51e0704f441556088de24cc7bc66e14,4w,OG000,OG001,other,,,,,,,,=,0.065,=0.065,ANCOVA,
NCT02530281,Glycopyrronium,,primary,3,c0871f8974027c67c96db8bdba4b514dfdc9f76b,4w,OG000,OG001,other,,,,,,,,=,0.065,=0.065,ANCOVA,
NCT02530281,Glycopyrronium,,primary,4,39f6487c12ef9e944cae21cffd4f2193964aaace,4w,OG000,OG001,other,,,,,,,,=,0.001,=0.001,ANCOVA,
NCT02530281,Glycopyrronium,,secondary,1,578ac8a887a2881e77f725dd5160f242257da3bc,4w,OG000,OG001,other,,,,,,,,<,0.001,<0.001,Cochran-Mantel-Haenszel,
NCT02530281,Glycopyrronium,,secondary,2,07116850ccd80545dcd64ddac8320c4eff95c088,4w,OG000,OG001,other,,,,,,,,<,0.001,<0.001,Cochran-Mantel-Haenszel,
NCT02530294,Glycopyrronium,,primary,1,8c2ee507431e1ff279532a4dbd2b331a5f80cd3e,4w,OG000,OG001,other,,,,,,,,<,0.001,< 0.001,Cochran-Mantel-Haenszel,
NCT02530294,Glycopyrronium,,primary,2,6b27e9a0ef3857cb1e94b6af6bc174bc3e84ba8a,4w,OG000,OG001,other,,,,,,,,<,0.001,<0.001,ANCOVA,
NCT02530294,Glycopyrronium,,primary,3,c0871f8974027c67c96db8bdba4b514dfdc9f76b,4w,OG000,OG001,other,,,,,,,,<,0.001,< 0.001,ANCOVA,
NCT02530294,Glycopyrronium,,secondary,1,578ac8a887a2881e77f725dd5160f242257da3bc,4w,OG000,OG001,other,,,,,,,,<,0.001,< 0.001,Cochran-Mantel-Haenszel,
NCT02530294,Glycopyrronium,,secondary,2,07116850ccd80545dcd64ddac8320c4eff95c088,4w,OG000,OG001,other,,,,,,,,<,0.001,< 0.001,Cochran-Mantel-Haenszel,
NCT02684357,Risankizumab,,primary,1,b8384442576c1ef5e33a587a771a5e437b0d5b91,16w,OG000,OG001,other,response_rate_difference,Adjusted percentage difference,72.5,95.0,66.8,78.2,2,<,0.001,< 0.001,Cochran-Mantel-Haenszel,
NCT02684357,Risankizumab,,primary,2,4d49a59ccbd6c9e2184b01545d7aff5f72dddf60,16w,OG000,OG001,other,response_rate_difference,Adjusted percentage difference,78.5,95.0,72.4,84.5,2,<,0.001,< 0.001,Cochran-Mantel-Haenszel,
NCT02684357,Risankizumab,,secondary,1,7de336f2c9842c87e852e61d24e24735817f5659,16w,OG000,OG001,other,response_rate_difference,Adjusted percentage difference,47.5,95.0,40.9,54.2,2,<,0.001,< 0.001,Cochran-Mantel-Haenszel,
NCT02684357,Risankizumab,,secondary,2,3c0065b1ef3710436ee28dedc8bbc910e2bcf0e6,16w,OG000,OG001,other,response_rate_difference,Adjusted percentage difference,48.2,95.0,41.9,54.6,2,<,0.001,< 0.001,Cochran-Mantel-Haenszel,
NCT02684357,Risankizumab,,secondary,3,246498fa1b5c100e8c99d7a46deea45222d33a2f,16w,OG000,OG001,other,response_rate_difference,Adjusted percentage difference,62.2,95.0,55.5,68.9,2,<,0.001,< 0.001,Cochran-Mantel-Haenszel,
NCT02684357,Risankizumab,,secondary,4,385f71afb93b658ff1ecaeeb4ac134abc8960533,16w,OG000,OG001,other,response_rate_difference,Adjusted percentage difference,31.2,95.0,25.7,36.6,2,<,0.001,< 0.001,Cochran-Mantel-Haenszel,
NCT02684357,Risankizumab,,secondary,5,775447b8520b93603c5bf3f8c352b1c724b2deb9,16w,OG000,OG001,other,response_rate_difference,Adjusted percentage difference,27.6,95.0,16.7,38.5,2,<,0.001,< 0.001,Cochran-Mantel-Haenszel,
NCT02684357,Risankizumab,,secondary,6,d18f0a5ee8bed7e7b25c4efa50ee0095235f0471,16w,OG000,OG001,other,response_rate_difference,Adjusted percentage difference,22.3,95.0,12.0,32.5,2,<,0.001,< 0.001,Cochran-Mantel-Haenszel,
NCT02684357,Risankizumab,,secondary,7,9c078bf088e5c446d66b925d2fca5e8dbfa28113,16w,OG000,OG001,other,response_rate_difference,Adjusted percentage difference,27.0,95.0,17.0,37.0,2,<,0.001,< 0.001,Cochran-Mantel-Haenszel,
NCT02684357,Risankizumab,,secondary,8,834bab4bd415d6d7f46722c9b2c52c1e9d7c6d80,16w,OG000,OG001,other,response_rate_difference,Adjusted percentage difference,26.3,95.0,16.1,36.4,2,<,0.001,< 0.001,Cochran-Mantel-Haenszel,
NCT02684357,Risankizumab,,secondary,9,74ea4a57bdb368342202209db584580bed76bbd0,52w,OG000,OG001,other,response_rate_difference,Adjusted percentage difference,30.2,95.0,19.6,40.9,2,<,0.001,< 0.001,Cochran-Mantel-Haenszel,
NCT02684357,Risankizumab,,secondary,10,57eaa39e665e8e5a83fb11745548d6067fdf2cb3,52w,OG000,OG001,other,response_rate_difference,Adjusted percentage difference,29.5,95.0,18.9,40.1,2,<,0.001,< 0.001,Cochran-Mantel-Haenszel,
NCT02684357,Risankizumab,,secondary,11,ad23116a68d8093614c8ddcb5309d8cf0205a414,52w,OG000,OG001,other,response_rate_difference,Adjusted percentage difference,29.5,95.0,18.9,40.1,2,<,0.001,< 0.001,Cochran-Mantel-Haenszel,
NCT02684357,Risankizumab,,secondary,12,c0b4e6a4a9073d69c573fa064a890acd3da091f5,12w,OG000,OG001,other,response_rate_difference,Adjusted percentage difference,19.2,95.0,9.5,28.8,2,<,0.001,< 0.001,Cochran-Mantel-Haenszel,
NCT02684357,Risankizumab,,secondary,13,af2dec39315060a372cb7b2fad43d8cb97afe718,12w,OG000,OG001,other,response_rate_difference,Adjusted percentage difference,18.0,95.0,7.8,28.3,2,<,0.001,< 0.001,Cochran-Mantel-Haenszel,
NCT02684357,Risankizumab,,secondary,14,87284eff341e250e7933bdf0417987c4cb32cc4a,16w,OG000,OG001,other,response_rate_difference,Adjusted percentage difference,20.2,95.0,9.1,31.4,2,<,0.001,< 0.001,Cochran-Mantel-Haenszel,
NCT02684357,Risankizumab,,secondary,15,1bae84eb0b1f1d01059b1fd2358bc1528185b9ac,16w,OG000,OG001,other,mean_difference,Mean Difference (Final Values),-6.375,95.0,-7.102,-5.648,2,<,0.001,< 0.001,van Elteren test,
NCT02684357,Risankizumab,,secondary,16,82969c326053087fa047bdb6a58c0f1c63bd4d32,16w,OG000,OG001,other,response_rate_difference,Adjusted percentage difference,84.7,95.0,79.0,90.4,2,<,0.001,< 0.001,Cochran-Mantel-Haenszel,
NCT02684357,Risankizumab,,secondary,17,97e8c89e534323dbf0560eacaa321a50c48319f5,52w,OG000,OG001,other,response_rate_difference,Adjusted percentage difference,29.1,95.0,18.5,39.6,2,<,0.001,< 0.001,Cochran-Mantel-Haenszel,
NCT02684357,Risankizumab,,secondary,18,f77ecdee8e49ab0b36b6f72a3ceddd332985ce3b,52w,OG000,OG001,other,response_rate_difference,Adjusted percentage difference,14.7,95.0,5.9,23.5,2,=,0.001,0.001,Cochran-Mantel-Haenszel,
NCT02684370,Risankizumab,,primary,1,b8384442576c1ef5e33a587a771a5e437b0d5b91,16w,OG000,OG001,other,response_rate_difference,adjusted difference in percentage,70.3,95.0,64.0,76.7,2,<,0.001,<0.001,Cochran-Mantel-Haenszel,
NCT02684370,Risankizumab,,primary,2,83aabf7e96c426688192762cadd502422cc7ac91,16w,OG000,OG001,other,response_rate_difference,adjusted difference in percentage,79.9,95.0,73.5,86.3,2,<,0.001,<0.001,Cochran-Mantel-Haenszel,
NCT02684370,Risankizumab,,secondary,1,7de336f2c9842c87e852e61d24e24735817f5659,16w,OG000,OG001,other,response_rate_difference,adjusted difference in percentage,34.7,95.0,28.6,40.8,2,<,0.001,<0.001,Cochran-Mantel-Haenszel,
NCT02684370,Risankizumab,,secondary,2,3c0065b1ef3710436ee28dedc8bbc910e2bcf0e6,16w,OG000,OG001,other,response_rate_difference,adjusted difference in percentage,35.5,95.0,30.0,41.0,2,<,0.001,< 0.001,Cochran-Mantel-Haenszel,
NCT02684370,Risankizumab,,secondary,3,e73d4679718a7bfef4c14ff444c83eef1a6eb882,16w,OG000,OG001,other,response_rate_difference,adjusted difference in percentage,57.9,95.0,50.4,65.3,2,<,0.001,< 0.001,Cochran-Mantel-Haenszel,
NCT02684370,Risankizumab,,secondary,4,35707f2e2820df62546440022fd6cf8008a3e8a0,16w,OG000,OG001,other,response_rate_difference,adjusted difference in percentage,27.1,95.0,21.2,32.9,2,<,0.001,< 0.001,Cochran-Mantel-Haenszel,
NCT02684370,Risankizumab,,secondary,5,775447b8520b93603c5bf3f8c352b1c724b2deb9,16w,OG000,OG001,other,response_rate_difference,adjusted difference in percentage,33.5,95.0,22.7,44.3,2,<,0.001,< 0.001,Cochran-Mantel-Haenszel,
NCT02684370,Risankizumab,,secondary,6,d18f0a5ee8bed7e7b25c4efa50ee0095235f0471,16w,OG000,OG001,other,response_rate_difference,adjusted difference in percentage,25.1,95.0,15.2,35.0,2,<,0.001,< 0.001,Cochran-Mantel-Haenszel,
NCT02684370,Risankizumab,,secondary,7,9c078bf088e5c446d66b925d2fca5e8dbfa28113,16w,OG000,OG001,other,response_rate_difference,adjusted difference in percentage,23.8,95.0,15.5,32.1,2,<,0.001,< 0.001,Cochran-Mantel-Haenszel,
NCT02684370,Risankizumab,,secondary,8,834bab4bd415d6d7f46722c9b2c52c1e9d7c6d80,16w,OG000,OG001,other,response_rate_difference,adjusted difference in percentage,22.9,95.0,14.3,31.6,2,<,0.001,< 0.001,Cochran-Mantel-Haenszel,
NCT02684370,Risankizumab,,secondary,9,74ea4a57bdb368342202209db584580bed76bbd0,52w,OG000,OG001,other,response_rate_difference,adjusted difference in percentage,38.3,95.0,27.9,48.6,2,<,0.001,< 0.001,Cochran-Mantel-Haenszel,
NCT02684370,Risankizumab,,secondary,10,57eaa39e665e8e5a83fb11745548d6067fdf2cb3,52w,OG000,OG001,other,response_rate_difference,adjusted difference in percentage,35.1,95.0,25.7,44.6,2,<,0.001,< 0.001,Cochran-Mantel-Haenszel,
NCT02684370,Risankizumab,,secondary,11,ad23116a68d8093614c8ddcb5309d8cf0205a414,52w,OG000,OG001,other,response_rate_difference,adjusted difference in percentage,36.5,95.0,27.0,45.9,2,<,0.001,< 0.001,Cochran-Mantel-Haenszel,
NCT02684370,Risankizumab,,secondary,12,c0b4e6a4a9073d69c573fa064a890acd3da091f5,12w,OG000,OG001,other,response_rate_difference,adjusted difference in percentage,17.0,95.0,7.4,26.6,2,<,0.001,< 0.001,Cochran-Mantel-Haenszel,
NCT02684370,Risankizumab,,secondary,13,af2dec39315060a372cb7b2fad43d8cb97afe718,12w,OG000,OG001,other,response_rate_difference,adjusted difference in percentage,17.3,95.0,7.3,27.3,2,<,0.001,< 0.001,Cochran-Mantel-Haenszel,
NCT02684370,Risankizumab,,secondary,14,2eb21368d81093a78439f02ae4077fb9709230e0,16w,OG000,OG001,other,response_rate_difference,adjusted difference in percentage,23.0,95.0,11.9,34.0,2,<,0.001,< 0.001,Cochran-Mantel-Haenszel,
NCT02684370,Risankizumab,,secondary,15,6190e3ce06cb83c441a04849a5c38acce7af0d5f,16w,OG000,OG001,other,mean_difference,Mean Difference (Final Values),-5.765,95.0,-6.496,-5.035,2,<,0.001,<0.001,van Elteren test,
NCT02728752,Immune Globulin Intravenous (Human) (Octagam 10%),ProDERM,secondary,3,6d9e145171c322f11c6edd4576cbd55881db5e2e,16w,OG000,OG001,superiority,mean_difference,Mean Difference (Net),-8.0,95.0,-11.5,-4.6,2,<,0.0001,<0.0001,ANCOVA,
NCT02728752,Immune Globulin Intravenous (Human) (Octagam 10%),ProDERM,secondary,9,faca2c5931bc26bdd49c550a4c0172b7de7c5003,,OG000,OG001,superiority,median_difference,Median Difference (Net),8.6,95.0,4.4,12.8,2,=,0.0001,0.0001,ANCOVA,
NCT02728752,Immune Globulin Intravenous (Human) (Octagam 10%),ProDERM,secondary,10,97efa4bb97b5e0c1e8759e8388cf7ba7c0b14fc6,,OG000,OG001,superiority,median_difference,Median Difference (Net),-0.4,95.0,-0.5,-0.2,2,=,0.0002,0.0002,ANCOVA,
NCT02755649,Dupilumab,,primary,1,a9200f2d85f43f8ccb6fd2e0f02f6f91e8dc54f3,16w,OG000,OG002,superiority,response_rate_difference,Difference in Percentages,29.5,95.0,16.87,42.05,2,<,0.0001,< 0.0001,Cochran-Mantel-Haenszel,
NCT02755649,Dupilumab,,primary,1,a9200f2d85f43f8ccb6fd2e0f02f6f91e8dc54f3,16w,OG000,OG001,superiority,response_rate_difference,difference in percentages,33.0,95.0,20.41,45.57,2,<,0.0001,< 0.0001,Cochran-Mantel-Haenszel,
NCT02755649,Dupilumab,,secondary,1,adbbdfe9be8c1a42273b6fa99973cbdc59c536c4,16w,OG000,OG002,superiority,ls_mean_difference,Least square (LS) mean difference,-31.6,95.0,-38.85,-24.3,2,<,0.0001,< 0.0001,ANCOVA,
NCT02755649,Dupilumab,,secondary,1,adbbdfe9be8c1a42273b6fa99973cbdc59c536c4,16w,OG000,OG001,superiority,ls_mean_difference,LS Mean Difference,-33.1,95.0,-40.42,-25.88,2,<,0.0001,< 0.0001,ANCOVA,
NCT02755649,Dupilumab,,secondary,2,5917ff3d0aaacaedcad45f7f515eea2f2aa1a5b7,16w,OG000,OG002,superiority,ls_mean_difference,LS mean difference,-26.2,95.0,-35.07,-17.41,2,<,0.0001,< 0.0001,ANCOVA,
NCT02755649,Dupilumab,,secondary,2,5917ff3d0aaacaedcad45f7f515eea2f2aa1a5b7,16w,OG000,OG001,superiority,ls_mean_difference,LS Mean Difference],-28.5,95.0,-37.34,-19.68,2,<,0.0001,< 0.0001,ANCOVA,
NCT02755649,Dupilumab,,secondary,3,c6adb2166e51cf26373e1afa1b32c76d34ae41b4,16w,OG000,OG002,superiority,ls_mean_difference,LS Mean Difference,-28.7,95.0,-35.56,-21.93,2,<,0.0001,< 0.0001,ANCOVA,
NCT02755649,Dupilumab,,secondary,3,c6adb2166e51cf26373e1afa1b32c76d34ae41b4,16w,OG000,OG001,superiority,ls_mean_difference,LS Mean Difference,-32.9,95.0,-39.7,-26.06,2,<,0.0001,< 0.0001,ANCOVA,
NCT02755649,Dupilumab,,secondary,4,3a43cc31b120e88c5f970fe1bc98df32a5f4b4e4,16w,OG000,OG002,superiority,response_rate_difference,difference in percentages,26.1,95.0,13.89,38.39,2,<,0.0001,< 0.0001,Cochran-Mantel-Haenszel,
NCT02755649,Dupilumab,,secondary,4,3a43cc31b120e88c5f970fe1bc98df32a5f4b4e4,16w,OG000,OG001,superiority,response_rate_difference,difference in percentages,31.5,95.0,19.08,43.83,2,<,0.0001,< 0.0001,Cochran-Mantel-Haenszel,
NCT02755649,Dupilumab,,secondary,5,4a4a322fab27e11c36eec08301f0bc97cc2f6ae2,16w,OG000,OG002,superiority,ls_mean_difference,LS Mean Difference,-17.95,95.0,-22.706,-13.197,2,<,0.0001,< 0.0001,ANCOVA,
NCT02755649,Dupilumab,,secondary,5,4a4a322fab27e11c36eec08301f0bc97cc2f6ae2,16w,OG000,OG001,superiority,ls_mean_difference,LS Mean Difference,-19.66,95.0,-24.431,-14.895,2,<,0.0001,< 0.0001,ANCOVA,
NCT02755649,Dupilumab,,secondary,6,929b68aa14b5a75ba1bf85891a6d1505e0d53b16,16w,OG000,OG002,superiority,response_rate_difference,Difference in Percentages,25.2,95.0,13.99,36.41,2,<,0.0001,< 0.0001,Cochran-Mantel-Haenszel,
NCT02755649,Dupilumab,,secondary,6,929b68aa14b5a75ba1bf85891a6d1505e0d53b16,16w,OG000,OG001,superiority,response_rate_difference,Difference in Percentages,26.3,95.0,14.95,37.65,2,<,0.0001,< 0.0001,Cochran-Mantel-Haenszel,
NCT02755649,Dupilumab,,secondary,7,8c25e0f298c35f3211940f9a06674a52a37c7034,16w,OG000,OG002,superiority,ls_mean_difference,LS Mean Difference,-4.3,95.0,-5.6,-3.04,2,<,0.0001,< 0.0001,ANCOVA,
NCT02755649,Dupilumab,,secondary,7,8c25e0f298c35f3211940f9a06674a52a37c7034,16w,OG000,OG001,superiority,ls_mean_difference,LS Mean Difference,-5.0,95.0,-6.31,-3.74,2,<,0.0001,< 0.0001,ANCOVA,
NCT02755649,Dupilumab,,secondary,8,a51a1cfd788a1372a571b1d9d56ce188b71f1bd7,16w,OG000,OG002,superiority,ls_mean_difference,LS Mean Difference,-7.1,95.0,-8.78,-5.47,2,<,0.0001,< 0.0001,ANCOVA,
NCT02755649,Dupilumab,,secondary,8,a51a1cfd788a1372a571b1d9d56ce188b71f1bd7,16w,OG000,OG001,superiority,ls_mean_difference,LS Mean Difference,-7.6,95.0,-9.29,-5.97,2,<,0.0001,< 0.0001,ANCOVA,
NCT02755649,Dupilumab,,secondary,9,5ca3a3a8615ade866ee5107a88299d1dd4b4e764,16w,OG000,OG002,superiority,response_rate_difference,Difference in Percentages,30.1,95.0,14.63,45.64,2,=,0.0002,= 0.0002,Cochran-Mantel-Haenszel,
NCT02755649,Dupilumab,,secondary,9,5ca3a3a8615ade866ee5107a88299d1dd4b4e764,16w,OG000,OG001,superiority,response_rate_difference,Difference in Percentages,31.6,95.0,16.11,47.05,2,=,0.0001,= 0.0001,Cochran-Mantel-Haenszel,
NCT02755649,Dupilumab,,secondary,11,f23253ef0601b228b82a44f6cf9ee607825b42b2,16w,OG000,OG002,superiority,ls_mean_difference,LS Mean Difference,-2.9,95.0,-4.41,-1.43,2,=,0.0001,= 0.0001,ANCOVA,
NCT02755649,Dupilumab,,secondary,11,f23253ef0601b228b82a44f6cf9ee607825b42b2,16w,OG000,OG001,superiority,ls_mean_difference,LS Mean Difference,-3.9,95.0,-5.38,-2.4,2,<,0.0001,< 0.0001,ANCOVA,
NCT02755649,Dupilumab,,secondary,12,68aaa665ba6cfdd978bb58b41a2608b087d65475,16w,OG000,OG002,superiority,response_rate_difference,Difference in Percentages,29.5,95.0,17.1,41.96,2,<,0.0001,< 0.0001,Cochran-Mantel-Haenszel,
NCT02755649,Dupilumab,,secondary,12,68aaa665ba6cfdd978bb58b41a2608b087d65475,16w,OG000,OG001,superiority,response_rate_difference,Difference in Percentages,40.4,95.0,28.24,52.61,2,<,0.0001,< 0.0001,Cochran-Mantel-Haenszel,
NCT02755649,Dupilumab,,secondary,13,ab12bea74ea7d9e6573275d24ce842fdf0aaf792,16w,OG000,OG002,superiority,ls_mean_difference,LS Mean Difference,-24.3,95.0,-31.63,-16.88,2,<,0.0001,< 0.0001,ANCOVA,
NCT02755649,Dupilumab,,secondary,13,ab12bea74ea7d9e6573275d24ce842fdf0aaf792,16w,OG000,OG001,superiority,ls_mean_difference,LS Mean Difference,-26.2,95.0,-33.49,-18.86,2,<,0.0001,< 0.0001,ANCOVA,
NCT02755649,Dupilumab,,secondary,14,77d30e1753c4f63d90bb32c8d5c824b7c7c36a39,2w,OG000,OG002,superiority,ls_mean_difference,LS Mean Difference,-9.7,95.0,-15.8,-3.66,2,=,0.0017,= 0.0017,ANCOVA,
NCT02755649,Dupilumab,,secondary,14,77d30e1753c4f63d90bb32c8d5c824b7c7c36a39,2w,OG000,OG001,superiority,ls_mean_difference,LS Mean Difference,-7.2,95.0,-13.31,-1.06,2,=,0.0214,= 0.0214,ANCOVA,
NCT03068780,Birch Triterpenes,EASE,primary,1,1c5f5e07e32c7a27d54843fad80512c7f9d2faa5,,OG000,OG001,superiority,odds_ratio,Odds Ratio (OR),1.84,95.0,1.02,3.3,2,=,0.013,0.013,"Cui, Hung, Wang (CHW) approach",
NCT03068780,Birch Triterpenes,EASE,secondary,1,882742e75cc66b30672904a3ffd41ab40886ca19,,OG000,OG001,superiority,,,,,,,,=,0.302,0.302,Chi-squared,
NCT03131648,Tralokinumab,ECZTRA 1,primary,1,3142d156cbe808e3e2874a72d1a9b50e83308657,16w,OG000,OG001,superiority,risk_difference,Risk Difference (RD),8.6,95.0,4.1,13.1,2,=,0.002,0.002,Cochran-Mantel-Haenszel,
NCT03131648,Tralokinumab,ECZTRA 1,primary,2,37d0f6d90ef48d4e1087806ba89aad969ccdcf08,16w,OG000,OG001,superiority,risk_difference,Risk Difference (RD),12.1,95.0,6.5,17.7,2,<,0.001,<0.001,Cochran-Mantel-Haenszel,
NCT03131648,Tralokinumab,ECZTRA 1,secondary,1,eb92b0d95bd4f8e5bc730bf1a969679f2e8e418f,16w,OG000,OG001,superiority,risk_difference,Risk Difference (RD),9.7,95.0,4.4,15.0,2,=,0.002,0.002,Cochran-Mantel-Haenszel,
NCT03131648,Tralokinumab,ECZTRA 1,secondary,2,42b941cf99f4dc40e6da0e35dbd8b0000f361a32,16w,OG000,OG001,superiority,ls_mean_difference,Difference of least square means,-10.4,95.0,-14.4,-6.5,2,<,0.001,<0.001,Repeated measurements model,
NCT03131648,Tralokinumab,ECZTRA 1,secondary,3,b6b573ab9fad08a0804d886dac5153dea03d8902,16w,OG000,OG001,superiority,ls_mean_difference,Difference of least square means,-2.1,95.0,-3.4,-0.8,2,=,0.002,0.002,Repeated measurements model,
NCT03131648,Tralokinumab,ECZTRA 1,secondary,4,d4842a07576b89dd19e749c7863e23e379b924ae,52w,OG000,OG002,superiority,risk_difference,Risk Difference (RD),6.0,95.0,-21.8,33.7,2,=,0.68,0.68,Cochran-Mantel-Haenszel,
NCT03131648,Tralokinumab,ECZTRA 1,secondary,4,d4842a07576b89dd19e749c7863e23e379b924ae,52w,OG001,OG002,superiority,risk_difference,Risk Difference (RD),-9.5,95.0,-37.1,18.0,2,=,0.5,0.50,Cochran-Mantel-Haenszel,
NCT03131648,Tralokinumab,ECZTRA 1,secondary,5,0652334cc77b06d65c2ef4eb6649e342b535dee9,52w,OG000,OG002,superiority,risk_difference,Risk Difference (RD),21.2,95.0,-0.2,42.6,2,=,0.056,0.056,Cochran-Mantel-Haenszel,
NCT03131648,Tralokinumab,ECZTRA 1,secondary,5,0652334cc77b06d65c2ef4eb6649e342b535dee9,52w,OG001,OG002,superiority,risk_difference,Risk Difference (RD),11.7,95.0,-8.7,32.0,2,=,0.27,0.27,Cochran-Mantel-Haenszel,
NCT03131648,Tralokinumab,ECZTRA 1,secondary,8,b0268f8eb621e5001840d3f773ccaaef9613067a,16w,OG000,OG001,superiority,risk_difference,Risk Difference (RD),20.1,95.0,13.3,26.8,2,<,0.001,<0.001,Cochran-Mantel-Haenszel,
NCT03131648,Tralokinumab,ECZTRA 1,secondary,9,b08dccb9718173ea3620d9f9b3216cc9048227c1,16w,OG000,OG001,superiority,risk_difference,Risk Difference (RD),10.3,95.0,6.4,14.1,2,<,0.001,<0.001,Cochran-Mantel-Haenszel,
NCT03131648,Tralokinumab,ECZTRA 1,secondary,10,3f8c779b2a7fef3a54f6e49f0d404eefa1cba7fe,16w,OG000,OG001,superiority,ls_mean_difference,Difference of least square means,-6.4,95.0,-8.8,-4.1,2,<,0.001,<0.001,Repeated measurements model,
NCT03131648,Tralokinumab,ECZTRA 1,secondary,11,95b0c8759b7c58a5b796d7aab76e56032ab25355,16w,OG000,OG001,superiority,risk_difference,Risk Difference (RD),5.7,95.0,2.5,8.9,2,=,0.007,0.007,Cochran-Mantel-Haenszel,
NCT03131648,Tralokinumab,ECZTRA 1,secondary,12,1e23eeb4f8250b8aad522250204c2c854b7650fd,16w,OG000,OG001,superiority,risk_difference,Risk Difference (RD),14.1,95.0,8.6,19.6,2,<,0.001,<0.001,Cochran-Mantel-Haenszel,
NCT03131648,Tralokinumab,ECZTRA 1,secondary,13,7d3120df1136a454c685d82d16a8381b54a764a5,16w,OG000,OG001,superiority,ls_mean_difference,Difference of least square means,-0.9,95.0,-1.4,-0.4,2,<,0.001,<0.001,Repeated measurements model,
NCT03131648,Tralokinumab,ECZTRA 1,secondary,14,558c40f7196c7210159497826c47aedfe65abe43,16w,OG000,OG001,superiority,risk_difference,Risk Difference (RD),15.2,95.0,9.2,21.3,2,<,0.001,<0.001,Cochran-Mantel-Haenszel,
NCT03131648,Tralokinumab,ECZTRA 1,secondary,15,885cee487c0e07a463fd4e4dab0c6ca664a737b3,16w,OG000,OG001,superiority,risk_difference,Risk Difference (RD),13.0,95.0,5.4,20.5,2,=,0.001,0.001,Cochran-Mantel-Haenszel,
NCT03160885,Tralokinumab,ECZTRA 2,primary,1,78c3d9b018225498546294de37ec6c6cfa005039,16w,OG000,OG001,superiority,risk_difference,Risk Difference (RD),11.1,95.0,5.8,16.4,2,<,0.001,<0.001,Cochran-Mantel-Haenszel,
NCT03160885,Tralokinumab,ECZTRA 2,primary,2,57039907c2fa1a01c1fcd8de5cbb3a70325013ff,16w,OG000,OG001,superiority,risk_difference,Risk Difference (RD),21.6,95.0,15.8,27.3,2,<,0.001,<0.001,Cochran-Mantel-Haenszel,
NCT03160885,Tralokinumab,ECZTRA 2,secondary,1,eb92b0d95bd4f8e5bc730bf1a969679f2e8e418f,16w,OG000,OG001,superiority,risk_difference,Risk Difference (RD),15.6,95.0,10.3,20.9,2,<,0.001,<0.001,Cochran-Mantel-Haenszel,
NCT03160885,Tralokinumab,ECZTRA 2,secondary,2,827ec8c5981aa8df7e5ba5b9e6a21e133585337f,16w,OG000,OG001,superiority,ls_mean_difference,Difference of least square means,-14.0,95.0,-18.0,-10.1,2,<,0.001,<0.001,Repeated measurements model,
NCT03160885,Tralokinumab,ECZTRA 2,secondary,3,b22f9148bf0aa7e7c03e8de0170a9257f0ec682b,16w,OG000,OG001,superiority,ls_mean_difference,Difference of least square means,-3.9,95.0,-5.2,-2.6,2,<,0.001,<0.001,Repeated measurements model,
NCT03160885,Tralokinumab,ECZTRA 2,secondary,4,d4842a07576b89dd19e749c7863e23e379b924ae,52w,OG000,OG002,superiority,risk_difference,Risk Difference (RD),34.1,95.0,13.4,54.9,2,=,0.004,0.004,Cochran-Mantel-Haenszel,
NCT03160885,Tralokinumab,ECZTRA 2,secondary,4,d4842a07576b89dd19e749c7863e23e379b924ae,52w,OG001,OG002,superiority,risk_difference,Risk Difference (RD),19.9,95.0,-1.2,40.9,2,=,0.084,0.084,Cochran-Mantel-Haenszel,
NCT03160885,Tralokinumab,ECZTRA 2,secondary,5,0652334cc77b06d65c2ef4eb6649e342b535dee9,52w,OG000,OG002,superiority,risk_difference,Risk Difference (RD),33.7,95.0,17.3,50.0,2,<,0.001,<0.001,Cochran-Mantel-Haenszel,
NCT03160885,Tralokinumab,ECZTRA 2,secondary,5,0652334cc77b06d65c2ef4eb6649e342b535dee9,52w,OG001,OG002,superiority,risk_difference,Risk Difference (RD),30.0,95.0,13.7,46.4,2,=,0.001,0.001,Cochran-Mantel-Haenszel,
NCT03160885,Tralokinumab,ECZTRA 2,secondary,8,b0268f8eb621e5001840d3f773ccaaef9613067a,16w,OG000,OG001,superiority,risk_difference,Risk Difference (RD),29.3,95.0,22.5,36.1,2,<,0.001,<0.001,Cochran-Mantel-Haenszel,
NCT03160885,Tralokinumab,ECZTRA 2,secondary,9,234eb1836608f4f76b60ed20ff5dc452f456fb83,16w,OG000,OG001,superiority,risk_difference,Risk Difference (RD),12.7,95.0,8.3,17.0,2,<,0.001,<0.001,Cochran-Mantel-Haenszel,
NCT03160885,Tralokinumab,ECZTRA 2,secondary,10,3f8c779b2a7fef3a54f6e49f0d404eefa1cba7fe,16w,OG000,OG001,superiority,ls_mean_difference,Difference of least square means,-9.9,95.0,-12.2,-7.5,2,<,0.001,<0.001,Repeated measurements model,
NCT03160885,Tralokinumab,ECZTRA 2,secondary,11,8a1e1802a817f1b7ba3cfd01bf43e96b0ea1cb08,16w,OG000,OG001,superiority,risk_difference,Risk Difference (RD),8.0,95.0,4.4,11.6,2,<,0.001,<0.001,Cochran-Mantel-Haenszel,
NCT03160885,Tralokinumab,ECZTRA 2,secondary,12,43b20e7e029cd39396b53573ea179b60df6cbf68,16w,OG000,OG001,superiority,risk_difference,Risk Difference (RD),18.9,95.0,12.8,25.1,2,<,0.001,<0.001,Cochran-Mantel-Haenszel,
NCT03160885,Tralokinumab,ECZTRA 2,secondary,13,3cc8d51f27036ec70b3e3fbb8940872269213a57,16w,OG000,OG001,superiority,ls_mean_difference,Difference of least square means,-1.3,95.0,-1.7,-0.8,2,<,0.001,<0.001,Repeated measurements model,
NCT03160885,Tralokinumab,ECZTRA 2,secondary,14,9ebf7973c73e776814f1bbcc79a7ca5311bb1549,16w,OG000,OG001,superiority,risk_difference,Risk Difference (RD),20.1,95.0,13.9,26.2,2,<,0.001,<0.001,Cochran-Mantel-Haenszel,
NCT03160885,Tralokinumab,ECZTRA 2,secondary,15,f224a29bfa0be122a6017227bf4d4e5ddac81a06,16w,OG000,OG001,superiority,risk_difference,Risk Difference (RD),28.9,95.0,21.4,36.3,2,<,0.001,<0.001,Cochran-Mantel-Haenszel,
NCT03285477,Tirbanibulin,AK003,primary,1,676711e8a739436359ff3397f6aaa7166951d188,57d,OG000,OG001,superiority,,,,,,,,<,0.0001,<0.0001,Cochran-Mantel-Haenszel,
NCT03285477,Tirbanibulin,AK003,secondary,1,8ba78031cf50073640a3c32e358ba35cf420904c,57d,OG000,OG001,superiority,,,,,,,,<,0.0001,<0.0001,Cochran-Mantel-Haenszel,
NCT03285490,Tirbanibulin,,primary,1,676711e8a739436359ff3397f6aaa7166951d188,57d,OG000,OG001,superiority,,,,,,,,<,0.0001,<0.0001,Cochran-Mantel-Haenszel,
NCT03285490,Tirbanibulin,,secondary,1,8ba78031cf50073640a3c32e358ba35cf420904c,57d,OG000,OG001,superiority,,,,,,,,<,0.0001,<0.0001,Cochran-Mantel-Haenszel,
NCT03349060,Abrocitinib,JADE Mono-1,primary,1,81041cadfa8bef0dbd3dc362e2f981826ceb0a6e,12w,OG000,OG002,superiority,response_rate_difference,Difference in Percentage,15.8,95.0,6.8,24.8,2,=,0.0037,0.0037,Cochran-Mantel-Haenszel,
NCT03349060,Abrocitinib,JADE Mono-1,primary,1,81041cadfa8bef0dbd3dc362e2f981826ceb0a6e,12w,OG001,OG002,superiority,response_rate_difference,Difference in Percentage,36.0,95.0,26.2,45.7,2,<,0.0001,<0.0001,Cochran-Mantel-Haenszel,
NCT03349060,Abrocitinib,JADE Mono-1,primary,2,5898b4963157fbe2a8890e0115cbe196308d32fb,12w,OG000,OG002,superiority,response_rate_difference,Difference in Percentage,27.9,95.0,17.4,38.3,2,<,0.0001,<0.0001,Cochran-Mantel-Haenszel,
NCT03349060,Abrocitinib,JADE Mono-1,primary,2,5898b4963157fbe2a8890e0115cbe196308d32fb,12w,OG001,OG002,superiority,response_rate_difference,Difference in Percentage,51.0,95.0,40.5,61.5,2,<,0.0001,<0.0001,Cochran-Mantel-Haenszel,
NCT03349060,Abrocitinib,JADE Mono-1,secondary,1,fb8cad72e4f008d8b655f5596952386817c3dc9b,2w,OG000,OG002,superiority,response_rate_difference,Difference in Percentage,18.0,95.0,10.2,25.8,2,=,0.0004,0.0004,Cochran-Mantel-Haenszel,
NCT03349060,Abrocitinib,JADE Mono-1,secondary,1,fb8cad72e4f008d8b655f5596952386817c3dc9b,2w,OG001,OG002,superiority,response_rate_difference,Difference in Percentage,42.5,95.0,33.6,51.4,2,<,0.0001,<0.0001,Cochran-Mantel-Haenszel,
NCT03349060,Abrocitinib,JADE Mono-1,secondary,1,fb8cad72e4f008d8b655f5596952386817c3dc9b,4w,OG000,OG002,superiority,response_rate_difference,Difference in Percentage,15.0,95.0,1.9,28.0,2,=,0.0251,0.0251,Cochran-Mantel-Haenszel,
NCT03349060,Abrocitinib,JADE Mono-1,secondary,1,fb8cad72e4f008d8b655f5596952386817c3dc9b,4w,OG001,OG002,superiority,response_rate_difference,Difference in Percentage,41.1,95.0,27.8,54.4,2,<,0.0001,<0.0001,Cochran-Mantel-Haenszel,
NCT03349060,Abrocitinib,JADE Mono-1,secondary,1,fb8cad72e4f008d8b655f5596952386817c3dc9b,8w,OG000,OG002,superiority,response_rate_difference,Difference in Percentage,20.0,95.0,7.4,32.7,2,=,0.0019,0.0019,Cochran-Mantel-Haenszel,
NCT03349060,Abrocitinib,JADE Mono-1,secondary,1,fb8cad72e4f008d8b655f5596952386817c3dc9b,8w,OG001,OG002,superiority,response_rate_difference,Difference in Percentage,45.3,95.0,32.7,57.8,2,<,0.0001,<0.0001,Cochran-Mantel-Haenszel,
NCT03349060,Abrocitinib,JADE Mono-1,secondary,1,fb8cad72e4f008d8b655f5596952386817c3dc9b,12w,OG000,OG002,superiority,response_rate_difference,Difference in Percentage,22.5,95.0,10.3,34.8,2,=,0.0003,0.0003,Cochran-Mantel-Haenszel,
NCT03349060,Abrocitinib,JADE Mono-1,secondary,1,fb8cad72e4f008d8b655f5596952386817c3dc9b,12w,OG001,OG002,superiority,response_rate_difference,Difference in Percentage,41.7,95.0,29.6,53.9,2,<,0.0001,<0.0001,Cochran-Mantel-Haenszel,
NCT03349060,Abrocitinib,JADE Mono-1,secondary,2,242c21d00a849270ece3db36a1fb139341e58e02,2w,OG000,OG002,superiority,response_rate_difference,Difference in Percentage,16.3,95.0,7.4,25.2,2,=,0.0055,0.0055,Cochran-Mantel-Haenszel,
NCT03349060,Abrocitinib,JADE Mono-1,secondary,2,242c21d00a849270ece3db36a1fb139341e58e02,2w,OG001,OG002,superiority,response_rate_difference,Difference in Percentage,43.3,95.0,33.1,53.6,2,<,0.0001,<0.0001,Cochran-Mantel-Haenszel,
NCT03349060,Abrocitinib,JADE Mono-1,secondary,2,242c21d00a849270ece3db36a1fb139341e58e02,4w,OG000,OG002,superiority,response_rate_difference,Difference in Percentage,12.5,95.0,-3.0,28.0,2,=,0.1138,0.1138,Cochran-Mantel-Haenszel,
NCT03349060,Abrocitinib,JADE Mono-1,secondary,2,242c21d00a849270ece3db36a1fb139341e58e02,4w,OG001,OG002,superiority,response_rate_difference,Difference in Percentage,41.8,95.0,26.2,57.4,2,<,0.0001,<0.0001,Cochran-Mantel-Haenszel,
NCT03349060,Abrocitinib,JADE Mono-1,secondary,2,242c21d00a849270ece3db36a1fb139341e58e02,12w,OG000,OG002,superiority,response_rate_difference,Difference in Percentage,28.7,95.0,15.3,42.1,2,<,0.0001,<0.0001,Cochran-Mantel-Haenszel,
NCT03349060,Abrocitinib,JADE Mono-1,secondary,2,242c21d00a849270ece3db36a1fb139341e58e02,12w,OG001,OG002,superiority,response_rate_difference,Difference in Percentage,47.8,95.0,34.6,61.1,2,<,0.0001,<0.0001,Cochran-Mantel-Haenszel,
NCT03349060,Abrocitinib,JADE Mono-1,secondary,3,3335dc8ccbdd7c949bb01df426da12afb993e5b1,2w,OG000,OG002,superiority,ls_mean_difference,Difference in least squares (LS) mean,-1.0,95.0,-1.4,-0.6,2,<,0.0001,<0.0001,Mixed Models Analysis,
NCT03349060,Abrocitinib,JADE Mono-1,secondary,3,3335dc8ccbdd7c949bb01df426da12afb993e5b1,2w,OG001,OG002,superiority,ls_mean_difference,Difference in LS mean,-1.6,95.0,-2.0,-1.2,2,<,0.0001,<0.0001,Mixed Models Analysis,
NCT03349060,Abrocitinib,JADE Mono-1,secondary,3,3335dc8ccbdd7c949bb01df426da12afb993e5b1,4w,OG000,OG002,superiority,ls_mean_difference,Difference in LS mean,-1.1,95.0,-1.6,-0.6,2,<,0.0001,<0.0001,Mixed Models Analysis,
NCT03349060,Abrocitinib,JADE Mono-1,secondary,3,3335dc8ccbdd7c949bb01df426da12afb993e5b1,4w,OG001,OG002,superiority,ls_mean_difference,Difference in LS mean,-2.2,95.0,-2.8,-1.7,2,<,0.0001,<0.0001,Mixed Models Analysis,
NCT03349060,Abrocitinib,JADE Mono-1,secondary,3,3335dc8ccbdd7c949bb01df426da12afb993e5b1,8w,OG000,OG002,superiority,ls_mean_difference,Difference in LS mean,-0.9,95.0,-1.5,-0.3,2,=,0.0035,0.0035,Mixed Models Analysis,
NCT03349060,Abrocitinib,JADE Mono-1,secondary,3,3335dc8ccbdd7c949bb01df426da12afb993e5b1,8w,OG001,OG002,superiority,ls_mean_difference,Difference in LS mean,-1.9,95.0,-2.5,-1.3,2,<,0.0001,<0.0001,Mixed Models Analysis,
NCT03349060,Abrocitinib,JADE Mono-1,secondary,3,3335dc8ccbdd7c949bb01df426da12afb993e5b1,12w,OG000,OG002,superiority,ls_mean_difference,Difference in LS mean,-1.1,95.0,-1.7,-0.4,2,=,0.001,0.0010,Mixed Models Analysis,
NCT03349060,Abrocitinib,JADE Mono-1,secondary,3,3335dc8ccbdd7c949bb01df426da12afb993e5b1,12w,OG001,OG002,superiority,ls_mean_difference,Difference in LS mean,-2.1,95.0,-2.7,-1.4,2,<,0.0001,<0.0001,Mixed Models Analysis,
NCT03349060,Abrocitinib,JADE Mono-1,secondary,4,61ba2ad26ba96be1b356d457ec23b863df05f1fc,12w,OG000,OG002,superiority,ls_mean_difference,Difference in LS mean,-1.3,95.0,-2.0,-0.6,2,=,0.0002,0.0002,Mixed Models Analysis,
NCT03349060,Abrocitinib,JADE Mono-1,secondary,4,61ba2ad26ba96be1b356d457ec23b863df05f1fc,12w,OG001,OG002,superiority,ls_mean_difference,Difference in LS mean,-2.3,95.0,-3.0,-1.6,2,<,0.0001,<0.0001,Mixed Models Analysis,
NCT03349060,Abrocitinib,JADE Mono-1,secondary,5,6df8adb4e445a057bad8f840f462ac75c05f539d,,OG000,OG002,superiority,,,,,,,,=,0.0071,0.0071,Log Rank,
NCT03349060,Abrocitinib,JADE Mono-1,secondary,5,6df8adb4e445a057bad8f840f462ac75c05f539d,,OG001,OG002,superiority,,,,,,,,<,0.0001,<0.0001,Log Rank,
NCT03349060,Abrocitinib,JADE Mono-1,secondary,6,2ae2450e5571bace514d64cfb1f27d34b313591b,2w,OG000,OG002,superiority,response_rate_difference,Difference in Percentage,6.5,95.0,-0.3,13.3,2,=,0.0869,0.0869,Cochran-Mantel-Haenszel,
NCT03349060,Abrocitinib,JADE Mono-1,secondary,6,2ae2450e5571bace514d64cfb1f27d34b313591b,2w,OG001,OG002,superiority,response_rate_difference,Difference in Percentage,20.3,95.0,12.0,28.6,2,=,0.0001,0.0001,Cochran-Mantel-Haenszel,
NCT03349060,Abrocitinib,JADE Mono-1,secondary,6,2ae2450e5571bace514d64cfb1f27d34b313591b,4w,OG000,OG002,superiority,response_rate_difference,Difference in Percentage,13.1,95.0,2.6,23.6,2,=,0.0259,0.0259,Cochran-Mantel-Haenszel,
NCT03349060,Abrocitinib,JADE Mono-1,secondary,6,2ae2450e5571bace514d64cfb1f27d34b313591b,4w,OG001,OG002,superiority,response_rate_difference,Difference in Percentage,33.0,95.0,21.7,44.2,2,<,0.0001,<0.0001,Cochran-Mantel-Haenszel,
NCT03349060,Abrocitinib,JADE Mono-1,secondary,6,2ae2450e5571bace514d64cfb1f27d34b313591b,8w,OG000,OG002,superiority,response_rate_difference,Difference in Percentage,25.0,95.0,14.2,35.8,2,=,0.0001,0.0001,Cochran-Mantel-Haenszel,
NCT03349060,Abrocitinib,JADE Mono-1,secondary,6,2ae2450e5571bace514d64cfb1f27d34b313591b,8w,OG001,OG002,superiority,response_rate_difference,Difference in Percentage,44.6,95.0,33.6,55.6,2,<,0.0001,<0.0001,Cochran-Mantel-Haenszel,
NCT03349060,Abrocitinib,JADE Mono-1,secondary,7,3c38822be9dd67082a1985cca82e0771be06b940,2w,OG000,OG002,superiority,response_rate_difference,Difference in Percentage,3.9,95.0,-0.7,8.5,2,=,0.0802,0.0802,Cochran-Mantel-Haenszel,
NCT03349060,Abrocitinib,JADE Mono-1,secondary,7,3c38822be9dd67082a1985cca82e0771be06b940,2w,OG001,OG002,superiority,response_rate_difference,Difference in Percentage,9.8,95.0,4.0,15.7,2,=,0.0045,0.0045,Cochran-Mantel-Haenszel,
NCT03349060,Abrocitinib,JADE Mono-1,secondary,7,3c38822be9dd67082a1985cca82e0771be06b940,4w,OG000,OG002,superiority,response_rate_difference,Difference in Percentage,5.2,95.0,-1.9,12.4,2,=,0.1888,0.1888,Cochran-Mantel-Haenszel,
NCT03349060,Abrocitinib,JADE Mono-1,secondary,7,3c38822be9dd67082a1985cca82e0771be06b940,4w,OG001,OG002,superiority,response_rate_difference,Difference in Percentage,21.7,95.0,13.0,30.5,2,<,0.0001,<0.0001,Cochran-Mantel-Haenszel,
NCT03349060,Abrocitinib,JADE Mono-1,secondary,7,3c38822be9dd67082a1985cca82e0771be06b940,8w,OG000,OG002,superiority,response_rate_difference,Difference in Percentage,13.8,95.0,5.2,22.4,2,=,0.0071,0.0071,Cochran-Mantel-Haenszel,
NCT03349060,Abrocitinib,JADE Mono-1,secondary,7,3c38822be9dd67082a1985cca82e0771be06b940,8w,OG001,OG002,superiority,response_rate_difference,Difference in Percentage,29.3,95.0,19.8,38.7,2,<,0.0001,<0.0001,Cochran-Mantel-Haenszel,
NCT03349060,Abrocitinib,JADE Mono-1,secondary,8,c19f6a751057357154a19ed923e6ae25029eb574,2w,OG000,OG002,superiority,response_rate_difference,Difference in Percentage,0.0,95.0,-3.8,3.8,2,,,,,
NCT03349060,Abrocitinib,JADE Mono-1,secondary,8,c19f6a751057357154a19ed923e6ae25029eb574,2w,OG001,OG002,superiority,response_rate_difference,Difference in Percentage,0.0,95.0,-3.8,3.8,2,,,,,
NCT03349060,Abrocitinib,JADE Mono-1,secondary,8,c19f6a751057357154a19ed923e6ae25029eb574,4w,OG000,OG002,superiority,response_rate_difference,Difference in Percentage,0.0,95.0,-3.9,3.9,2,,,,,
NCT03349060,Abrocitinib,JADE Mono-1,secondary,8,c19f6a751057357154a19ed923e6ae25029eb574,4w,OG001,OG002,superiority,response_rate_difference,Difference in Percentage,6.5,95.0,1.3,11.7,2,=,0.0234,0.0234,Cochran-Mantel-Haenszel,
NCT03349060,Abrocitinib,JADE Mono-1,secondary,8,c19f6a751057357154a19ed923e6ae25029eb574,8w,OG000,OG002,superiority,response_rate_difference,Difference in Percentage,4.6,95.0,-0.3,9.5,2,=,0.0592,0.0592,Cochran-Mantel-Haenszel,
NCT03349060,Abrocitinib,JADE Mono-1,secondary,8,c19f6a751057357154a19ed923e6ae25029eb574,8w,OG001,OG002,superiority,response_rate_difference,Difference in Percentage,11.7,95.0,5.5,17.9,2,=,0.0022,0.0022,Cochran-Mantel-Haenszel,
NCT03349060,Abrocitinib,JADE Mono-1,secondary,8,c19f6a751057357154a19ed923e6ae25029eb574,12w,OG000,OG002,superiority,response_rate_difference,Difference in Percentage,7.0,95.0,1.7,12.3,2,=,0.019,0.0190,Cochran-Mantel-Haenszel,
NCT03349060,Abrocitinib,JADE Mono-1,secondary,8,c19f6a751057357154a19ed923e6ae25029eb574,12w,OG001,OG002,superiority,response_rate_difference,Difference in Percentage,13.1,95.0,6.7,19.4,2,=,0.001,0.0010,Cochran-Mantel-Haenszel,
NCT03349060,Abrocitinib,JADE Mono-1,secondary,9,44bae04dc76b797ae58c64004613b3e0e979bf57,2w,OG000,OG002,superiority,response_rate_difference,Difference in Percentage,24.0,95.0,13.9,34.1,2,<,0.0001,<0.0001,Cochran-Mantel-Haenszel,
NCT03349060,Abrocitinib,JADE Mono-1,secondary,9,44bae04dc76b797ae58c64004613b3e0e979bf57,2w,OG001,OG002,superiority,response_rate_difference,Difference in Percentage,45.1,95.0,34.7,55.5,2,<,0.0001,<0.0001,Cochran-Mantel-Haenszel,
NCT03349060,Abrocitinib,JADE Mono-1,secondary,9,44bae04dc76b797ae58c64004613b3e0e979bf57,4w,OG000,OG002,superiority,response_rate_difference,Difference in Percentage,33.5,95.0,21.6,45.4,2,<,0.0001,<0.0001,Cochran-Mantel-Haenszel,
NCT03349060,Abrocitinib,JADE Mono-1,secondary,9,44bae04dc76b797ae58c64004613b3e0e979bf57,4w,OG001,OG002,superiority,response_rate_difference,Difference in Percentage,52.7,95.0,41.2,64.2,2,<,0.0001,<0.0001,Cochran-Mantel-Haenszel,
NCT03349060,Abrocitinib,JADE Mono-1,secondary,9,44bae04dc76b797ae58c64004613b3e0e979bf57,8w,OG000,OG002,superiority,response_rate_difference,Difference in Percentage,34.1,95.0,21.9,46.3,2,<,0.0001,<0.0001,Cochran-Mantel-Haenszel,
NCT03349060,Abrocitinib,JADE Mono-1,secondary,9,44bae04dc76b797ae58c64004613b3e0e979bf57,8w,OG001,OG002,superiority,response_rate_difference,Difference in Percentage,52.9,95.0,41.3,64.6,2,<,0.0001,<0.0001,Cochran-Mantel-Haenszel,
NCT03349060,Abrocitinib,JADE Mono-1,secondary,9,44bae04dc76b797ae58c64004613b3e0e979bf57,12w,OG000,OG002,superiority,response_rate_difference,Difference in Percentage,35.3,95.0,23.3,47.4,2,<,0.0001,<0.0001,Cochran-Mantel-Haenszel,
NCT03349060,Abrocitinib,JADE Mono-1,secondary,9,44bae04dc76b797ae58c64004613b3e0e979bf57,12w,OG001,OG002,superiority,response_rate_difference,Difference in Percentage,53.5,95.0,42.0,65.0,2,<,0.0001,<0.0001,Cochran-Mantel-Haenszel,
NCT03349060,Abrocitinib,JADE Mono-1,secondary,10,8bf3860df1ecc4e449e7feb7e4fbc980748d5d01,2w,OG000,OG002,superiority,response_rate_difference,Difference in Percentage,0.6,95.0,-3.9,5.2,2,=,0.7285,0.7285,Cochran-Mantel-Haenszel,
NCT03349060,Abrocitinib,JADE Mono-1,secondary,10,8bf3860df1ecc4e449e7feb7e4fbc980748d5d01,2w,OG001,OG002,superiority,response_rate_difference,Difference in Percentage,4.0,95.0,-1.2,9.2,2,=,0.1448,0.1448,Cochran-Mantel-Haenszel,
NCT03349060,Abrocitinib,JADE Mono-1,secondary,10,8bf3860df1ecc4e449e7feb7e4fbc980748d5d01,4w,OG000,OG002,superiority,response_rate_difference,Difference in Percentage,3.9,95.0,-2.6,10.5,2,=,0.2576,0.2576,Cochran-Mantel-Haenszel,
NCT03349060,Abrocitinib,JADE Mono-1,secondary,10,8bf3860df1ecc4e449e7feb7e4fbc980748d5d01,4w,OG001,OG002,superiority,response_rate_difference,Difference in Percentage,20.4,95.0,12.0,28.9,2,=,0.0001,0.0001,Cochran-Mantel-Haenszel,
NCT03349060,Abrocitinib,JADE Mono-1,secondary,10,8bf3860df1ecc4e449e7feb7e4fbc980748d5d01,8w,OG000,OG002,superiority,response_rate_difference,Difference in Percentage,9.0,95.0,1.3,16.8,2,=,0.0423,0.0423,Cochran-Mantel-Haenszel,
NCT03349060,Abrocitinib,JADE Mono-1,secondary,10,8bf3860df1ecc4e449e7feb7e4fbc980748d5d01,8w,OG001,OG002,superiority,response_rate_difference,Difference in Percentage,28.0,95.0,18.7,37.2,2,<,0.0001,<0.0001,Cochran-Mantel-Haenszel,
NCT03349060,Abrocitinib,JADE Mono-1,secondary,10,8bf3860df1ecc4e449e7feb7e4fbc980748d5d01,12w,OG000,OG002,superiority,response_rate_difference,Difference in Percentage,13.3,95.0,5.4,21.2,2,=,0.0066,0.0066,Cochran-Mantel-Haenszel,
NCT03349060,Abrocitinib,JADE Mono-1,secondary,10,8bf3860df1ecc4e449e7feb7e4fbc980748d5d01,12w,OG001,OG002,superiority,response_rate_difference,Difference in Percentage,33.4,95.0,24.3,42.5,2,<,0.0001,<0.0001,Cochran-Mantel-Haenszel,
NCT03349060,Abrocitinib,JADE Mono-1,secondary,11,fe91b563e1efda239e31f61ce8678775a00d2879,2w,OG000,OG002,superiority,response_rate_difference,Difference in Percentage,0.0,95.0,-3.8,3.8,2,,,,,
NCT03349060,Abrocitinib,JADE Mono-1,secondary,11,fe91b563e1efda239e31f61ce8678775a00d2879,2w,OG001,OG002,superiority,response_rate_difference,Difference in Percentage,0.0,95.0,-3.8,3.8,2,,,,,
NCT03349060,Abrocitinib,JADE Mono-1,secondary,11,fe91b563e1efda239e31f61ce8678775a00d2879,4w,OG000,OG002,superiority,response_rate_difference,Difference in Percentage,0.0,95.0,-3.9,3.9,2,,,,,
NCT03349060,Abrocitinib,JADE Mono-1,secondary,11,fe91b563e1efda239e31f61ce8678775a00d2879,4w,OG001,OG002,superiority,response_rate_difference,Difference in Percentage,6.5,95.0,1.3,11.7,2,=,0.0234,0.0234,Cochran-Mantel-Haenszel,
NCT03349060,Abrocitinib,JADE Mono-1,secondary,11,fe91b563e1efda239e31f61ce8678775a00d2879,8w,OG000,OG002,superiority,response_rate_difference,Difference in Percentage,4.6,95.0,-0.3,9.5,2,=,0.0604,0.0604,Cochran-Mantel-Haenszel,
NCT03349060,Abrocitinib,JADE Mono-1,secondary,11,fe91b563e1efda239e31f61ce8678775a00d2879,8w,OG001,OG002,superiority,response_rate_difference,Difference in Percentage,11.7,95.0,5.5,17.9,2,=,0.0022,0.0022,Cochran-Mantel-Haenszel,
NCT03349060,Abrocitinib,JADE Mono-1,secondary,11,fe91b563e1efda239e31f61ce8678775a00d2879,12w,OG000,OG002,superiority,response_rate_difference,Difference in Percentage,6.4,95.0,1.2,11.6,2,=,0.0255,0.0255,Cochran-Mantel-Haenszel,
NCT03349060,Abrocitinib,JADE Mono-1,secondary,11,fe91b563e1efda239e31f61ce8678775a00d2879,12w,OG001,OG002,superiority,response_rate_difference,Difference in Percentage,13.1,95.0,6.7,19.4,2,=,0.001,0.0010,Cochran-Mantel-Haenszel,
NCT03349060,Abrocitinib,JADE Mono-1,secondary,12,6df5616ea36c3131bfd303be665122db46db33e3,2w,OG000,OG002,superiority,ls_mean_difference,Difference in LS mean,-5.8,95.0,-8.2,-3.3,2,<,0.0001,<0.0001,Mixed Models Analysis,
NCT03349060,Abrocitinib,JADE Mono-1,secondary,12,6df5616ea36c3131bfd303be665122db46db33e3,2w,OG001,OG002,superiority,ls_mean_difference,Difference in LS mean,-10.6,95.0,-13.0,-8.1,2,<,0.0001,<0.0001,Mixed Models Analysis,
NCT03349060,Abrocitinib,JADE Mono-1,secondary,12,6df5616ea36c3131bfd303be665122db46db33e3,4w,OG000,OG002,superiority,ls_mean_difference,Difference in LS mean,-7.9,95.0,-10.7,-5.0,2,<,0.0001,<0.0001,Mixed Models Analysis,
NCT03349060,Abrocitinib,JADE Mono-1,secondary,12,6df5616ea36c3131bfd303be665122db46db33e3,4w,OG001,OG002,superiority,ls_mean_difference,Difference in LS mean,-12.7,95.0,-15.6,-9.9,2,<,0.0001,<0.0001,Mixed Models Analysis,
NCT03349060,Abrocitinib,JADE Mono-1,secondary,12,6df5616ea36c3131bfd303be665122db46db33e3,8w,OG000,OG002,superiority,ls_mean_difference,Difference in LS mean,-8.5,95.0,-11.6,-5.5,2,<,0.0001,<0.0001,Mixed Models Analysis,
NCT03349060,Abrocitinib,JADE Mono-1,secondary,12,6df5616ea36c3131bfd303be665122db46db33e3,8w,OG001,OG002,superiority,ls_mean_difference,Difference in LS mean,-13.5,95.0,-16.5,-10.4,2,<,0.0001,<0.0001,Mixed Models Analysis,
NCT03349060,Abrocitinib,JADE Mono-1,secondary,12,6df5616ea36c3131bfd303be665122db46db33e3,12w,OG000,OG002,superiority,ls_mean_difference,Difference in LS mean,-8.3,95.0,-11.6,-5.1,2,<,0.0001,<0.0001,Mixed Models Analysis,
NCT03349060,Abrocitinib,JADE Mono-1,secondary,12,6df5616ea36c3131bfd303be665122db46db33e3,12w,OG001,OG002,superiority,ls_mean_difference,Difference in LS mean,-14.0,95.0,-17.3,-10.8,2,<,0.0001,<0.0001,Mixed Models Analysis,
NCT03349060,Abrocitinib,JADE Mono-1,secondary,13,36b107348f26eb682f935305db041685c8ae78f2,2w,OG000,OG002,superiority,ls_mean_difference,Difference in LS mean,-7.8,95.0,-12.1,-3.5,2,=,0.0004,0.0004,Mixed Models Analysis,
NCT03349060,Abrocitinib,JADE Mono-1,secondary,13,36b107348f26eb682f935305db041685c8ae78f2,2w,OG001,OG002,superiority,ls_mean_difference,Difference in LS mean,-14.8,95.0,-19.0,-10.5,2,<,0.0001,<0.0001,Mixed Models Analysis,
NCT03349060,Abrocitinib,JADE Mono-1,secondary,13,36b107348f26eb682f935305db041685c8ae78f2,4w,OG000,OG002,superiority,ls_mean_difference,Difference in LS mean,-11.7,95.0,-16.6,-6.9,2,<,0.0001,<0.0001,Mixed Models Analysis,
NCT03349060,Abrocitinib,JADE Mono-1,secondary,13,36b107348f26eb682f935305db041685c8ae78f2,4w,OG001,OG002,superiority,ls_mean_difference,Difference in LS mean,-18.5,95.0,-23.4,-13.6,2,<,0.0001,<0.0001,Mixed Models Analysis,
NCT03349060,Abrocitinib,JADE Mono-1,secondary,13,36b107348f26eb682f935305db041685c8ae78f2,8w,OG000,OG002,superiority,ls_mean_difference,Difference in LS mean,-14.3,95.0,-19.7,-9.0,2,<,0.0001,<0.0001,Mixed Models Analysis,
NCT03349060,Abrocitinib,JADE Mono-1,secondary,13,36b107348f26eb682f935305db041685c8ae78f2,8w,OG001,OG002,superiority,ls_mean_difference,Difference in LS mean,-22.6,95.0,-28.0,-17.3,2,<,0.0001,<0.0001,Mixed Models Analysis,
NCT03349060,Abrocitinib,JADE Mono-1,secondary,13,36b107348f26eb682f935305db041685c8ae78f2,12w,OG000,OG002,superiority,ls_mean_difference,Difference in LS mean,-13.8,95.0,-19.3,-8.2,2,<,0.0001,<0.0001,Mixed Models Analysis,
NCT03349060,Abrocitinib,JADE Mono-1,secondary,13,36b107348f26eb682f935305db041685c8ae78f2,12w,OG001,OG002,superiority,ls_mean_difference,Difference in LS mean,-22.0,95.0,-27.6,-16.5,2,<,0.0001,<0.0001,Mixed Models Analysis,
NCT03349060,Abrocitinib,JADE Mono-1,secondary,14,d4c89005eabe712198f25e88c3a7ef560be370e8,2w,OG000,OG002,superiority,response_rate_difference,Difference in Percentage,1.3,95.0,-3.4,6.0,2,=,0.521,0.5210,Cochran-Mantel-Haenszel,
NCT03349060,Abrocitinib,JADE Mono-1,secondary,14,d4c89005eabe712198f25e88c3a7ef560be370e8,2w,OG001,OG002,superiority,response_rate_difference,Difference in Percentage,4.0,95.0,-1.3,9.3,2,=,0.1416,0.1416,Cochran-Mantel-Haenszel,
NCT03349060,Abrocitinib,JADE Mono-1,secondary,14,d4c89005eabe712198f25e88c3a7ef560be370e8,4w,OG000,OG002,superiority,response_rate_difference,Difference in Percentage,4.6,95.0,-2.1,11.2,2,=,0.2002,0.2002,Cochran-Mantel-Haenszel,
NCT03349060,Abrocitinib,JADE Mono-1,secondary,14,d4c89005eabe712198f25e88c3a7ef560be370e8,4w,OG001,OG002,superiority,response_rate_difference,Difference in Percentage,23.6,95.0,15.1,32.2,2,<,0.0001,<0.0001,Cochran-Mantel-Haenszel,
NCT03349060,Abrocitinib,JADE Mono-1,secondary,14,d4c89005eabe712198f25e88c3a7ef560be370e8,8w,OG000,OG002,superiority,response_rate_difference,Difference in Percentage,9.6,95.0,1.3,17.9,2,=,0.0434,0.0434,Cochran-Mantel-Haenszel,
NCT03349060,Abrocitinib,JADE Mono-1,secondary,14,d4c89005eabe712198f25e88c3a7ef560be370e8,8w,OG001,OG002,superiority,response_rate_difference,Difference in Percentage,26.6,95.0,17.1,36.2,2,<,0.0001,<0.0001,Cochran-Mantel-Haenszel,
NCT03349060,Abrocitinib,JADE Mono-1,secondary,14,d4c89005eabe712198f25e88c3a7ef560be370e8,12w,OG000,OG002,superiority,response_rate_difference,Difference in Percentage,15.8,95.0,7.5,24.0,2,=,0.0019,0.0019,Cochran-Mantel-Haenszel,
NCT03349060,Abrocitinib,JADE Mono-1,secondary,14,d4c89005eabe712198f25e88c3a7ef560be370e8,12w,OG001,OG002,superiority,response_rate_difference,Difference in Percentage,33.3,95.0,24.0,42.7,2,<,0.0001,<0.0001,Cochran-Mantel-Haenszel,
NCT03349060,Abrocitinib,JADE Mono-1,secondary,15,29fcffceb5163fabebbdc0b34da87f10ebc20e35,2w,OG000,OG002,superiority,response_rate_difference,Difference in Percentage,10.8,95.0,3.3,18.3,2,=,0.0151,0.0151,Cochran-Mantel-Haenszel,
NCT03349060,Abrocitinib,JADE Mono-1,secondary,15,29fcffceb5163fabebbdc0b34da87f10ebc20e35,2w,OG001,OG002,superiority,response_rate_difference,Difference in Percentage,30.0,95.0,21.0,39.0,2,<,0.0001,<0.0001,Cochran-Mantel-Haenszel,
NCT03349060,Abrocitinib,JADE Mono-1,secondary,15,29fcffceb5163fabebbdc0b34da87f10ebc20e35,4w,OG000,OG002,superiority,response_rate_difference,Difference in Percentage,21.2,95.0,10.2,32.3,2,=,0.001,0.0010,Cochran-Mantel-Haenszel,
NCT03349060,Abrocitinib,JADE Mono-1,secondary,15,29fcffceb5163fabebbdc0b34da87f10ebc20e35,4w,OG001,OG002,superiority,response_rate_difference,Difference in Percentage,37.9,95.0,26.6,49.3,2,<,0.0001,<0.0001,Cochran-Mantel-Haenszel,
NCT03349060,Abrocitinib,JADE Mono-1,secondary,15,29fcffceb5163fabebbdc0b34da87f10ebc20e35,8w,OG000,OG002,superiority,response_rate_difference,Difference in Percentage,23.5,95.0,12.6,34.3,2,=,0.0003,0.0003,Cochran-Mantel-Haenszel,
NCT03349060,Abrocitinib,JADE Mono-1,secondary,15,29fcffceb5163fabebbdc0b34da87f10ebc20e35,8w,OG001,OG002,superiority,response_rate_difference,Difference in Percentage,41.7,95.0,30.7,52.7,2,<,0.0001,<0.0001,Cochran-Mantel-Haenszel,
NCT03349060,Abrocitinib,JADE Mono-1,secondary,15,29fcffceb5163fabebbdc0b34da87f10ebc20e35,12w,OG000,OG002,superiority,response_rate_difference,Difference in Percentage,19.6,95.0,8.1,31.1,2,=,0.0026,0.0026,Cochran-Mantel-Haenszel,
NCT03349060,Abrocitinib,JADE Mono-1,secondary,15,29fcffceb5163fabebbdc0b34da87f10ebc20e35,12w,OG001,OG002,superiority,response_rate_difference,Difference in Percentage,40.0,95.0,28.3,51.7,2,<,0.0001,<0.0001,Cochran-Mantel-Haenszel,
NCT03349060,Abrocitinib,JADE Mono-1,secondary,16,a712c9ac4c9007326a4ef742dc2099a29ecec70b,2w,OG000,OG002,superiority,response_rate_difference,Difference in Percentage,1.3,95.0,-2.9,5.6,2,=,0.3151,0.3151,Cochran-Mantel-Haenszel,
NCT03349060,Abrocitinib,JADE Mono-1,secondary,16,a712c9ac4c9007326a4ef742dc2099a29ecec70b,2w,OG001,OG002,superiority,response_rate_difference,Difference in Percentage,6.0,95.0,0.7,11.3,2,=,0.0292,0.0292,Cochran-Mantel-Haenszel,
NCT03349060,Abrocitinib,JADE Mono-1,secondary,16,a712c9ac4c9007326a4ef742dc2099a29ecec70b,4w,OG000,OG002,superiority,response_rate_difference,Difference in Percentage,-0.2,95.0,-5.9,5.5,2,=,0.9402,0.9402,Cochran-Mantel-Haenszel,
NCT03349060,Abrocitinib,JADE Mono-1,secondary,16,a712c9ac4c9007326a4ef742dc2099a29ecec70b,4w,OG001,OG002,superiority,response_rate_difference,Difference in Percentage,15.3,95.0,7.3,23.2,2,=,0.0019,0.0019,Cochran-Mantel-Haenszel,
NCT03349060,Abrocitinib,JADE Mono-1,secondary,16,a712c9ac4c9007326a4ef742dc2099a29ecec70b,8w,OG000,OG002,superiority,response_rate_difference,Difference in Percentage,10.8,95.0,4.2,17.4,2,=,0.0078,0.0078,Cochran-Mantel-Haenszel,
NCT03349060,Abrocitinib,JADE Mono-1,secondary,16,a712c9ac4c9007326a4ef742dc2099a29ecec70b,8w,OG001,OG002,superiority,response_rate_difference,Difference in Percentage,22.2,95.0,14.2,30.1,2,<,0.0001,<0.0001,Cochran-Mantel-Haenszel,
NCT03349060,Abrocitinib,JADE Mono-1,secondary,16,a712c9ac4c9007326a4ef742dc2099a29ecec70b,12w,OG000,OG002,superiority,response_rate_difference,Difference in Percentage,8.2,95.0,1.0,15.3,2,=,0.0528,0.0528,Cochran-Mantel-Haenszel,
NCT03349060,Abrocitinib,JADE Mono-1,secondary,16,a712c9ac4c9007326a4ef742dc2099a29ecec70b,12w,OG001,OG002,superiority,response_rate_difference,Difference in Percentage,26.4,95.0,17.6,35.3,2,<,0.0001,<0.0001,Cochran-Mantel-Haenszel,
NCT03349060,Abrocitinib,JADE Mono-1,secondary,17,6f62e0fd35b714866e68b8565704125f366ffc27,2w,OG000,OG002,superiority,ls_mean_difference,Difference in LS mean,-1.3,95.0,-1.9,-0.6,2,<,0.0001,<0.0001,Mixed Models Analysis,
NCT03349060,Abrocitinib,JADE Mono-1,secondary,17,6f62e0fd35b714866e68b8565704125f366ffc27,2w,OG001,OG002,superiority,ls_mean_difference,Difference in LS mean,-2.3,95.0,-3.0,-1.7,2,<,0.0001,<0.0001,Mixed Models Analysis,
NCT03349060,Abrocitinib,JADE Mono-1,secondary,17,6f62e0fd35b714866e68b8565704125f366ffc27,4w,OG000,OG002,superiority,ls_mean_difference,Difference in LS mean,-1.6,95.0,-2.2,-0.9,2,<,0.0001,<0.0001,Mixed Models Analysis,
NCT03349060,Abrocitinib,JADE Mono-1,secondary,17,6f62e0fd35b714866e68b8565704125f366ffc27,4w,OG001,OG002,superiority,ls_mean_difference,Difference in LS mean,-2.7,95.0,-3.4,-2.0,2,<,0.0001,<0.0001,Mixed Models Analysis,
NCT03349060,Abrocitinib,JADE Mono-1,secondary,17,6f62e0fd35b714866e68b8565704125f366ffc27,8w,OG000,OG002,superiority,ls_mean_difference,Difference in LS mean,-1.5,95.0,-2.3,-0.8,2,<,0.0001,<0.0001,Mixed Models Analysis,
NCT03349060,Abrocitinib,JADE Mono-1,secondary,17,6f62e0fd35b714866e68b8565704125f366ffc27,8w,OG001,OG002,superiority,ls_mean_difference,Difference in LS mean,-2.5,95.0,-3.2,-1.8,2,<,0.0001,<0.0001,Mixed Models Analysis,
NCT03349060,Abrocitinib,JADE Mono-1,secondary,17,6f62e0fd35b714866e68b8565704125f366ffc27,12w,OG000,OG002,superiority,ls_mean_difference,Difference in LS mean,-1.3,95.0,-2.1,-0.6,2,=,0.0005,0.0005,Mixed Models Analysis,
NCT03349060,Abrocitinib,JADE Mono-1,secondary,17,6f62e0fd35b714866e68b8565704125f366ffc27,12w,OG001,OG002,superiority,ls_mean_difference,Difference in LS mean,-2.1,95.0,-2.9,-1.4,2,<,0.0001,<0.0001,Mixed Models Analysis,
NCT03349060,Abrocitinib,JADE Mono-1,secondary,18,18929be74bde6355b608314977266bbe38040c8c,2w,OG000,OG002,superiority,ls_mean_difference,Difference in LS mean,-10.9,95.0,-14.8,-7.0,2,<,0.0001,<0.0001,Mixed Models Analysis,
NCT03349060,Abrocitinib,JADE Mono-1,secondary,18,18929be74bde6355b608314977266bbe38040c8c,2w,OG001,OG002,superiority,ls_mean_difference,Difference in LS mean,-18.9,95.0,-22.7,-15.1,2,<,0.0001,<0.0001,Mixed Models Analysis,
NCT03349060,Abrocitinib,JADE Mono-1,secondary,18,18929be74bde6355b608314977266bbe38040c8c,4w,OG000,OG002,superiority,ls_mean_difference,Difference in LS mean,-12.6,95.0,-17.3,-7.8,2,<,0.0001,<.0001,Mixed Models Analysis,
NCT03349060,Abrocitinib,JADE Mono-1,secondary,18,18929be74bde6355b608314977266bbe38040c8c,4w,OG001,OG002,superiority,ls_mean_difference,Difference in LS mean,-22.1,95.0,-26.8,-17.3,2,<,0.0001,<.0001,Mixed Models Analysis,
NCT03349060,Abrocitinib,JADE Mono-1,secondary,18,18929be74bde6355b608314977266bbe38040c8c,8w,OG000,OG002,superiority,ls_mean_difference,Difference in LS mean,-14.3,95.0,-19.5,-9.0,2,<,0.0001,<.0001,Mixed Models Analysis,
NCT03349060,Abrocitinib,JADE Mono-1,secondary,18,18929be74bde6355b608314977266bbe38040c8c,8w,OG001,OG002,superiority,ls_mean_difference,Difference in LS mean,-22.0,95.0,-27.2,-16.7,2,<,0.0001,<.0001,Mixed Models Analysis,
NCT03349060,Abrocitinib,JADE Mono-1,secondary,18,18929be74bde6355b608314977266bbe38040c8c,12w,OG000,OG002,superiority,ls_mean_difference,Difference in LS mean,-13.3,95.0,-19.0,-7.7,2,<,0.0001,<0.0001,Mixed Models Analysis,
NCT03349060,Abrocitinib,JADE Mono-1,secondary,18,18929be74bde6355b608314977266bbe38040c8c,12w,OG001,OG002,superiority,ls_mean_difference,Difference in LS mean,-21.9,95.0,-27.5,-16.3,2,<,0.0001,<.0001,Mixed Models Analysis,
NCT03349060,Abrocitinib,JADE Mono-1,secondary,19,6dc2ecab3aa8d10b47f4177fb0162068cb480e8f,2w,OG000,OG002,superiority,response_rate_difference,Difference in Percentage,22.3,95.0,8.7,35.9,2,=,0.0028,0.0028,Cochran-Mantel-Haenszel,
NCT03349060,Abrocitinib,JADE Mono-1,secondary,19,6dc2ecab3aa8d10b47f4177fb0162068cb480e8f,2w,OG001,OG002,superiority,response_rate_difference,Difference in Percentage,40.1,95.0,27.1,53.2,2,<,0.0001,<0.0001,Cochran-Mantel-Haenszel,
NCT03349060,Abrocitinib,JADE Mono-1,secondary,19,6dc2ecab3aa8d10b47f4177fb0162068cb480e8f,4w,OG000,OG002,superiority,response_rate_difference,Difference in Percentage,17.1,95.0,2.8,31.4,2,=,0.0217,0.0217,Cochran-Mantel-Haenszel,
NCT03349060,Abrocitinib,JADE Mono-1,secondary,19,6dc2ecab3aa8d10b47f4177fb0162068cb480e8f,4w,OG001,OG002,superiority,response_rate_difference,Difference in Percentage,32.2,95.0,18.5,45.9,2,<,0.0001,<0.0001,Cochran-Mantel-Haenszel,
NCT03349060,Abrocitinib,JADE Mono-1,secondary,19,6dc2ecab3aa8d10b47f4177fb0162068cb480e8f,8w,OG000,OG002,superiority,response_rate_difference,Difference in Percentage,15.7,95.0,1.4,30.0,2,=,0.0363,0.0363,Cochran-Mantel-Haenszel,
NCT03349060,Abrocitinib,JADE Mono-1,secondary,19,6dc2ecab3aa8d10b47f4177fb0162068cb480e8f,8w,OG001,OG002,superiority,response_rate_difference,Difference in Percentage,23.7,95.0,9.8,37.7,2,=,0.0011,0.0011,Cochran-Mantel-Haenszel,
NCT03349060,Abrocitinib,JADE Mono-1,secondary,19,6dc2ecab3aa8d10b47f4177fb0162068cb480e8f,12w,OG000,OG002,superiority,response_rate_difference,Difference in Percentage,20.1,95.0,5.8,34.5,2,=,0.008,0.0080,Cochran-Mantel-Haenszel,
NCT03349060,Abrocitinib,JADE Mono-1,secondary,19,6dc2ecab3aa8d10b47f4177fb0162068cb480e8f,12w,OG001,OG002,superiority,response_rate_difference,Difference in Percentage,29.1,95.0,15.0,43.3,2,<,0.0001,<0.0001,Cochran-Mantel-Haenszel,
NCT03349060,Abrocitinib,JADE Mono-1,secondary,20,70edceabd599d50215539cf2793888d2a40ff11f,2w,OG000,OG002,superiority,ls_mean_difference,Difference in LS mean,-3.8,95.0,-5.4,-2.2,2,<,0.0001,<0.0001,Mixed Models Analysis,
NCT03349060,Abrocitinib,JADE Mono-1,secondary,20,70edceabd599d50215539cf2793888d2a40ff11f,2w,OG001,OG002,superiority,ls_mean_difference,Difference in LS mean,-5.5,95.0,-7.1,-3.9,2,<,0.0001,<0.0001,Mixed Models Analysis,
NCT03349060,Abrocitinib,JADE Mono-1,secondary,20,70edceabd599d50215539cf2793888d2a40ff11f,4w,OG000,OG002,superiority,ls_mean_difference,Difference in LS mean,-3.3,95.0,-5.0,-1.7,2,=,0.0001,0.0001,Mixed Models Analysis,
NCT03349060,Abrocitinib,JADE Mono-1,secondary,20,70edceabd599d50215539cf2793888d2a40ff11f,4w,OG001,OG002,superiority,ls_mean_difference,Difference in LS mean,-6.1,95.0,-7.8,-4.5,2,<,0.0001,<.0001,Mixed Models Analysis,
NCT03349060,Abrocitinib,JADE Mono-1,secondary,20,70edceabd599d50215539cf2793888d2a40ff11f,8w,OG000,OG002,superiority,ls_mean_difference,Difference in LS mean,-2.8,95.0,-4.8,-0.7,2,=,0.0075,0.0075,Mixed Models Analysis,
NCT03349060,Abrocitinib,JADE Mono-1,secondary,20,70edceabd599d50215539cf2793888d2a40ff11f,8w,OG001,OG002,superiority,ls_mean_difference,Difference in LS mean,-5.3,95.0,-7.4,-3.3,2,<,0.0001,<0.0001,Mixed Models Analysis,
NCT03349060,Abrocitinib,JADE Mono-1,secondary,20,70edceabd599d50215539cf2793888d2a40ff11f,12w,OG000,OG002,superiority,ls_mean_difference,Difference in LS mean,-2.8,95.0,-4.8,-0.8,2,=,0.0072,0.0072,Mixed Models Analysis,
NCT03349060,Abrocitinib,JADE Mono-1,secondary,20,70edceabd599d50215539cf2793888d2a40ff11f,12w,OG001,OG002,superiority,ls_mean_difference,Difference in LS mean,-4.9,95.0,-6.9,-2.9,2,<,0.0001,<0.0001,Mixed Models Analysis,
NCT03349060,Abrocitinib,JADE Mono-1,secondary,21,d1e93601585f7dd42539f91cc26f9fc8c490bf9b,2w,OG000,OG002,superiority,ls_mean_difference,Difference in LS mean,-1.3,95.0,-3.5,1.0,2,=,0.275,0.2750,Mixed Models Analysis,
NCT03349060,Abrocitinib,JADE Mono-1,secondary,21,d1e93601585f7dd42539f91cc26f9fc8c490bf9b,2w,OG001,OG002,superiority,ls_mean_difference,Difference in LS mean,-2.5,95.0,-4.8,-0.3,2,=,0.028,0.0280,Mixed Models Analysis,
NCT03349060,Abrocitinib,JADE Mono-1,secondary,21,d1e93601585f7dd42539f91cc26f9fc8c490bf9b,4w,OG000,OG002,superiority,ls_mean_difference,Difference in LS mean,-3.5,95.0,-5.9,-1.1,2,=,0.0051,0.0051,Mixed Models Analysis,
NCT03349060,Abrocitinib,JADE Mono-1,secondary,21,d1e93601585f7dd42539f91cc26f9fc8c490bf9b,4w,OG001,OG002,superiority,ls_mean_difference,Difference in LS mean,-6.4,95.0,-8.8,-4.0,2,<,0.0001,<0.0001,Mixed Models Analysis,
NCT03349060,Abrocitinib,JADE Mono-1,secondary,21,d1e93601585f7dd42539f91cc26f9fc8c490bf9b,8w,OG000,OG002,superiority,ls_mean_difference,Difference in LS mean,-2.1,95.0,-5.1,0.9,2,=,0.1706,0.1706,Mixed Models Analysis,
NCT03349060,Abrocitinib,JADE Mono-1,secondary,21,d1e93601585f7dd42539f91cc26f9fc8c490bf9b,8w,OG001,OG002,superiority,ls_mean_difference,Difference in LS mean,-4.4,95.0,-7.4,-1.4,2,=,0.0048,0.0048,Mixed Models Analysis,
NCT03349060,Abrocitinib,JADE Mono-1,secondary,21,d1e93601585f7dd42539f91cc26f9fc8c490bf9b,12w,OG000,OG002,superiority,ls_mean_difference,Difference in LS mean,-2.5,95.0,-5.2,0.1,2,=,0.0629,0.0629,Mixed Models Analysis,
NCT03349060,Abrocitinib,JADE Mono-1,secondary,21,d1e93601585f7dd42539f91cc26f9fc8c490bf9b,12w,OG001,OG002,superiority,ls_mean_difference,Difference in LS mean,-3.6,95.0,-6.2,-0.9,2,=,0.01,0.0100,Mixed Models Analysis,
NCT03349060,Abrocitinib,JADE Mono-1,secondary,22,7b5fece889e032099b1572c44096b99fdf9775d4,2w,OG000,OG002,superiority,response_rate_difference,Difference in Percentage,6.6,95.0,-0.7,13.9,2,=,0.1238,0.1238,Cochran-Mantel-Haenszel,
NCT03349060,Abrocitinib,JADE Mono-1,secondary,22,7b5fece889e032099b1572c44096b99fdf9775d4,2w,OG001,OG002,superiority,response_rate_difference,Difference in Percentage,20.1,95.0,11.0,29.2,2,=,0.0008,0.0008,Cochran-Mantel-Haenszel,
NCT03349060,Abrocitinib,JADE Mono-1,secondary,22,7b5fece889e032099b1572c44096b99fdf9775d4,4w,OG000,OG002,superiority,response_rate_difference,Difference in Percentage,6.8,95.0,-2.8,16.4,2,=,0.2091,0.2091,Cochran-Mantel-Haenszel,
NCT03349060,Abrocitinib,JADE Mono-1,secondary,22,7b5fece889e032099b1572c44096b99fdf9775d4,4w,OG001,OG002,superiority,response_rate_difference,Difference in Percentage,24.0,95.0,12.9,35.0,2,=,0.0005,0.0005,Cochran-Mantel-Haenszel,
NCT03349060,Abrocitinib,JADE Mono-1,secondary,22,7b5fece889e032099b1572c44096b99fdf9775d4,8w,OG000,OG002,superiority,response_rate_difference,Difference in Percentage,9.1,95.0,-0.9,19.1,2,=,0.1161,0.1161,Cochran-Mantel-Haenszel,
NCT03349060,Abrocitinib,JADE Mono-1,secondary,22,7b5fece889e032099b1572c44096b99fdf9775d4,8w,OG001,OG002,superiority,response_rate_difference,Difference in Percentage,26.5,95.0,15.3,37.7,2,=,0.0002,0.0002,Cochran-Mantel-Haenszel,
NCT03349060,Abrocitinib,JADE Mono-1,secondary,22,7b5fece889e032099b1572c44096b99fdf9775d4,12w,OG000,OG002,superiority,response_rate_difference,Difference in Percentage,8.1,95.0,-2.8,19.1,2,=,0.1837,0.1837,Cochran-Mantel-Haenszel,
NCT03349060,Abrocitinib,JADE Mono-1,secondary,22,7b5fece889e032099b1572c44096b99fdf9775d4,12w,OG001,OG002,superiority,response_rate_difference,Difference in Percentage,19.8,95.0,8.1,31.6,2,=,0.0046,0.0046,Cochran-Mantel-Haenszel,
NCT03349060,Abrocitinib,JADE Mono-1,secondary,23,9362c252ca041776e88d9336113c85b21b9d70b8,2w,OG000,OG002,superiority,response_rate_difference,Difference in Percentage,3.2,95.0,-10.3,16.6,2,=,0.4795,0.4795,Cochran-Mantel-Haenszel,
NCT03349060,Abrocitinib,JADE Mono-1,secondary,23,9362c252ca041776e88d9336113c85b21b9d70b8,2w,OG001,OG002,superiority,response_rate_difference,Difference in Percentage,0.0,95.0,-12.7,12.7,2,,,,,
NCT03349060,Abrocitinib,JADE Mono-1,secondary,23,9362c252ca041776e88d9336113c85b21b9d70b8,4w,OG000,OG002,superiority,response_rate_difference,Difference in Percentage,13.3,95.0,-3.6,30.3,2,=,0.1452,0.1452,Cochran-Mantel-Haenszel,
NCT03349060,Abrocitinib,JADE Mono-1,secondary,23,9362c252ca041776e88d9336113c85b21b9d70b8,4w,OG001,OG002,superiority,response_rate_difference,Difference in Percentage,9.7,95.0,-6.1,25.4,2,=,0.2232,0.2232,Cochran-Mantel-Haenszel,
NCT03349060,Abrocitinib,JADE Mono-1,secondary,23,9362c252ca041776e88d9336113c85b21b9d70b8,8w,OG000,OG002,superiority,response_rate_difference,Difference in Percentage,5.8,95.0,-13.7,25.4,2,=,0.5707,0.5707,Cochran-Mantel-Haenszel,
NCT03349060,Abrocitinib,JADE Mono-1,secondary,23,9362c252ca041776e88d9336113c85b21b9d70b8,8w,OG001,OG002,superiority,response_rate_difference,Difference in Percentage,5.8,95.0,-13.6,25.1,2,=,0.5777,0.5777,Cochran-Mantel-Haenszel,
NCT03349060,Abrocitinib,JADE Mono-1,secondary,23,9362c252ca041776e88d9336113c85b21b9d70b8,12w,OG000,OG002,superiority,response_rate_difference,Difference in Percentage,19.3,95.0,1.0,37.5,2,=,0.0744,0.0744,Cochran-Mantel-Haenszel,
NCT03349060,Abrocitinib,JADE Mono-1,secondary,23,9362c252ca041776e88d9336113c85b21b9d70b8,12w,OG001,OG002,superiority,response_rate_difference,Difference in Percentage,9.7,95.0,-6.1,25.4,2,=,0.2232,0.2232,Cochran-Mantel-Haenszel,
NCT03349060,Abrocitinib,JADE Mono-1,secondary,24,aab7a0591c241e0bf88ebea0f525a668e14461b1,2w,OG000,OG002,superiority,response_rate_difference,Difference in Percentage,31.6,95.0,17.2,46.0,2,<,0.0001,<0.0001,Cochran-Mantel-Haenszel,
NCT03349060,Abrocitinib,JADE Mono-1,secondary,24,aab7a0591c241e0bf88ebea0f525a668e14461b1,2w,OG001,OG002,superiority,response_rate_difference,Difference in Percentage,35.7,95.0,21.5,49.9,2,<,0.0001,<0.0001,Cochran-Mantel-Haenszel,
NCT03349060,Abrocitinib,JADE Mono-1,secondary,24,aab7a0591c241e0bf88ebea0f525a668e14461b1,4w,OG000,OG002,superiority,response_rate_difference,Difference in Percentage,20.4,95.0,5.2,35.6,2,=,0.009,0.0090,Cochran-Mantel-Haenszel,
NCT03349060,Abrocitinib,JADE Mono-1,secondary,24,aab7a0591c241e0bf88ebea0f525a668e14461b1,4w,OG001,OG002,superiority,response_rate_difference,Difference in Percentage,33.3,95.0,19.0,47.7,2,<,0.0001,<0.0001,Cochran-Mantel-Haenszel,
NCT03349060,Abrocitinib,JADE Mono-1,secondary,24,aab7a0591c241e0bf88ebea0f525a668e14461b1,8w,OG000,OG002,superiority,response_rate_difference,Difference in Percentage,16.5,95.0,0.6,32.4,2,=,0.0421,0.0421,Cochran-Mantel-Haenszel,
NCT03349060,Abrocitinib,JADE Mono-1,secondary,24,aab7a0591c241e0bf88ebea0f525a668e14461b1,8w,OG001,OG002,superiority,response_rate_difference,Difference in Percentage,33.8,95.0,18.9,48.8,2,<,0.0001,<0.0001,Cochran-Mantel-Haenszel,
NCT03349060,Abrocitinib,JADE Mono-1,secondary,24,aab7a0591c241e0bf88ebea0f525a668e14461b1,12w,OG000,OG002,superiority,response_rate_difference,Difference in Percentage,23.5,95.0,8.2,38.8,2,=,0.0035,0.0035,Cochran-Mantel-Haenszel,
NCT03349060,Abrocitinib,JADE Mono-1,secondary,24,aab7a0591c241e0bf88ebea0f525a668e14461b1,12w,OG001,OG002,superiority,response_rate_difference,Difference in Percentage,28.8,95.0,13.8,43.9,2,=,0.0002,0.0002,Cochran-Mantel-Haenszel,
NCT03349060,Abrocitinib,JADE Mono-1,secondary,25,18430b94e388eebb3c98d867d269c27534d2a0c9,2w,OG000,OG002,superiority,response_rate_difference,Difference in Percentage,17.1,95.0,-9.1,43.2,2,=,0.2497,0.2497,Cochran-Mantel-Haenszel,
NCT03349060,Abrocitinib,JADE Mono-1,secondary,25,18430b94e388eebb3c98d867d269c27534d2a0c9,2w,OG001,OG002,superiority,response_rate_difference,Difference in Percentage,17.1,95.0,-9.0,43.3,2,=,0.2371,0.2371,Cochran-Mantel-Haenszel,
NCT03349060,Abrocitinib,JADE Mono-1,secondary,25,18430b94e388eebb3c98d867d269c27534d2a0c9,4w,OG000,OG002,superiority,response_rate_difference,Difference in Percentage,28.8,95.0,-0.8,58.3,2,=,0.0697,0.0697,Cochran-Mantel-Haenszel,
NCT03349060,Abrocitinib,JADE Mono-1,secondary,25,18430b94e388eebb3c98d867d269c27534d2a0c9,4w,OG001,OG002,superiority,response_rate_difference,Difference in Percentage,43.9,95.0,16.2,71.7,2,=,0.003,0.0030,Cochran-Mantel-Haenszel,
NCT03349060,Abrocitinib,JADE Mono-1,secondary,25,18430b94e388eebb3c98d867d269c27534d2a0c9,8w,OG000,OG002,superiority,response_rate_difference,Difference in Percentage,31.0,95.0,2.0,59.9,2,=,0.0583,0.0583,Cochran-Mantel-Haenszel,
NCT03349060,Abrocitinib,JADE Mono-1,secondary,25,18430b94e388eebb3c98d867d269c27534d2a0c9,8w,OG001,OG002,superiority,response_rate_difference,Difference in Percentage,41.2,95.0,13.2,69.1,2,=,0.0085,0.0085,Cochran-Mantel-Haenszel,
NCT03349060,Abrocitinib,JADE Mono-1,secondary,25,18430b94e388eebb3c98d867d269c27534d2a0c9,12w,OG000,OG002,superiority,response_rate_difference,Difference in Percentage,19.3,95.0,-9.8,48.5,2,=,0.1948,0.1948,Cochran-Mantel-Haenszel,
NCT03349060,Abrocitinib,JADE Mono-1,secondary,25,18430b94e388eebb3c98d867d269c27534d2a0c9,12w,OG001,OG002,superiority,response_rate_difference,Difference in Percentage,30.6,95.0,2.8,58.5,2,=,0.0296,0.0296,Cochran-Mantel-Haenszel,
NCT03349060,Abrocitinib,JADE Mono-1,secondary,26,47327cf3885ca71a5cb6ed5e9f2a64be5fc08e9e,2w,OG000,OG002,superiority,ls_mean_difference,Difference in LS mean,-0.5,95.0,-1.1,0.2,2,=,0.1718,0.1718,Mixed Models Analysis,
NCT03349060,Abrocitinib,JADE Mono-1,secondary,26,47327cf3885ca71a5cb6ed5e9f2a64be5fc08e9e,2w,OG001,OG002,superiority,ls_mean_difference,Difference in LS mean,-1.1,95.0,-1.7,-0.4,2,=,0.0018,0.0018,Mixed Models Analysis,
NCT03349060,Abrocitinib,JADE Mono-1,secondary,26,47327cf3885ca71a5cb6ed5e9f2a64be5fc08e9e,4w,OG000,OG002,superiority,ls_mean_difference,Difference in LS mean,-1.3,95.0,-2.0,-0.6,2,=,0.0005,0.0005,Mixed Models Analysis,
NCT03349060,Abrocitinib,JADE Mono-1,secondary,26,47327cf3885ca71a5cb6ed5e9f2a64be5fc08e9e,4w,OG001,OG002,superiority,ls_mean_difference,Difference in LS mean,-1.8,95.0,-2.5,-1.1,2,<,0.0001,<0.0001,Mixed Models Analysis,
NCT03349060,Abrocitinib,JADE Mono-1,secondary,26,47327cf3885ca71a5cb6ed5e9f2a64be5fc08e9e,8w,OG000,OG002,superiority,ls_mean_difference,Difference in LS mean,-0.7,95.0,-1.5,-0.0,2,=,0.0476,0.0476,Mixed Models Analysis,
NCT03349060,Abrocitinib,JADE Mono-1,secondary,26,47327cf3885ca71a5cb6ed5e9f2a64be5fc08e9e,8w,OG001,OG002,superiority,ls_mean_difference,Difference in LS mean,-1.7,95.0,-2.4,-1.0,2,<,0.0001,<0.0001,Mixed Models Analysis,
NCT03349060,Abrocitinib,JADE Mono-1,secondary,26,47327cf3885ca71a5cb6ed5e9f2a64be5fc08e9e,12w,OG000,OG002,superiority,ls_mean_difference,Difference in LS mean,-1.1,95.0,-1.9,-0.4,2,=,0.0028,0.0028,Mixed Models Analysis,
NCT03349060,Abrocitinib,JADE Mono-1,secondary,26,47327cf3885ca71a5cb6ed5e9f2a64be5fc08e9e,12w,OG001,OG002,superiority,ls_mean_difference,Difference in LS mean,-1.6,95.0,-2.3,-0.9,2,<,0.0001,<0.0001,Mixed Models Analysis,
NCT03349060,Abrocitinib,JADE Mono-1,secondary,27,219121e927e462ca3c4c1af77bf7e6fb6df12117,2w,OG000,OG002,superiority,ls_mean_difference,Difference in LS mean,-0.2,95.0,-0.9,0.5,2,=,0.6134,0.6134,Mixed Models Analysis,
NCT03349060,Abrocitinib,JADE Mono-1,secondary,27,219121e927e462ca3c4c1af77bf7e6fb6df12117,2w,OG001,OG002,superiority,ls_mean_difference,Difference in LS mean,-0.7,95.0,-1.4,-0.0,2,=,0.0422,0.0422,Mixed Models Analysis,
NCT03349060,Abrocitinib,JADE Mono-1,secondary,27,219121e927e462ca3c4c1af77bf7e6fb6df12117,4w,OG000,OG002,superiority,ls_mean_difference,Difference in LS mean,-0.5,95.0,-1.2,0.3,2,=,0.205,0.2050,Mixed Models Analysis,
NCT03349060,Abrocitinib,JADE Mono-1,secondary,27,219121e927e462ca3c4c1af77bf7e6fb6df12117,4w,OG001,OG002,superiority,ls_mean_difference,Difference in LS mean,-1.2,95.0,-1.9,-0.5,2,=,0.0012,0.0012,Mixed Models Analysis,
NCT03349060,Abrocitinib,JADE Mono-1,secondary,27,219121e927e462ca3c4c1af77bf7e6fb6df12117,8w,OG000,OG002,superiority,ls_mean_difference,Difference in LS mean,-0.4,95.0,-1.2,0.3,2,=,0.2657,0.2657,Mixed Models Analysis,
NCT03349060,Abrocitinib,JADE Mono-1,secondary,27,219121e927e462ca3c4c1af77bf7e6fb6df12117,8w,OG001,OG002,superiority,ls_mean_difference,Difference in LS mean,-1.2,95.0,-2.0,-0.5,2,=,0.0019,0.0019,Mixed Models Analysis,
NCT03349060,Abrocitinib,JADE Mono-1,secondary,27,219121e927e462ca3c4c1af77bf7e6fb6df12117,12w,OG000,OG002,superiority,ls_mean_difference,Difference in LS mean,-0.5,95.0,-1.3,0.2,2,=,0.1675,0.1675,Mixed Models Analysis,
NCT03349060,Abrocitinib,JADE Mono-1,secondary,27,219121e927e462ca3c4c1af77bf7e6fb6df12117,12w,OG001,OG002,superiority,ls_mean_difference,Difference in LS mean,-1.0,95.0,-1.8,-0.3,2,=,0.0085,0.0085,Mixed Models Analysis,
NCT03349060,Abrocitinib,JADE Mono-1,secondary,28,d8e668ad2d0756bf587e48dbaffca4607af3c07b,2w,OG000,OG002,superiority,response_rate_difference,Difference in Percentage,8.8,95.0,-19.6,37.2,2,=,0.5539,0.5539,Cochran-Mantel-Haenszel,
NCT03349060,Abrocitinib,JADE Mono-1,secondary,28,d8e668ad2d0756bf587e48dbaffca4607af3c07b,2w,OG001,OG002,superiority,response_rate_difference,Difference in Percentage,27.9,95.0,0.8,55.1,2,=,0.0561,0.0561,Cochran-Mantel-Haenszel,
NCT03349060,Abrocitinib,JADE Mono-1,secondary,28,d8e668ad2d0756bf587e48dbaffca4607af3c07b,4w,OG000,OG002,superiority,response_rate_difference,Difference in Percentage,-4.9,95.0,-33.4,23.7,2,=,0.746,0.7460,Cochran-Mantel-Haenszel,
NCT03349060,Abrocitinib,JADE Mono-1,secondary,28,d8e668ad2d0756bf587e48dbaffca4607af3c07b,4w,OG001,OG002,superiority,response_rate_difference,Difference in Percentage,-0.0,95.0,-28.3,28.3,2,=,1.0,1.0000,Cochran-Mantel-Haenszel,
NCT03349060,Abrocitinib,JADE Mono-1,secondary,28,d8e668ad2d0756bf587e48dbaffca4607af3c07b,8w,OG000,OG002,superiority,response_rate_difference,Difference in Percentage,20.8,95.0,-4.5,46.2,2,=,0.1474,0.1474,Cochran-Mantel-Haenszel,
NCT03349060,Abrocitinib,JADE Mono-1,secondary,28,d8e668ad2d0756bf587e48dbaffca4607af3c07b,8w,OG001,OG002,superiority,response_rate_difference,Difference in Percentage,37.3,95.0,12.1,62.5,2,=,0.0123,0.0123,Cochran-Mantel-Haenszel,
NCT03349060,Abrocitinib,JADE Mono-1,secondary,28,d8e668ad2d0756bf587e48dbaffca4607af3c07b,12w,OG000,OG002,superiority,response_rate_difference,Difference in Percentage,-0.4,95.0,-28.5,27.6,2,=,0.976,0.9760,Cochran-Mantel-Haenszel,
NCT03349060,Abrocitinib,JADE Mono-1,secondary,28,d8e668ad2d0756bf587e48dbaffca4607af3c07b,12w,OG001,OG002,superiority,response_rate_difference,Difference in Percentage,7.8,95.0,-20.4,36.1,2,=,0.5965,0.5965,Cochran-Mantel-Haenszel,
NCT03349060,Abrocitinib,JADE Mono-1,secondary,29,b161a8a65f5261dcc70bafc8922c32beb1e3b337,2w,OG000,OG002,superiority,response_rate_difference,Difference in Percentage,24.0,95.0,-9.9,58.0,2,=,0.2278,0.2278,Cochran-Mantel-Haenszel,
NCT03349060,Abrocitinib,JADE Mono-1,secondary,29,b161a8a65f5261dcc70bafc8922c32beb1e3b337,2w,OG001,OG002,superiority,response_rate_difference,Difference in Percentage,35.2,95.0,-2.0,72.4,2,=,0.0996,0.0996,Cochran-Mantel-Haenszel,
NCT03349060,Abrocitinib,JADE Mono-1,secondary,29,b161a8a65f5261dcc70bafc8922c32beb1e3b337,4w,OG000,OG002,superiority,response_rate_difference,Difference in Percentage,14.5,95.0,-21.6,50.6,2,=,0.4449,0.4449,Cochran-Mantel-Haenszel,
NCT03349060,Abrocitinib,JADE Mono-1,secondary,29,b161a8a65f5261dcc70bafc8922c32beb1e3b337,4w,OG001,OG002,superiority,response_rate_difference,Difference in Percentage,16.9,95.0,-21.6,55.5,2,=,0.4139,0.4139,Cochran-Mantel-Haenszel,
NCT03349060,Abrocitinib,JADE Mono-1,secondary,29,b161a8a65f5261dcc70bafc8922c32beb1e3b337,8w,OG000,OG002,superiority,response_rate_difference,Difference in Percentage,-6.7,95.0,-40.7,27.4,2,=,0.729,0.7290,Cochran-Mantel-Haenszel,
NCT03349060,Abrocitinib,JADE Mono-1,secondary,29,b161a8a65f5261dcc70bafc8922c32beb1e3b337,8w,OG001,OG002,superiority,response_rate_difference,Difference in Percentage,8.7,95.0,-27.3,44.6,2,=,0.6585,0.6585,Cochran-Mantel-Haenszel,
NCT03349060,Abrocitinib,JADE Mono-1,secondary,29,b161a8a65f5261dcc70bafc8922c32beb1e3b337,12w,OG000,OG002,superiority,response_rate_difference,Difference in Percentage,18.2,95.0,-18.7,55.1,2,=,0.3638,0.3638,Cochran-Mantel-Haenszel,
NCT03349060,Abrocitinib,JADE Mono-1,secondary,29,b161a8a65f5261dcc70bafc8922c32beb1e3b337,12w,OG001,OG002,superiority,response_rate_difference,Difference in Percentage,40.5,95.0,2.4,78.5,2,=,0.055,0.0550,Cochran-Mantel-Haenszel,
NCT03349060,Abrocitinib,JADE Mono-1,secondary,30,3278fac557266aefe7bc9ea0c07d2675e75be713,2w,OG000,OG002,superiority,response_rate_difference,Difference in Percentage,-18.8,95.0,-58.4,20.9,2,=,0.4036,0.4036,Cochran-Mantel-Haenszel,
NCT03349060,Abrocitinib,JADE Mono-1,secondary,30,3278fac557266aefe7bc9ea0c07d2675e75be713,2w,OG001,OG002,superiority,response_rate_difference,Difference in Percentage,-35.3,95.0,-75.9,5.3,2,=,0.158,0.1580,Cochran-Mantel-Haenszel,
NCT03349060,Abrocitinib,JADE Mono-1,secondary,30,3278fac557266aefe7bc9ea0c07d2675e75be713,4w,OG000,OG002,superiority,response_rate_difference,Difference in Percentage,-14.2,95.0,-53.5,25.1,2,=,0.514,0.5140,Cochran-Mantel-Haenszel,
NCT03349060,Abrocitinib,JADE Mono-1,secondary,30,3278fac557266aefe7bc9ea0c07d2675e75be713,4w,OG001,OG002,superiority,response_rate_difference,Difference in Percentage,-19.8,95.0,-63.3,23.7,2,=,0.4149,0.4149,Cochran-Mantel-Haenszel,
NCT03349060,Abrocitinib,JADE Mono-1,secondary,30,3278fac557266aefe7bc9ea0c07d2675e75be713,8w,OG000,OG002,superiority,response_rate_difference,Difference in Percentage,-18.8,95.0,-58.4,20.9,2,=,0.4036,0.4036,Cochran-Mantel-Haenszel,
NCT03349060,Abrocitinib,JADE Mono-1,secondary,30,3278fac557266aefe7bc9ea0c07d2675e75be713,8w,OG001,OG002,superiority,response_rate_difference,Difference in Percentage,-30.7,95.0,-70.9,9.6,2,=,0.2092,0.2092,Cochran-Mantel-Haenszel,
NCT03349060,Abrocitinib,JADE Mono-1,secondary,30,3278fac557266aefe7bc9ea0c07d2675e75be713,12w,OG000,OG002,superiority,response_rate_difference,Difference in Percentage,11.9,95.0,-29.1,53.0,2,=,0.5982,0.5982,Cochran-Mantel-Haenszel,
NCT03349060,Abrocitinib,JADE Mono-1,secondary,30,3278fac557266aefe7bc9ea0c07d2675e75be713,12w,OG001,OG002,superiority,response_rate_difference,Difference in Percentage,4.2,95.0,-36.3,44.7,2,=,0.8647,0.8647,Cochran-Mantel-Haenszel,
NCT03349060,Abrocitinib,JADE Mono-1,secondary,31,3eb04da2705c54d74450bb1652532e7603e51abe,2w,OG000,OG002,superiority,response_rate_difference,Difference in Percentage,-78.6,95.0,-117.5,-39.6,2,=,0.0546,0.0546,Cochran-Mantel-Haenszel,
NCT03349060,Abrocitinib,JADE Mono-1,secondary,31,3eb04da2705c54d74450bb1652532e7603e51abe,2w,OG001,OG002,superiority,response_rate_difference,Difference in Percentage,-27.9,95.0,-62.5,6.7,2,=,0.3573,0.3573,Cochran-Mantel-Haenszel,
NCT03349060,Abrocitinib,JADE Mono-1,secondary,31,3eb04da2705c54d74450bb1652532e7603e51abe,4w,OG000,OG002,superiority,response_rate_difference,Difference in Percentage,-3.6,95.0,-55.6,48.5,2,=,0.9219,0.9219,Cochran-Mantel-Haenszel,
NCT03349060,Abrocitinib,JADE Mono-1,secondary,31,3eb04da2705c54d74450bb1652532e7603e51abe,4w,OG001,OG002,superiority,response_rate_difference,Difference in Percentage,24.6,95.0,-14.4,63.6,2,=,0.3173,0.3173,Cochran-Mantel-Haenszel,
NCT03349060,Abrocitinib,JADE Mono-1,secondary,31,3eb04da2705c54d74450bb1652532e7603e51abe,8w,OG000,OG002,superiority,response_rate_difference,Difference in Percentage,-25.0,95.0,-77.0,27.0,2,=,0.5408,0.5408,Cochran-Mantel-Haenszel,
NCT03349060,Abrocitinib,JADE Mono-1,secondary,31,3eb04da2705c54d74450bb1652532e7603e51abe,8w,OG001,OG002,superiority,response_rate_difference,Difference in Percentage,24.6,95.0,-14.4,63.6,2,=,0.3173,0.3173,Cochran-Mantel-Haenszel,
NCT03349060,Abrocitinib,JADE Mono-1,secondary,31,3eb04da2705c54d74450bb1652532e7603e51abe,12w,OG000,OG001,superiority,response_rate_difference,Difference in Percentage,-25.0,95.0,-77.0,27.0,2,=,0.5408,0.5408,Cochran-Mantel-Haenszel,
NCT03349060,Abrocitinib,JADE Mono-1,secondary,31,3eb04da2705c54d74450bb1652532e7603e51abe,12w,OG001,OG002,superiority,response_rate_difference,Difference in Percentage,24.6,95.0,-14.4,63.6,2,=,0.3173,0.3173,Cochran-Mantel-Haenszel,
NCT03349060,Abrocitinib,JADE Mono-1,secondary,32,d5bdd43250fe83cbf46454aa621c4278e48db232,2w,OG000,OG002,superiority,ls_mean_difference,Difference in LS mean,-2.8,95.0,-4.4,-1.2,2,=,0.0006,0.0006,Mixed Models Analysis,
NCT03349060,Abrocitinib,JADE Mono-1,secondary,32,d5bdd43250fe83cbf46454aa621c4278e48db232,2w,OG001,OG002,superiority,ls_mean_difference,Difference in LS mean,-6.3,95.0,-7.9,-4.7,2,<,0.0001,<0.0001,Mixed Models Analysis,
NCT03349060,Abrocitinib,JADE Mono-1,secondary,32,d5bdd43250fe83cbf46454aa621c4278e48db232,4w,OG000,OG002,superiority,ls_mean_difference,Difference in LS mean,-3.8,95.0,-5.6,-2.0,2,<,0.0001,<0.0001,Mixed Models Analysis,
NCT03349060,Abrocitinib,JADE Mono-1,secondary,32,d5bdd43250fe83cbf46454aa621c4278e48db232,4w,OG001,OG002,superiority,ls_mean_difference,Difference in LS mean,-8.4,95.0,-10.2,-6.6,2,<,0.0001,<0.0001,Mixed Models Analysis,
NCT03349060,Abrocitinib,JADE Mono-1,secondary,32,d5bdd43250fe83cbf46454aa621c4278e48db232,8w,OG000,OG002,superiority,ls_mean_difference,Difference in LS mean,-2.7,95.0,-4.7,-0.7,2,=,0.0096,0.0096,Mixed Models Analysis,
NCT03349060,Abrocitinib,JADE Mono-1,secondary,32,d5bdd43250fe83cbf46454aa621c4278e48db232,8w,OG001,OG002,superiority,ls_mean_difference,Difference in LS mean,-7.2,95.0,-9.3,-5.2,2,<,0.0001,<0.0001,Mixed Models Analysis,
NCT03349060,Abrocitinib,JADE Mono-1,secondary,32,d5bdd43250fe83cbf46454aa621c4278e48db232,12w,OG000,OG002,superiority,ls_mean_difference,Difference in LS mean,-3.1,95.0,-5.2,-0.9,2,=,0.0049,0.0049,Mixed Models Analysis,
NCT03349060,Abrocitinib,JADE Mono-1,secondary,32,d5bdd43250fe83cbf46454aa621c4278e48db232,12w,OG001,OG002,superiority,ls_mean_difference,Difference in LS mean,-6.9,95.0,-9.0,-4.7,2,<,0.0001,<0.0001,Mixed Models Analysis,
NCT03349060,Abrocitinib,JADE Mono-1,secondary,33,01449b9de2372c7be7686b3da624e9a496406f80,2w,OG000,OG002,superiority,ls_mean_difference,Difference in LS mean,-0.4,95.0,-0.6,-0.1,2,=,0.002,0.0020,Mixed Models Analysis,
NCT03349060,Abrocitinib,JADE Mono-1,secondary,33,01449b9de2372c7be7686b3da624e9a496406f80,2w,OG001,OG002,superiority,ls_mean_difference,Difference in LS mean,-0.8,95.0,-1.0,-0.6,2,<,0.0001,<0.0001,Mixed Models Analysis,
NCT03349060,Abrocitinib,JADE Mono-1,secondary,33,01449b9de2372c7be7686b3da624e9a496406f80,4w,OG000,OG002,superiority,ls_mean_difference,Difference in LS mean,-0.5,95.0,-0.7,-0.2,2,=,0.0011,0.0011,Mixed Models Analysis,
NCT03349060,Abrocitinib,JADE Mono-1,secondary,33,01449b9de2372c7be7686b3da624e9a496406f80,4w,OG000,OG002,superiority,ls_mean_difference,Difference in LS mean,-1.0,95.0,-1.2,-0.7,2,<,0.0001,<0.0001,Mixed Models Analysis,
NCT03349060,Abrocitinib,JADE Mono-1,secondary,33,01449b9de2372c7be7686b3da624e9a496406f80,8w,OG000,OG002,superiority,ls_mean_difference,Difference in LS mean,-0.5,95.0,-0.8,-0.2,2,=,0.002,0.0020,Mixed Models Analysis,
NCT03349060,Abrocitinib,JADE Mono-1,secondary,33,01449b9de2372c7be7686b3da624e9a496406f80,8w,OG001,OG002,superiority,ls_mean_difference,Difference in LS mean,-0.9,95.0,-1.2,-0.6,2,<,0.0001,<0.0001,Mixed Models Analysis,
NCT03349060,Abrocitinib,JADE Mono-1,secondary,33,01449b9de2372c7be7686b3da624e9a496406f80,12w,OG000,OG002,superiority,ls_mean_difference,Difference in LS mean,-0.5,95.0,-0.8,-0.2,2,=,0.0014,0.0014,Mixed Models Analysis,
NCT03349060,Abrocitinib,JADE Mono-1,secondary,33,01449b9de2372c7be7686b3da624e9a496406f80,12w,OG001,OG002,superiority,ls_mean_difference,Difference in LS mean,-0.9,95.0,-1.3,-0.6,2,<,0.0001,<0.0001,Mixed Models Analysis,
NCT03349060,Abrocitinib,JADE Mono-1,secondary,34,ed27c82184cf2d88e033a5e4d7c81b35da2a1bcc,2w,OG000,OG002,superiority,response_rate_difference,Difference in Percentage,6.0,95.0,0.3,11.7,2,=,0.0575,0.0575,Cochran-Mantel-Haenszel,
NCT03349060,Abrocitinib,JADE Mono-1,secondary,34,ed27c82184cf2d88e033a5e4d7c81b35da2a1bcc,2w,OG001,OG002,superiority,response_rate_difference,Difference in Percentage,18.1,95.0,10.7,25.5,2,=,0.0002,0.0002,Cochran-Mantel-Haenszel,
NCT03349060,Abrocitinib,JADE Mono-1,secondary,34,ed27c82184cf2d88e033a5e4d7c81b35da2a1bcc,4w,OG000,OG002,superiority,response_rate_difference,Difference in Percentage,9.2,95.0,1.3,17.1,2,=,0.0411,0.0411,Cochran-Mantel-Haenszel,
NCT03349060,Abrocitinib,JADE Mono-1,secondary,34,ed27c82184cf2d88e033a5e4d7c81b35da2a1bcc,4w,OG001,OG002,superiority,response_rate_difference,Difference in Percentage,26.2,95.0,16.9,35.5,2,<,0.0001,<0.0001,Cochran-Mantel-Haenszel,
NCT03349060,Abrocitinib,JADE Mono-1,secondary,34,ed27c82184cf2d88e033a5e4d7c81b35da2a1bcc,8w,OG000,OG002,superiority,response_rate_difference,Difference in Percentage,8.9,95.0,-0.1,18.0,2,=,0.0781,0.0781,Cochran-Mantel-Haenszel,
NCT03349060,Abrocitinib,JADE Mono-1,secondary,34,ed27c82184cf2d88e033a5e4d7c81b35da2a1bcc,8w,OG001,OG002,superiority,response_rate_difference,Difference in Percentage,26.2,95.0,16.2,36.3,2,<,0.0001,<0.0001,Cochran-Mantel-Haenszel,
NCT03349060,Abrocitinib,JADE Mono-1,secondary,34,ed27c82184cf2d88e033a5e4d7c81b35da2a1bcc,12w,OG000,OG002,superiority,response_rate_difference,Difference in Percentage,14.2,95.0,5.3,23.2,2,=,0.0075,0.0075,Cochran-Mantel-Haenszel,
NCT03349060,Abrocitinib,JADE Mono-1,secondary,34,ed27c82184cf2d88e033a5e4d7c81b35da2a1bcc,12w,OG001,OG002,superiority,response_rate_difference,Difference in Percentage,29.3,95.0,19.6,38.9,2,<,0.0001,<0.0001,Cochran-Mantel-Haenszel,
NCT03349060,Abrocitinib,JADE Mono-1,secondary,35,5b335414128a9e4928e83bcc18878caed1982247,2w,OG000,OG002,superiority,ls_mean_difference,Difference in LS mean,0.034,95.0,0.001,0.066,2,=,0.0453,0.0453,Mixed Models Analysis,
NCT03349060,Abrocitinib,JADE Mono-1,secondary,35,5b335414128a9e4928e83bcc18878caed1982247,2w,OG001,OG002,superiority,ls_mean_difference,Difference in LS mean,0.068,95.0,0.036,0.101,2,<,0.0001,<0.0001,Mixed Models Analysis,
NCT03349060,Abrocitinib,JADE Mono-1,secondary,35,5b335414128a9e4928e83bcc18878caed1982247,4w,OG000,OG002,superiority,ls_mean_difference,Difference in LS mean,0.025,95.0,-0.012,0.062,2,=,0.1821,0.1821,Mixed Models Analysis,
NCT03349060,Abrocitinib,JADE Mono-1,secondary,35,5b335414128a9e4928e83bcc18878caed1982247,4w,OG001,OG002,superiority,ls_mean_difference,Difference in LS mean,0.055,95.0,0.018,0.092,2,=,0.0038,0.0038,Mixed Models Analysis,
NCT03349060,Abrocitinib,JADE Mono-1,secondary,35,5b335414128a9e4928e83bcc18878caed1982247,8w,OG000,OG002,superiority,ls_mean_difference,Difference in LS mean,0.048,95.0,0.006,0.09,2,=,0.0241,0.0241,Mixed Models Analysis,
NCT03349060,Abrocitinib,JADE Mono-1,secondary,35,5b335414128a9e4928e83bcc18878caed1982247,8w,OG001,OG002,superiority,ls_mean_difference,Difference in LS mean,0.093,95.0,0.051,0.134,2,<,0.0001,<0.0001,Mixed Models Analysis,
NCT03349060,Abrocitinib,JADE Mono-1,secondary,35,5b335414128a9e4928e83bcc18878caed1982247,12w,OG000,OG002,superiority,ls_mean_difference,Difference in LS mean,0.044,95.0,0.001,0.087,2,=,0.0461,0.0461,Mixed Models Analysis,
NCT03349060,Abrocitinib,JADE Mono-1,secondary,35,5b335414128a9e4928e83bcc18878caed1982247,12w,OG000,OG002,superiority,ls_mean_difference,Difference in LS mean,0.064,95.0,0.021,0.107,2,=,0.0037,0.0037,Mixed Models Analysis,
NCT03349060,Abrocitinib,JADE Mono-1,secondary,36,45a10206c88a6bdcdb607c4f0f75d62083599d0c,2w,OG000,OG002,superiority,ls_mean_difference,Difference in LS mean,4.548,95.0,0.397,8.7,2,=,0.0319,0.0319,Mixed Models Analysis,
NCT03349060,Abrocitinib,JADE Mono-1,secondary,36,45a10206c88a6bdcdb607c4f0f75d62083599d0c,2w,OG001,OG002,superiority,ls_mean_difference,Difference in LS mean,8.659,95.0,4.496,12.822,2,<,0.0001,<0.0001,Mixed Models Analysis,
NCT03349060,Abrocitinib,JADE Mono-1,secondary,36,45a10206c88a6bdcdb607c4f0f75d62083599d0c,4w,OG000,OG002,superiority,ls_mean_difference,Difference in LS mean,4.361,95.0,-0.362,9.084,2,=,0.0702,0.0702,Mixed Models Analysis,
NCT03349060,Abrocitinib,JADE Mono-1,secondary,36,45a10206c88a6bdcdb607c4f0f75d62083599d0c,4w,OG001,OG002,superiority,ls_mean_difference,Difference in LS mean,10.085,95.0,5.349,14.821,2,<,0.0001,<0.0001,Mixed Models Analysis,
NCT03349060,Abrocitinib,JADE Mono-1,secondary,36,45a10206c88a6bdcdb607c4f0f75d62083599d0c,8w,OG000,OG002,superiority,ls_mean_difference,Difference in LS mean,6.045,95.0,0.589,11.501,2,=,0.03,0.0300,Mixed Models Analysis,
NCT03349060,Abrocitinib,JADE Mono-1,secondary,36,45a10206c88a6bdcdb607c4f0f75d62083599d0c,8w,OG001,OG002,superiority,ls_mean_difference,Difference in LS mean,9.803,95.0,4.368,15.237,2,=,0.0005,0.0005,Mixed Models Analysis,
NCT03349060,Abrocitinib,JADE Mono-1,secondary,36,45a10206c88a6bdcdb607c4f0f75d62083599d0c,12w,OG000,OG002,superiority,ls_mean_difference,Difference in LS mean,7.569,95.0,2.119,13.019,2,=,0.0067,0.0067,Mixed Models Analysis,
NCT03349060,Abrocitinib,JADE Mono-1,secondary,36,45a10206c88a6bdcdb607c4f0f75d62083599d0c,12w,OG001,OG002,superiority,ls_mean_difference,Difference in LS mean,9.374,95.0,3.933,14.815,2,=,0.0008,0.0008,Mixed Models Analysis,
NCT03349060,Abrocitinib,JADE Mono-1,secondary,37,4c8f774f9ba4a62b9af79621ee601dbfa5e56197,2w,OG000,OG002,superiority,ls_mean_difference,Difference in LS mean,-0.004,95.0,-0.137,0.13,2,=,0.9568,0.9568,Mixed Models Analysis,
NCT03349060,Abrocitinib,JADE Mono-1,secondary,37,4c8f774f9ba4a62b9af79621ee601dbfa5e56197,2w,OG001,OG002,superiority,ls_mean_difference,Difference in LS mean,0.09,95.0,-0.042,0.223,2,=,0.1782,0.1782,Mixed Models Analysis,
NCT03349060,Abrocitinib,JADE Mono-1,secondary,37,4c8f774f9ba4a62b9af79621ee601dbfa5e56197,4w,OG000,OG002,superiority,ls_mean_difference,Difference in LS mean,0.174,95.0,0.001,0.347,2,=,0.0491,0.0491,Mixed Models Analysis,
NCT03349060,Abrocitinib,JADE Mono-1,secondary,37,4c8f774f9ba4a62b9af79621ee601dbfa5e56197,4w,OG001,OG002,superiority,ls_mean_difference,Difference in LS mean,0.284,95.0,0.112,0.456,2,=,0.0015,0.0015,Mixed Models Analysis,
NCT03349060,Abrocitinib,JADE Mono-1,secondary,37,4c8f774f9ba4a62b9af79621ee601dbfa5e56197,8w,OG000,OG002,superiority,ls_mean_difference,Difference in LS mean,0.004,95.0,-0.185,0.194,2,=,0.9638,0.9638,Mixed Models Analysis,
NCT03349060,Abrocitinib,JADE Mono-1,secondary,37,4c8f774f9ba4a62b9af79621ee601dbfa5e56197,8w,OG001,OG002,superiority,ls_mean_difference,Difference in LS mean,0.08,95.0,-0.109,0.27,2,=,0.4016,0.4016,Mixed Models Analysis,
NCT03349060,Abrocitinib,JADE Mono-1,secondary,37,4c8f774f9ba4a62b9af79621ee601dbfa5e56197,12w,OG000,OG002,superiority,ls_mean_difference,Difference in LS mean,0.007,95.0,-0.184,0.198,2,=,0.9429,0.9429,Mixed Models Analysis,
NCT03349060,Abrocitinib,JADE Mono-1,secondary,37,4c8f774f9ba4a62b9af79621ee601dbfa5e56197,12w,OG001,OG002,superiority,ls_mean_difference,Difference in LS mean,0.062,95.0,-0.13,0.254,2,=,0.5212,0.5212,Mixed Models Analysis,
NCT03349060,Abrocitinib,JADE Mono-1,secondary,38,d653f4239b5d74a29c60b22453eb2ffafcc767e7,2w,OG000,OG002,superiority,ls_mean_difference,Difference in LS mean,2.131,95.0,-7.095,11.358,2,=,0.6467,0.6467,Mixed Models Analysis,
NCT03349060,Abrocitinib,JADE Mono-1,secondary,38,d653f4239b5d74a29c60b22453eb2ffafcc767e7,2w,OG001,OG002,superiority,ls_mean_difference,Difference in LS mean,11.549,95.0,2.338,20.761,2,=,0.0147,0.0147,Mixed Models Analysis,
NCT03349060,Abrocitinib,JADE Mono-1,secondary,38,d653f4239b5d74a29c60b22453eb2ffafcc767e7,4w,OG000,OG002,superiority,ls_mean_difference,Difference in LS mean,6.853,95.0,-3.453,17.159,2,=,0.1894,0.1894,Mixed Models Analysis,
NCT03349060,Abrocitinib,JADE Mono-1,secondary,38,d653f4239b5d74a29c60b22453eb2ffafcc767e7,4w,OG001,OG002,superiority,ls_mean_difference,Difference in LS mean,16.99,95.0,6.699,27.281,2,=,0.0015,0.0015,Mixed Models Analysis,
NCT03349060,Abrocitinib,JADE Mono-1,secondary,38,d653f4239b5d74a29c60b22453eb2ffafcc767e7,8w,OG000,OG002,superiority,ls_mean_difference,Difference in LS mean,8.672,95.0,-2.518,19.862,2,=,0.1267,0.1267,Mixed Models Analysis,
NCT03349060,Abrocitinib,JADE Mono-1,secondary,38,d653f4239b5d74a29c60b22453eb2ffafcc767e7,8w,OG001,OG002,superiority,ls_mean_difference,Difference in LS mean,9.354,95.0,-1.866,20.573,2,=,0.1009,0.1009,Mixed Models Analysis,
NCT03349060,Abrocitinib,JADE Mono-1,secondary,38,d653f4239b5d74a29c60b22453eb2ffafcc767e7,12w,OG000,OG002,superiority,ls_mean_difference,Difference in LS mean,6.071,95.0,-3.107,15.249,2,=,0.1915,0.1915,Mixed Models Analysis,
NCT03349060,Abrocitinib,JADE Mono-1,secondary,38,d653f4239b5d74a29c60b22453eb2ffafcc767e7,12w,OG001,OG002,superiority,ls_mean_difference,Difference in LS mean,12.948,95.0,3.754,22.143,2,=,0.0064,0.0064,Mixed Models Analysis,
NCT03349060,Abrocitinib,JADE Mono-1,secondary,39,6965ee9b0950e894136e29d874568f5aa933e788,12w,OG000,OG002,superiority,ls_mean_difference,Difference in LS mean,3.6,95.0,0.9,6.4,2,=,0.0102,0.0102,ANCOVA,
NCT03349060,Abrocitinib,JADE Mono-1,secondary,39,6965ee9b0950e894136e29d874568f5aa933e788,12w,OG001,OG002,superiority,ls_mean_difference,Difference in LS mean,4.5,95.0,1.8,7.3,2,=,0.0013,0.0013,ANCOVA,
NCT03349060,Abrocitinib,JADE Mono-1,secondary,40,db8c09eaab40863faadcf0d1b844fe2869661eff,12w,OG000,OG002,superiority,ls_mean_difference,Difference in LS mean,1.0,95.0,-2.1,4.2,2,=,0.5241,0.5241,ANCOVA,
NCT03349060,Abrocitinib,JADE Mono-1,secondary,40,db8c09eaab40863faadcf0d1b844fe2869661eff,12w,OG001,OG002,superiority,ls_mean_difference,Difference in LS mean,0.9,95.0,-2.3,4.1,2,=,0.5821,0.5821,ANCOVA,
NCT03349060,Abrocitinib,JADE Mono-1,secondary,41,59d33fd3b1cfd550a0f19056a233011b64dec9ab,12w,OG000,OG002,superiority,ls_mean_difference,Difference in LS mean,3.8,95.0,1.5,6.1,2,=,0.0013,0.0013,ANCOVA,
NCT03349060,Abrocitinib,JADE Mono-1,secondary,41,59d33fd3b1cfd550a0f19056a233011b64dec9ab,12w,OG001,OG002,superiority,ls_mean_difference,Difference in LS mean,4.7,95.0,2.4,7.0,2,<,0.0001,<0.0001,ANCOVA,
NCT03349060,Abrocitinib,JADE Mono-1,secondary,42,277ec178994ee704292654febee7717204264fbb,12w,OG000,OG002,superiority,ls_mean_difference,Difference in LS mean,1.7,95.0,-1.0,4.4,2,=,0.2256,0.2256,ANCOVA,
NCT03349060,Abrocitinib,JADE Mono-1,secondary,42,277ec178994ee704292654febee7717204264fbb,12w,OG001,OG002,superiority,ls_mean_difference,Difference in LS mean,3.0,95.0,0.3,5.8,2,=,0.0275,0.0275,ANCOVA,
NCT03363854,Tralokinumab,,primary,1,ae183f6283b19b2a23506ae435e1884bc3b3ef12,16w,OG000,OG001,superiority,risk_difference,Risk Difference (RD),12.4,95.0,2.9,21.9,2,=,0.015,0.015,Cochran-Mantel-Haenszel,
NCT03363854,Tralokinumab,,primary,2,13e90f5191cab7d7f3de29fcb31320df7aae08dc,16w,OG000,OG001,superiority,risk_difference,Risk Difference (RD),20.2,95.0,9.8,30.6,2,<,0.001,<0.001,Cochran-Mantel-Haenszel,
NCT03363854,Tralokinumab,,secondary,1,54b3469de3507d092d9e4ada715d074c607791fb,16w,OG000,OG001,superiority,risk_difference,Risk Difference (RD),11.3,95.0,0.9,21.6,2,=,0.037,0.037,Cochran-Mantel-Haenszel,
NCT03363854,Tralokinumab,,secondary,2,42b941cf99f4dc40e6da0e35dbd8b0000f361a32,16w,OG000,OG001,superiority,mean_difference,Difference,-10.9,95.0,-15.2,-6.6,2,<,0.001,<0.001,Repeated measurements model,
NCT03363854,Tralokinumab,,secondary,3,b6b573ab9fad08a0804d886dac5153dea03d8902,16w,OG000,OG001,superiority,mean_difference,Difference,-2.9,95.0,-4.3,-1.6,2,<,0.001,<0.001,Repeated measurements model,
NCT03363854,Tralokinumab,,secondary,8,62de49a2502345932432d0332210eec5b75dca70,1w,OG000,OG001,superiority,mean_difference,Difference,0.1,95.0,-0.5,0.7,2,=,0.64,0.64,Repeated measurements model,
NCT03363854,Tralokinumab,,secondary,8,62de49a2502345932432d0332210eec5b75dca70,2w,OG000,OG001,superiority,mean_difference,Difference,0.4,95.0,-0.3,1.0,2,=,0.26,0.26,Repeated measurements model,
NCT03363854,Tralokinumab,,secondary,8,62de49a2502345932432d0332210eec5b75dca70,3w,OG000,OG001,superiority,mean_difference,Difference,0.2,95.0,-0.4,0.8,2,=,0.46,0.46,Repeated measurements model,
NCT03363854,Tralokinumab,,secondary,8,62de49a2502345932432d0332210eec5b75dca70,4w,OG000,OG001,superiority,mean_difference,Difference,0.4,95.0,-0.2,1.0,2,=,0.16,0.16,Repeated measurements model,
NCT03363854,Tralokinumab,,secondary,8,62de49a2502345932432d0332210eec5b75dca70,5w,OG000,OG001,superiority,mean_difference,Difference,0.5,95.0,-0.1,1.1,2,=,0.13,0.13,Repeated measurements model,
NCT03363854,Tralokinumab,,secondary,8,62de49a2502345932432d0332210eec5b75dca70,6w,OG000,OG001,superiority,mean_difference,Difference,0.3,95.0,-0.3,0.9,2,=,0.38,0.38,Repeated measurements model,
NCT03363854,Tralokinumab,,secondary,8,62de49a2502345932432d0332210eec5b75dca70,7w,OG000,OG001,superiority,mean_difference,Difference,0.6,95.0,0.0,1.2,2,=,0.04,0.040,Repeated measurements model,
NCT03363854,Tralokinumab,,secondary,8,62de49a2502345932432d0332210eec5b75dca70,8w,OG000,OG001,superiority,mean_difference,Difference,0.3,95.0,-0.3,1.0,2,=,0.31,0.31,Repeated measurements model,
NCT03363854,Tralokinumab,,secondary,8,62de49a2502345932432d0332210eec5b75dca70,9w,OG000,OG001,superiority,mean_difference,Difference,1.0,95.0,0.4,1.6,2,=,0.001,0.001,Repeated measurements model,
NCT03363854,Tralokinumab,,secondary,8,62de49a2502345932432d0332210eec5b75dca70,1w,OG000,OG001,superiority,mean_difference,Difference,0.7,95.0,0.1,1.3,2,=,0.026,0.026,Repeated measurements model,
NCT03363854,Tralokinumab,,secondary,8,62de49a2502345932432d0332210eec5b75dca70,1w,OG000,OG001,superiority,mean_difference,Difference,0.9,95.0,0.2,1.5,2,=,0.006,0.006,Repeated measurements model],
NCT03363854,Tralokinumab,,secondary,8,62de49a2502345932432d0332210eec5b75dca70,1w,OG000,OG001,superiority,mean_difference,Difference,0.6,95.0,0.0,1.3,2,=,0.043,0.043,Repeated measurements model,
NCT03363854,Tralokinumab,,secondary,8,62de49a2502345932432d0332210eec5b75dca70,1w,OG000,OG001,superiority,mean_difference,Difference,0.8,95.0,0.2,1.4,2,=,0.01,0.010,Repeated measurements model,
NCT03363854,Tralokinumab,,secondary,8,62de49a2502345932432d0332210eec5b75dca70,1w,OG000,OG001,superiority,mean_difference,Difference,0.7,95.0,0.0,1.3,2,=,0.037,0.037,Repeated measurements model,
NCT03363854,Tralokinumab,,secondary,8,62de49a2502345932432d0332210eec5b75dca70,1w,OG000,OG001,superiority,mean_difference,Difference,0.6,95.0,0.0,1.3,2,=,0.045,0.045,Repeated measurements model,
NCT03363854,Tralokinumab,,secondary,8,62de49a2502345932432d0332210eec5b75dca70,1w,OG000,OG001,superiority,mean_difference,Difference,0.5,95.0,-0.2,1.1,2,=,0.17,0.17,Repeated measurements model,
NCT03363854,Tralokinumab,,secondary,9,6fa0af20125d71db124345e9f80c5fac038531fd,16w,OG000,OG001,superiority,risk_difference,Risk Difference (RD),21.3,95.0,11.3,31.3,2,<,0.001,<0.001,Cochran-Mantel-Haenszel,
NCT03363854,Tralokinumab,,secondary,10,b0a226e6f7117b9dec683c5135d2ee2064692b51,16w,OG000,OG001,superiority,risk_difference,Risk Difference (RD),11.4,95.0,2.1,20.7,2,=,0.022,0.022,Cochran-Mantel-Haenszel,
NCT03363854,Tralokinumab,,secondary,11,77265e14ad846f72f61b486223e7c443df5cf15a,16w,OG000,OG001,superiority,mean_difference,Difference,-5.4,95.0,-7.7,-3.1,2,<,0.001,<0.001,Repeated measurement model,
NCT03363854,Tralokinumab,,secondary,12,10155895c11c3cd159b33833b124066b9a41cf47,16w,OG000,OG001,superiority,risk_difference,Risk Difference (RD),22.9,95.0,12.4,33.3,2,<,0.001,<0.001,Cochran-Mantel-Haenszel,
NCT03363854,Tralokinumab,,secondary,13,102045178ce549aa7d14b94f8d23e09e5396dd7a,16w,OG000,OG001,superiority,risk_difference,Risk Difference (RD),11.1,95.0,3.2,19.0,2,=,0.012,0.012,Cochran-Mantel-Haenszel,
NCT03363854,Tralokinumab,,secondary,14,03ce663474221751d5c1bee2f6a1b555964374f1,16w,OG000,OG001,superiority,mean_difference,Difference,-1.2,95.0,-1.7,-0.7,2,<,0.001,<0.001,Repeated measurements model,
NCT03363854,Tralokinumab,,secondary,15,56ab4b5462093d6d53edbc05427470d3258eaa6a,16w,OG000,OG001,superiority,risk_difference,Risk Difference (RD),17.6,95.0,8.0,27.1,2,<,0.001,<0.001,Cochran-Mantel-Haenszel,
NCT03370133,Bimekizumab,BE VIVID,primary,1,4231ef0b074fd3467217f9f2bb8cc6fb7bdf79c9,16w,OG000,OG001,superiority,odds_ratio,Odds Ratio (OR),99.869,95.0,34.02,293.175,2,<,0.001,<0.001,Cochran-Mantel-Haenszel,
NCT03370133,Bimekizumab,BE VIVID,primary,1,4231ef0b074fd3467217f9f2bb8cc6fb7bdf79c9,16w,OG001,OG002,superiority,odds_ratio,Odds Ratio (OR),6.056,95.0,3.874,9.466,2,<,0.001,<0.001,Cochran-Mantel-Haenszel,
NCT03370133,Bimekizumab,BE VIVID,primary,2,b16bc031eff5e611e188753de0c376cd7a04b5da,16w,OG000,OG001,superiority,odds_ratio,Odds Ratio (OR),118.762,95.0,36.701,384.307,2,<,0.001,<0.001,Cochran-Mantel-Haenszel,
NCT03370133,Bimekizumab,BE VIVID,primary,2,b16bc031eff5e611e188753de0c376cd7a04b5da,16w,OG001,OG002,superiority,odds_ratio,Odds Ratio (OR),4.809,95.0,3.096,7.47,2,<,0.001,<0.001,Cochran-Mantel-Haenszel,
NCT03370133,Bimekizumab,BE VIVID,secondary,1,3c721a3aeefb8cbef2458607ca6934ea5f365a73,16w,OG000,OG001,superiority,odds_ratio,Odds Ratio (OR),25.59,95.0,9.063,72.253,2,<,0.001,<0.001,Cochran-Mantel-Haenszel,
NCT03370133,Bimekizumab,BE VIVID,secondary,2,1275d790e9e679ca353e0c30b204de6a3a541674,16w,OG000,OG001,superiority,odds_ratio,Odds Ratio (OR),25.471,95.0,9.02,71.925,2,<,0.001,<0.001,Cochran-Mantel-Haenszel,
NCT03370133,Bimekizumab,BE VIVID,secondary,3,ae403f3310409103b4f44ee60205e5ad76708026,4w,OG000,OG001,superiority,odds_ratio,Odds Ratio (OR),123.02,95.0,29.394,514.862,2,<,0.001,<0.001,Cochran-Mantel-Haenszel,
NCT03370133,Bimekizumab,BE VIVID,secondary,3,ae403f3310409103b4f44ee60205e5ad76708026,4w,OG001,OG002,superiority,odds_ratio,Odds Ratio (OR),18.202,95.0,10.998,30.123,2,<,0.001,<0.001,Cochran-Mantel-Haenszel,
NCT03370133,Bimekizumab,BE VIVID,secondary,4,3277a697516243c669361172062dc05d17565c4b,16w,OG000,OG001,superiority,odds_ratio,Odds Ratio (OR),16.258,95.0,7.356,35.931,2,<,0.001,<0.001,Cochran-Mantel-Haenszel,
NCT03370133,Bimekizumab,BE VIVID,secondary,5,a0a5f03a10efb6893eae594d73bca5dfdb7ae5a4,16w,OG000,OG001,superiority,odds_ratio,Odds Ratio (OR),22.279,95.0,9.795,50.674,2,<,0.001,<0.001,Cochran-Mantel-Haenszel,
NCT03370133,Bimekizumab,BE VIVID,secondary,6,441d75091db7f60c034d6a75802cad223ed72c6c,16w,OG000,OG001,superiority,odds_ratio,Odds Ratio (OR),23.049,95.0,10.201,52.077,2,<,0.001,<0.001,Cochran-Mantel-Haenszel,
NCT03370133,Bimekizumab,BE VIVID,secondary,7,5d8573f4d0859d7bdf06f47991dbd84dcddefa00,16w,OG000,OG001,superiority,odds_ratio,Odds Ratio (OR),37.696,95.0,16.92,83.987,2,<,0.001,<0.001,Cochran-Mantel-Haenszel,
NCT03370133,Bimekizumab,BE VIVID,secondary,8,07f0451184dbdbe4bfeee7f3bfc3aceb4f5e6c88,12w,OG001,OG002,superiority,odds_ratio,Odds Ratio (OR),8.047,95.0,5.107,12.679,2,<,0.001,<0.001,Cochran-Mantel-Haenszel,
NCT03370133,Bimekizumab,BE VIVID,secondary,9,a95636cf9f3e76795131532580e2605e28495bbd,52w,OG000,OG001,superiority,odds_ratio,Odds Ratio (OR),3.795,95.0,2.442,5.899,2,<,0.001,<0.001,Cochran-Mantel-Haenszel,
NCT03370133,Bimekizumab,BE VIVID,secondary,10,d5cb347133e1fdf171e94e7c0a46b98ceac9ac63,12w,OG001,OG002,superiority,odds_ratio,Odds Ratio (OR),4.379,95.0,2.85,6.73,2,<,0.001,<0.001,Cochran-Mantel-Haenszel,
NCT03370133,Bimekizumab,BE VIVID,secondary,11,1783765a69e09e24e98f0d8c55b2a6e4064f4d3e,52w,OG000,OG001,superiority,odds_ratio,Odds Ratio (OR),2.412,95.0,1.573,3.699,2,<,0.001,<0.001,Cochran-Mantel-Haenszel,
NCT03412747,Bimekizumab,BE SURE,primary,1,4231ef0b074fd3467217f9f2bb8cc6fb7bdf79c9,16w,OG000,OG001,non_inferiority,risk_difference,Risk Difference (RD),39.3,95.0,30.9,47.7,2,,,,,
NCT03412747,Bimekizumab,BE SURE,primary,1,4231ef0b074fd3467217f9f2bb8cc6fb7bdf79c9,16w,OG000,OG001,superiority,odds_ratio,Odds Ratio (OR),7.459,95.0,4.709,11.816,2,<,0.001,<0.001,Cochran-Mantel-Haenszel,
NCT03412747,Bimekizumab,BE SURE,primary,2,9c864645cb1831762da584c6817a1243652c6626,16w,OG000,OG001,non_inferiority,risk_difference,Risk Difference (RD),28.2,95.0,19.7,36.7,2,,,,,
NCT03412747,Bimekizumab,BE SURE,primary,2,9c864645cb1831762da584c6817a1243652c6626,16w,OG000,OG001,superiority,odds_ratio,Odds Ratio (OR),4.341,95.0,2.785,6.765,2,<,0.001,<0.001,Cochran-Mantel-Haenszel,
NCT03412747,Bimekizumab,BE SURE,secondary,1,4e436bb5b51538faea2029e3582fdb4242b16240,24w,OG001,OG003,superiority,odds_ratio,Odds Ratio (OR),6.231,95.0,3.515,11.046,2,<,0.001,<0.001,Cochran-Mantel-Haenszel,
NCT03412747,Bimekizumab,BE SURE,secondary,1,4e436bb5b51538faea2029e3582fdb4242b16240,24w,OG002,OG003,superiority,odds_ratio,Odds Ratio (OR),5.75,95.0,3.657,9.041,2,<,0.001,<0.001,Cochran-Mantel-Haenszel,
NCT03412747,Bimekizumab,BE SURE,secondary,2,90f01876f948409b496450e6a61e4289b9cc1ae2,24w,OG001,OG003,superiority,odds_ratio,Odds Ratio (OR),4.724,95.0,2.683,8.318,2,<,0.001,<0.001,Cochran-Mantel-Haenszel,
NCT03412747,Bimekizumab,BE SURE,secondary,2,90f01876f948409b496450e6a61e4289b9cc1ae2,24w,OG002,OG003,superiority,odds_ratio,Odds Ratio (OR),4.762,95.0,3.014,7.523,2,<,0.001,<0.001,Cochran-Mantel-Haenszel,
NCT03412747,Bimekizumab,BE SURE,secondary,3,ae403f3310409103b4f44ee60205e5ad76708026,4w,OG000,OG001,superiority,odds_ratio,Odds Ratio (OR),7.103,95.0,4.637,10.88,2,<,0.001,<0.001,Cochran-Mantel-Haenszel,
NCT03412747,Bimekizumab,BE SURE,secondary,4,3c721a3aeefb8cbef2458607ca6934ea5f365a73,16w,OG000,OG001,superiority,odds_ratio,Odds Ratio (OR),4.974,95.0,3.23,7.661,2,<,0.001,<0.001,Cochran-Mantel-Haenszel,
NCT03412747,Bimekizumab,BE SURE,secondary,5,652ad6f4cae1e95b06d56dc7f2c62f50aed202f0,24w,OG001,OG003,superiority,odds_ratio,Odds Ratio (OR),5.249,95.0,3.207,8.593,2,<,0.001,<0.001,Cochran-Mantel-Haenszel,
NCT03412747,Bimekizumab,BE SURE,secondary,5,652ad6f4cae1e95b06d56dc7f2c62f50aed202f0,24w,OG002,OG003,superiority,odds_ratio,Odds Ratio (OR),4.974,95.0,3.257,7.594,2,<,0.001,<0.001,Cochran-Mantel-Haenszel,
NCT03536884,Bimekizumab,BE RADIANT,primary,1,ec722ef6a09a7549e3406da2859af1804d44bf2d,16w,OG000,OG001,non_inferiority,risk_difference,Risk Difference (RD),12.682,95.0,5.771,19.592,2,,,,,
NCT03536884,Bimekizumab,BE RADIANT,primary,1,ec722ef6a09a7549e3406da2859af1804d44bf2d,16w,OG000,OG001,superiority,odds_ratio,Odds Ratio (OR),1.714,95.0,1.271,2.31,2,<,0.001,<0.001,Cochran-Mantel-Haenszel,
NCT03536884,Bimekizumab,BE RADIANT,secondary,1,ae403f3310409103b4f44ee60205e5ad76708026,4w,OG000,OG001,superiority,odds_ratio,Odds Ratio (OR),2.817,95.0,2.068,3.836,2,<,0.001,<0.001,Cochran-Mantel-Haenszel,
NCT03536884,Bimekizumab,BE RADIANT,secondary,3,4ae03c92061a070ce967f26c10d3b53f7a27eb75,48w,OG000,OG001,superiority,odds_ratio,Odds Ratio (OR),2.49,95.0,1.835,3.377,2,<,0.001,<0.001,Cochran-Mantel-Haenszel,
NCT03536884,Bimekizumab,BE RADIANT,secondary,3,4ae03c92061a070ce967f26c10d3b53f7a27eb75,48w,OG002,OG004,superiority,odds_ratio,Odds Ratio (OR),2.168,95.0,1.511,3.11,2,<,0.001,<0.001,Cochran-Mantel-Haenszel,
NCT03536884,Bimekizumab,BE RADIANT,secondary,3,4ae03c92061a070ce967f26c10d3b53f7a27eb75,48w,OG003,OG004,superiority,odds_ratio,Odds Ratio (OR),3.243,95.0,2.103,5.0,2,<,0.001,<0.001,Cochran-Mantel-Haenszel,
NCT03568318,Upadacitinib,AD Up,primary,1,65e52af13df57c9b621f0ffabda489f05514044a,16w,OG000,OG002,superiority,response_rate_difference,Adjusted Response Rate Difference,50.6,95.0,43.8,57.4,2,<,0.001,<0.001,Cochran-Mantel-Haenszel,
NCT03568318,Upadacitinib,AD Up,primary,1,65e52af13df57c9b621f0ffabda489f05514044a,16w,OG000,OG001,superiority,response_rate_difference,Adjusted Response Rate Difference,38.1,95.0,30.8,45.4,2,<,0.001,<0.001,Cochran-Mantel-Haenszel,
NCT03568318,Upadacitinib,AD Up,primary,2,abe0fed6740c81fa5fcc3948722b2a301f451159,16w,OG000,OG002,superiority,response_rate_difference,Adjusted Response Rate Difference,47.6,95.0,41.1,54.0,2,<,0.001,<0.001,Cochran-Mantel-Haenszel,
NCT03568318,Upadacitinib,AD Up,primary,2,abe0fed6740c81fa5fcc3948722b2a301f451159,16w,OG000,OG001,superiority,response_rate_difference,Adjusted Response Rate Difference,28.5,95.0,22.1,34.9,2,<,0.001,<0.001,Cochran-Mantel-Haenszel,
NCT03568318,Upadacitinib,AD Up,secondary,1,6916c10aac045c940515f920708ef0c9c000a9a2,16w,OG000,OG002,superiority,response_rate_difference,Adjusted Response Rate Difference,48.8,95.0,41.9,55.7,2,<,0.001,<0.001,Cochran-Mantel-Haenszel,
NCT03568318,Upadacitinib,AD Up,secondary,1,6916c10aac045c940515f920708ef0c9c000a9a2,16w,OG000,OG001,superiority,response_rate_difference,Adjusted Response Rate Difference,36.8,95.0,29.7,43.8,2,<,0.001,<0.001,Cochran-Mantel-Haenszel,
NCT03568318,Upadacitinib,AD Up,secondary,2,5513c00e57ee8105e80aac191052216b8dde1708,16w,OG000,OG002,superiority,response_rate_difference,Adjusted Response Rate Difference,49.9,95.0,43.3,56.4,2,<,0.001,<0.001,Cochran-Mantel-Haenszel,
NCT03568318,Upadacitinib,AD Up,secondary,2,5513c00e57ee8105e80aac191052216b8dde1708,16w,OG000,OG001,superiority,response_rate_difference,Adjusted Response Rate Difference,29.5,95.0,22.8,36.3,2,<,0.001,<0.001,Cochran-Mantel-Haenszel,
NCT03568318,Upadacitinib,AD Up,secondary,3,3b1d8d8b00911650cf1b1d4ea7991b18ba0d2cdb,4w,OG000,OG002,superiority,response_rate_difference,Adjusted Response Rate Difference,50.6,95.0,43.8,57.3,2,<,0.001,<0.001,Cochran-Mantel-Haenszel,
NCT03568318,Upadacitinib,AD Up,secondary,3,3b1d8d8b00911650cf1b1d4ea7991b18ba0d2cdb,4w,OG000,OG001,superiority,response_rate_difference,Adjusted Response Rate Difference,37.4,95.0,30.4,44.3,2,<,0.001,<0.001,Cochran-Mantel-Haenszel,
NCT03568318,Upadacitinib,AD Up,secondary,4,b313c42a7bdc4808c37a7c6b3eb35665c9bc8fe4,4w,OG000,OG002,superiority,response_rate_difference,Adjusted Response Rate Difference,57.6,95.0,51.2,63.9,2,<,0.001,<0.001,Cochran-Mantel-Haenszel,
NCT03568318,Upadacitinib,AD Up,secondary,4,b313c42a7bdc4808c37a7c6b3eb35665c9bc8fe4,4w,OG000,OG001,superiority,response_rate_difference,Adjusted Response Rate Difference,43.8,95.0,37.0,50.5,2,<,0.001,<0.001,Cochran-Mantel-Haenszel,
NCT03568318,Upadacitinib,AD Up,secondary,5,f0cb219301aafa5b133b604c327530c730cf119c,2w,OG000,OG002,superiority,response_rate_difference,Adjusted Response Rate Difference,37.2,95.0,31.0,43.3,2,<,0.001,<0.001,Cochran-Mantel-Haenszel,
NCT03568318,Upadacitinib,AD Up,secondary,5,f0cb219301aafa5b133b604c327530c730cf119c,2w,OG000,OG001,superiority,response_rate_difference,Adjusted Response Rate Difference,24.0,95.0,18.1,29.9,2,<,0.001,<0.001,Cochran-Mantel-Haenszel,
NCT03568318,Upadacitinib,AD Up,secondary,6,6fef6000afcd1a52038a5c1d4f20cbad0ebec227,4w,OG000,OG002,superiority,response_rate_difference,Adjusted Response Rate Difference,38.8,95.0,32.8,44.8,2,<,0.001,<0.001,Cochran-Mantel-Haenszel,
NCT03568318,Upadacitinib,AD Up,secondary,6,6fef6000afcd1a52038a5c1d4f20cbad0ebec227,4w,OG000,OG001,superiority,response_rate_difference,Adjusted Response Rate Difference,23.3,95.0,17.7,28.9,2,<,0.001,<0.001,Cochran-Mantel-Haenszel,
NCT03568318,Upadacitinib,AD Up,secondary,7,c337a5b7a89880738d6a153a8a3805cd831cfd86,16w,OG000,OG002,superiority,response_rate_difference,Adjusted Response Rate Difference,21.2,95.0,16.3,26.1,2,<,0.001,<0.001,Cochran-Mantel-Haenszel,
NCT03568318,Upadacitinib,AD Up,secondary,8,4dfb099482d68f779518f1024908bfb2278a636c,1w,OG000,OG002,superiority,response_rate_difference,Adjusted Response Rate Difference,16.2,95.0,11.3,21.1,2,<,0.001,<0.001,Cochran-Mantel-Haenszel,
NCT03568318,Upadacitinib,AD Up,secondary,8,4dfb099482d68f779518f1024908bfb2278a636c,1w,OG000,OG001,superiority,response_rate_difference,Adjusted Response Rate Difference,9.2,95.0,4.9,13.4,2,<,0.001,<0.001,Cochran-Mantel-Haenszel,
NCT03568318,Upadacitinib,AD Up,secondary,9,f9a58fd8075f17a4a4b6e181d7e733297df4fa30,16w,OG000,OG002,superiority,ls_mean_difference,Least Squares (LS) Mean Difference,-41.79,95.0,-50.46,-33.11,2,<,0.001,<0.001,Mixed Effect Model Repeated Measurement,
NCT03568318,Upadacitinib,AD Up,secondary,9,f9a58fd8075f17a4a4b6e181d7e733297df4fa30,16w,OG000,OG001,superiority,ls_mean_difference,LS Mean Difference,-33.08,95.0,-41.72,-24.44,2,<,0.001,<0.001,Mixed Effect Model Repeated Measurement,
NCT03568318,Upadacitinib,AD Up,secondary,10,8e91a5c68f921dea8bb0b91d22b68ada0f03ed75,16w,OG000,OG002,superiority,ls_mean_difference,LS Mean Difference,-41.45,95.0,-46.68,-36.22,2,<,0.001,<0.001,Mixed Effect Model Repeated Measurement,
NCT03568318,Upadacitinib,AD Up,secondary,10,8e91a5c68f921dea8bb0b91d22b68ada0f03ed75,16w,OG000,OG001,superiority,ls_mean_difference,LS Mean Difference,-32.13,95.0,-37.35,-26.91,2,<,0.001,<0.001,Mixed Effect Model Repeated Measurement,
NCT03568318,Upadacitinib,AD Up,secondary,11,85aadf8782c13edb3cde7558afd643beb5d375ea,16w,OG000,OG002,superiority,response_rate_difference,Adjusted Response Rate Difference,53.1,95.0,38.8,67.4,2,<,0.001,<0.001,Cochran-Mantel-Haenszel,
NCT03568318,Upadacitinib,AD Up,secondary,11,85aadf8782c13edb3cde7558afd643beb5d375ea,16w,OG000,OG001,superiority,response_rate_difference,Adjusted Response Rate Difference,32.7,95.0,16.3,49.0,2,<,0.001,<0.001,Cochran-Mantel-Haenszel,
NCT03568318,Upadacitinib,AD Up,secondary,12,a711180f610eb53c5abf6648619e58654ea6a733,16w,OG000,OG002,superiority,response_rate_difference,Adjusted Response Rate Difference,55.4,95.0,41.4,69.5,2,<,0.001,<0.001,Cochran-Mantel-Haenszel,
NCT03568318,Upadacitinib,AD Up,secondary,12,a711180f610eb53c5abf6648619e58654ea6a733,16w,OG000,OG001,superiority,response_rate_difference,Adjusted Response Rate Difference,26.3,95.0,12.1,40.4,2,<,0.001,<0.001,Cochran-Mantel-Haenszel,
NCT03568318,Upadacitinib,AD Up,secondary,13,4c2dabcf358b7db13f5d4a21328da0da0613d592,16w,OG000,OG002,superiority,response_rate_difference,Adjusted Response Rate Difference,30.5,95.0,14.1,46.8,2,<,0.001,<0.001,Cochran-Mantel-Haenszel,
NCT03568318,Upadacitinib,AD Up,secondary,13,4c2dabcf358b7db13f5d4a21328da0da0613d592,16w,OG000,OG001,superiority,response_rate_difference,Adjusted Response Rate Difference,24.5,95.0,8.2,40.8,2,=,0.003,0.003,Cochran-Mantel-Haenszel,
NCT03568318,Upadacitinib,AD Up,secondary,14,b55a144375511fd70696a83375ba2c57372e43ab,16w,OG000,OG002,superiority,response_rate_difference,Adjusted Response Rate Difference,52.0,95.0,37.3,66.7,2,<,0.001,<0.001,Cochran-Mantel-Haenszel,
NCT03568318,Upadacitinib,AD Up,secondary,14,b55a144375511fd70696a83375ba2c57372e43ab,16w,OG000,OG001,superiority,response_rate_difference,Adjusted Response Rate Difference,27.1,95.0,11.1,43.1,2,=,0.001,0.001,Cochran-Mantel-Haenszel,
NCT03568318,Upadacitinib,AD Up,secondary,15,dbc5cc04c3f53c7ca2f70a43a33b9025ff8e68e0,4w,OG000,OG002,superiority,response_rate_difference,Adjusted Response Rate Difference,23.5,95.0,6.9,40.1,2,=,0.006,0.006,Cochran-Mantel-Haenszel,
NCT03568318,Upadacitinib,AD Up,secondary,15,dbc5cc04c3f53c7ca2f70a43a33b9025ff8e68e0,4w,OG000,OG001,superiority,response_rate_difference,Adjusted Response Rate Difference,22.7,95.0,6.2,39.2,2,=,0.007,0.007,Cochran-Mantel-Haenszel,
NCT03568318,Upadacitinib,AD Up,secondary,16,d19497e861524b5b5160d99ca47d1c601ce244b9,4w,OG000,OG002,superiority,response_rate_difference,Adjusted Response Rate Difference,49.3,95.0,34.1,64.6,2,<,0.001,<0.001,Cochran-Mantel-Haenszel,
NCT03568318,Upadacitinib,AD Up,secondary,16,d19497e861524b5b5160d99ca47d1c601ce244b9,4w,OG000,OG001,superiority,response_rate_difference,Adjusted Response Rate Difference,26.2,95.0,9.4,43.1,2,=,0.002,0.002,Cochran-Mantel-Haenszel,
NCT03568318,Upadacitinib,AD Up,secondary,17,9e8e4a15521140f4f71eb1699b372e35ef1d8fa1,2w,OG000,OG002,superiority,response_rate_difference,Adjusted Response Rate Difference,41.5,95.0,27.8,55.1,2,<,0.001,<0.001,Cochran-Mantel-Haenszel,
NCT03568318,Upadacitinib,AD Up,secondary,17,9e8e4a15521140f4f71eb1699b372e35ef1d8fa1,2w,OG000,OG001,superiority,response_rate_difference,Adjusted Response Rate Difference,24.4,95.0,10.3,38.4,2,=,0.001,0.001,Cochran-Mantel-Haenszel,
NCT03568318,Upadacitinib,AD Up,secondary,18,d2b7b62bc341093b47ca826335921aae1d15801a,4w,OG000,OG002,superiority,response_rate_difference,Adjusted Response Rate Difference,34.9,95.0,20.6,49.3,2,<,0.001,<0.001,Cochran-Mantel-Haenszel,
NCT03568318,Upadacitinib,AD Up,secondary,18,d2b7b62bc341093b47ca826335921aae1d15801a,4w,OG000,OG001,superiority,response_rate_difference,Adjusted Response Rate Difference,24.5,95.0,10.4,38.7,2,=,0.001,0.001,Cochran-Mantel-Haenszel,
NCT03568318,Upadacitinib,AD Up,secondary,19,08a4f29bf5ea01eb6b748e95aa45aa85586dec33,16w,OG000,OG002,superiority,response_rate_difference,Adjusted Response Rate Difference,19.8,95.0,7.8,31.8,2,=,0.001,0.001,Cochran-Mantel-Haenszel,
NCT03568318,Upadacitinib,AD Up,secondary,20,7c4a6c85c5c2533b04a5a3791ea7db000a152d8c,1w,OG000,OG002,superiority,response_rate_difference,Adjusted Response Rate Difference,6.2,95.0,-5.7,18.2,2,=,0.306,0.306,Cochran-Mantel-Haenszel,
NCT03568318,Upadacitinib,AD Up,secondary,20,7c4a6c85c5c2533b04a5a3791ea7db000a152d8c,1w,OG000,OG001,superiority,response_rate_difference,Adjusted Response Rate Difference,-1.0,95.0,-11.2,9.3,2,=,0.855,0.855,Cochran-Mantel-Haenszel,
NCT03568318,Upadacitinib,AD Up,secondary,21,46ce769f494e644f8477744fdbda0db12102281f,16w,OG000,OG002,superiority,ls_mean_difference,LS Mean Difference,-16.05,95.0,-39.59,7.48,2,=,0.18,0.180,Mixed Effect Model Repeated Measurement,
NCT03568318,Upadacitinib,AD Up,secondary,21,46ce769f494e644f8477744fdbda0db12102281f,16w,OG000,OG001,superiority,ls_mean_difference,LS Mean Difference,-26.38,95.0,-49.97,-2.79,2,=,0.029,0.029,Mixed Effect Model Repeated Measurement,
NCT03568318,Upadacitinib,AD Up,secondary,22,afef3e721a44cab51893678c488775470e1963c3,16w,OG000,OG002,superiority,ls_mean_difference,LS Mean Difference,-35.69,95.0,-46.28,-25.11,2,<,0.001,<0.001,Mixed Effect Model Repeated Measurement,
NCT03568318,Upadacitinib,AD Up,secondary,22,afef3e721a44cab51893678c488775470e1963c3,16w,OG000,OG001,superiority,ls_mean_difference,LS Mean Difference,-24.37,95.0,-35.1,-13.65,2,<,0.001,<0.001,Mixed Effect Model Repeated Measurement,
NCT03569293,Upadacitinib,Measure Up 1,primary,1,65e52af13df57c9b621f0ffabda489f05514044a,16w,OG000,OG002,superiority,response_rate_difference,Adjusted Response Rate Difference,63.4,95.0,57.1,69.8,2,<,0.001,<0.001,Cochran-Mantel-Haenszel,
NCT03569293,Upadacitinib,Measure Up 1,primary,1,65e52af13df57c9b621f0ffabda489f05514044a,16w,OG000,OG001,superiority,response_rate_difference,Adjusted Response Rate Difference,53.3,95.0,46.4,60.2,2,<,0.001,<0.001,Cochran-Mantel-Haenszel,
NCT03569293,Upadacitinib,Measure Up 1,primary,2,abe0fed6740c81fa5fcc3948722b2a301f451159,16w,OG000,OG002,superiority,response_rate_difference,Adjusted Response Rate Difference,53.6,95.0,47.2,60.0,2,<,0.001,<0.001,Cochran-Mantel-Haenszel,
NCT03569293,Upadacitinib,Measure Up 1,primary,2,abe0fed6740c81fa5fcc3948722b2a301f451159,16w,OG000,OG001,superiority,response_rate_difference,Adjusted Response Rate Difference,39.8,95.0,33.2,46.4,2,<,0.001,<0.001,Cochran-Mantel-Haenszel,
NCT03569293,Upadacitinib,Measure Up 1,secondary,1,6916c10aac045c940515f920708ef0c9c000a9a2,16w,OG000,OG002,superiority,response_rate_difference,Adjusted Response Rate Difference,48.2,95.0,41.3,55.0,2,<,0.001,<0.001,Cochran-Mantel-Haenszel,
NCT03569293,Upadacitinib,Measure Up 1,secondary,1,6916c10aac045c940515f920708ef0c9c000a9a2,16w,OG000,OG001,superiority,response_rate_difference,Adjusted Response Rate Difference,40.5,95.0,33.5,47.5,2,<,0.001,<0.001,Cochran-Mantel-Haenszel,
NCT03569293,Upadacitinib,Measure Up 1,secondary,2,5513c00e57ee8105e80aac191052216b8dde1708,16w,OG000,OG002,superiority,response_rate_difference,Adjusted Response Rate Difference,57.8,95.0,51.5,64.1,2,<,0.001,<0.001,Cochran-Mantel-Haenszel,
NCT03569293,Upadacitinib,Measure Up 1,secondary,2,5513c00e57ee8105e80aac191052216b8dde1708,16w,OG000,OG001,superiority,response_rate_difference,Adjusted Response Rate Difference,45.1,95.0,38.6,51.7,2,<,0.001,<0.001,Cochran-Mantel-Haenszel,
NCT03569293,Upadacitinib,Measure Up 1,secondary,3,3b1d8d8b00911650cf1b1d4ea7991b18ba0d2cdb,4w,OG000,OG002,superiority,response_rate_difference,Adjusted Response Rate Difference,62.3,95.0,56.3,68.3,2,<,0.001,<0.001,Cochran-Mantel-Haenszel,
NCT03569293,Upadacitinib,Measure Up 1,secondary,3,3b1d8d8b00911650cf1b1d4ea7991b18ba0d2cdb,4w,OG000,OG001,superiority,response_rate_difference,Adjusted Response Rate Difference,47.1,95.0,40.7,53.4,2,<,0.001,<0.001,Cochran-Mantel-Haenszel,
NCT03569293,Upadacitinib,Measure Up 1,secondary,4,f0cb219301aafa5b133b604c327530c730cf119c,2w,OG000,OG002,superiority,response_rate_difference,Adjusted Response Rate Difference,43.9,95.0,37.7,50.0,2,<,0.001,<0.001,Cochran-Mantel-Haenszel,
NCT03569293,Upadacitinib,Measure Up 1,secondary,4,f0cb219301aafa5b133b604c327530c730cf119c,2w,OG000,OG001,superiority,response_rate_difference,Adjusted Response Rate Difference,34.5,95.0,28.6,40.5,2,<,0.001,<0.001,Cochran-Mantel-Haenszel,
NCT03569293,Upadacitinib,Measure Up 1,secondary,5,4dfb099482d68f779518f1024908bfb2278a636c,1w,OG000,OG002,superiority,response_rate_difference,Adjusted Response Rate Difference,19.2,95.0,14.6,23.9,2,<,0.001,<0.001,Cochran-Mantel-Haenszel,
NCT03569293,Upadacitinib,Measure Up 1,secondary,5,4dfb099482d68f779518f1024908bfb2278a636c,1w,OG000,OG001,superiority,response_rate_difference,Adjusted Response Rate Difference,14.6,95.0,10.3,18.8,2,<,0.001,<0.001,Cochran-Mantel-Haenszel,
NCT03569293,Upadacitinib,Measure Up 1,secondary,6,d5150fbfe99cf8e71f6e02150bc333fffaf308f8,2d,OG000,OG002,superiority,response_rate_difference,Adjusted Response Rate Difference,8.1,95.0,3.8,12.5,2,<,0.001,<0.001,Cochran-Mantel-Haenszel,
NCT03569293,Upadacitinib,Measure Up 1,secondary,7,115187936d0a4ee7b889b0ee4f0168dc05c722a0,3d,OG000,OG001,superiority,response_rate_difference,Adjusted Response Rate Difference,13.0,95.0,8.1,17.8,2,<,0.001,<0.001,Cochran-Mantel-Haenszel,
NCT03569293,Upadacitinib,Measure Up 1,secondary,8,dac16f42103493ab1baa9a4053d452d709a3e881,,OG000,OG002,superiority,response_rate_difference,Adjusted Response Rate Difference,-25.2,95.0,-30.3,-20.1,2,<,0.001,<0.001,Cochran-Mantel-Haenszel,
NCT03569293,Upadacitinib,Measure Up 1,secondary,8,dac16f42103493ab1baa9a4053d452d709a3e881,,OG000,OG001,superiority,response_rate_difference,Adjusted Response Rate Difference,-24.1,95.0,-29.3,-18.9,2,<,0.001,<0.001,Cochran-Mantel-Haenszel,
NCT03569293,Upadacitinib,Measure Up 1,secondary,9,e5b26c30693c60c8fa124e4ec8166bba52fcdf5d,16w,OG000,OG002,superiority,response_rate_difference,Adjusted Response Rate Difference,52.9,95.0,45.2,60.6,2,<,0.001,<0.001,Cochran-Mantel-Haenszel,
NCT03569293,Upadacitinib,Measure Up 1,secondary,9,e5b26c30693c60c8fa124e4ec8166bba52fcdf5d,16w,OG000,OG001,superiority,response_rate_difference,Adjusted Response Rate Difference,41.8,95.0,33.9,49.7,2,<,0.001,<0.001,Cochran-Mantel-Haenszel,
NCT03569293,Upadacitinib,Measure Up 1,secondary,10,c6a31a168fd10cc67e2228ac2976d76baa5c56fa,16w,OG000,OG002,superiority,response_rate_difference,Adjusted Response Rate Difference,48.6,95.0,41.0,56.1,2,<,0.001,<0.001,Cochran-Mantel-Haenszel,
NCT03569293,Upadacitinib,Measure Up 1,secondary,11,5c273a27ebe12e937bc617637542fcf339e16476,16w,OG000,OG002,superiority,response_rate_difference,Adjusted Response Rate Difference,52.9,95.0,45.4,60.3,2,<,0.001,<0.001,Cochran-Mantel-Haenszel,
NCT03569293,Upadacitinib,Measure Up 1,secondary,11,5c273a27ebe12e937bc617637542fcf339e16476,16w,OG000,OG001,superiority,response_rate_difference,Adjusted Response Rate Difference,38.3,95.0,30.4,46.2,2,<,0.001,<0.001,Cochran-Mantel-Haenszel,
NCT03569293,Upadacitinib,Measure Up 1,secondary,12,5690ac95673c373879d7ceec8ecfa555695253dc,16w,OG000,OG002,superiority,response_rate_difference,Adjusted Response Rate Difference,52.5,95.0,44.7,60.4,2,<,0.001,<0.001,Cochran-Mantel-Haenszel,
NCT03569293,Upadacitinib,Measure Up 1,secondary,12,5690ac95673c373879d7ceec8ecfa555695253dc,16w,OG000,OG001,superiority,response_rate_difference,Adjusted Response Rate Difference,42.7,95.0,34.4,50.9,2,<,0.001,<0.001,Cochran-Mantel-Haenszel,
NCT03569293,Upadacitinib,Measure Up 1,secondary,13,e84536363ee76366106443728062946b57e05ab2,16w,OG000,OG002,superiority,response_rate_difference,Adjusted Response Rate Difference,53.1,95.0,44.9,61.3,2,<,0.001,<0.001,Cochran-Mantel-Haenszel,
NCT03569293,Upadacitinib,Measure Up 1,secondary,13,e84536363ee76366106443728062946b57e05ab2,16w,OG000,OG001,superiority,response_rate_difference,Adjusted Response Rate Difference,44.7,95.0,36.2,53.2,2,<,0.001,<0.001,Cochran-Mantel-Haenszel,
NCT03569293,Upadacitinib,Measure Up 1,secondary,14,c337a5b7a89880738d6a153a8a3805cd831cfd86,16w,OG000,OG002,superiority,response_rate_difference,Adjusted Response Rate Difference,25.3,95.0,20.0,30.6,2,<,0.001,<0.001,Cochran-Mantel-Haenszel,
NCT03569293,Upadacitinib,Measure Up 1,secondary,14,c337a5b7a89880738d6a153a8a3805cd831cfd86,16w,OG000,OG001,superiority,response_rate_difference,Adjusted Response Rate Difference,15.0,95.0,10.4,19.6,2,<,0.001,<0.001,Cochran-Mantel-Haenszel,
NCT03569293,Upadacitinib,Measure Up 1,secondary,15,f9a58fd8075f17a4a4b6e181d7e733297df4fa30,16w,OG000,OG002,superiority,ls_mean_difference,Least Squares (LS) Mean Difference,-45.98,95.0,-58.82,-33.15,2,<,0.001,<0.001,Mixed Effect Model Repeated Measurement,
NCT03569293,Upadacitinib,Measure Up 1,secondary,15,f9a58fd8075f17a4a4b6e181d7e733297df4fa30,16w,OG000,OG001,superiority,ls_mean_difference,LS Mean Difference,-36.74,95.0,-49.66,-23.81,2,<,0.001,<0.001,Mixed Effect Model Repeated Measurement,
NCT03569293,Upadacitinib,Measure Up 1,secondary,16,8e91a5c68f921dea8bb0b91d22b68ada0f03ed75,16w,OG000,OG002,superiority,ls_mean_difference,LS Mean Difference,-47.03,95.0,-52.37,-41.7,2,<,0.001,<0.001,Mixed Effect Model Repeated Measurement,
NCT03569293,Upadacitinib,Measure Up 1,secondary,16,8e91a5c68f921dea8bb0b91d22b68ada0f03ed75,16w,OG000,OG001,superiority,ls_mean_difference,LS Mean Difference,-39.53,95.0,-44.91,-34.15,2,<,0.001,<0.001,Mixed Effect Model Repeated Measurement,
NCT03569293,Upadacitinib,Measure Up 1,secondary,17,40b6ba8264e1fd19e41183772bf4bad334783c61,16w,OG000,OG002,superiority,response_rate_difference,Adjusted Response Rate Difference,58.6,95.0,51.9,65.3,2,<,0.001,<0.001,Cochran-Mantel-Haenszel,
NCT03569293,Upadacitinib,Measure Up 1,secondary,17,40b6ba8264e1fd19e41183772bf4bad334783c61,16w,OG000,OG001,superiority,response_rate_difference,Adjusted Response Rate Difference,52.3,95.0,45.2,59.4,2,<,0.001,<0.001,Cochran-Mantel-Haenszel,
NCT03569293,Upadacitinib,Measure Up 1,secondary,18,788d82c5e0a2806578eff08f92e6bc2c03ee3e88,16w,OG000,OG002,superiority,response_rate_difference,Adjusted Response Rate Difference,53.2,95.0,45.9,60.5,2,<,0.001,<0.001,Cochran-Mantel-Haenszel,
NCT03569293,Upadacitinib,Measure Up 1,secondary,18,788d82c5e0a2806578eff08f92e6bc2c03ee3e88,16w,OG000,OG001,superiority,response_rate_difference,Adjusted Response Rate Difference,46.7,95.0,39.0,54.4,2,<,0.001,<0.001,Cochran-Mantel-Haenszel,
NCT03569293,Upadacitinib,Measure Up 1,secondary,19,2b440b9ae530e29589ba897c2090b7edb183da20,16w,OG000,OG002,superiority,ls_mean_difference,LS Mean Difference,-40.39,95.0,-45.75,-35.03,2,<,0.001,<0.001,Mixed Effect Model Repeated Measurement,
NCT03569293,Upadacitinib,Measure Up 1,secondary,19,2b440b9ae530e29589ba897c2090b7edb183da20,16w,OG000,OG001,superiority,ls_mean_difference,LS Mean Difference,-33.03,95.0,-38.44,-27.61,2,<,0.001,<0.001,Mixed Effect Model Repeated Measurement,
NCT03569293,Upadacitinib,Measure Up 1,secondary,20,6b74ec787d410712ec36d420b864b4e19eabfaed,16w,OG000,OG002,superiority,response_rate_difference,Adjusted Response Rate Difference,34.9,95.0,24.8,45.1,2,<,0.001,<0.001,Cochran-Mantel-Haenszel,
NCT03569293,Upadacitinib,Measure Up 1,secondary,20,6b74ec787d410712ec36d420b864b4e19eabfaed,16w,OG000,OG001,superiority,response_rate_difference,Adjusted Response Rate Difference,31.5,95.0,21.4,41.6,2,<,0.001,<0.001,Cochran-Mantel-Haenszel,
NCT03569293,Upadacitinib,Measure Up 1,secondary,21,365d137a0ec41c21a89c40d65a94aedc8e571178,16w,OG000,OG002,superiority,response_rate_difference,Adjusted Response Rate Difference,37.3,95.0,30.8,43.8,2,<,0.001,<0.001,Cochran-Mantel-Haenszel,
NCT03569293,Upadacitinib,Measure Up 1,secondary,21,365d137a0ec41c21a89c40d65a94aedc8e571178,16w,OG000,OG001,superiority,response_rate_difference,Adjusted Response Rate Difference,25.9,95.0,19.7,32.1,2,<,0.001,<0.001,Cochran-Mantel-Haenszel,
NCT03569293,Upadacitinib,Measure Up 1,secondary,22,85aadf8782c13edb3cde7558afd643beb5d375ea,16w,OG000,OG002,superiority,response_rate_difference,Adjusted Response Rate Difference,72.3,95.0,59.8,84.8,2,<,0.001,<0.001,Cochran-Mantel-Haenszel,
NCT03569293,Upadacitinib,Measure Up 1,secondary,22,85aadf8782c13edb3cde7558afd643beb5d375ea,16w,OG000,OG001,superiority,response_rate_difference,Adjusted Response Rate Difference,62.5,95.0,49.0,76.1,2,<,0.001,<0.001,Cochran-Mantel-Haenszel,
NCT03569293,Upadacitinib,Measure Up 1,secondary,23,a711180f610eb53c5abf6648619e58654ea6a733,16w,OG000,OG002,superiority,response_rate_difference,Adjusted Response Rate Difference,63.4,95.0,50.5,76.4,2,<,0.001,<0.001,Cochran-Mantel-Haenszel,
NCT03569293,Upadacitinib,Measure Up 1,secondary,23,a711180f610eb53c5abf6648619e58654ea6a733,16w,OG000,OG001,superiority,response_rate_difference,Adjusted Response Rate Difference,39.3,95.0,25.6,53.0,2,<,0.001,<0.001,Cochran-Mantel-Haenszel,
NCT03569293,Upadacitinib,Measure Up 1,secondary,24,4c2dabcf358b7db13f5d4a21328da0da0613d592,16w,OG000,OG002,superiority,response_rate_difference,Adjusted Response Rate Difference,48.6,95.0,33.8,63.3,2,<,0.001,<0.001,Cochran-Mantel-Haenszel,
NCT03569293,Upadacitinib,Measure Up 1,secondary,24,4c2dabcf358b7db13f5d4a21328da0da0613d592,16w,OG000,OG001,superiority,response_rate_difference,Adjusted Response Rate Difference,38.8,95.0,24.1,53.6,2,<,0.001,<0.001,Cochran-Mantel-Haenszel,
NCT03569293,Upadacitinib,Measure Up 1,secondary,25,b55a144375511fd70696a83375ba2c57372e43ab,16w,OG000,OG002,superiority,response_rate_difference,Adjusted Response Rate Difference,70.5,95.0,58.5,82.5,2,<,0.001,<0.001,Cochran-Mantel-Haenszel,
NCT03569293,Upadacitinib,Measure Up 1,secondary,25,b55a144375511fd70696a83375ba2c57372e43ab,16w,OG000,OG001,superiority,response_rate_difference,Adjusted Response Rate Difference,44.3,95.0,31.2,57.4,2,<,0.001,<0.001,Cochran-Mantel-Haenszel,
NCT03569293,Upadacitinib,Measure Up 1,secondary,26,dbc5cc04c3f53c7ca2f70a43a33b9025ff8e68e0,4w,OG000,OG002,superiority,response_rate_difference,Adjusted Response Rate Difference,60.8,95.0,47.4,74.2,2,<,0.001,<0.001,Cochran-Mantel-Haenszel,
NCT03569293,Upadacitinib,Measure Up 1,secondary,26,dbc5cc04c3f53c7ca2f70a43a33b9025ff8e68e0,4w,OG000,OG001,superiority,response_rate_difference,Adjusted Response Rate Difference,45.7,95.0,32.3,59.1,2,<,0.001,<0.001,Cochran-Mantel-Haenszel,
NCT03569293,Upadacitinib,Measure Up 1,secondary,27,9e8e4a15521140f4f71eb1699b372e35ef1d8fa1,2w,OG000,OG002,superiority,response_rate_difference,Adjusted Response Rate Difference,52.3,95.0,38.6,66.0,2,<,0.001,<0.001,Cochran-Mantel-Haenszel,
NCT03569293,Upadacitinib,Measure Up 1,secondary,27,9e8e4a15521140f4f71eb1699b372e35ef1d8fa1,2w,OG000,OG001,superiority,response_rate_difference,Adjusted Response Rate Difference,36.3,95.0,23.4,49.2,2,<,0.001,<0.001,Cochran-Mantel-Haenszel,
NCT03569293,Upadacitinib,Measure Up 1,secondary,28,7c4a6c85c5c2533b04a5a3791ea7db000a152d8c,1w,OG000,OG002,superiority,response_rate_difference,Adjusted Response Rate Difference,23.4,95.0,12.4,34.4,2,<,0.001,<0.001,Cochran-Mantel-Haenszel,
NCT03569293,Upadacitinib,Measure Up 1,secondary,28,7c4a6c85c5c2533b04a5a3791ea7db000a152d8c,1w,OG000,OG001,superiority,response_rate_difference,Adjusted Response Rate Difference,9.7,95.0,2.5,16.8,2,=,0.008,0.008,Cochran-Mantel-Haenszel,
NCT03569293,Upadacitinib,Measure Up 1,secondary,29,dbd99ec694a8eb8353da75ea6f5c02d1c6ca4584,2d,OG000,OG001,superiority,response_rate_difference,Adjusted Response Rate Difference,12.3,95.0,2.6,22.0,2,=,0.013,0.013,Cochran-Mantel-Haenszel,
NCT03569293,Upadacitinib,Measure Up 1,secondary,30,d148e58628cb73a0b15ea4c7ae41fdfae2dbc839,3d,OG000,OG001,superiority,response_rate_difference,Adjusted Response Rate Difference,11.2,95.0,0.4,22.0,2,=,0.042,0.042,Cochran-Mantel-Haenszel,
NCT03569293,Upadacitinib,Measure Up 1,secondary,31,8601d206ae40a8df74c566c51fa52fa5bf55b05a,,OG000,OG002,superiority,response_rate_difference,Adjusted Response Rate Difference,-23.2,95.0,-34.3,-12.2,2,<,0.001,<0.001,Cochran-Mantel-Haenszel,
NCT03569293,Upadacitinib,Measure Up 1,secondary,31,8601d206ae40a8df74c566c51fa52fa5bf55b05a,,OG000,OG001,superiority,response_rate_difference,Adjusted Response Rate Difference,-23.3,95.0,-34.3,-12.2,2,<,0.001,<0.001,Cochran-Mantel-Haenszel,
NCT03569293,Upadacitinib,Measure Up 1,secondary,32,65de82626a5798a47a1eea99122823527320c75d,16w,OG000,OG002,superiority,response_rate_difference,Adjusted Response Rate Difference,57.6,95.0,41.0,74.2,2,<,0.001,<0.001,Cochran-Mantel-Haenszel,
NCT03569293,Upadacitinib,Measure Up 1,secondary,32,65de82626a5798a47a1eea99122823527320c75d,16w,OG000,OG001,superiority,response_rate_difference,Adjusted Response Rate Difference,34.7,95.0,17.6,51.8,2,<,0.001,<0.001,Cochran-Mantel-Haenszel,
NCT03569293,Upadacitinib,Measure Up 1,secondary,33,f34214b4c0744264b15f8915b15bf86029f8733e,16w,OG000,OG002,superiority,response_rate_difference,Adjusted Response Rate Difference,59.3,95.0,44.1,74.6,2,<,0.001,<0.001,Cochran-Mantel-Haenszel,
NCT03569293,Upadacitinib,Measure Up 1,secondary,33,f34214b4c0744264b15f8915b15bf86029f8733e,16w,OG000,OG001,superiority,response_rate_difference,Adjusted Response Rate Difference,32.4,95.0,16.3,48.6,2,<,0.001,<0.001,Cochran-Mantel-Haenszel,
NCT03569293,Upadacitinib,Measure Up 1,secondary,34,64c675963a34aecec31da9ab352b5c6d6f8f45d4,16w,OG000,OG002,superiority,response_rate_difference,Adjusted Response Rate Difference,57.0,95.0,41.3,72.7,2,<,0.001,<0.001,Cochran-Mantel-Haenszel,
NCT03569293,Upadacitinib,Measure Up 1,secondary,34,64c675963a34aecec31da9ab352b5c6d6f8f45d4,16w,OG000,OG001,superiority,response_rate_difference,Adjusted Response Rate Difference,38.0,95.0,21.4,54.7,2,<,0.001,<0.001,Cochran-Mantel-Haenszel,
NCT03569293,Upadacitinib,Measure Up 1,secondary,35,e973b68e35d5f13da5648ad5a81c8359607098d7,16w,OG000,OG002,superiority,response_rate_difference,Adjusted Response Rate Difference,56.5,95.0,39.0,74.0,2,<,0.001,<0.001,Cochran-Mantel-Haenszel,
NCT03569293,Upadacitinib,Measure Up 1,secondary,35,e973b68e35d5f13da5648ad5a81c8359607098d7,16w,OG000,OG001,superiority,response_rate_difference,Adjusted Response Rate Difference,40.1,95.0,21.8,58.4,2,<,0.001,<0.001,Cochran-Mantel-Haenszel,
NCT03569293,Upadacitinib,Measure Up 1,secondary,36,2bf6bc834adaa9c5497f74b7ec5f1649a2b18c57,16w,OG000,OG002,superiority,response_rate_difference,Adjusted Response Rate Difference,54.1,95.0,35.6,72.5,2,<,0.001,<0.001,Cochran-Mantel-Haenszel,
NCT03569293,Upadacitinib,Measure Up 1,secondary,36,2bf6bc834adaa9c5497f74b7ec5f1649a2b18c57,16w,OG000,OG001,superiority,response_rate_difference,Adjusted Response Rate Difference,29.8,95.0,9.5,50.1,2,=,0.004,0.004,Cochran-Mantel-Haenszel,
NCT03569293,Upadacitinib,Measure Up 1,secondary,37,08a4f29bf5ea01eb6b748e95aa45aa85586dec33,16w,OG000,OG002,superiority,response_rate_difference,Adjusted Response Rate Difference,34.4,95.0,22.2,46.6,2,<,0.001,<0.001,Cochran-Mantel-Haenszel,
NCT03569293,Upadacitinib,Measure Up 1,secondary,37,08a4f29bf5ea01eb6b748e95aa45aa85586dec33,16w,OG000,OG001,superiority,response_rate_difference,Adjusted Response Rate Difference,15.9,95.0,7.0,24.9,2,=,0.001,0.001,Cochran-Mantel-Haenszel,
NCT03569293,Upadacitinib,Measure Up 1,secondary,38,46ce769f494e644f8477744fdbda0db12102281f,16w,OG000,OG002,superiority,ls_mean_difference,LS Mean Difference,-45.64,95.0,-59.94,-31.35,2,<,0.001,<0.001,Mixed Effect Model Repeated Measurement,
NCT03569293,Upadacitinib,Measure Up 1,secondary,38,46ce769f494e644f8477744fdbda0db12102281f,16w,OG000,OG001,superiority,ls_mean_difference,LS Mean Difference,-34.65,95.0,-48.84,-20.46,2,<,0.001,<0.001,Mixed Effect Model Repeated Measurement,
NCT03569293,Upadacitinib,Measure Up 1,secondary,39,afef3e721a44cab51893678c488775470e1963c3,16w,OG000,OG002,superiority,ls_mean_difference,LS Mean Difference,-45.89,95.0,-55.98,-35.8,2,<,0.001,<0.001,Mixed Effect Model Repeated Measurement,
NCT03569293,Upadacitinib,Measure Up 1,secondary,39,afef3e721a44cab51893678c488775470e1963c3,16w,OG000,OG001,superiority,ls_mean_difference,LS Mean Difference,-38.6,95.0,-48.59,-28.6,2,<,0.001,<0.001,Mixed Effect Model Repeated Measurement,
NCT03569293,Upadacitinib,Measure Up 1,secondary,40,db8ef5b9c73920971286e82db9ad6ce7610efcd0,16w,OG000,OG002,superiority,response_rate_difference,Adjusted Response Rate Difference,60.5,95.0,46.1,74.9,2,<,0.001,<0.001,Cochran-Mantel-Haenszel,
NCT03569293,Upadacitinib,Measure Up 1,secondary,40,db8ef5b9c73920971286e82db9ad6ce7610efcd0,16w,OG000,OG001,superiority,response_rate_difference,Adjusted Response Rate Difference,53.4,95.0,38.2,68.7,2,<,0.001,<0.001,Cochran-Mantel-Haenszel,
NCT03569293,Upadacitinib,Measure Up 1,secondary,41,8fe7e04036689cdae7a707249f2112191d143d3d,16w,OG000,OG002,superiority,response_rate_difference,Adjusted Response Rate Difference,46.1,95.0,21.1,71.0,2,<,0.001,<0.001,Cochran-Mantel-Haenszel,
NCT03569293,Upadacitinib,Measure Up 1,secondary,41,8fe7e04036689cdae7a707249f2112191d143d3d,16w,OG000,OG001,superiority,response_rate_difference,Adjusted Response Rate Difference,51.5,95.0,28.1,74.9,2,<,0.001,<0.001,Cochran-Mantel-Haenszel,
NCT03569293,Upadacitinib,Measure Up 1,secondary,42,20951b049a5bcee3580c312521ae9b23e6f1c131,16w,OG000,OG002,superiority,ls_mean_difference,LS Mean Difference,-45.45,95.0,-56.11,-34.8,2,<,0.001,<0.001,Mixed Effect Model Repeated Measurement,
NCT03569293,Upadacitinib,Measure Up 1,secondary,42,20951b049a5bcee3580c312521ae9b23e6f1c131,16w,OG000,OG001,superiority,ls_mean_difference,LS Mean Difference,-34.53,95.0,-45.16,-23.89,2,<,0.001,<0.001,Mixed Effect Model Repeated Measurement,
NCT03569293,Upadacitinib,Measure Up 1,secondary,43,a460b20ee030145fca9ef9299c7109d3a9135560,16w,OG000,OG002,superiority,response_rate_difference,Adjusted Response Rate Difference,51.7,95.0,31.7,71.8,2,<,0.001,<0.001,Cochran-Mantel-Haenszel,
NCT03569293,Upadacitinib,Measure Up 1,secondary,43,a460b20ee030145fca9ef9299c7109d3a9135560,16w,OG000,OG001,superiority,response_rate_difference,Adjusted Response Rate Difference,44.7,95.0,26.7,62.8,2,<,0.001,<0.001,Cochran-Mantel-Haenszel,
NCT03569293,Upadacitinib,Measure Up 1,secondary,44,4b208af65407f21467d20ddeda371477994ec420,16w,OG000,OG002,superiority,response_rate_difference,Adjusted Response Rate Difference,24.9,95.0,6.1,43.8,2,=,0.01,0.010,Cochran-Mantel-Haenszel,
NCT03569293,Upadacitinib,Measure Up 1,secondary,44,4b208af65407f21467d20ddeda371477994ec420,16w,OG000,OG001,superiority,response_rate_difference,Adjusted Response Rate Difference,16.6,95.0,-2.6,35.7,2,=,0.09,0.090,Cochran-Mantel-Haenszel,
NCT03570749,Baricitinib,BRAVE-AA1,primary,1,4418c743003d922db55f3b1de51337588bb1bc5a,36w,OG000,OG001,superiority,odds_ratio,Odds Ratio (OR),5.75,95.0,2.75,12.02,2,<,0.001,<0.001,"Regression, Logistic",
NCT03570749,Baricitinib,BRAVE-AA1,primary,1,4418c743003d922db55f3b1de51337588bb1bc5a,36w,OG000,OG002,superiority,odds_ratio,Odds Ratio (OR),11.8,95.0,5.89,23.62,2,<,0.001,<0.001,"Regression, Logistic",
NCT03570749,Baricitinib,BRAVE-AA1,secondary,1,620ae5b8c3f060785451c75f672f6dc4c71838f7,,OG000,OG001,superiority,mean_difference,Mean Difference (Final Values),-23.1,95.0,-30.57,-15.63,2,<,0.001,<0.001,ANCOVA,
NCT03570749,Baricitinib,BRAVE-AA1,secondary,1,620ae5b8c3f060785451c75f672f6dc4c71838f7,,OG000,OG002,superiority,mean_difference,Mean Difference (Final Values),-37.65,95.0,-44.24,-30.89,2,<,0.001,<0.001,ANCOVA,
NCT03570749,Baricitinib,BRAVE-AA1,secondary,2,500f1892b7995e63f094c287f5442141fec62dd0,,OG000,OG001,superiority,odds_ratio,Odds Ratio (OR),2.31,95.0,1.01,5.29,2,=,0.047,0.047,"Regression, Logistic",
NCT03570749,Baricitinib,BRAVE-AA1,secondary,2,500f1892b7995e63f094c287f5442141fec62dd0,,OG000,OG002,superiority,odds_ratio,Odds Ratio (OR),6.03,95.0,2.91,12.51,2,<,0.001,<0.001,"Regression, Logistic",
NCT03570749,Baricitinib,BRAVE-AA1,secondary,4,4f9a39e3d1cf09cb771b2b19a7cb6ecfdacdda50,,OG000,OG001,superiority,odds_ratio,Odds Ratio (OR),6.6,95.0,2.34,18.62,2,<,0.001,<0.001,"Regression, Logistic",
NCT03570749,Baricitinib,BRAVE-AA1,secondary,4,4f9a39e3d1cf09cb771b2b19a7cb6ecfdacdda50,,OG000,OG002,superiority,odds_ratio,Odds Ratio (OR),13.58,95.0,5.01,36.81,2,<,0.001,<0.001,"Regression, Logistic",
NCT03570749,Baricitinib,BRAVE-AA1,secondary,5,70ce23c55b1fb0750459b562aa5a46b0d3a692ed,,OG000,OG001,superiority,odds_ratio,Odds Ratio (OR),4.63,95.0,1.41,15.27,2,=,0.012,0.012,"Regression, Logistic",
NCT03570749,Baricitinib,BRAVE-AA1,secondary,5,70ce23c55b1fb0750459b562aa5a46b0d3a692ed,,OG000,OG002,superiority,odds_ratio,Odds Ratio (OR),14.42,95.0,4.73,43.93,2,<,0.001,<0.001,"Regression, Logistic",
NCT03570749,Baricitinib,BRAVE-AA1,secondary,6,ba158170536c9874aebf187c735fc6d9767e95ce,,OG000,OG001,superiority,odds_ratio,Odds Ratio (OR),3.92,95.0,1.81,8.51,2,<,0.001,<0.001,"Regression, Logistic",
NCT03570749,Baricitinib,BRAVE-AA1,secondary,6,ba158170536c9874aebf187c735fc6d9767e95ce,,OG000,OG002,superiority,odds_ratio,Odds Ratio (OR),10.26,95.0,5.05,20.87,2,<,0.001,<0.001,"Regression, Logistic",
NCT03570749,Baricitinib,BRAVE-AA1,secondary,7,be206c2989b58078811095430774bb6baaf127a1,,OG000,OG001,superiority,odds_ratio,Odds Ratio (OR),5.58,95.0,1.97,15.83,2,=,0.001,0.001,"Regression, Logistic",
NCT03570749,Baricitinib,BRAVE-AA1,secondary,7,be206c2989b58078811095430774bb6baaf127a1,,OG000,OG002,superiority,odds_ratio,Odds Ratio (OR),14.34,95.0,5.3,38.83,2,<,0.001,<0.001,"Regression, Logistic",
NCT03570749,Baricitinib,BRAVE-AA1,secondary,8,4af8b047c196576a63539c5ea937f38081a3fb67,,OG000,OG001,superiority,odds_ratio,Odds Ratio (OR),10.34,95.0,2.72,39.3,2,<,0.001,<0.001,"Regression, Logistic",
NCT03570749,Baricitinib,BRAVE-AA1,secondary,8,4af8b047c196576a63539c5ea937f38081a3fb67,,OG000,OG002,superiority,odds_ratio,Odds Ratio (OR),18.47,95.0,5.04,67.68,2,<,0.001,<0.001,"Regression, Logistic",
NCT03570749,Baricitinib,BRAVE-AA1,secondary,9,6d6fb87272b9fcb93ca883bf7e18c46d850f7b6e,,OG000,OG001,superiority,mean_difference,Mean Difference (Final Values),-0.82,95.0,-1.38,-0.25,2,=,0.005,0.005,ANCOVA,
NCT03570749,Baricitinib,BRAVE-AA1,secondary,9,6d6fb87272b9fcb93ca883bf7e18c46d850f7b6e,,OG000,OG002,superiority,mean_difference,Mean Difference (Final Values),-0.54,95.0,-1.05,-0.02,2,=,0.04,0.040,ANCOVA,
NCT03570749,Baricitinib,BRAVE-AA1,secondary,10,6e72f7a992c133e5069f1ced5a1c93c8e768f386,,OG000,OG001,superiority,mean_difference,Mean Difference (Final Values),-0.42,95.0,-0.93,0.09,2,=,0.107,0.107,ANCOVA,
NCT03570749,Baricitinib,BRAVE-AA1,secondary,10,6e72f7a992c133e5069f1ced5a1c93c8e768f386,,OG000,OG002,superiority,mean_difference,Mean Difference (Final Values),-0.32,95.0,-0.78,0.14,2,=,0.174,0.174,ANCOVA,
NCT03575871,Abrocitinib,JADE Mono-2,primary,1,313a021eebce9cd1570a77a4a717adae7673b3db,12w,OG000,OG002,superiority,response_rate_difference,Difference in Percentage,19.3,95.0,9.6,29.0,2,=,0.0008,0.0008,Cochran-Mantel-Haenszel,
NCT03575871,Abrocitinib,JADE Mono-2,primary,1,313a021eebce9cd1570a77a4a717adae7673b3db,12w,OG001,OG002,superiority,response_rate_difference,Difference in Percentage,28.7,95.0,18.6,38.8,2,<,0.0001,<0.0001,Cochran-Mantel-Haenszel,
NCT03575871,Abrocitinib,JADE Mono-2,primary,2,5e9757e9be20412f4d0ec39dc29d9abd74bdc34f,12w,OG000,OG002,superiority,response_rate_difference,Difference in Percentage,33.9,95.0,23.3,44.4,2,<,0.0001,<0.0001,Cochran-Mantel-Haenszel,
NCT03575871,Abrocitinib,JADE Mono-2,primary,2,5e9757e9be20412f4d0ec39dc29d9abd74bdc34f,12w,OG001,OG002,superiority,response_rate_difference,Difference in Percentage,50.5,95.0,40.0,60.9,2,<,0.0001,<0.0001,Cochran-Mantel-Haenszel,
NCT03575871,Abrocitinib,JADE Mono-2,secondary,1,75b2cfe4361d4c5ea1a6176c9d84e20344f2d125,2w,OG000,OG002,superiority,response_rate_difference,Difference in Percentage,19.2,95.0,11.0,27.4,2,=,0.0002,0.0002,Cochran-Mantel-Haenszel,
NCT03575871,Abrocitinib,JADE Mono-2,secondary,1,75b2cfe4361d4c5ea1a6176c9d84e20344f2d125,2w,OG001,OG002,superiority,response_rate_difference,Difference in Percentage,31.2,95.0,22.3,40.2,2,<,0.0001,<0.0001,Cochran-Mantel-Haenszel,
NCT03575871,Abrocitinib,JADE Mono-2,secondary,1,75b2cfe4361d4c5ea1a6176c9d84e20344f2d125,4w,OG000,OG002,superiority,response_rate_difference,Difference in Percentage,27.5,95.0,18.9,36.2,2,<,0.0001,<0.0001,Cochran-Mantel-Haenszel,
NCT03575871,Abrocitinib,JADE Mono-2,secondary,1,75b2cfe4361d4c5ea1a6176c9d84e20344f2d125,4w,OG001,OG002,superiority,response_rate_difference,Difference in Percentage,46.4,95.0,37.2,55.7,2,<,0.0001,<0.0001,Cochran-Mantel-Haenszel,
NCT03575871,Abrocitinib,JADE Mono-2,secondary,1,75b2cfe4361d4c5ea1a6176c9d84e20344f2d125,8w,OG000,OG002,superiority,response_rate_difference,Difference in Percentage,27.4,95.0,16.8,38.0,2,<,0.0001,<0.0001,Cochran-Mantel-Haenszel,
NCT03575871,Abrocitinib,JADE Mono-2,secondary,1,75b2cfe4361d4c5ea1a6176c9d84e20344f2d125,8w,OG001,OG002,superiority,response_rate_difference,Difference in Percentage,39.8,95.0,28.9,50.6,2,<,0.0001,<0.0001,Cochran-Mantel-Haenszel,
NCT03575871,Abrocitinib,JADE Mono-2,secondary,1,75b2cfe4361d4c5ea1a6176c9d84e20344f2d125,12w,OG000,OG002,superiority,response_rate_difference,Difference in Percentage,29.3,95.0,18.9,39.6,2,<,0.0001,<0.0001,Cochran-Mantel-Haenszel,
NCT03575871,Abrocitinib,JADE Mono-2,secondary,1,75b2cfe4361d4c5ea1a6176c9d84e20344f2d125,12w,OG001,OG002,superiority,response_rate_difference,Difference in Percentage,38.6,95.0,28.1,49.1,2,<,0.0001,<0.0001,Cochran-Mantel-Haenszel,
NCT03575871,Abrocitinib,JADE Mono-2,secondary,2,652feb75ae617097445f80f0479b7ee89cfcb309,12w,OG000,OG002,superiority,ls_mean_difference,Difference in LS mean,-1.7,95.0,-2.3,-1.1,2,<,0.0001,<0.0001,Mixed Models Analysis,
NCT03575871,Abrocitinib,JADE Mono-2,secondary,2,652feb75ae617097445f80f0479b7ee89cfcb309,12w,OG001,OG002,superiority,ls_mean_difference,Difference in LS mean,-2.2,95.0,-2.8,-1.6,2,<,0.0001,<0.0001,Mixed Models Analysis,
NCT03575871,Abrocitinib,JADE Mono-2,secondary,4,a3c1b2bd835e2337b7a2de3020988f399d00f84c,2w,OG000,OG002,superiority,response_rate_difference,Difference in Percentage,8.8,95.0,2.8,14.9,2,=,0.015,0.0150,Cochran-Mantel-Haenszel,
NCT03575871,Abrocitinib,JADE Mono-2,secondary,4,a3c1b2bd835e2337b7a2de3020988f399d00f84c,2w,OG001,OG002,superiority,response_rate_difference,Difference in Percentage,22.7,95.0,15.0,30.3,2,<,0.0001,<0.0001,Cochran-Mantel-Haenszel,
NCT03575871,Abrocitinib,JADE Mono-2,secondary,4,a3c1b2bd835e2337b7a2de3020988f399d00f84c,4w,OG000,OG002,superiority,response_rate_difference,Difference in Percentage,20.0,95.0,10.9,29.0,2,=,0.0004,0.0004,Cochran-Mantel-Haenszel,
NCT03575871,Abrocitinib,JADE Mono-2,secondary,4,a3c1b2bd835e2337b7a2de3020988f399d00f84c,4w,OG001,OG002,superiority,response_rate_difference,Difference in Percentage,44.3,95.0,34.8,53.8,2,<,0.0001,<0.0001,Cochran-Mantel-Haenszel,
NCT03575871,Abrocitinib,JADE Mono-2,secondary,4,a3c1b2bd835e2337b7a2de3020988f399d00f84c,8w,OG000,OG002,superiority,response_rate_difference,Difference in Percentage,30.4,95.0,19.7,41.2,2,<,0.0001,<0.0001,Cochran-Mantel-Haenszel,
NCT03575871,Abrocitinib,JADE Mono-2,secondary,4,a3c1b2bd835e2337b7a2de3020988f399d00f84c,8w,OG001,OG002,superiority,response_rate_difference,Difference in Percentage,47.4,95.0,36.8,58.0,2,<,0.0001,<0.0001,Cochran-Mantel-Haenszel,
NCT03575871,Abrocitinib,JADE Mono-2,secondary,5,08c6f02b4a8b7a3cef2b4382771f3c9e15ec5cc6,2w,OG000,OG002,superiority,response_rate_difference,Difference in Percentage,5.1,95.0,0.2,10.0,2,=,0.0459,0.0459,Cochran-Mantel-Haenszel,
NCT03575871,Abrocitinib,JADE Mono-2,secondary,5,08c6f02b4a8b7a3cef2b4382771f3c9e15ec5cc6,2w,OG001,OG002,superiority,response_rate_difference,Difference in Percentage,14.2,95.0,7.8,20.5,2,=,0.0005,0.0005,Cochran-Mantel-Haenszel,
NCT03575871,Abrocitinib,JADE Mono-2,secondary,5,08c6f02b4a8b7a3cef2b4382771f3c9e15ec5cc6,4w,OG000,OG002,superiority,response_rate_difference,Difference in Percentage,12.9,95.0,6.3,19.4,2,=,0.0019,0.0019,Cochran-Mantel-Haenszel,
NCT03575871,Abrocitinib,JADE Mono-2,secondary,5,08c6f02b4a8b7a3cef2b4382771f3c9e15ec5cc6,4w,OG001,OG002,superiority,response_rate_difference,Difference in Percentage,31.8,95.0,23.6,39.9,2,<,0.0001,<0.0001,Cochran-Mantel-Haenszel,
NCT03575871,Abrocitinib,JADE Mono-2,secondary,5,08c6f02b4a8b7a3cef2b4382771f3c9e15ec5cc6,8w,OG000,OG002,superiority,response_rate_difference,Difference in Percentage,11.9,95.0,2.4,21.4,2,=,0.0246,0.0246,Cochran-Mantel-Haenszel,
NCT03575871,Abrocitinib,JADE Mono-2,secondary,5,08c6f02b4a8b7a3cef2b4382771f3c9e15ec5cc6,8w,OG001,OG002,superiority,response_rate_difference,Difference in Percentage,26.9,95.0,17.0,36.9,2,<,0.0001,<0.0001,Cochran-Mantel-Haenszel,
NCT03575871,Abrocitinib,JADE Mono-2,secondary,6,cec8a3c175f7a48916a3aa54aee48f6e9ca61ccb,2w,OG000,OG002,superiority,response_rate_difference,Difference in Percentage,0.0,95.0,-3.7,3.7,2,,,,,
NCT03575871,Abrocitinib,JADE Mono-2,secondary,6,cec8a3c175f7a48916a3aa54aee48f6e9ca61ccb,2w,OG001,OG002,superiority,response_rate_difference,Difference in Percentage,1.9,95.0,-2.2,6.1,2,=,0.2262,0.2262,Cochran-Mantel-Haenszel,
NCT03575871,Abrocitinib,JADE Mono-2,secondary,6,cec8a3c175f7a48916a3aa54aee48f6e9ca61ccb,4w,OG000,OG002,superiority,response_rate_difference,Difference in Percentage,1.9,95.0,-2.2,6.1,2,=,0.2223,0.2223,Cochran-Mantel-Haenszel,
NCT03575871,Abrocitinib,JADE Mono-2,secondary,6,cec8a3c175f7a48916a3aa54aee48f6e9ca61ccb,4w,OG001,OG002,superiority,response_rate_difference,Difference in Percentage,4.5,95.0,-0.2,9.2,2,=,0.0597,0.0597,Cochran-Mantel-Haenszel,
NCT03575871,Abrocitinib,JADE Mono-2,secondary,6,cec8a3c175f7a48916a3aa54aee48f6e9ca61ccb,8w,OG000,OG002,superiority,response_rate_difference,Difference in Percentage,1.3,95.0,-2.7,5.2,2,=,0.3207,0.3207,Cochran-Mantel-Haenszel,
NCT03575871,Abrocitinib,JADE Mono-2,secondary,6,cec8a3c175f7a48916a3aa54aee48f6e9ca61ccb,8w,OG001,OG002,superiority,response_rate_difference,Difference in Percentage,4.5,95.0,-0.2,9.2,2,=,0.0586,0.0586,Cochran-Mantel-Haenszel,
NCT03575871,Abrocitinib,JADE Mono-2,secondary,6,cec8a3c175f7a48916a3aa54aee48f6e9ca61ccb,12w,OG000,OG002,superiority,response_rate_difference,Difference in Percentage,5.2,95.0,0.3,10.1,2,=,0.0419,0.0419,Cochran-Mantel-Haenszel,
NCT03575871,Abrocitinib,JADE Mono-2,secondary,6,cec8a3c175f7a48916a3aa54aee48f6e9ca61ccb,12w,OG001,OG002,superiority,response_rate_difference,Difference in Percentage,6.3,95.0,1.2,11.4,2,=,0.0244,0.0244,Cochran-Mantel-Haenszel,
NCT03575871,Abrocitinib,JADE Mono-2,secondary,7,43258c5c541ccccd4148935f6851f71d8e833193,2w,OG000,OG002,superiority,response_rate_difference,Difference in Percentage,25.0,95.0,14.8,35.2,2,<,0.0001,<0.0001,Cochran-Mantel-Haenszel,
NCT03575871,Abrocitinib,JADE Mono-2,secondary,7,43258c5c541ccccd4148935f6851f71d8e833193,2w,OG001,OG002,superiority,response_rate_difference,Difference in Percentage,44.2,95.0,33.9,54.6,2,<,0.0001,<0.0001,Cochran-Mantel-Haenszel,
NCT03575871,Abrocitinib,JADE Mono-2,secondary,7,43258c5c541ccccd4148935f6851f71d8e833193,4w,OG000,OG002,superiority,response_rate_difference,Difference in Percentage,30.2,95.0,17.5,42.8,2,<,0.0001,<0.0001,Cochran-Mantel-Haenszel,
NCT03575871,Abrocitinib,JADE Mono-2,secondary,7,43258c5c541ccccd4148935f6851f71d8e833193,4w,OG001,OG002,superiority,response_rate_difference,Difference in Percentage,49.8,95.0,37.8,61.7,2,<,0.0001,<0.0001,Cochran-Mantel-Haenszel,
NCT03575871,Abrocitinib,JADE Mono-2,secondary,7,43258c5c541ccccd4148935f6851f71d8e833193,8w,OG000,OG002,superiority,response_rate_difference,Difference in Percentage,31.5,95.0,18.8,44.3,2,<,0.0001,<0.0001,Cochran-Mantel-Haenszel,
NCT03575871,Abrocitinib,JADE Mono-2,secondary,7,43258c5c541ccccd4148935f6851f71d8e833193,8w,OG001,OG002,superiority,response_rate_difference,Difference in Percentage,47.6,95.0,35.7,59.6,2,<,0.0001,<0.0001,Cochran-Mantel-Haenszel,
NCT03575871,Abrocitinib,JADE Mono-2,secondary,7,43258c5c541ccccd4148935f6851f71d8e833193,12w,OG000,OG002,superiority,response_rate_difference,Difference in Percentage,48.7,95.0,37.2,60.1,2,<,0.0001,<0.0001,Cochran-Mantel-Haenszel,
NCT03575871,Abrocitinib,JADE Mono-2,secondary,7,43258c5c541ccccd4148935f6851f71d8e833193,12w,OG001,OG002,superiority,response_rate_difference,Difference in Percentage,60.1,95.0,49.1,71.0,2,<,0.0001,<0.0001,Cochran-Mantel-Haenszel,
NCT03575871,Abrocitinib,JADE Mono-2,secondary,8,08f279b1c49dfec35d4e9a8ca1684dfae80fd483,2w,OG000,OG002,superiority,response_rate_difference,Difference in Percentage,2.5,95.0,-1.7,6.8,2,=,0.1623,0.1623,Cochran-Mantel-Haenszel,
NCT03575871,Abrocitinib,JADE Mono-2,secondary,8,08f279b1c49dfec35d4e9a8ca1684dfae80fd483,2w,OG001,OG002,superiority,response_rate_difference,Difference in Percentage,9.1,95.0,3.4,14.7,2,=,0.007,0.0070,Cochran-Mantel-Haenszel,
NCT03575871,Abrocitinib,JADE Mono-2,secondary,8,08f279b1c49dfec35d4e9a8ca1684dfae80fd483,4w,OG000,OG002,superiority,response_rate_difference,Difference in Percentage,9.7,95.0,4.0,15.4,2,=,0.0049,0.0049,Cochran-Mantel-Haenszel,
NCT03575871,Abrocitinib,JADE Mono-2,secondary,8,08f279b1c49dfec35d4e9a8ca1684dfae80fd483,4w,OG001,OG002,superiority,response_rate_difference,Difference in Percentage,22.9,95.0,15.5,30.2,2,<,0.0001,<0.0001,Cochran-Mantel-Haenszel,
NCT03575871,Abrocitinib,JADE Mono-2,secondary,8,08f279b1c49dfec35d4e9a8ca1684dfae80fd483,8w,OG000,OG002,superiority,response_rate_difference,Difference in Percentage,14.6,95.0,7.2,22.0,2,=,0.0013,0.0013,Cochran-Mantel-Haenszel,
NCT03575871,Abrocitinib,JADE Mono-2,secondary,8,08f279b1c49dfec35d4e9a8ca1684dfae80fd483,8w,OG001,OG002,superiority,response_rate_difference,Difference in Percentage,31.6,95.0,23.1,40.1,2,<,0.0001,<0.0001,Cochran-Mantel-Haenszel,
NCT03575871,Abrocitinib,JADE Mono-2,secondary,8,08f279b1c49dfec35d4e9a8ca1684dfae80fd483,12w,OG000,OG002,superiority,response_rate_difference,Difference in Percentage,20.1,95.0,11.9,28.3,2,=,0.0001,0.0001,Cochran-Mantel-Haenszel,
NCT03575871,Abrocitinib,JADE Mono-2,secondary,8,08f279b1c49dfec35d4e9a8ca1684dfae80fd483,12w,OG001,OG002,superiority,response_rate_difference,Difference in Percentage,33.5,95.0,24.6,42.5,2,<,0.0001,<0.0001,Cochran-Mantel-Haenszel,
NCT03575871,Abrocitinib,JADE Mono-2,secondary,9,c67b183c282834754cf5c4ed566679624dd4cfac,2w,OG000,OG002,superiority,response_rate_difference,Difference in Percentage,0.0,95.0,-3.7,3.7,2,,,,,
NCT03575871,Abrocitinib,JADE Mono-2,secondary,9,c67b183c282834754cf5c4ed566679624dd4cfac,2w,OG001,OG002,superiority,response_rate_difference,Difference in Percentage,1.3,95.0,-2.8,5.3,2,=,0.3261,0.3261,Cochran-Mantel-Haenszel,
NCT03575871,Abrocitinib,JADE Mono-2,secondary,9,c67b183c282834754cf5c4ed566679624dd4cfac,4w,OG000,OG002,superiority,response_rate_difference,Difference in Percentage,1.3,95.0,-2.7,5.3,2,=,0.3207,0.3207,Cochran-Mantel-Haenszel,
NCT03575871,Abrocitinib,JADE Mono-2,secondary,9,c67b183c282834754cf5c4ed566679624dd4cfac,4w,OG001,OG002,superiority,response_rate_difference,Difference in Percentage,3.9,95.0,-0.8,8.5,2,=,0.081,0.0810,Cochran-Mantel-Haenszel,
NCT03575871,Abrocitinib,JADE Mono-2,secondary,9,c67b183c282834754cf5c4ed566679624dd4cfac,8w,OG000,OG002,superiority,response_rate_difference,Difference in Percentage,1.3,95.0,-2.7,5.2,2,=,0.3207,0.3207,Cochran-Mantel-Haenszel,
NCT03575871,Abrocitinib,JADE Mono-2,secondary,9,c67b183c282834754cf5c4ed566679624dd4cfac,8w,OG001,OG002,superiority,response_rate_difference,Difference in Percentage,3.8,95.0,-0.7,8.4,2,=,0.081,0.0810,Cochran-Mantel-Haenszel,
NCT03575871,Abrocitinib,JADE Mono-2,secondary,9,c67b183c282834754cf5c4ed566679624dd4cfac,12w,OG000,OG002,superiority,response_rate_difference,Difference in Percentage,5.2,95.0,0.3,10.1,2,=,0.0419,0.0419,Cochran-Mantel-Haenszel,
NCT03575871,Abrocitinib,JADE Mono-2,secondary,9,c67b183c282834754cf5c4ed566679624dd4cfac,12w,OG001,OG002,superiority,response_rate_difference,Difference in Percentage,7.0,95.0,1.8,12.2,2,=,0.018,0.0180,Cochran-Mantel-Haenszel,
NCT03575871,Abrocitinib,JADE Mono-2,secondary,10,d69e1be8ede523b16acfcf240bb038e13685a140,2w,OG000,OG002,superiority,ls_mean_difference,Difference in LS mean,-30.2,95.0,-38.1,-22.3,2,<,0.0001,<0.0001,Mixed Models Analysis,
NCT03575871,Abrocitinib,JADE Mono-2,secondary,10,d69e1be8ede523b16acfcf240bb038e13685a140,2w,OG001,OG002,superiority,ls_mean_difference,Difference in LS mean,-42.3,95.0,-50.3,-34.4,2,<,0.0001,<0.0001,Mixed Models Analysis,
NCT03575871,Abrocitinib,JADE Mono-2,secondary,10,d69e1be8ede523b16acfcf240bb038e13685a140,4w,OG000,OG002,superiority,ls_mean_difference,Difference in LS mean,-29.9,95.0,-38.1,-21.7,2,<,0.0001,<0.0001,Mixed Models Analysis,
NCT03575871,Abrocitinib,JADE Mono-2,secondary,10,d69e1be8ede523b16acfcf240bb038e13685a140,4w,OG001,OG002,superiority,ls_mean_difference,Difference in LS mean,-44.6,95.0,-52.8,-36.3,2,<,0.0001,<0.0001,Mixed Models Analysis,
NCT03575871,Abrocitinib,JADE Mono-2,secondary,10,d69e1be8ede523b16acfcf240bb038e13685a140,8w,OG000,OG002,superiority,ls_mean_difference,Difference in LS mean,-26.4,95.0,-36.2,-16.7,2,<,0.0001,<0.0001,Mixed Models Analysis,
NCT03575871,Abrocitinib,JADE Mono-2,secondary,10,d69e1be8ede523b16acfcf240bb038e13685a140,8w,OG001,OG002,superiority,ls_mean_difference,Difference in LS mean,-40.2,95.0,-50.0,-30.4,2,<,0.0001,<0.0001,Mixed Models Analysis,
NCT03575871,Abrocitinib,JADE Mono-2,secondary,10,d69e1be8ede523b16acfcf240bb038e13685a140,12w,OG000,OG002,superiority,ls_mean_difference,Difference in LS mean,-31.4,95.0,-43.1,-19.7,2,<,0.0001,<0.0001,Mixed Models Analysis,
NCT03575871,Abrocitinib,JADE Mono-2,secondary,10,d69e1be8ede523b16acfcf240bb038e13685a140,12w,OG001,OG002,superiority,ls_mean_difference,Difference in LS mean,-44.7,95.0,-56.4,-33.0,2,<,0.0001,<0.0001,Mixed Models Analysis,
NCT03575871,Abrocitinib,JADE Mono-2,secondary,11,c080456fe6b28f0bbfc3ef8ccae772ab30d1f092,2w,OG000,OG002,superiority,ls_mean_difference,Difference in LS mean,-26.5,95.0,-35.5,-17.5,2,<,0.0001,<0.0001,Mixed Models Analysis,
NCT03575871,Abrocitinib,JADE Mono-2,secondary,11,c080456fe6b28f0bbfc3ef8ccae772ab30d1f092,2w,OG001,OG002,superiority,ls_mean_difference,Difference in LS mean,-34.1,95.0,-43.1,-25.1,2,<,0.0001,<0.0001,Mixed Models Analysis,
NCT03575871,Abrocitinib,JADE Mono-2,secondary,11,c080456fe6b28f0bbfc3ef8ccae772ab30d1f092,4w,OG000,OG002,superiority,ls_mean_difference,Difference in LS mean,-29.7,95.0,-39.0,-20.4,2,<,0.0001,<0.0001,Mixed Models Analysis,
NCT03575871,Abrocitinib,JADE Mono-2,secondary,11,c080456fe6b28f0bbfc3ef8ccae772ab30d1f092,4w,OG001,OG002,superiority,ls_mean_difference,Difference in LS mean,-40.5,95.0,-49.8,-31.1,2,<,0.0001,<0.0001,Mixed Models Analysis,
NCT03575871,Abrocitinib,JADE Mono-2,secondary,11,c080456fe6b28f0bbfc3ef8ccae772ab30d1f092,8w,OG000,OG002,superiority,ls_mean_difference,Difference in LS mean,-32.9,95.0,-44.6,-21.2,2,<,0.0001,<0.0001,Mixed Models Analysis,
NCT03575871,Abrocitinib,JADE Mono-2,secondary,11,c080456fe6b28f0bbfc3ef8ccae772ab30d1f092,8w,OG001,OG002,superiority,ls_mean_difference,Difference in LS mean,-40.6,95.0,-52.2,-28.9,2,<,0.0001,<0.0001,Mixed Models Analysis,
NCT03575871,Abrocitinib,JADE Mono-2,secondary,11,c080456fe6b28f0bbfc3ef8ccae772ab30d1f092,12w,OG000,OG002,superiority,ls_mean_difference,Difference in LS mean,-39.6,95.0,-51.8,-27.4,2,<,0.0001,<0.0001,Mixed Models Analysis,
NCT03575871,Abrocitinib,JADE Mono-2,secondary,11,c080456fe6b28f0bbfc3ef8ccae772ab30d1f092,12w,OG001,OG002,superiority,ls_mean_difference,Difference in LS mean,-48.2,95.0,-60.4,-36.0,2,<,0.0001,<0.0001,Mixed Models Analysis,
NCT03575871,Abrocitinib,JADE Mono-2,secondary,12,cdd3f1b2fbe18b1a7c544fc0f7d5b5737fb720f5,2w,OG000,OG002,superiority,response_rate_difference,Difference in Percentage,1.9,95.0,-2.2,6.0,2,=,0.2353,0.2353,Cochran-Mantel-Haenszel,
NCT03575871,Abrocitinib,JADE Mono-2,secondary,12,cdd3f1b2fbe18b1a7c544fc0f7d5b5737fb720f5,2w,OG001,OG002,superiority,response_rate_difference,Difference in Percentage,5.8,95.0,0.8,10.8,2,=,0.0332,0.0332,Cochran-Mantel-Haenszel,
NCT03575871,Abrocitinib,JADE Mono-2,secondary,12,cdd3f1b2fbe18b1a7c544fc0f7d5b5737fb720f5,4w,OG000,OG002,superiority,response_rate_difference,Difference in Percentage,6.5,95.0,1.4,11.6,2,=,0.0227,0.0227,Cochran-Mantel-Haenszel,
NCT03575871,Abrocitinib,JADE Mono-2,secondary,12,cdd3f1b2fbe18b1a7c544fc0f7d5b5737fb720f5,4w,OG001,OG002,superiority,response_rate_difference,Difference in Percentage,16.8,95.0,10.1,23.5,2,=,0.0001,0.0001,Cochran-Mantel-Haenszel,
NCT03575871,Abrocitinib,JADE Mono-2,secondary,12,cdd3f1b2fbe18b1a7c544fc0f7d5b5737fb720f5,8w,OG000,OG002,superiority,response_rate_difference,Difference in Percentage,14.5,95.0,7.7,21.3,2,=,0.0008,0.0008,Cochran-Mantel-Haenszel,
NCT03575871,Abrocitinib,JADE Mono-2,secondary,12,cdd3f1b2fbe18b1a7c544fc0f7d5b5737fb720f5,8w,OG001,OG002,superiority,response_rate_difference,Difference in Percentage,25.8,95.0,18.1,33.4,2,<,0.0001,<0.0001,Cochran-Mantel-Haenszel,
NCT03575871,Abrocitinib,JADE Mono-2,secondary,12,cdd3f1b2fbe18b1a7c544fc0f7d5b5737fb720f5,12w,OG000,OG002,superiority,response_rate_difference,Difference in Percentage,18.5,95.0,10.5,26.5,2,=,0.0003,0.0003,Cochran-Mantel-Haenszel,
NCT03575871,Abrocitinib,JADE Mono-2,secondary,12,cdd3f1b2fbe18b1a7c544fc0f7d5b5737fb720f5,12w,OG001,OG002,superiority,response_rate_difference,Difference in Percentage,30.2,95.0,21.4,39.0,2,<,0.0001,<0.0001,Cochran-Mantel-Haenszel,
NCT03575871,Abrocitinib,JADE Mono-2,secondary,13,dffe74fcecfcd95024faf9d31079dda73640894f,2w,OG000,OG002,superiority,response_rate_difference,Difference in Percentage,12.7,95.0,6.5,18.9,2,=,0.0011,0.0011,Cochran-Mantel-Haenszel,
NCT03575871,Abrocitinib,JADE Mono-2,secondary,13,dffe74fcecfcd95024faf9d31079dda73640894f,2w,OG001,OG002,superiority,response_rate_difference,Difference in Percentage,32.6,95.0,24.6,40.6,2,<,0.0001,<0.0001,Cochran-Mantel-Haenszel,
NCT03575871,Abrocitinib,JADE Mono-2,secondary,13,dffe74fcecfcd95024faf9d31079dda73640894f,4w,OG000,OG002,superiority,response_rate_difference,Difference in Percentage,28.3,95.0,18.5,38.2,2,<,0.0001,<0.0001,Cochran-Mantel-Haenszel,
NCT03575871,Abrocitinib,JADE Mono-2,secondary,13,dffe74fcecfcd95024faf9d31079dda73640894f,4w,OG001,OG002,superiority,response_rate_difference,Difference in Percentage,52.8,95.0,43.2,62.5,2,<,0.0001,<0.0001,Cochran-Mantel-Haenszel,
NCT03575871,Abrocitinib,JADE Mono-2,secondary,13,dffe74fcecfcd95024faf9d31079dda73640894f,8w,OG000,OG002,superiority,response_rate_difference,Difference in Percentage,28.0,95.0,17.0,39.0,2,<,0.0001,<0.0001,Cochran-Mantel-Haenszel,
NCT03575871,Abrocitinib,JADE Mono-2,secondary,13,dffe74fcecfcd95024faf9d31079dda73640894f,8w,OG001,OG002,superiority,response_rate_difference,Difference in Percentage,46.1,95.0,35.2,57.1,2,<,0.0001,<0.0001,Cochran-Mantel-Haenszel,
NCT03575871,Abrocitinib,JADE Mono-2,secondary,13,dffe74fcecfcd95024faf9d31079dda73640894f,12w,OG000,OG002,superiority,response_rate_difference,Difference in Percentage,36.2,95.0,25.4,47.1,2,<,0.0001,<0.0001,Cochran-Mantel-Haenszel,
NCT03575871,Abrocitinib,JADE Mono-2,secondary,13,dffe74fcecfcd95024faf9d31079dda73640894f,12w,OG001,OG002,superiority,response_rate_difference,Difference in Percentage,49.6,95.0,38.9,60.3,2,<,0.0001,<0.0001,Cochran-Mantel-Haenszel,
NCT03575871,Abrocitinib,JADE Mono-2,secondary,14,1dbdfadfb8f51abce78786bf1f3f3d03eece9718,2w,OG000,OG002,superiority,response_rate_difference,Difference in Percentage,1.9,95.0,-2.2,6.0,2,=,0.2261,0.2261,Cochran-Mantel-Haenszel,
NCT03575871,Abrocitinib,JADE Mono-2,secondary,14,1dbdfadfb8f51abce78786bf1f3f3d03eece9718,2w,OG001,OG002,superiority,response_rate_difference,Difference in Percentage,5.2,95.0,0.3,10.0,2,=,0.0451,0.0451,Cochran-Mantel-Haenszel,
NCT03575871,Abrocitinib,JADE Mono-2,secondary,14,1dbdfadfb8f51abce78786bf1f3f3d03eece9718,4w,OG000,OG002,superiority,response_rate_difference,Difference in Percentage,7.0,95.0,1.8,12.3,2,=,0.0171,0.0171,Cochran-Mantel-Haenszel,
NCT03575871,Abrocitinib,JADE Mono-2,secondary,14,1dbdfadfb8f51abce78786bf1f3f3d03eece9718,4w,OG001,OG002,superiority,response_rate_difference,Difference in Percentage,17.7,95.0,10.9,24.5,2,<,0.0001,<0.0001,Cochran-Mantel-Haenszel,
NCT03575871,Abrocitinib,JADE Mono-2,secondary,14,1dbdfadfb8f51abce78786bf1f3f3d03eece9718,8w,OG000,OG002,superiority,response_rate_difference,Difference in Percentage,11.5,95.0,5.5,17.5,2,=,0.0018,0.0018,Cochran-Mantel-Haenszel,
NCT03575871,Abrocitinib,JADE Mono-2,secondary,14,1dbdfadfb8f51abce78786bf1f3f3d03eece9718,8w,OG001,OG002,superiority,response_rate_difference,Difference in Percentage,25.7,95.0,18.3,33.1,2,<,0.0001,<0.0001,Cochran-Mantel-Haenszel,
NCT03575871,Abrocitinib,JADE Mono-2,secondary,14,1dbdfadfb8f51abce78786bf1f3f3d03eece9718,12w,OG000,OG002,superiority,response_rate_difference,Difference in Percentage,16.2,95.0,8.8,23.6,2,=,0.0005,0.0005,Cochran-Mantel-Haenszel,
NCT03575871,Abrocitinib,JADE Mono-2,secondary,14,1dbdfadfb8f51abce78786bf1f3f3d03eece9718,12w,OG001,OG002,superiority,response_rate_difference,Difference in Percentage,27.6,95.0,19.3,35.8,2,<,0.0001,<0.0001,Cochran-Mantel-Haenszel,
NCT03575871,Abrocitinib,JADE Mono-2,secondary,15,e2be9ba20e3977dc5d0ee63f9e293420cf0f689d,2w,OG000,OG002,superiority,ls_mean_difference,Difference in LS mean,-1.7,95.0,-2.3,-1.1,2,<,0.0001,<0.0001,Mixed Models Analysis,
NCT03575871,Abrocitinib,JADE Mono-2,secondary,15,e2be9ba20e3977dc5d0ee63f9e293420cf0f689d,2w,OG001,OG002,superiority,ls_mean_difference,Difference in LS mean,-2.9,95.0,-3.5,-2.3,2,<,0.0001,<0.0001,Mixed Models Analysis,
NCT03575871,Abrocitinib,JADE Mono-2,secondary,15,e2be9ba20e3977dc5d0ee63f9e293420cf0f689d,4w,OG000,OG002,superiority,ls_mean_difference,Difference in LS mean,-1.9,95.0,-2.6,-1.3,2,<,0.0001,<0.0001,Mixed Models Analysis,
NCT03575871,Abrocitinib,JADE Mono-2,secondary,15,e2be9ba20e3977dc5d0ee63f9e293420cf0f689d,4w,OG001,OG002,superiority,ls_mean_difference,Difference in LS mean,-3.1,95.0,-3.8,-2.5,2,<,0.0001,<0.0001,Mixed Models Analysis,
NCT03575871,Abrocitinib,JADE Mono-2,secondary,15,e2be9ba20e3977dc5d0ee63f9e293420cf0f689d,8w,OG000,OG002,superiority,ls_mean_difference,Difference in LS mean,-1.6,95.0,-2.3,-0.9,2,<,0.0001,<0.0001,Mixed Models Analysis,
NCT03575871,Abrocitinib,JADE Mono-2,secondary,15,e2be9ba20e3977dc5d0ee63f9e293420cf0f689d,8w,OG001,OG002,superiority,ls_mean_difference,Difference in LS mean,-2.6,95.0,-3.3,-1.9,2,<,0.0001,<0.0001,Mixed Models Analysis,
NCT03575871,Abrocitinib,JADE Mono-2,secondary,15,e2be9ba20e3977dc5d0ee63f9e293420cf0f689d,12w,OG000,OG002,superiority,ls_mean_difference,Difference in LS mean,-1.4,95.0,-2.2,-0.6,2,=,0.0006,0.0006,Mixed Models Analysis,
NCT03575871,Abrocitinib,JADE Mono-2,secondary,15,e2be9ba20e3977dc5d0ee63f9e293420cf0f689d,12w,OG001,OG002,superiority,ls_mean_difference,Difference in LS mean,-2.2,95.0,-3.0,-1.4,2,<,0.0001,<0.0001,Mixed Models Analysis,
NCT03575871,Abrocitinib,JADE Mono-2,secondary,16,a6d93ee02662c83aca9de27da31c6e5a63e2a6ce,2w,OG000,OG002,superiority,ls_mean_difference,Difference in LS mean,-1.4,95.0,-2.0,-0.8,2,<,0.0001,<0.0001,Mixed Models Analysis,
NCT03575871,Abrocitinib,JADE Mono-2,secondary,16,a6d93ee02662c83aca9de27da31c6e5a63e2a6ce,2w,OG001,OG002,superiority,ls_mean_difference,Difference in LS mean,-2.4,95.0,-3.0,-1.8,2,<,0.0001,<0.0001,Mixed Models Analysis,
NCT03575871,Abrocitinib,JADE Mono-2,secondary,16,a6d93ee02662c83aca9de27da31c6e5a63e2a6ce,4w,OG000,OG002,superiority,ls_mean_difference,Difference in LS mean,-1.8,95.0,-2.4,-1.2,2,<,0.0001,<0.0001,Mixed Models Analysis,
NCT03575871,Abrocitinib,JADE Mono-2,secondary,16,a6d93ee02662c83aca9de27da31c6e5a63e2a6ce,4w,OG001,OG002,superiority,ls_mean_difference,Difference in LS mean,-3.0,95.0,-3.6,-2.3,2,<,0.0001,<0.0001,Mixed Models Analysis,
NCT03575871,Abrocitinib,JADE Mono-2,secondary,16,a6d93ee02662c83aca9de27da31c6e5a63e2a6ce,8w,OG000,OG002,superiority,ls_mean_difference,Difference in LS mean,-1.6,95.0,-2.3,-0.9,2,<,0.0001,<0.0001,Mixed Models Analysis,
NCT03575871,Abrocitinib,JADE Mono-2,secondary,16,a6d93ee02662c83aca9de27da31c6e5a63e2a6ce,8w,OG001,OG002,superiority,ls_mean_difference,Difference in LS mean,-2.4,95.0,-3.1,-1.7,2,<,0.0001,<0.0001,Mixed Models Analysis,
NCT03575871,Abrocitinib,JADE Mono-2,secondary,16,a6d93ee02662c83aca9de27da31c6e5a63e2a6ce,12w,OG000,OG002,superiority,ls_mean_difference,Difference in LS mean,-0.9,95.0,-1.7,-0.2,2,=,0.0164,0.0164,Mixed Models Analysis,
NCT03575871,Abrocitinib,JADE Mono-2,secondary,16,a6d93ee02662c83aca9de27da31c6e5a63e2a6ce,12w,OG001,OG002,superiority,ls_mean_difference,Difference in LS mean,-1.7,95.0,-2.5,-1.0,2,<,0.0001,<0.0001,Mixed Models Analysis,
NCT03575871,Abrocitinib,JADE Mono-2,secondary,17,953597aed01ca51eda6d5e26340aa1280b146bcf,2w,OG000,OG002,superiority,ls_mean_difference,Difference in LS mean,-20.9,95.0,-26.6,-15.1,2,<,0.0001,<0.0001,Mixed Models Analysis,
NCT03575871,Abrocitinib,JADE Mono-2,secondary,17,953597aed01ca51eda6d5e26340aa1280b146bcf,2w,OG001,OG002,superiority,ls_mean_difference,Difference in LS mean,-32.1,95.0,-37.9,-26.4,2,<,0.0001,<0.0001,Mixed Models Analysis,
NCT03575871,Abrocitinib,JADE Mono-2,secondary,17,953597aed01ca51eda6d5e26340aa1280b146bcf,4w,OG000,OG002,superiority,ls_mean_difference,Difference in LS mean,-21.6,95.0,-28.1,-15.2,2,<,0.0001,<0.0001,Mixed Models Analysis,
NCT03575871,Abrocitinib,JADE Mono-2,secondary,17,953597aed01ca51eda6d5e26340aa1280b146bcf,4w,OG001,OG002,superiority,ls_mean_difference,Difference in LS mean,-35.9,95.0,-42.3,-29.4,2,<,0.0001,<0.0001,Mixed Models Analysis,
NCT03575871,Abrocitinib,JADE Mono-2,secondary,17,953597aed01ca51eda6d5e26340aa1280b146bcf,8w,OG000,OG002,superiority,ls_mean_difference,Difference in LS mean,-19.4,95.0,-26.8,-12.1,2,<,0.0001,<0.0001,Mixed Models Analysis,
NCT03575871,Abrocitinib,JADE Mono-2,secondary,17,953597aed01ca51eda6d5e26340aa1280b146bcf,8w,OG001,OG002,superiority,ls_mean_difference,Difference in LS mean,-33.6,95.0,-41.0,-26.3,2,<,0.0001,<0.0001,Mixed Models Analysis,
NCT03575871,Abrocitinib,JADE Mono-2,secondary,17,953597aed01ca51eda6d5e26340aa1280b146bcf,12w,OG000,OG002,superiority,ls_mean_difference,Difference in LS mean,-23.1,95.0,-32.3,-13.9,2,<,0.0001,<0.0001,Mixed Models Analysis,
NCT03575871,Abrocitinib,JADE Mono-2,secondary,17,953597aed01ca51eda6d5e26340aa1280b146bcf,12w,OG001,OG002,superiority,ls_mean_difference,Difference in LS mean,-33.4,95.0,-42.6,-24.3,2,<,0.0001,<0.0001,Mixed Models Analysis,
NCT03607422,Upadacitinib,,primary,1,65e52af13df57c9b621f0ffabda489f05514044a,16w,OG000,OG002,superiority,response_rate_difference,Adjusted Response Rate Difference,59.6,95.0,53.1,66.2,2,<,0.001,<0.001,Cochran-Mantel-Haenszel,
NCT03607422,Upadacitinib,,primary,1,65e52af13df57c9b621f0ffabda489f05514044a,16w,OG000,OG001,superiority,response_rate_difference,Adjusted Response Rate Difference,46.9,95.0,39.9,53.9,2,<,0.001,<0.001,Cochran-Mantel-Haenszel,
NCT03607422,Upadacitinib,,primary,2,abe0fed6740c81fa5fcc3948722b2a301f451159,16w,OG000,OG002,superiority,response_rate_difference,Adjusted Response Rate Difference,47.4,95.0,41.0,53.7,2,<,0.001,<0.001,Cochran-Mantel-Haenszel,
NCT03607422,Upadacitinib,,primary,2,abe0fed6740c81fa5fcc3948722b2a301f451159,16w,OG000,OG001,superiority,response_rate_difference,Adjusted Response Rate Difference,34.0,95.0,27.8,40.2,2,<,0.001,<0.001,Cochran-Mantel-Haenszel,
NCT03607422,Upadacitinib,,secondary,1,6916c10aac045c940515f920708ef0c9c000a9a2,16w,OG000,OG002,superiority,response_rate_difference,Adjusted Response Rate Difference,50.4,95.0,43.8,57.1,2,<,0.001,<0.001,Cochran-Mantel-Haenszel,
NCT03607422,Upadacitinib,,secondary,1,6916c10aac045c940515f920708ef0c9c000a9a2,16w,OG000,OG001,superiority,response_rate_difference,Adjusted Response Rate Difference,32.6,95.0,25.8,39.4,2,<,0.001,<0.001,Cochran-Mantel-Haenszel,
NCT03607422,Upadacitinib,,secondary,2,5513c00e57ee8105e80aac191052216b8dde1708,16w,OG000,OG002,superiority,response_rate_difference,Adjusted Response Rate Difference,53.1,95.0,46.7,59.4,2,<,0.001,<0.001,Cochran-Mantel-Haenszel,
NCT03607422,Upadacitinib,,secondary,2,5513c00e57ee8105e80aac191052216b8dde1708,16w,OG000,OG001,superiority,response_rate_difference,Adjusted Response Rate Difference,36.9,95.0,30.6,43.3,2,<,0.001,<0.001,Cochran-Mantel-Haenszel,
NCT03607422,Upadacitinib,,secondary,3,3b1d8d8b00911650cf1b1d4ea7991b18ba0d2cdb,4w,OG000,OG002,superiority,response_rate_difference,Adjusted Response Rate Difference,57.0,95.0,50.9,63.0,2,<,0.001,<0.001,Cochran-Mantel-Haenszel,
NCT03607422,Upadacitinib,,secondary,3,3b1d8d8b00911650cf1b1d4ea7991b18ba0d2cdb,4w,OG000,OG001,superiority,response_rate_difference,Adjusted Response Rate Difference,45.2,95.0,38.9,51.4,2,<,0.001,<0.001,Cochran-Mantel-Haenszel,
NCT03607422,Upadacitinib,,secondary,4,f0cb219301aafa5b133b604c327530c730cf119c,2w,OG000,OG002,superiority,response_rate_difference,Adjusted Response Rate Difference,40.4,95.0,34.2,46.5,2,<,0.001,<0.001,Cochran-Mantel-Haenszel,
NCT03607422,Upadacitinib,,secondary,4,f0cb219301aafa5b133b604c327530c730cf119c,2w,OG000,OG001,superiority,response_rate_difference,Adjusted Response Rate Difference,29.4,95.0,23.5,35.3,2,<,0.001,<0.001,Cochran-Mantel-Haenszel,
NCT03607422,Upadacitinib,,secondary,5,4dfb099482d68f779518f1024908bfb2278a636c,1w,OG000,OG002,superiority,response_rate_difference,Adjusted Response Rate Difference,14.9,95.0,10.6,19.3,2,<,0.001,<0.001,Cochran-Mantel-Haenszel,
NCT03607422,Upadacitinib,,secondary,5,4dfb099482d68f779518f1024908bfb2278a636c,1w,OG000,OG001,superiority,response_rate_difference,Adjusted Response Rate Difference,6.7,95.0,3.4,10.0,2,<,0.001,<0.001,Cochran-Mantel-Haenszel,
NCT03607422,Upadacitinib,,secondary,6,d5150fbfe99cf8e71f6e02150bc333fffaf308f8,2d,OG000,OG002,superiority,response_rate_difference,Adjusted Response Rate Difference,7.2,95.0,3.8,10.5,2,<,0.001,<0.001,Cochran-Mantel-Haenszel,
NCT03607422,Upadacitinib,,secondary,7,115187936d0a4ee7b889b0ee4f0168dc05c722a0,3d,OG000,OG001,superiority,response_rate_difference,Adjusted Response Rate Difference,8.6,95.0,4.3,12.9,2,<,0.001,<0.001,Cochran-Mantel-Haenszel,
NCT03607422,Upadacitinib,,secondary,8,dac16f42103493ab1baa9a4053d452d709a3e881,,OG000,OG002,superiority,response_rate_difference,Adjusted Response Rate Difference,-23.1,95.0,-28.4,-17.8,2,<,0.001,<0.001,Cochran-Mantel-Haenszel,
NCT03607422,Upadacitinib,,secondary,8,dac16f42103493ab1baa9a4053d452d709a3e881,,OG000,OG001,superiority,response_rate_difference,Adjusted Response Rate Difference,-22.4,95.0,-27.8,-16.9,2,<,0.001,<0.001,Cochran-Mantel-Haenszel,
NCT03607422,Upadacitinib,,secondary,9,e5b26c30693c60c8fa124e4ec8166bba52fcdf5d,16w,OG000,OG002,superiority,response_rate_difference,Adjusted Response Rate Difference,49.8,95.0,42.2,57.3,2,<,0.001,<0.001,Cochran-Mantel-Haenszel,
NCT03607422,Upadacitinib,,secondary,9,e5b26c30693c60c8fa124e4ec8166bba52fcdf5d,16w,OG000,OG001,superiority,response_rate_difference,Adjusted Response Rate Difference,37.9,95.0,30.1,45.8,2,<,0.001,<0.001,Cochran-Mantel-Haenszel,
NCT03607422,Upadacitinib,,secondary,10,c6a31a168fd10cc67e2228ac2976d76baa5c56fa,16w,OG000,OG002,superiority,response_rate_difference,Adjusted Response Rate Difference,51.8,95.0,44.4,59.1,2,<,0.001,<0.001,Cochran-Mantel-Haenszel,
NCT03607422,Upadacitinib,,secondary,10,c6a31a168fd10cc67e2228ac2976d76baa5c56fa,16w,OG000,OG001,superiority,response_rate_difference,Adjusted Response Rate Difference,35.9,95.0,28.2,43.5,2,<,0.001,<0.001,Cochran-Mantel-Haenszel,
NCT03607422,Upadacitinib,,secondary,11,5c273a27ebe12e937bc617637542fcf339e16476,16w,OG000,OG002,superiority,response_rate_difference,Adjusted Response Rate Difference,53.3,95.0,46.0,60.6,2,<,0.001,<0.001,Cochran-Mantel-Haenszel,
NCT03607422,Upadacitinib,,secondary,11,5c273a27ebe12e937bc617637542fcf339e16476,16w,OG000,OG001,superiority,response_rate_difference,Adjusted Response Rate Difference,40.3,95.0,32.7,48.0,2,<,0.001,<0.001,Cochran-Mantel-Haenszel,
NCT03607422,Upadacitinib,,secondary,12,5690ac95673c373879d7ceec8ecfa555695253dc,16w,OG000,OG002,superiority,response_rate_difference,Adjusted Response Rate Difference,54.8,95.0,47.2,62.3,2,<,0.001,<0.001,Cochran-Mantel-Haenszel,
NCT03607422,Upadacitinib,,secondary,12,5690ac95673c373879d7ceec8ecfa555695253dc,16w,OG000,OG001,superiority,response_rate_difference,Adjusted Response Rate Difference,40.3,95.0,32.3,48.3,2,<,0.001,<0.001,Cochran-Mantel-Haenszel,
NCT03607422,Upadacitinib,,secondary,13,0ad16c69ca5dfdad7de573c85ae7be6f506aa1da,16w,OG000,OG002,superiority,response_rate_difference,Adjusted Response Rate Difference,50.6,95.0,42.8,58.5,2,<,0.001,<0.001,Cochran-Mantel-Haenszel,
NCT03607422,Upadacitinib,,secondary,13,0ad16c69ca5dfdad7de573c85ae7be6f506aa1da,16w,OG000,OG001,superiority,response_rate_difference,Adjusted Response Rate Difference,37.9,95.0,29.5,46.3,2,<,0.001,<0.001,Cochran-Mantel-Haenszel,
NCT03607422,Upadacitinib,,secondary,14,c337a5b7a89880738d6a153a8a3805cd831cfd86,16w,OG000,OG002,superiority,response_rate_difference,Adjusted Response Rate Difference,18.1,95.0,13.5,22.7,2,<,0.0001,<0.0001,Cochran-Mantel-Haenszel,
NCT03607422,Upadacitinib,,secondary,14,c337a5b7a89880738d6a153a8a3805cd831cfd86,16w,OG000,OG001,superiority,response_rate_difference,Adjusted Response Rate Difference,13.4,95.0,9.2,17.6,2,<,0.001,<0.001,Cochran-Mantel-Haenszel,
NCT03607422,Upadacitinib,,secondary,15,f9a58fd8075f17a4a4b6e181d7e733297df4fa30,16w,OG000,OG002,superiority,ls_mean_difference,Least Squares (LS) Mean Difference,-49.45,95.0,-56.05,-42.84,2,<,0.001,<0.001,Mixed Effect Model Repeated Measurement,
NCT03607422,Upadacitinib,,secondary,15,f9a58fd8075f17a4a4b6e181d7e733297df4fa30,16w,OG000,OG001,superiority,ls_mean_difference,LS Mean Difference,-34.16,95.0,-40.81,-27.51,2,<,0.001,<0.001,Mixed Effect Model Repeated Measurement,
NCT03607422,Upadacitinib,,secondary,16,8e91a5c68f921dea8bb0b91d22b68ada0f03ed75,16w,OG000,OG002,superiority,ls_mean_difference,LS Mean Difference,-50.14,95.0,-56.28,-44.0,2,<,0.001,<0.001,Mixed Effect Model Repeated Measurement,
NCT03607422,Upadacitinib,,secondary,16,8e91a5c68f921dea8bb0b91d22b68ada0f03ed75,16w,OG000,OG001,superiority,ls_mean_difference,LS Mean Difference,-39.62,95.0,-45.79,-33.46,2,<,0.001,<0.001,Mixed Effect Model Repeated Measurement,
NCT03607422,Upadacitinib,,secondary,17,40b6ba8264e1fd19e41183772bf4bad334783c61,16w,OG000,OG002,superiority,response_rate_difference,Adjusted Response Rate Difference,54.7,95.0,47.7,61.7,2,<,0.001,<0.001,Cochran-Mantel-Haenszel,
NCT03607422,Upadacitinib,,secondary,17,40b6ba8264e1fd19e41183772bf4bad334783c61,16w,OG000,OG001,superiority,response_rate_difference,Adjusted Response Rate Difference,42.1,95.0,34.5,49.8,2,<,0.001,<0.001,Cochran-Mantel-Haenszel,
NCT03607422,Upadacitinib,,secondary,18,788d82c5e0a2806578eff08f92e6bc2c03ee3e88,16w,OG000,OG002,superiority,response_rate_difference,Adjusted Response Rate Difference,49.0,95.0,41.4,56.5,2,<,0.001,<0.001,Cochran-Mantel-Haenszel,
NCT03607422,Upadacitinib,,secondary,18,788d82c5e0a2806578eff08f92e6bc2c03ee3e88,16w,OG000,OG001,superiority,response_rate_difference,Adjusted Response Rate Difference,42.8,95.0,35.0,50.6,2,=,0.002,0.002,Cochran-Mantel-Haenszel,
NCT03607422,Upadacitinib,,secondary,19,2b440b9ae530e29589ba897c2090b7edb183da20,16w,OG000,OG002,superiority,ls_mean_difference,LS Mean Difference,-40.01,95.0,-45.8,-34.22,2,<,0.001,<0.001,Mixed Effect Model Repeated Measurement,
NCT03607422,Upadacitinib,,secondary,19,2b440b9ae530e29589ba897c2090b7edb183da20,16w,OG000,OG001,superiority,ls_mean_difference,LS Mean Difference,-29.47,95.0,-35.24,-23.69,2,<,0.001,<0.001,Mixed Effect Model Repeated Measurement,
NCT03607422,Upadacitinib,,secondary,20,6b74ec787d410712ec36d420b864b4e19eabfaed,16w,OG000,OG002,superiority,response_rate_difference,Adjusted Response Rate Difference,44.5,95.0,35.0,54.1,2,<,0.001,<0.001,Cochran-Mantel-Haenszel,
NCT03607422,Upadacitinib,,secondary,20,6b74ec787d410712ec36d420b864b4e19eabfaed,16w,OG000,OG001,superiority,response_rate_difference,Adjusted Response Rate Difference,34.4,95.0,24.7,44.2,2,<,0.001,<0.001,Cochran-Mantel-Haenszel,
NCT03607422,Upadacitinib,,secondary,21,365d137a0ec41c21a89c40d65a94aedc8e571178,16w,OG000,OG002,superiority,response_rate_difference,Adjusted Response Rate Difference,33.3,95.0,26.9,39.8,2,<,0.001,<0.001,Cochran-Mantel-Haenszel,
NCT03607422,Upadacitinib,,secondary,21,365d137a0ec41c21a89c40d65a94aedc8e571178,16w,OG000,OG001,superiority,response_rate_difference,Adjusted Response Rate Difference,19.1,95.0,13.3,24.9,2,<,0.001,<0.001,Cochran-Mantel-Haenszel,
NCT03607422,Upadacitinib,,secondary,22,85aadf8782c13edb3cde7558afd643beb5d375ea,16w,OG000,OG002,superiority,response_rate_difference,Adjusted Response Rate Difference,59.9,95.0,45.9,73.8,2,<,0.001,<0.001,Cochran-Mantel-Haenszel,
NCT03607422,Upadacitinib,,secondary,22,85aadf8782c13edb3cde7558afd643beb5d375ea,16w,OG000,OG001,superiority,response_rate_difference,Adjusted Response Rate Difference,55.8,95.0,41.1,70.4,2,<,0.001,<0.001,Cochran-Mantel-Haenszel,
NCT03607422,Upadacitinib,,secondary,23,a711180f610eb53c5abf6648619e58654ea6a733,16w,OG000,OG002,superiority,response_rate_difference,Adjusted Response Rate Difference,53.9,95.0,40.6,67.3,2,<,0.001,<0.001,Cochran-Mantel-Haenszel,
NCT03607422,Upadacitinib,,secondary,23,a711180f610eb53c5abf6648619e58654ea6a733,16w,OG000,OG001,superiority,response_rate_difference,Adjusted Response Rate Difference,39.4,95.0,25.7,53.1,2,<,0.001,<0.001,Cochran-Mantel-Haenszel,
NCT03607422,Upadacitinib,,secondary,24,4c2dabcf358b7db13f5d4a21328da0da0613d592,16w,OG000,OG002,superiority,response_rate_difference,Adjusted Response Rate Difference,53.1,95.0,40.0,66.1,2,<,0.001,<0.001,Cochran-Mantel-Haenszel,
NCT03607422,Upadacitinib,,secondary,24,4c2dabcf358b7db13f5d4a21328da0da0613d592,16w,OG000,OG001,superiority,response_rate_difference,Adjusted Response Rate Difference,35.0,95.0,21.8,48.2,2,<,0.001,<0.001,Cochran-Mantel-Haenszel,
NCT03607422,Upadacitinib,,secondary,25,b55a144375511fd70696a83375ba2c57372e43ab,16w,OG000,OG002,superiority,response_rate_difference,Adjusted Response Rate Difference,60.2,95.0,47.5,72.9,2,<,0.001,<0.001,Cochran-Mantel-Haenszel,
NCT03607422,Upadacitinib,,secondary,25,b55a144375511fd70696a83375ba2c57372e43ab,16w,OG000,OG001,superiority,response_rate_difference,Adjusted Response Rate Difference,46.7,95.0,33.4,59.9,2,<,0.001,<0.001,Cochran-Mantel-Haenszel,
NCT03607422,Upadacitinib,,secondary,26,dbc5cc04c3f53c7ca2f70a43a33b9025ff8e68e0,4w,OG000,OG002,superiority,response_rate_difference,Adjusted Response Rate Difference,46.4,95.0,33.2,59.6,2,<,0.001,<0.001,Cochran-Mantel-Haenszel,
NCT03607422,Upadacitinib,,secondary,26,dbc5cc04c3f53c7ca2f70a43a33b9025ff8e68e0,4w,OG000,OG001,superiority,response_rate_difference,Adjusted Response Rate Difference,34.9,95.0,21.4,48.4,2,<,0.001,<0.001,Cochran-Mantel-Haenszel,
NCT03607422,Upadacitinib,,secondary,27,9e8e4a15521140f4f71eb1699b372e35ef1d8fa1,2w,OG000,OG002,superiority,response_rate_difference,Adjusted Response Rate Difference,46.2,95.0,32.4,60.0,2,<,0.001,<0.001,Cochran-Mantel-Haenszel,
NCT03607422,Upadacitinib,,secondary,27,9e8e4a15521140f4f71eb1699b372e35ef1d8fa1,2w,OG000,OG001,superiority,response_rate_difference,Adjusted Response Rate Difference,31.3,95.0,17.3,45.3,2,<,0.001,<0.001,Cochran-Mantel-Haenszel,
NCT03607422,Upadacitinib,,secondary,28,7c4a6c85c5c2533b04a5a3791ea7db000a152d8c,1w,OG000,OG002,superiority,response_rate_difference,Adjusted Response Rate Difference,5.0,95.0,-0.5,10.6,2,=,0.075,0.075,Cochran-Mantel-Haenszel,
NCT03607422,Upadacitinib,,secondary,28,7c4a6c85c5c2533b04a5a3791ea7db000a152d8c,1w,OG000,OG001,superiority,response_rate_difference,Adjusted Response Rate Difference,12.7,95.0,3.9,21.5,2,=,0.005,0.005,Cochran-Mantel-Haenszel,
NCT03607422,Upadacitinib,,secondary,29,dbd99ec694a8eb8353da75ea6f5c02d1c6ca4584,2d,OG000,OG002,superiority,response_rate_difference,Adjusted Response Rate Difference,3.2,95.0,-1.2,7.6,2,=,0.151,0.151,Cochran-Mantel-Haenszel,
NCT03607422,Upadacitinib,,secondary,30,d148e58628cb73a0b15ea4c7ae41fdfae2dbc839,3d,OG000,OG001,superiority,response_rate_difference,Adjusted Response Rate Difference,12.9,95.0,3.4,22.3,2,=,0.008,0.008,Cochran-Mantel-Haenszel,
NCT03607422,Upadacitinib,,secondary,31,8601d206ae40a8df74c566c51fa52fa5bf55b05a,,OG000,OG002,superiority,response_rate_difference,Adjusted Response Rate Difference,-18.0,95.0,-28.0,-8.0,2,<,0.001,<0.001,Cochran-Mantel-Haenszel,
NCT03607422,Upadacitinib,,secondary,31,8601d206ae40a8df74c566c51fa52fa5bf55b05a,,OG000,OG001,superiority,response_rate_difference,Adjusted Response Rate Difference,-17.9,95.0,-28.1,-7.7,2,=,0.001,0.001,Cochran-Mantel-Haenszel,
NCT03607422,Upadacitinib,,secondary,32,65de82626a5798a47a1eea99122823527320c75d,16w,OG000,OG002,superiority,response_rate_difference,Adjusted Response Rate Difference,51.5,95.0,34.8,68.3,2,<,0.001,<0.001,Cochran-Mantel-Haenszel,
NCT03607422,Upadacitinib,,secondary,32,65de82626a5798a47a1eea99122823527320c75d,16w,OG000,OG001,superiority,response_rate_difference,Adjusted Response Rate Difference,29.2,95.0,11.8,46.6,2,=,0.001,0.001,Cochran-Mantel-Haenszel,
NCT03607422,Upadacitinib,,secondary,33,f34214b4c0744264b15f8915b15bf86029f8733e,16w,OG000,OG002,superiority,response_rate_difference,Adjusted Response Rate Difference,53.2,95.0,38.4,68.0,2,<,0.001,<0.001,Cochran-Mantel-Haenszel,
NCT03607422,Upadacitinib,,secondary,33,f34214b4c0744264b15f8915b15bf86029f8733e,16w,OG000,OG001,superiority,response_rate_difference,Adjusted Response Rate Difference,31.8,95.0,16.5,47.1,2,<,0.001,<0.001,Cochran-Mantel-Haenszel,
NCT03607422,Upadacitinib,,secondary,34,64c675963a34aecec31da9ab352b5c6d6f8f45d4,16w,OG000,OG002,superiority,response_rate_difference,Adjusted Response Rate Difference,48.9,95.0,33.8,64.1,2,<,0.001,<0.001,Cochran-Mantel-Haenszel,
NCT03607422,Upadacitinib,,secondary,34,64c675963a34aecec31da9ab352b5c6d6f8f45d4,16w,OG000,OG001,superiority,response_rate_difference,Adjusted Response Rate Difference,37.3,95.0,21.1,53.6,2,<,0.001,<0.001,Cochran-Mantel-Haenszel,
NCT03607422,Upadacitinib,,secondary,35,e973b68e35d5f13da5648ad5a81c8359607098d7,16w,OG000,OG002,superiority,response_rate_difference,Adjusted Response Rate Difference,53.8,95.0,37.4,70.2,2,<,0.001,<0.001,Cochran-Mantel-Haenszel,
NCT03607422,Upadacitinib,,secondary,35,e973b68e35d5f13da5648ad5a81c8359607098d7,16w,OG000,OG001,superiority,response_rate_difference,Adjusted Response Rate Difference,42.0,95.0,24.3,59.7,2,<,0.001,<0.001,Cochran-Mantel-Haenszel,
NCT03607422,Upadacitinib,,secondary,36,2bf6bc834adaa9c5497f74b7ec5f1649a2b18c57,16w,OG000,OG002,superiority,response_rate_difference,Adjusted Response Rate Difference,45.3,95.0,28.0,62.7,2,<,0.001,<0.001,Cochran-Mantel-Haenszel,
NCT03607422,Upadacitinib,,secondary,36,2bf6bc834adaa9c5497f74b7ec5f1649a2b18c57,16w,OG000,OG001,superiority,response_rate_difference,Adjusted Response Rate Difference,29.8,95.0,10.7,48.8,2,=,0.002,0.002,Cochran-Mantel-Haenszel,
NCT03607422,Upadacitinib,,secondary,37,08a4f29bf5ea01eb6b748e95aa45aa85586dec33,16w,OG000,OG002,superiority,response_rate_difference,Adjusted Response Rate Difference,17.1,95.0,7.5,26.7,2,<,0.001,<0.001,Cochran-Mantel-Haenszel,
NCT03607422,Upadacitinib,,secondary,37,08a4f29bf5ea01eb6b748e95aa45aa85586dec33,16w,OG000,OG001,superiority,response_rate_difference,Adjusted Response Rate Difference,13.7,95.0,3.9,23.5,2,=,0.006,0.006,Cochran-Mantel-Haenszel,
NCT03607422,Upadacitinib,,secondary,38,46ce769f494e644f8477744fdbda0db12102281f,16w,OG000,OG002,superiority,ls_mean_difference,LS Mean Difference,-55.93,95.0,-70.32,-41.55,2,<,0.001,<0.001,Mixed Effect Model Repeated Measurement,
NCT03607422,Upadacitinib,,secondary,38,46ce769f494e644f8477744fdbda0db12102281f,16w,OG000,OG001,superiority,ls_mean_difference,LS Mean Difference,-36.54,95.0,-51.12,-21.96,2,<,0.001,<0.001,Mixed Effect Model Repeated Measurement,
NCT03607422,Upadacitinib,,secondary,39,afef3e721a44cab51893678c488775470e1963c3,16w,OG000,OG002,superiority,ls_mean_difference,LS Mean Difference,-42.62,95.0,-55.34,-29.9,2,<,0.001,<0.001,Mixed Effect Model Repeated Measurement,
NCT03607422,Upadacitinib,,secondary,39,afef3e721a44cab51893678c488775470e1963c3,16w,OG000,OG001,superiority,ls_mean_difference,LS Mean Difference,-35.66,95.0,-48.41,-22.9,2,<,0.001,<0.001,Mixed Effect Model Repeated Measurement,
NCT03607422,Upadacitinib,,secondary,40,db8ef5b9c73920971286e82db9ad6ce7610efcd0,16w,OG000,OG002,superiority,response_rate_difference,Adjusted Response Rate Difference,52.5,95.0,36.9,68.1,2,<,0.001,<0.001,Cochran-Mantel-Haenszel,
NCT03607422,Upadacitinib,,secondary,40,db8ef5b9c73920971286e82db9ad6ce7610efcd0,16w,OG000,OG001,superiority,response_rate_difference,Adjusted Response Rate Difference,38.1,95.0,21.2,54.9,2,<,0.001,<0.001,Cochran-Mantel-Haenszel,
NCT03607422,Upadacitinib,,secondary,41,8fe7e04036689cdae7a707249f2112191d143d3d,16w,OG000,OG002,superiority,response_rate_difference,Adjusted Response Rate Difference,55.9,95.0,35.5,76.3,2,<,0.001,<0.001,Cochran-Mantel-Haenszel,
NCT03607422,Upadacitinib,,secondary,41,8fe7e04036689cdae7a707249f2112191d143d3d,16w,OG000,OG001,superiority,response_rate_difference,Adjusted Response Rate Difference,49.6,95.0,26.3,72.9,2,<,0.001,<0.001,Cochran-Mantel-Haenszel,
NCT03607422,Upadacitinib,,secondary,42,20951b049a5bcee3580c312521ae9b23e6f1c131,16w,OG000,OG002,superiority,ls_mean_difference,LS Mean Difference,-44.9,95.0,-57.74,-32.06,2,<,0.001,<0.001,Mixed Effect Model Repeated Measurement,
NCT03607422,Upadacitinib,,secondary,42,20951b049a5bcee3580c312521ae9b23e6f1c131,16w,OG000,OG001,superiority,ls_mean_difference,LS Mean Difference,-29.98,95.0,-42.6,-17.36,2,<,0.001,<0.001,Mixed Effect Model Repeated Measurement,
NCT03607422,Upadacitinib,,secondary,43,a460b20ee030145fca9ef9299c7109d3a9135560,16w,OG000,OG002,superiority,response_rate_difference,Adjusted Response Rate Difference,27.8,95.0,5.2,50.4,2,=,0.016,0.016,Cochran-Mantel-Haenszel,
NCT03607422,Upadacitinib,,secondary,43,a460b20ee030145fca9ef9299c7109d3a9135560,16w,OG000,OG001,superiority,response_rate_difference,Adjusted Response Rate Difference,22.3,95.0,-1.1,45.7,2,=,0.062,0.062,Cochran-Mantel-Haenszel,
NCT03607422,Upadacitinib,,secondary,44,4b208af65407f21467d20ddeda371477994ec420,16w,OG000,OG002,superiority,response_rate_difference,Adjusted Response Rate Difference,38.9,95.0,18.4,59.4,2,<,0.001,<0.001,Cochran-Mantel-Haenszel,
NCT03607422,Upadacitinib,,secondary,44,4b208af65407f21467d20ddeda371477994ec420,16w,OG000,OG001,superiority,response_rate_difference,Adjusted Response Rate Difference,5.9,95.0,-11.7,23.6,2,=,0.51,0.510,Cochran-Mantel-Haenszel,
NCT03611751,Deucravacitinib,POETYK-PSO-2,primary,1,3ebec2cecec17184f8d838593037ce262aaed62e,16w,OG000,OG001,superiority,odds_ratio,Odds Ratio (OR),10.55,95.0,6.54,17.0,2,<,0.0001,<0.0001,Cochran-Mantel-Haenszel,
NCT03611751,Deucravacitinib,POETYK-PSO-2,primary,2,3e76501c59feea8ac704a9c236bd656968079bd7,16w,OG000,OG001,superiority,odds_ratio,Odds Ratio (OR),10.49,95.0,6.65,16.55,2,<,0.0001,<0.0001,Cochran-Mantel-Haenszel,
NCT03611751,Deucravacitinib,POETYK-PSO-2,secondary,1,0ab3160369176c43c70cf62847718191c9929270,16w,OG000,OG001,superiority,odds_ratio,Odds Ratio (OR),11.42,95.0,5.45,23.93,2,<,0.0001,<0.0001,Cochran-Mantel-Haenszel,
NCT03611751,Deucravacitinib,POETYK-PSO-2,secondary,1,0ab3160369176c43c70cf62847718191c9929270,16w,OG000,OG002,superiority,odds_ratio,Odds Ratio (OR),1.74,95.0,1.18,2.56,2,=,0.0046,0.0046,Cochran-Mantel-Haenszel,
NCT03611751,Deucravacitinib,POETYK-PSO-2,secondary,2,746576d46b10551b604c7d5f021f683cc4647831,16w,OG000,OG001,superiority,odds_ratio,Odds Ratio (OR),9.21,95.0,2.89,29.4,2,<,0.001,<0.001,Cochran-Mantel-Haenszel,
NCT03611751,Deucravacitinib,POETYK-PSO-2,secondary,2,746576d46b10551b604c7d5f021f683cc4647831,16w,OG000,OG002,superiority,odds_ratio,Odds Ratio (OR),2.55,95.0,1.3,5.0,2,=,0.0051,0.0051,Cochran-Mantel-Haenszel,
NCT03611751,Deucravacitinib,POETYK-PSO-2,secondary,3,15ec7cfe8fa9209b62ee874330cbc973ac077b9f,16w,OG000,OG001,superiority,odds_ratio,Odds Ratio (OR),14.44,95.0,4.62,45.11,2,<,0.0001,<0.0001,Cochran-Mantel-Haenszel,
NCT03611751,Deucravacitinib,POETYK-PSO-2,secondary,3,15ec7cfe8fa9209b62ee874330cbc973ac077b9f,16w,OG000,OG002,superiority,odds_ratio,Odds Ratio (OR),2.85,95.0,1.61,5.03,2,=,0.0002,0.0002,Cochran-Mantel-Haenszel,
NCT03611751,Deucravacitinib,POETYK-PSO-2,secondary,4,05287ef922fac1e36ed56a6edcfacc9345e73635,16w,OG000,OG001,superiority,mean_difference,Mean Difference (Net),-23.6,95.0,-26.9,-20.3,2,<,0.0001,<0.0001,ANCOVA,
NCT03611751,Deucravacitinib,POETYK-PSO-2,secondary,4,05287ef922fac1e36ed56a6edcfacc9345e73635,16w,OG000,OG002,superiority,mean_difference,Mean Difference (Net),-7.2,95.0,-10.5,-3.9,2,<,0.0001,<0.0001,ANCOVA,
NCT03611751,Deucravacitinib,POETYK-PSO-2,secondary,5,c907e076e71267dbf86e95fc4101546ba6247a33,16w,OG000,OG001,superiority,odds_ratio,Odds Ratio (OR),6.4,95.0,1.94,21.15,2,=,0.0005,0.0005,Cochran-Mantel-Haenszel,
NCT03611751,Deucravacitinib,POETYK-PSO-2,secondary,5,c907e076e71267dbf86e95fc4101546ba6247a33,16w,OG000,OG002,superiority,odds_ratio,Odds Ratio (OR),1.82,95.0,0.89,3.71,2,=,0.0928,0.0928,Cochran-Mantel-Haenszel,
NCT03611751,Deucravacitinib,POETYK-PSO-2,secondary,6,8009bbbba988fc576d180da7f9ddd790681b4ada,16w,OG000,OG001,superiority,odds_ratio,Odds Ratio (OR),6.85,95.0,4.34,10.81,2,<,0.0001,<0.0001,Cochran-Mantel-Haenszel,
NCT03611751,Deucravacitinib,POETYK-PSO-2,secondary,6,8009bbbba988fc576d180da7f9ddd790681b4ada,16w,OG000,OG002,superiority,odds_ratio,Odds Ratio (OR),2.63,95.0,1.77,3.91,2,<,0.0001,<0.0001,Cochran-Mantel-Haenszel,
NCT03611751,Deucravacitinib,POETYK-PSO-2,secondary,7,1747d12a2956a43f6f62e5d3e264e4d032da6ff1,16w,OG000,OG001,superiority,odds_ratio,Odds Ratio (OR),5.38,95.0,3.42,8.47,2,<,0.0001,<0.0001,Cochran-Mantel-Haenszel,
NCT03611751,Deucravacitinib,POETYK-PSO-2,secondary,8,48d19cbb2956b3fbc566e3ce5e5d35f5748dab39,16w,OG000,OG001,superiority,odds_ratio,Odds Ratio (OR),3.21,95.0,0.88,11.79,2,=,0.0621,0.0621,Cochran-Mantel-Haenszel,
NCT03611751,Deucravacitinib,POETYK-PSO-2,secondary,9,9fc5f9215f069d55ea931cc40c08712132573199,16w,OG000,OG001,superiority,odds_ratio,Odds Ratio (OR),0.64,95.0,0.06,7.46,2,=,0.6692,0.6692,Cochran-Mantel-Haenszel,
NCT03611751,Deucravacitinib,POETYK-PSO-2,secondary,9,9fc5f9215f069d55ea931cc40c08712132573199,16w,OG000,OG002,superiority,odds_ratio,Odds Ratio (OR),0.32,95.0,0.02,5.56,2,=,0.3793,0.3793,Cochran-Mantel-Haenszel,
NCT03611751,Deucravacitinib,POETYK-PSO-2,secondary,10,354ec1cb2067630141f0e8595501891b6e25387d,16w,OG000,OG001,superiority,odds_ratio,Odds Ratio (OR),1.76,95.0,1.29,2.41,2,=,0.0004,0.0004,Cochran-Mantel-Haenszel,
NCT03611751,Deucravacitinib,POETYK-PSO-2,secondary,11,5849a0ea4c1f51746edf0758d7d4db6045a615c9,16w,OG000,OG001,superiority,odds_ratio,Odds Ratio (OR),2.01,95.0,1.45,2.78,2,<,0.0001,<0.0001,Cochran-Mantel-Haenszel,
NCT03611751,Deucravacitinib,POETYK-PSO-2,secondary,12,482a3d7b7d226d078fd54ec7cfed96b61f662299,24w,OG000,OG001,superiority,,,,,,,,<,0.0001,<0.0001,Log Rank,
NCT03611751,Deucravacitinib,POETYK-PSO-2,secondary,13,a2d2805cc263fd4f8ddf17beb6b08bf4f527e112,24w,OG000,OG001,superiority,odds_ratio,Odds Ratio (OR),2.47,95.0,1.78,3.43,2,<,0.0001,<0.0001,Cochran-Mantel-Haenszel,
NCT03611751,Deucravacitinib,POETYK-PSO-2,secondary,14,f8fa1b01447f7ef00f018b5e62e9db7a65f834d8,24w,OG000,OG001,superiority,odds_ratio,Odds Ratio (OR),2.44,95.0,1.78,3.36,2,<,0.0001,<0.0001,Cochran-Mantel-Haenszel,
NCT03611751,Deucravacitinib,POETYK-PSO-2,secondary,15,11dca879ffa86c45f5a30867598a8a32a31cd6d0,24w,OG000,OG001,superiority,odds_ratio,Odds Ratio (OR),2.07,95.0,1.43,3.01,2,=,0.0001,0.0001,Cochran-Mantel-Haenszel,
NCT03624127,Deucravacitinib,POETYK-PSO-1,primary,1,3ebec2cecec17184f8d838593037ce262aaed62e,16w,OG000,OG001,superiority,odds_ratio,Odds Ratio (OR),18.71,95.0,9.51,36.81,2,<,0.0001,<0.0001,Cochran-Mantel-Haenszel,
NCT03624127,Deucravacitinib,POETYK-PSO-1,primary,2,3e76501c59feea8ac704a9c236bd656968079bd7,16w,OG000,OG001,superiority,odds_ratio,Odds Ratio (OR),11.09,95.0,6.49,18.95,2,<,0.0001,<0.0001,Cochran-Mantel-Haenszel,
NCT03624127,Deucravacitinib,POETYK-PSO-1,secondary,1,3cbaeaff80fde4f8255deecdedf635161db52bb7,16w,OG000,OG001,superiority,odds_ratio,Odds Ratio (OR),16.15,95.0,6.91,37.72,2,<,0.0001,<0.0001,Cochran-Mantel-Haenszel,
NCT03624127,Deucravacitinib,POETYK-PSO-1,secondary,1,3cbaeaff80fde4f8255deecdedf635161db52bb7,16w,OG000,OG002,superiority,odds_ratio,Odds Ratio (OR),2.4,95.0,1.51,3.6,2,=,0.0002,0.0002,Cochran-Mantel-Haenszel,
NCT03624127,Deucravacitinib,POETYK-PSO-1,secondary,2,2c56320e8e0c6b04f012f021b1e016a131d1201f,16w,OG000,OG001,superiority,odds_ratio,Odds Ratio (OR),31.3,95.0,4.09,239.36,2,<,0.0001,<0.0001,Cochran-Mantel-Haenszel,
NCT03624127,Deucravacitinib,POETYK-PSO-1,secondary,3,9ec7deb024c8448b2dd07dd9556e2396ad119675,16w,OG000,OG002,superiority,odds_ratio,Odds Ratio (OR),4.52,95.0,2.07,9.84,2,<,0.0001,<0.0001,Cochran-Mantel-Haenszel,
NCT03624127,Deucravacitinib,POETYK-PSO-1,secondary,3,9ec7deb024c8448b2dd07dd9556e2396ad119675,16w,OG000,OG001,superiority,odds_ratio,Odds Ratio (OR),39.54,95.0,5.29,295.75,2,<,0.0001,<0.0001,Cochran-Mantel-Haenszel,
NCT03624127,Deucravacitinib,POETYK-PSO-1,secondary,4,455347430c682218ae23650661b99b4f769cd470,16w,OG000,OG001,superiority,mean_difference,Adjusted Mean Difference,-8.8,95.0,-12.8,-4.9,2,<,0.0001,<0.0001,ANCOVA,
NCT03624127,Deucravacitinib,POETYK-PSO-1,secondary,5,6432d46fe88c6f69a5cf47e98f14714dbd0bd6f3,16w,OG000,OG001,superiority,odds_ratio,Odds Ratio (OR),13.67,95.0,1.77,105.5,2,=,0.0013,0.0013,Cochran-Mantel-Haenszel,
NCT03624127,Deucravacitinib,POETYK-PSO-1,secondary,5,6432d46fe88c6f69a5cf47e98f14714dbd0bd6f3,16w,OG000,OG002,superiority,odds_ratio,Odds Ratio (OR),1.84,95.0,0.76,4.42,2,=,0.1702,0.1702,Cochran-Mantel-Haenszel,
NCT03624127,Deucravacitinib,POETYK-PSO-1,secondary,6,1747d12a2956a43f6f62e5d3e264e4d032da6ff1,16w,OG000,OG001,superiority,odds_ratio,Odds Ratio (OR),6.04,95.0,3.46,10.53,2,<,0.0001,<0.0001,Cochran-Mantel-Haenszel,
NCT03624127,Deucravacitinib,POETYK-PSO-1,secondary,7,831010c25df80bef805e4ae89c82fd48eabfae19,16w,OG000,OG001,superiority,odds_ratio,Odds Ratio (OR),2.84,95.0,0.73,10.96,2,=,0.1049,0.1049,Cochran-Mantel-Haenszel,
NCT03624127,Deucravacitinib,POETYK-PSO-1,secondary,8,354ec1cb2067630141f0e8595501891b6e25387d,16w,OG000,OG001,superiority,odds_ratio,Odds Ratio (OR),2.64,95.0,1.78,3.91,2,<,0.0001,<0.0001,Cochran-Mantel-Haenszel,
NCT03624127,Deucravacitinib,POETYK-PSO-1,secondary,9,1c22d09686ab7a1c3b954a3699970efa31302df6,16w,OG000,OG001,superiority,odds_ratio,Odds Ratio (OR),2.53,95.0,1.7,3.78,2,<,0.0001,<0.0001,Cochran-Mantel-Haenszel,
NCT03624127,Deucravacitinib,POETYK-PSO-1,secondary,10,8009bbbba988fc576d180da7f9ddd790681b4ada,16w,OG000,OG001,superiority,odds_ratio,Odds Ratio (OR),11.92,95.0,6.69,21.25,2,<,0.0001,<0.0001,Cochran-Mantel-Haenszel,
NCT03624127,Deucravacitinib,POETYK-PSO-1,secondary,10,8009bbbba988fc576d180da7f9ddd790681b4ada,16w,OG000,OG002,superiority,odds_ratio,Odds Ratio (OR),3.65,95.0,2.21,6.04,2,<,0.0001,<0.0001,Cochran-Mantel-Haenszel,
NCT03624127,Deucravacitinib,POETYK-PSO-1,secondary,11,38b507dd4a3a62b86dcbf0d41bea93d62362679c,24w,OG000,OG001,superiority,odds_ratio,Odds Ratio (OR),3.23,95.0,2.16,4.83,2,<,0.0001,<0.0001,Cochran-Mantel-Haenszel,
NCT03624127,Deucravacitinib,POETYK-PSO-1,secondary,12,cbd7225242b3d6dde2bc036e38a9138424c87a8b,24w,OG000,OG001,superiority,odds_ratio,Odds Ratio (OR),3.76,95.0,2.53,5.6,2,<,0.0001,<0.0001,Cochran-Mantel-Haenszel,
NCT03624127,Deucravacitinib,POETYK-PSO-1,secondary,13,c8694b632871eb9c8a2d9d9ca07678211c8c9ad1,24w,OG000,OG001,superiority,odds_ratio,Odds Ratio (OR),2.63,95.0,1.71,4.05,2,<,0.0001,<0.0001,Cochran-Mantel-Haenszel,
NCT03624127,Deucravacitinib,POETYK-PSO-1,secondary,14,0e2ee9b64d83de51b8efec2e77f993644bdf3f79,,OG000,OG001,superiority,odds_ratio,Odds Ratio (OR),3.03,95.0,1.96,4.69,2,<,0.0001,<0.0001,Cochran-Mantel-Haenszel,
NCT03624127,Deucravacitinib,POETYK-PSO-1,secondary,15,6bb7cc4c68ae8be5862c2b1fb536112581106e22,,OG000,OG001,superiority,odds_ratio,Odds Ratio (OR),3.11,95.0,2.06,4.69,2,<,0.0001,<0.0001,Cochran-Mantel-Haenszel,
NCT03624127,Deucravacitinib,POETYK-PSO-1,secondary,16,899c8a3f1ec8914753aa25e837856dd6aca98904,,OG000,OG001,superiority,odds_ratio,Odds Ratio (OR),2.55,95.0,1.55,4.19,2,=,0.0002,0.0002,Cochran-Mantel-Haenszel,
NCT03627767,Abrocitinib,,secondary,1,d347323355905b113b6da59930e97b4f796b10a2,,OG000,OG001,superiority,hazard_ratio,Hazard Ratio (HR),0.35,95.0,0.286,0.424,2,<,0.0001,< 0.0001,Log Rank,
NCT03627767,Abrocitinib,,secondary,1,d347323355905b113b6da59930e97b4f796b10a2,,OG000,OG002,superiority,hazard_ratio,Hazard Ratio (HR),0.22,95.0,0.176,0.27,2,<,0.0001,< 0.0001,Log Rank,
NCT03627767,Abrocitinib,,secondary,1,d347323355905b113b6da59930e97b4f796b10a2,,OG001,OG002,superiority,hazard_ratio,Hazard Ratio (HR),0.63,95.0,0.503,0.78,2,<,0.0001,< 0.0001,Log Rank,
NCT03627767,Abrocitinib,,secondary,2,8d144d80e869a0c25457213d9388fa060d911855,12w,OG000,OG001,superiority,response_rate_difference,Difference in percentage,0.0,95.0,-1.0,1.1,2,=,0.9495,= 0.9495,Cochran-Mantel-Haenszel,
NCT03627767,Abrocitinib,,secondary,2,8d144d80e869a0c25457213d9388fa060d911855,12w,OG000,OG002,superiority,response_rate_difference,Difference in percentage,-0.4,95.0,-1.6,0.9,2,=,0.5717,= 0.5717,Cochran-Mantel-Haenszel,
NCT03627767,Abrocitinib,,secondary,2,8d144d80e869a0c25457213d9388fa060d911855,12w,OG001,OG002,superiority,response_rate_difference,Difference in percentage,-0.4,95.0,-1.7,0.9,2,,,,,
NCT03627767,Abrocitinib,,secondary,2,8d144d80e869a0c25457213d9388fa060d911855,16w,OG000,OG001,superiority,response_rate_difference,Difference in percentage,40.5,95.0,33.1,47.8,2,<,0.0001,< 0.0001,Cochran-Mantel-Haenszel,
NCT03627767,Abrocitinib,,secondary,2,8d144d80e869a0c25457213d9388fa060d911855,16w,OG000,OG002,superiority,response_rate_difference,Difference in percentage,62.6,95.0,56.1,69.2,2,<,0.0001,< 0.0001,Cochran-Mantel-Haenszel,
NCT03627767,Abrocitinib,,secondary,2,8d144d80e869a0c25457213d9388fa060d911855,16w,OG001,OG002,superiority,response_rate_difference,Difference in percentage,22.1,95.0,14.3,29.9,2,,,,,
NCT03627767,Abrocitinib,,secondary,2,8d144d80e869a0c25457213d9388fa060d911855,28w,OG000,OG001,superiority,response_rate_difference,Difference in percentage,35.1,95.0,28.1,42.0,2,<,0.0001,< 0.0001,Cochran-Mantel-Haenszel,
NCT03627767,Abrocitinib,,secondary,2,8d144d80e869a0c25457213d9388fa060d911855,28w,OG000,OG002,superiority,response_rate_difference,Difference in percentage,51.5,95.0,44.6,58.4,2,<,0.0001,< 0.0001,Cochran-Mantel-Haenszel,
NCT03627767,Abrocitinib,,secondary,2,8d144d80e869a0c25457213d9388fa060d911855,28w,OG001,OG002,superiority,response_rate_difference,Difference in percentage,16.5,95.0,8.1,24.8,2,,,,,
NCT03627767,Abrocitinib,,secondary,2,8d144d80e869a0c25457213d9388fa060d911855,40w,OG000,OG001,superiority,response_rate_difference,Difference in percentage,32.2,95.0,25.2,39.2,2,<,0.0001,< 0.0001,Cochran-Mantel-Haenszel,
NCT03627767,Abrocitinib,,secondary,2,8d144d80e869a0c25457213d9388fa060d911855,40w,OG000,OG002,superiority,response_rate_difference,Difference in percentage,46.9,95.0,39.9,53.8,2,<,0.0001,< 0.0001,Cochran-Mantel-Haenszel,
NCT03627767,Abrocitinib,,secondary,2,8d144d80e869a0c25457213d9388fa060d911855,40w,OG001,OG002,superiority,response_rate_difference,Difference in percentage,14.2,95.0,5.9,22.6,2,,,,,
NCT03627767,Abrocitinib,,secondary,2,8d144d80e869a0c25457213d9388fa060d911855,52w,OG000,OG001,superiority,response_rate_difference,Difference in percentage,25.5,95.0,18.5,32.5,2,<,0.0001,< 0.0001,Cochran-Mantel-Haenszel,
NCT03627767,Abrocitinib,,secondary,2,8d144d80e869a0c25457213d9388fa060d911855,52w,OG000,OG002,superiority,response_rate_difference,Difference in percentage,42.5,95.0,35.3,49.7,2,<,0.0001,< 0.0001,Cochran-Mantel-Haenszel,
NCT03627767,Abrocitinib,,secondary,2,8d144d80e869a0c25457213d9388fa060d911855,52w,OG001,OG002,superiority,response_rate_difference,Difference in percentage,17.1,95.0,8.6,25.5,2,,,,,
NCT03627767,Abrocitinib,,secondary,3,115d619965b3e4b5a94d72f253e3b463ff8f00f0,12w,OG000,OG001,superiority,response_rate_difference,Difference in percentage,0.0,95.0,0.0,0.0,2,,,,,
NCT03627767,Abrocitinib,,secondary,3,115d619965b3e4b5a94d72f253e3b463ff8f00f0,12w,OG000,OG002,superiority,response_rate_difference,Difference in percentage,0.0,95.0,0.0,0.0,2,,,,,
NCT03627767,Abrocitinib,,secondary,3,115d619965b3e4b5a94d72f253e3b463ff8f00f0,12w,OG001,OG002,superiority,response_rate_difference,Difference in percentage,0.0,95.0,0.0,0.0,2,,,,,
NCT03627767,Abrocitinib,,secondary,3,115d619965b3e4b5a94d72f253e3b463ff8f00f0,16w,OG000,OG001,superiority,response_rate_difference,Difference in percentage,42.7,95.0,35.3,50.1,2,<,0.0001,< 0.0001,Cochran-Mantel-Haenszel,
NCT03627767,Abrocitinib,,secondary,3,115d619965b3e4b5a94d72f253e3b463ff8f00f0,16w,OG000,OG002,superiority,response_rate_difference,Difference in percentage,55.4,95.0,49.1,61.7,2,<,0.0001,< 0.0001,Cochran-Mantel-Haenszel,
NCT03627767,Abrocitinib,,secondary,3,115d619965b3e4b5a94d72f253e3b463ff8f00f0,16w,OG001,OG002,superiority,response_rate_difference,Difference in percentage,12.9,95.0,7.9,17.9,2,,,,,
NCT03627767,Abrocitinib,,secondary,3,115d619965b3e4b5a94d72f253e3b463ff8f00f0,28w,OG000,OG001,superiority,response_rate_difference,Difference in percentage,45.5,95.0,37.9,53.0,2,<,0.0001,< 0.0001,Cochran-Mantel-Haenszel,
NCT03627767,Abrocitinib,,secondary,3,115d619965b3e4b5a94d72f253e3b463ff8f00f0,28w,OG000,OG002,superiority,response_rate_difference,Difference in percentage,63.0,95.0,56.4,69.5,2,<,0.0001,< 0.0001,Cochran-Mantel-Haenszel,
NCT03627767,Abrocitinib,,secondary,3,115d619965b3e4b5a94d72f253e3b463ff8f00f0,28w,OG001,OG002,superiority,response_rate_difference,Difference in percentage,17.7,95.0,10.7,24.7,2,,,,,
NCT03627767,Abrocitinib,,secondary,3,115d619965b3e4b5a94d72f253e3b463ff8f00f0,40w,OG000,OG001,superiority,response_rate_difference,Difference in percentage,41.0,95.0,33.6,48.5,2,<,0.0001,< 0.0001,Cochran-Mantel-Haenszel,
NCT03627767,Abrocitinib,,secondary,3,115d619965b3e4b5a94d72f253e3b463ff8f00f0,40w,OG000,OG002,superiority,response_rate_difference,Difference in percentage,58.3,95.0,51.3,65.2,2,<,0.0001,< 0.0001,Cochran-Mantel-Haenszel,
NCT03627767,Abrocitinib,,secondary,3,115d619965b3e4b5a94d72f253e3b463ff8f00f0,40w,OG001,OG002,superiority,response_rate_difference,Difference in percentage,17.5,95.0,9.6,25.5,2,,,,,
NCT03627767,Abrocitinib,,secondary,3,115d619965b3e4b5a94d72f253e3b463ff8f00f0,52w,OG000,OG001,superiority,response_rate_difference,Difference in percentage,35.3,95.0,27.8,42.8,2,<,0.0001,< 0.0001,Cochran-Mantel-Haenszel,
NCT03627767,Abrocitinib,,secondary,3,115d619965b3e4b5a94d72f253e3b463ff8f00f0,52w,OG000,OG002,other,response_rate_difference,Difference in percentage,55.3,95.0,48.3,62.4,2,<,0.0001,< 0.0001,Cochran-Mantel-Haenszel,
NCT03627767,Abrocitinib,,secondary,3,115d619965b3e4b5a94d72f253e3b463ff8f00f0,52w,OG001,OG002,superiority,response_rate_difference,Difference in percentage,20.3,95.0,12.1,28.5,2,,,,,
NCT03627767,Abrocitinib,,secondary,4,7947348faf93cf112c20dabdd3fd453844502db3,12w,OG000,OG001,superiority,response_rate_difference,Difference in percentage,0.7,95.0,-0.3,1.7,2,=,0.1848,= 0.1848,Cochran-Mantel-Haenszel,
NCT03627767,Abrocitinib,,secondary,4,7947348faf93cf112c20dabdd3fd453844502db3,12w,OG000,OG002,superiority,response_rate_difference,Difference in percentage,0.3,95.0,-0.9,1.6,2,=,0.5971,= 0.5971,Cochran-Mantel-Haenszel,
NCT03627767,Abrocitinib,,secondary,4,7947348faf93cf112c20dabdd3fd453844502db3,12w,OG001,OG002,superiority,response_rate_difference,Difference in percentage,-0.4,95.0,-1.1,0.4,2,,,,,
NCT03627767,Abrocitinib,,secondary,4,7947348faf93cf112c20dabdd3fd453844502db3,16w,OG000,OG001,superiority,response_rate_difference,Difference in percentage,49.4,95.0,42.0,56.8,2,<,0.0001,< 0.0001,Cochran-Mantel-Haenszel,
NCT03627767,Abrocitinib,,secondary,4,7947348faf93cf112c20dabdd3fd453844502db3,16w,OG000,OG002,superiority,response_rate_difference,Difference in percentage,65.5,95.0,59.3,71.7,2,<,0.0001,< 0.0001,Cochran-Mantel-Haenszel,
NCT03627767,Abrocitinib,,secondary,4,7947348faf93cf112c20dabdd3fd453844502db3,16w,OG001,OG002,superiority,response_rate_difference,Difference in percentage,16.3,95.0,10.3,22.3,2,,,,,
NCT03627767,Abrocitinib,,secondary,4,7947348faf93cf112c20dabdd3fd453844502db3,28w,OG000,OG001,superiority,response_rate_difference,Difference in percentage,42.7,95.0,35.2,50.2,2,<,0.0001,< 0.0001,Cochran-Mantel-Haenszel,
NCT03627767,Abrocitinib,,secondary,4,7947348faf93cf112c20dabdd3fd453844502db3,28w,OG000,OG002,superiority,response_rate_difference,Difference in percentage,62.6,95.0,56.0,69.2,2,<,0.0001,< 0.0001,Cochran-Mantel-Haenszel,
NCT03627767,Abrocitinib,,secondary,4,7947348faf93cf112c20dabdd3fd453844502db3,28w,OG001,OG002,superiority,response_rate_difference,Difference in percentage,19.8,95.0,12.3,27.4,2,,,,,
NCT03627767,Abrocitinib,,secondary,4,7947348faf93cf112c20dabdd3fd453844502db3,40w,OG000,OG001,superiority,response_rate_difference,Difference in percentage,39.5,95.0,32.1,46.9,2,<,0.0001,< 0.0001,Cochran-Mantel-Haenszel,
NCT03627767,Abrocitinib,,secondary,4,7947348faf93cf112c20dabdd3fd453844502db3,40w,OG000,OG002,superiority,response_rate_difference,Difference in percentage,56.7,95.0,49.8,63.7,2,<,0.0001,< 0.0001,Cochran-Mantel-Haenszel,
NCT03627767,Abrocitinib,,secondary,4,7947348faf93cf112c20dabdd3fd453844502db3,40w,OG001,OG002,superiority,response_rate_difference,Difference in percentage,17.4,95.0,9.3,25.5,2,,,,,
NCT03627767,Abrocitinib,,secondary,4,7947348faf93cf112c20dabdd3fd453844502db3,52w,OG000,OG001,superiority,response_rate_difference,Difference in percentage,33.0,95.0,25.7,40.4,2,<,0.0001,< 0.0001,Cochran-Mantel-Haenszel,
NCT03627767,Abrocitinib,,secondary,4,7947348faf93cf112c20dabdd3fd453844502db3,52w,OG000,OG002,superiority,response_rate_difference,Difference in percentage,51.7,95.0,44.6,58.8,2,<,0.0001,< 0.0001,Cochran-Mantel-Haenszel,
NCT03627767,Abrocitinib,,secondary,4,7947348faf93cf112c20dabdd3fd453844502db3,52w,OG001,OG002,superiority,response_rate_difference,Difference in percentage,19.2,95.0,10.8,27.6,2,,,,,
NCT03627767,Abrocitinib,,secondary,5,301fd2ba92246d1b2b499762ea52112fc2727ad7,12w,OG000,OG001,superiority,response_rate_difference,Difference in percentage,2.6,95.0,-3.3,8.4,2,=,0.3994,= 0.3994,Cochran-Mantel-Haenszel,
NCT03627767,Abrocitinib,,secondary,5,301fd2ba92246d1b2b499762ea52112fc2727ad7,12w,OG001,OG002,superiority,response_rate_difference,Difference in percentage,1.8,95.0,-4.1,7.8,2,=,0.5542,= 0.5542,Cochran-Mantel-Haenszel,
NCT03627767,Abrocitinib,,secondary,5,301fd2ba92246d1b2b499762ea52112fc2727ad7,12w,OG001,OG002,superiority,response_rate_difference,Difference in percentage,-0.8,95.0,-6.5,5.0,2,,,,,
NCT03627767,Abrocitinib,,secondary,5,301fd2ba92246d1b2b499762ea52112fc2727ad7,16w,OG000,OG001,superiority,response_rate_difference,Difference in percentage,37.5,95.0,30.2,44.9,2,<,0.0001,< 0.0001,Cochran-Mantel-Haenszel,
NCT03627767,Abrocitinib,,secondary,5,301fd2ba92246d1b2b499762ea52112fc2727ad7,16w,OG000,OG002,superiority,response_rate_difference,Difference in percentage,63.3,95.0,56.8,69.8,2,<,0.0001,< 0.0001,Cochran-Mantel-Haenszel,
NCT03627767,Abrocitinib,,secondary,5,301fd2ba92246d1b2b499762ea52112fc2727ad7,16w,OG001,OG002,superiority,response_rate_difference,Difference in percentage,25.5,95.0,17.7,33.4,2,,,,,
NCT03627767,Abrocitinib,,secondary,5,301fd2ba92246d1b2b499762ea52112fc2727ad7,28w,OG000,OG001,superiority,response_rate_difference,Difference in percentage,36.9,95.0,29.9,44.0,2,<,0.0001,< 0.0001,Cochran-Mantel-Haenszel,
NCT03627767,Abrocitinib,,secondary,5,301fd2ba92246d1b2b499762ea52112fc2727ad7,28w,OG000,OG002,superiority,response_rate_difference,Difference in percentage,54.2,95.0,47.3,61.0,2,<,0.0001,< 0.0001,Cochran-Mantel-Haenszel,
NCT03627767,Abrocitinib,,secondary,5,301fd2ba92246d1b2b499762ea52112fc2727ad7,28w,OG001,OG002,superiority,response_rate_difference,Difference in percentage,17.2,95.0,8.9,25.5,2,,,,,
NCT03627767,Abrocitinib,,secondary,5,301fd2ba92246d1b2b499762ea52112fc2727ad7,40w,OG000,OG001,superiority,response_rate_difference,Difference in percentage,29.8,95.0,22.7,37.0,2,<,0.0001,< 0.0001,Cochran-Mantel-Haenszel,
NCT03627767,Abrocitinib,,secondary,5,301fd2ba92246d1b2b499762ea52112fc2727ad7,40w,OG000,OG002,superiority,response_rate_difference,Difference in percentage,46.7,95.0,39.6,53.8,2,<,0.0001,< 0.0001,Cochran-Mantel-Haenszel,
NCT03627767,Abrocitinib,,secondary,5,301fd2ba92246d1b2b499762ea52112fc2727ad7,40w,OG001,OG002,superiority,response_rate_difference,Difference in percentage,16.9,95.0,8.5,25.3,2,,,,,
NCT03627767,Abrocitinib,,secondary,5,301fd2ba92246d1b2b499762ea52112fc2727ad7,52w,OG000,OG001,superiority,response_rate_difference,Difference in percentage,27.4,95.0,20.4,34.3,2,<,0.0001,< 0.0001,Cochran-Mantel-Haenszel,
NCT03627767,Abrocitinib,,secondary,5,301fd2ba92246d1b2b499762ea52112fc2727ad7,52w,OG000,OG002,superiority,response_rate_difference,Difference in percentage,43.8,95.0,36.7,50.9,2,<,0.0001,< 0.0001,Cochran-Mantel-Haenszel,
NCT03627767,Abrocitinib,,secondary,5,301fd2ba92246d1b2b499762ea52112fc2727ad7,52w,OG001,OG002,superiority,response_rate_difference,Difference in percentage,16.8,95.0,8.4,25.2,2,,,,,
NCT03627767,Abrocitinib,,secondary,6,8b83f401e39ac7887ff6ab1e1a66db00f3958a53,12w,OG000,OG001,superiority,response_rate_difference,Difference in percentage,0.3,95.0,-7.5,8.1,2,=,0.9313,= 0.9313,Cochran-Mantel-Haenszel,
NCT03627767,Abrocitinib,,secondary,6,8b83f401e39ac7887ff6ab1e1a66db00f3958a53,12w,OG000,OG002,superiority,response_rate_difference,Difference in percentage,-2.1,95.0,-9.8,5.7,2,=,0.6043,= 0.6043,Cochran-Mantel-Haenszel,
NCT03627767,Abrocitinib,,secondary,6,8b83f401e39ac7887ff6ab1e1a66db00f3958a53,12w,OG001,OG002,superiority,response_rate_difference,Difference in percentage,-2.3,95.0,-10.0,5.4,2,,,,,
NCT03627767,Abrocitinib,,secondary,6,8b83f401e39ac7887ff6ab1e1a66db00f3958a53,16w,OG000,OG001,superiority,response_rate_difference,Difference in percentage,11.6,95.0,6.6,16.5,2,<,0.0001,< 0.0001,Cochran-Mantel-Haenszel,
NCT03627767,Abrocitinib,,secondary,6,8b83f401e39ac7887ff6ab1e1a66db00f3958a53,16w,OG000,OG002,superiority,response_rate_difference,Difference in percentage,25.3,95.0,19.4,31.2,2,<,0.0001,< 0.0001,Cochran-Mantel-Haenszel,
NCT03627767,Abrocitinib,,secondary,6,8b83f401e39ac7887ff6ab1e1a66db00f3958a53,16w,OG001,OG002,superiority,response_rate_difference,Difference in percentage,13.5,95.0,6.6,20.4,2,,,,,
NCT03627767,Abrocitinib,,secondary,6,8b83f401e39ac7887ff6ab1e1a66db00f3958a53,28w,OG000,OG001,superiority,response_rate_difference,Difference in percentage,12.9,95.0,7.7,18.0,2,<,0.0001,< 0.0001,Cochran-Mantel-Haenszel,
NCT03627767,Abrocitinib,,secondary,6,8b83f401e39ac7887ff6ab1e1a66db00f3958a53,28w,OG000,OG002,superiority,response_rate_difference,Difference in percentage,26.0,95.0,19.9,32.0,2,<,0.0001,< 0.0001,Cochran-Mantel-Haenszel,
NCT03627767,Abrocitinib,,secondary,6,8b83f401e39ac7887ff6ab1e1a66db00f3958a53,28w,OG001,OG002,superiority,response_rate_difference,Difference in percentage,13.4,95.0,6.3,20.6,2,,,,,
NCT03627767,Abrocitinib,,secondary,6,8b83f401e39ac7887ff6ab1e1a66db00f3958a53,40w,OG000,OG001,superiority,response_rate_difference,Difference in percentage,11.7,95.0,6.5,16.8,2,<,0.0001,< 0.0001,Cochran-Mantel-Haenszel,
NCT03627767,Abrocitinib,,secondary,6,8b83f401e39ac7887ff6ab1e1a66db00f3958a53,40w,OG000,OG002,superiority,response_rate_difference,Difference in percentage,25.7,95.0,19.6,31.8,2,<,0.0001,< 0.0001,Cochran-Mantel-Haenszel,
NCT03627767,Abrocitinib,,secondary,6,8b83f401e39ac7887ff6ab1e1a66db00f3958a53,40w,OG001,OG002,superiority,response_rate_difference,Difference in percentage,14.1,95.0,7.0,21.2,2,,,,,
NCT03627767,Abrocitinib,,secondary,6,8b83f401e39ac7887ff6ab1e1a66db00f3958a53,52w,OG000,OG001,superiority,response_rate_difference,Difference in percentage,14.6,95.0,9.2,20.0,2,<,0.0001,< 0.0001,Cochran-Mantel-Haenszel,
NCT03627767,Abrocitinib,,secondary,6,8b83f401e39ac7887ff6ab1e1a66db00f3958a53,52w,OG000,OG002,superiority,response_rate_difference,Difference in percentage,24.5,95.0,18.4,30.5,2,<,0.0001,< 0.0001,Cochran-Mantel-Haenszel,
NCT03627767,Abrocitinib,,secondary,6,8b83f401e39ac7887ff6ab1e1a66db00f3958a53,52w,OG001,OG002,superiority,response_rate_difference,Difference in percentage,10.0,95.0,2.7,17.2,2,,,,,
NCT03627767,Abrocitinib,,secondary,7,b98a8854e1ad3ab4b82160196567d67ce52cf7ef,12w,OG000,OG001,superiority,response_rate_difference,Difference in percentage,1.8,95.0,-5.0,8.5,2,=,0.6082,= 0.6082,Cochran-Mantel-Haenszel,
NCT03627767,Abrocitinib,,secondary,7,b98a8854e1ad3ab4b82160196567d67ce52cf7ef,12w,OG000,OG002,superiority,response_rate_difference,Difference in percentage,0.2,95.0,-6.7,7.0,2,=,0.964,= 0.9640,Cochran-Mantel-Haenszel,
NCT03627767,Abrocitinib,,secondary,7,b98a8854e1ad3ab4b82160196567d67ce52cf7ef,12w,OG001,OG002,superiority,response_rate_difference,Difference in percentage,-2.4,95.0,-9.1,4.4,2,,,,,
NCT03627767,Abrocitinib,,secondary,7,b98a8854e1ad3ab4b82160196567d67ce52cf7ef,16w,OG000,OG001,superiority,response_rate_difference,Difference in percentage,38.9,95.0,31.2,46.5,2,<,0.0001,< 0.0001,Cochran-Mantel-Haenszel,
NCT03627767,Abrocitinib,,secondary,7,b98a8854e1ad3ab4b82160196567d67ce52cf7ef,16w,OG000,OG002,superiority,response_rate_difference,Difference in percentage,59.7,95.0,52.7,66.7,2,<,0.0001,< 0.0001,Cochran-Mantel-Haenszel,
NCT03627767,Abrocitinib,,secondary,7,b98a8854e1ad3ab4b82160196567d67ce52cf7ef,16w,OG001,OG002,superiority,response_rate_difference,Difference in percentage,20.9,95.0,12.7,29.0,2,,,,,
NCT03627767,Abrocitinib,,secondary,7,b98a8854e1ad3ab4b82160196567d67ce52cf7ef,28w,OG000,OG001,superiority,response_rate_difference,Difference in percentage,33.9,95.0,26.6,41.2,2,<,0.0001,< 0.0001,Cochran-Mantel-Haenszel,
NCT03627767,Abrocitinib,,secondary,7,b98a8854e1ad3ab4b82160196567d67ce52cf7ef,28w,OG000,OG002,superiority,response_rate_difference,Difference in percentage,55.3,95.0,48.2,62.3,2,<,0.0001,< 0.0001,Cochran-Mantel-Haenszel,
NCT03627767,Abrocitinib,,secondary,7,b98a8854e1ad3ab4b82160196567d67ce52cf7ef,28w,OG001,OG002,superiority,response_rate_difference,Difference in percentage,21.7,95.0,13.2,30.2,2,,,,,
NCT03627767,Abrocitinib,,secondary,7,b98a8854e1ad3ab4b82160196567d67ce52cf7ef,40w,OG000,OG001,superiority,response_rate_difference,Difference in percentage,29.7,95.0,22.7,36.7,2,<,0.0001,< 0.0001,Cochran-Mantel-Haenszel,
NCT03627767,Abrocitinib,,secondary,7,b98a8854e1ad3ab4b82160196567d67ce52cf7ef,40w,OG000,OG002,superiority,response_rate_difference,Difference in percentage,45.5,95.0,38.4,52.7,2,<,0.0001,< 0.0001,Cochran-Mantel-Haenszel,
NCT03627767,Abrocitinib,,secondary,7,b98a8854e1ad3ab4b82160196567d67ce52cf7ef,40w,OG001,OG002,superiority,response_rate_difference,Difference in percentage,16.0,95.0,7.4,24.6,2,,,,,
NCT03627767,Abrocitinib,,secondary,7,b98a8854e1ad3ab4b82160196567d67ce52cf7ef,52w,OG000,OG001,superiority,response_rate_difference,Difference in percentage,19.9,95.0,13.0,26.8,2,<,0.0001,< 0.0001,Cochran-Mantel-Haenszel,
NCT03627767,Abrocitinib,,secondary,7,b98a8854e1ad3ab4b82160196567d67ce52cf7ef,52w,OG000,OG002,superiority,response_rate_difference,Difference in percentage,40.5,95.0,32.8,48.1,2,<,0.0001,< 0.0001,Cochran-Mantel-Haenszel,
NCT03627767,Abrocitinib,,secondary,7,b98a8854e1ad3ab4b82160196567d67ce52cf7ef,52w,OG001,OG002,superiority,response_rate_difference,Difference in percentage,20.9,95.0,11.8,30.0,2,,,,,
NCT03627767,Abrocitinib,,secondary,10,227588a0eb7b5af7d11e23096e8cdcf2817d441c,12w,OG000,OG001,superiority,ls_mean_difference,LSM difference,0.0,95.0,-0.3,0.3,2,=,0.9207,= 0.9207,Mixed Models Analysis,
NCT03627767,Abrocitinib,,secondary,10,227588a0eb7b5af7d11e23096e8cdcf2817d441c,12w,OG000,OG002,superiority,ls_mean_difference,LSM difference,0.0,95.0,-0.3,0.3,2,=,0.9998,= 0.9998,Mixed Models Analysis,
NCT03627767,Abrocitinib,,secondary,10,227588a0eb7b5af7d11e23096e8cdcf2817d441c,12w,OG001,OG002,superiority,ls_mean_difference,LSM difference,0.0,95.0,-0.3,0.3,2,,,,,
NCT03627767,Abrocitinib,,secondary,10,227588a0eb7b5af7d11e23096e8cdcf2817d441c,16w,OG000,OG001,superiority,ls_mean_difference,LSM difference,-2.1,95.0,-2.5,-1.7,2,<,0.0001,< 0.0001,Mixed Models Analysis,
NCT03627767,Abrocitinib,,secondary,10,227588a0eb7b5af7d11e23096e8cdcf2817d441c,16w,OG000,OG002,superiority,ls_mean_difference,LSM difference,-3.2,95.0,-3.6,-2.8,2,<,0.0001,< 0.0001,Mixed Models Analysis,
NCT03627767,Abrocitinib,,secondary,10,227588a0eb7b5af7d11e23096e8cdcf2817d441c,16w,OG001,OG002,superiority,ls_mean_difference,LSM difference,-1.1,95.0,-1.4,-0.7,2,,,,,
NCT03627767,Abrocitinib,,secondary,10,227588a0eb7b5af7d11e23096e8cdcf2817d441c,28w,OG000,OG001,superiority,ls_mean_difference,LSM difference,-1.4,95.0,-2.0,-0.8,2,<,0.0001,< 0.0001,Mixed Models Analysis,
NCT03627767,Abrocitinib,,secondary,10,227588a0eb7b5af7d11e23096e8cdcf2817d441c,28w,OG000,OG002,superiority,ls_mean_difference,LSM difference,-1.9,95.0,-2.5,-1.3,2,<,0.0001,< 0.0001,Mixed Models Analysis,
NCT03627767,Abrocitinib,,secondary,10,227588a0eb7b5af7d11e23096e8cdcf2817d441c,28w,OG001,OG002,superiority,ls_mean_difference,LSM difference,-0.5,95.0,-0.9,-0.1,2,,,,,
NCT03627767,Abrocitinib,,secondary,10,227588a0eb7b5af7d11e23096e8cdcf2817d441c,40w,OG000,OG001,superiority,ls_mean_difference,LSM difference,-1.0,95.0,-1.7,-0.3,2,=,0.0039,= 0.0039,Mixed Models Analysis,
NCT03627767,Abrocitinib,,secondary,10,227588a0eb7b5af7d11e23096e8cdcf2817d441c,40w,OG000,OG002,superiority,ls_mean_difference,LSM difference,-1.8,95.0,-2.5,-1.2,2,<,0.0001,< 0.0001,Mixed Models Analysis,
NCT03627767,Abrocitinib,,secondary,10,227588a0eb7b5af7d11e23096e8cdcf2817d441c,40w,OG001,OG002,superiority,ls_mean_difference,LSM difference,-0.8,95.0,-1.3,-0.4,2,,,,,
NCT03627767,Abrocitinib,,secondary,10,227588a0eb7b5af7d11e23096e8cdcf2817d441c,52w,OG000,OG001,superiority,ls_mean_difference,LSM difference,-0.5,95.0,-1.2,0.2,2,=,0.1488,= 0.1488,Mixed Models Analysis,
NCT03627767,Abrocitinib,,secondary,10,227588a0eb7b5af7d11e23096e8cdcf2817d441c,52w,OG000,OG002,superiority,ls_mean_difference,LSM difference,-1.3,95.0,-2.0,-0.6,2,=,0.0003,= 0.0003,Mixed Models Analysis,
NCT03627767,Abrocitinib,,secondary,10,227588a0eb7b5af7d11e23096e8cdcf2817d441c,52w,OG001,OG002,superiority,ls_mean_difference,LSM difference,-0.8,95.0,-1.2,-0.3,2,,,,,
NCT03627767,Abrocitinib,,secondary,10,227588a0eb7b5af7d11e23096e8cdcf2817d441c,12w,OG000,OG001,superiority,ls_mean_difference,LSM difference,0.0,95.0,-0.2,0.2,2,=,0.9294,= 0.9294,Mixed Models Analysis,
NCT03627767,Abrocitinib,,secondary,10,227588a0eb7b5af7d11e23096e8cdcf2817d441c,12w,OG000,OG002,superiority,ls_mean_difference,LSM difference,-0.1,95.0,-0.3,0.1,2,=,0.4081,= 0.4081,Mixed Models Analysis,
NCT03627767,Abrocitinib,,secondary,10,227588a0eb7b5af7d11e23096e8cdcf2817d441c,12w,OG001,OG002,superiority,ls_mean_difference,LSM difference,-0.1,95.0,-0.3,0.1,2,,,,,
NCT03627767,Abrocitinib,,secondary,10,227588a0eb7b5af7d11e23096e8cdcf2817d441c,16w,OG000,OG001,superiority,ls_mean_difference,LSM difference,-1.8,95.0,-2.1,-1.4,2,<,0.0001,< 0.0001,Mixed Models Analysis,
NCT03627767,Abrocitinib,,secondary,10,227588a0eb7b5af7d11e23096e8cdcf2817d441c,16w,OG000,OG002,superiority,ls_mean_difference,LSM difference,-2.3,95.0,-2.7,-2.0,2,<,0.0001,< 0.0001,Mixed Models Analysis,
NCT03627767,Abrocitinib,,secondary,10,227588a0eb7b5af7d11e23096e8cdcf2817d441c,16w,OG001,OG002,superiority,ls_mean_difference,LSM difference,-0.6,95.0,-0.9,-0.2,2,,,,,
NCT03627767,Abrocitinib,,secondary,10,227588a0eb7b5af7d11e23096e8cdcf2817d441c,28w,OG000,OG001,superiority,ls_mean_difference,LSM difference,-0.7,95.0,-1.2,-0.2,2,=,0.0035,= 0.0035,Mixed Models Analysis,
NCT03627767,Abrocitinib,,secondary,10,227588a0eb7b5af7d11e23096e8cdcf2817d441c,28w,OG000,OG002,superiority,ls_mean_difference,LSM difference,-1.2,95.0,-1.6,-0.7,2,<,0.0001,< 0.0001,Mixed Models Analysis,
NCT03627767,Abrocitinib,,secondary,10,227588a0eb7b5af7d11e23096e8cdcf2817d441c,28w,OG001,OG002,superiority,ls_mean_difference,LSM difference,-0.5,95.0,-0.8,-0.1,2,,,,,
NCT03627767,Abrocitinib,,secondary,10,227588a0eb7b5af7d11e23096e8cdcf2817d441c,40w,OG000,OG001,superiority,ls_mean_difference,LSM difference,-0.7,95.0,-1.2,-0.1,2,=,0.0136,= 0.0136,Mixed Models Analysis,
NCT03627767,Abrocitinib,,secondary,10,227588a0eb7b5af7d11e23096e8cdcf2817d441c,40w,OG000,OG002,superiority,ls_mean_difference,LSM difference,-1.1,95.0,-1.6,-0.6,2,<,0.0001,< 0.0001,Mixed Models Analysis,
NCT03627767,Abrocitinib,,secondary,10,227588a0eb7b5af7d11e23096e8cdcf2817d441c,40w,OG001,OG002,superiority,ls_mean_difference,LSM difference,-0.4,95.0,-0.8,0.0,2,,,,,
NCT03627767,Abrocitinib,,secondary,10,227588a0eb7b5af7d11e23096e8cdcf2817d441c,52w,OG000,OG001,superiority,ls_mean_difference,LSM difference,-0.3,95.0,-1.0,0.3,2,=,0.2887,= 0.2887,Mixed Models Analysis,
NCT03627767,Abrocitinib,,secondary,10,227588a0eb7b5af7d11e23096e8cdcf2817d441c,52w,OG000,OG002,superiority,ls_mean_difference,LSM difference,-1.0,95.0,-1.6,-0.3,2,=,0.0025,= 0.0025,Mixed Models Analysis,
NCT03627767,Abrocitinib,,secondary,10,227588a0eb7b5af7d11e23096e8cdcf2817d441c,52w,OG001,OG002,superiority,ls_mean_difference,LSM difference,-0.6,95.0,-1.0,-0.2,2,,,,,
NCT03627767,Abrocitinib,,secondary,11,c14365eed9f16d4c42bd40c30f96b8b1385f1fab,12w,OG000,OG001,superiority,response_rate_difference,Difference in percentage,1.0,95.0,-1.4,3.4,2,=,0.4244,= 0.4244,Cochran-Mantel-Haenszel,
NCT03627767,Abrocitinib,,secondary,11,c14365eed9f16d4c42bd40c30f96b8b1385f1fab,12w,OG000,OG002,superiority,response_rate_difference,Difference in percentage,-0.3,95.0,-3.1,2.4,2,=,0.8092,= 0.8092,Cochran-Mantel-Haenszel,
NCT03627767,Abrocitinib,,secondary,11,c14365eed9f16d4c42bd40c30f96b8b1385f1fab,12w,OG001,OG002,superiority,response_rate_difference,Difference in percentage,-1.5,95.0,-4.1,1.0,2,,,,,
NCT03627767,Abrocitinib,,secondary,11,c14365eed9f16d4c42bd40c30f96b8b1385f1fab,16w,OG000,OG001,superiority,response_rate_difference,Difference in percentage,46.7,95.0,39.2,54.2,2,<,0.0001,< 0.0001,Cochran-Mantel-Haenszel,
NCT03627767,Abrocitinib,,secondary,11,c14365eed9f16d4c42bd40c30f96b8b1385f1fab,16w,OG000,OG002,superiority,response_rate_difference,Difference in percentage,63.6,95.0,57.2,70.0,2,<,0.0001,< 0.0001,Cochran-Mantel-Haenszel,
NCT03627767,Abrocitinib,,secondary,11,c14365eed9f16d4c42bd40c30f96b8b1385f1fab,16w,OG001,OG002,superiority,response_rate_difference,Difference in percentage,17.0,95.0,10.4,23.5,2,,,,,
NCT03627767,Abrocitinib,,secondary,11,c14365eed9f16d4c42bd40c30f96b8b1385f1fab,28w,OG000,OG001,superiority,response_rate_difference,Difference in percentage,41.3,95.0,33.9,48.7,2,<,0.0001,< 0.0001,Cochran-Mantel-Haenszel,
NCT03627767,Abrocitinib,,secondary,11,c14365eed9f16d4c42bd40c30f96b8b1385f1fab,28w,OG000,OG002,superiority,response_rate_difference,Difference in percentage,59.9,95.0,53.1,66.7,2,<,0.0001,< 0.0001,Cochran-Mantel-Haenszel,
NCT03627767,Abrocitinib,,secondary,11,c14365eed9f16d4c42bd40c30f96b8b1385f1fab,28w,OG001,OG002,superiority,response_rate_difference,Difference in percentage,18.7,95.0,10.8,26.6,2,,,,,
NCT03627767,Abrocitinib,,secondary,11,c14365eed9f16d4c42bd40c30f96b8b1385f1fab,40w,OG000,OG001,superiority,response_rate_difference,Difference in percentage,37.0,95.0,29.6,44.4,2,<,0.0001,< 0.0001,Cochran-Mantel-Haenszel,
NCT03627767,Abrocitinib,,secondary,11,c14365eed9f16d4c42bd40c30f96b8b1385f1fab,40w,OG000,OG002,superiority,response_rate_difference,Difference in percentage,54.6,95.0,47.6,61.7,2,<,0.0001,< 0.0001,Cochran-Mantel-Haenszel,
NCT03627767,Abrocitinib,,secondary,11,c14365eed9f16d4c42bd40c30f96b8b1385f1fab,40w,OG001,OG002,superiority,response_rate_difference,Difference in percentage,17.7,95.0,9.4,26.0,2,,,,,
NCT03627767,Abrocitinib,,secondary,11,c14365eed9f16d4c42bd40c30f96b8b1385f1fab,52w,OG000,OG001,superiority,response_rate_difference,Difference in percentage,30.0,95.0,22.6,37.4,2,<,0.0001,< 0.0001,Cochran-Mantel-Haenszel,
NCT03627767,Abrocitinib,,secondary,11,c14365eed9f16d4c42bd40c30f96b8b1385f1fab,52w,OG000,OG002,superiority,response_rate_difference,Difference in percentage,50.9,95.0,43.8,58.1,2,<,0.0001,< 0.0001,Cochran-Mantel-Haenszel,
NCT03627767,Abrocitinib,,secondary,11,c14365eed9f16d4c42bd40c30f96b8b1385f1fab,52w,OG001,OG002,superiority,response_rate_difference,Difference in percentage,21.1,95.0,12.8,29.5,2,,,,,
NCT03627767,Abrocitinib,,secondary,12,73f0b75ba8d6a7d8ac4946334de00d50c3ac9662,12w,OG000,OG001,superiority,response_rate_difference,Difference in percentage,1.4,95.0,-6.1,8.8,2,=,0.7232,= 0.7232,Cochran-Mantel-Haenszel,
NCT03627767,Abrocitinib,,secondary,12,73f0b75ba8d6a7d8ac4946334de00d50c3ac9662,12w,OG000,OG002,superiority,response_rate_difference,Difference in percentage,-2.2,95.0,-9.8,5.4,2,=,0.5694,= 0.5694,Cochran-Mantel-Haenszel,
NCT03627767,Abrocitinib,,secondary,12,73f0b75ba8d6a7d8ac4946334de00d50c3ac9662,12w,OG001,OG002,superiority,response_rate_difference,Difference in percentage,-3.7,95.0,-11.2,3.8,2,,,,,
NCT03627767,Abrocitinib,,secondary,12,73f0b75ba8d6a7d8ac4946334de00d50c3ac9662,16w,OG000,OG001,superiority,response_rate_difference,Difference in percentage,29.0,95.0,22.2,35.8,2,<,0.0001,< 0.0001,Cochran-Mantel-Haenszel,
NCT03627767,Abrocitinib,,secondary,12,73f0b75ba8d6a7d8ac4946334de00d50c3ac9662,16w,OG000,OG002,superiority,response_rate_difference,Difference in percentage,57.9,95.0,51.2,64.5,2,<,0.0001,< 0.0001,Cochran-Mantel-Haenszel,
NCT03627767,Abrocitinib,,secondary,12,73f0b75ba8d6a7d8ac4946334de00d50c3ac9662,16w,OG001,OG002,superiority,response_rate_difference,Difference in percentage,28.9,95.0,20.8,37.0,2,,,,,
NCT03627767,Abrocitinib,,secondary,12,73f0b75ba8d6a7d8ac4946334de00d50c3ac9662,28w,OG000,OG001,superiority,response_rate_difference,Difference in percentage,30.5,95.0,23.9,37.2,2,<,0.0001,< 0.0001,Cochran-Mantel-Haenszel,
NCT03627767,Abrocitinib,,secondary,12,73f0b75ba8d6a7d8ac4946334de00d50c3ac9662,28w,OG000,OG002,superiority,response_rate_difference,Difference in percentage,48.9,95.0,42.1,55.6,2,<,0.0001,< 0.0001,Cochran-Mantel-Haenszel,
NCT03627767,Abrocitinib,,secondary,12,73f0b75ba8d6a7d8ac4946334de00d50c3ac9662,28w,OG001,OG002,superiority,response_rate_difference,Difference in percentage,18.2,95.0,9.8,26.6,2,,,,,
NCT03627767,Abrocitinib,,secondary,12,73f0b75ba8d6a7d8ac4946334de00d50c3ac9662,40w,OG000,OG001,superiority,response_rate_difference,Difference in percentage,25.0,95.0,18.4,31.5,2,<,0.0001,< 0.0001,Cochran-Mantel-Haenszel,
NCT03627767,Abrocitinib,,secondary,12,73f0b75ba8d6a7d8ac4946334de00d50c3ac9662,40w,OG000,OG002,superiority,response_rate_difference,Difference in percentage,39.6,95.0,32.7,46.5,2,<,0.0001,< 0.0001,Cochran-Mantel-Haenszel,
NCT03627767,Abrocitinib,,secondary,12,73f0b75ba8d6a7d8ac4946334de00d50c3ac9662,40w,OG001,OG002,superiority,response_rate_difference,Difference in percentage,14.5,95.0,6.3,22.8,2,,,,,
NCT03627767,Abrocitinib,,secondary,12,73f0b75ba8d6a7d8ac4946334de00d50c3ac9662,52w,OG000,OG001,superiority,response_rate_difference,Difference in percentage,24.7,95.0,18.1,31.2,2,<,0.0001,< 0.0001,Cochran-Mantel-Haenszel,
NCT03627767,Abrocitinib,,secondary,12,73f0b75ba8d6a7d8ac4946334de00d50c3ac9662,52w,OG000,OG002,superiority,response_rate_difference,Difference in percentage,38.5,95.0,31.6,45.3,2,<,0.0001,< 0.0001,Cochran-Mantel-Haenszel,
NCT03627767,Abrocitinib,,secondary,12,73f0b75ba8d6a7d8ac4946334de00d50c3ac9662,52w,OG001,OG002,superiority,response_rate_difference,Difference in percentage,13.9,95.0,5.6,22.3,2,,,,,
NCT03627767,Abrocitinib,,secondary,20,b881a946662d29289bcf091a18667a1dcb0dee60,12w,OG000,OG001,superiority,response_rate_difference,Difference in percentage,3.0,95.0,-5.3,11.3,2,=,0.4815,= 0.4815,Cochran-Mantel-Haenszel,
NCT03627767,Abrocitinib,,secondary,20,b881a946662d29289bcf091a18667a1dcb0dee60,12w,OG000,OG002,superiority,response_rate_difference,Difference in percentage,-1.8,95.0,-10.3,6.6,2,=,0.6748,= 0.6748,Cochran-Mantel-Haenszel,
NCT03627767,Abrocitinib,,secondary,20,b881a946662d29289bcf091a18667a1dcb0dee60,12w,OG001,OG002,superiority,response_rate_difference,Difference in percentage,-5.1,95.0,-13.4,3.2,2,,,,,
NCT03627767,Abrocitinib,,secondary,20,b881a946662d29289bcf091a18667a1dcb0dee60,16w,OG000,OG001,superiority,response_rate_difference,Difference in percentage,24.0,95.0,17.8,30.3,2,<,0.0001,< 0.0001,Cochran-Mantel-Haenszel,
NCT03627767,Abrocitinib,,secondary,20,b881a946662d29289bcf091a18667a1dcb0dee60,16w,OG000,OG002,superiority,response_rate_difference,Difference in percentage,42.3,95.0,35.6,49.0,2,<,0.0001,< 0.0001,Cochran-Mantel-Haenszel,
NCT03627767,Abrocitinib,,secondary,20,b881a946662d29289bcf091a18667a1dcb0dee60,16w,OG001,OG002,superiority,response_rate_difference,Difference in percentage,18.4,95.0,10.2,26.6,2,,,,,
NCT03627767,Abrocitinib,,secondary,20,b881a946662d29289bcf091a18667a1dcb0dee60,28w,OG000,OG001,superiority,response_rate_difference,Difference in percentage,24.6,95.0,18.2,31.0,2,<,0.0001,< 0.0001,Cochran-Mantel-Haenszel,
NCT03627767,Abrocitinib,,secondary,20,b881a946662d29289bcf091a18667a1dcb0dee60,28w,OG000,OG002,superiority,response_rate_difference,Difference in percentage,40.5,95.0,33.7,47.3,2,<,0.0001,< 0.0001,Cochran-Mantel-Haenszel,
NCT03627767,Abrocitinib,,secondary,20,b881a946662d29289bcf091a18667a1dcb0dee60,28w,OG001,OG002,superiority,response_rate_difference,Difference in percentage,15.9,95.0,7.6,24.1,2,,,,,
NCT03627767,Abrocitinib,,secondary,20,b881a946662d29289bcf091a18667a1dcb0dee60,40w,OG000,OG001,superiority,response_rate_difference,Difference in percentage,18.8,95.0,12.6,25.1,2,<,0.0001,< 0.0001,Cochran-Mantel-Haenszel,
NCT03627767,Abrocitinib,,secondary,20,b881a946662d29289bcf091a18667a1dcb0dee60,40w,OG000,OG002,superiority,response_rate_difference,Difference in percentage,34.5,95.0,27.6,41.5,2,<,0.0001,< 0.0001,Cochran-Mantel-Haenszel,
NCT03627767,Abrocitinib,,secondary,20,b881a946662d29289bcf091a18667a1dcb0dee60,40w,OG001,OG002,superiority,response_rate_difference,Difference in percentage,15.6,95.0,7.5,23.7,2,,,,,
NCT03627767,Abrocitinib,,secondary,20,b881a946662d29289bcf091a18667a1dcb0dee60,52w,OG000,OG001,superiority,response_rate_difference,Difference in percentage,18.7,95.0,12.4,25.0,2,<,0.0001,< 0.0001,Cochran-Mantel-Haenszel,
NCT03627767,Abrocitinib,,secondary,20,b881a946662d29289bcf091a18667a1dcb0dee60,52w,OG000,OG002,superiority,response_rate_difference,Difference in percentage,32.3,95.0,25.4,39.2,2,<,0.0001,< 0.0001,Cochran-Mantel-Haenszel,
NCT03627767,Abrocitinib,,secondary,20,b881a946662d29289bcf091a18667a1dcb0dee60,52w,OG001,OG002,superiority,response_rate_difference,Difference in percentage,13.7,95.0,5.6,21.7,2,,,,,
NCT03627767,Abrocitinib,,secondary,21,1a5a223d47a0e41f5cabd03adfd4d5f4cb88624d,12w,OG000,OG001,superiority,ls_mean_difference,LSM difference,0.1,95.0,-0.5,0.7,2,=,0.7373,= 0.7373,Mixed Models Analysis,
NCT03627767,Abrocitinib,,secondary,21,1a5a223d47a0e41f5cabd03adfd4d5f4cb88624d,12w,OG000,OG002,superiority,ls_mean_difference,LSM difference,-0.1,95.0,-0.7,0.5,2,=,0.8092,= 0.8092,Mixed Models Analysis,
NCT03627767,Abrocitinib,,secondary,21,1a5a223d47a0e41f5cabd03adfd4d5f4cb88624d,12w,OG001,OG002,superiority,ls_mean_difference,LSM difference,-0.2,95.0,-0.8,0.4,2,,,,,
NCT03627767,Abrocitinib,,secondary,21,1a5a223d47a0e41f5cabd03adfd4d5f4cb88624d,16w,OG000,OG001,superiority,ls_mean_difference,LSM difference,-5.1,95.0,-6.1,-4.0,2,<,0.0001,< 0.0001,Mixed Models Analysis,
NCT03627767,Abrocitinib,,secondary,21,1a5a223d47a0e41f5cabd03adfd4d5f4cb88624d,16w,OG000,OG002,superiority,ls_mean_difference,LSM difference,-6.6,95.0,-7.6,-5.5,2,<,0.0001,< 0.0001,Mixed Models Analysis,
NCT03627767,Abrocitinib,,secondary,21,1a5a223d47a0e41f5cabd03adfd4d5f4cb88624d,16w,OG001,OG002,superiority,ls_mean_difference,LSM difference,-1.5,95.0,-2.4,-0.6,2,,,,,
NCT03627767,Abrocitinib,,secondary,21,1a5a223d47a0e41f5cabd03adfd4d5f4cb88624d,28w,OG000,OG001,superiority,ls_mean_difference,LSM difference,-4.0,95.0,-5.3,-2.7,2,<,0.0001,< 0.0001,Mixed Models Analysis,
NCT03627767,Abrocitinib,,secondary,21,1a5a223d47a0e41f5cabd03adfd4d5f4cb88624d,28w,OG000,OG002,superiority,ls_mean_difference,LSM difference,-5.2,95.0,-6.4,-3.9,2,<,0.0001,< 0.0001,Mixed Models Analysis,
NCT03627767,Abrocitinib,,secondary,21,1a5a223d47a0e41f5cabd03adfd4d5f4cb88624d,28w,OG001,OG002,superiority,ls_mean_difference,LSM difference,-1.2,95.0,-2.1,-0.3,2,,,,,
NCT03627767,Abrocitinib,,secondary,21,1a5a223d47a0e41f5cabd03adfd4d5f4cb88624d,40w,OG000,OG001,superiority,ls_mean_difference,LSM difference,-1.9,95.0,-3.5,-0.4,2,=,0.015,= 0.0150,Mixed Models Analysis,
NCT03627767,Abrocitinib,,secondary,21,1a5a223d47a0e41f5cabd03adfd4d5f4cb88624d,40w,OG000,OG002,superiority,ls_mean_difference,LSM difference,-3.2,95.0,-4.7,-1.7,2,<,0.0001,< 0.0001,Mixed Models Analysis,
NCT03627767,Abrocitinib,,secondary,21,1a5a223d47a0e41f5cabd03adfd4d5f4cb88624d,40w,OG001,OG002,superiority,ls_mean_difference,LSM difference,-1.3,95.0,-2.3,-0.3,2,,,,,
NCT03627767,Abrocitinib,,secondary,21,1a5a223d47a0e41f5cabd03adfd4d5f4cb88624d,52w,OG000,OG001,superiority,ls_mean_difference,LSM difference,-0.8,95.0,-2.4,0.9,2,=,0.3616,= 0.3616,Mixed Models Analysis,
NCT03627767,Abrocitinib,,secondary,21,1a5a223d47a0e41f5cabd03adfd4d5f4cb88624d,52w,OG000,OG002,superiority,ls_mean_difference,LSM difference,-2.7,95.0,-4.3,-1.1,2,=,0.0012,= 0.0012,Mixed Models Analysis,
NCT03627767,Abrocitinib,,secondary,21,1a5a223d47a0e41f5cabd03adfd4d5f4cb88624d,52w,OG001,OG002,superiority,ls_mean_difference,LSM difference,-1.9,95.0,-3.0,-0.8,2,,,,,
NCT03627767,Abrocitinib,,secondary,22,85508f5f7ec4080f14cae95121e534b920bf0a7f,12w,OG000,OG001,superiority,ls_mean_difference,LSM difference,0.6,95.0,-0.6,1.8,2,=,0.3339,= 0.3339,Mixed Models Analysis,
NCT03627767,Abrocitinib,,secondary,22,85508f5f7ec4080f14cae95121e534b920bf0a7f,12w,OG000,OG002,superiority,ls_mean_difference,LSM difference,0.5,95.0,-0.8,1.7,2,=,0.4653,= 0.4653,Mixed Models Analysis,
NCT03627767,Abrocitinib,,secondary,22,85508f5f7ec4080f14cae95121e534b920bf0a7f,12w,OG001,OG002,superiority,ls_mean_difference,LSM difference,-0.1,95.0,-1.3,1.1,2,,,,,
NCT03627767,Abrocitinib,,secondary,22,85508f5f7ec4080f14cae95121e534b920bf0a7f,16w,OG000,OG001,superiority,ls_mean_difference,LSM difference,-4.3,95.0,-6.2,-2.3,2,<,0.0001,< 0.0001,Mixed Models Analysis,
NCT03627767,Abrocitinib,,secondary,22,85508f5f7ec4080f14cae95121e534b920bf0a7f,16w,OG000,OG002,superiority,ls_mean_difference,LSM difference,-6.2,95.0,-8.2,-4.3,2,<,0.0001,< 0.0001,Mixed Models Analysis,
NCT03627767,Abrocitinib,,secondary,22,85508f5f7ec4080f14cae95121e534b920bf0a7f,16w,OG001,OG002,superiority,ls_mean_difference,LSM difference,-2.0,95.0,-3.6,-0.3,2,,,,,
NCT03627767,Abrocitinib,,secondary,22,85508f5f7ec4080f14cae95121e534b920bf0a7f,28w,OG000,OG001,superiority,ls_mean_difference,LSM difference,0.1,95.0,-1.8,2.1,2,=,0.9083,= 0.9083,Mixed Models Analysis,
NCT03627767,Abrocitinib,,secondary,22,85508f5f7ec4080f14cae95121e534b920bf0a7f,28w,OG000,OG002,superiority,ls_mean_difference,LSM difference,-1.1,95.0,-3.0,0.8,2,=,0.2439,= 0.2439,Mixed Models Analysis,
NCT03627767,Abrocitinib,,secondary,22,85508f5f7ec4080f14cae95121e534b920bf0a7f,28w,OG001,OG002,superiority,ls_mean_difference,LSM difference,-1.2,95.0,-2.6,0.1,2,,,,,
NCT03627767,Abrocitinib,,secondary,22,85508f5f7ec4080f14cae95121e534b920bf0a7f,40w,OG000,OG001,superiority,ls_mean_difference,LSM difference,-0.3,95.0,-2.4,1.7,2,=,0.7405,= 0.7405,Mixed Models Analysis,
NCT03627767,Abrocitinib,,secondary,22,85508f5f7ec4080f14cae95121e534b920bf0a7f,40w,OG000,OG002,superiority,ls_mean_difference,LSM difference,-2.1,95.0,-4.1,-0.1,2,=,0.041,= 0.0410,Mixed Models Analysis,
NCT03627767,Abrocitinib,,secondary,22,85508f5f7ec4080f14cae95121e534b920bf0a7f,40w,OG001,OG002,superiority,ls_mean_difference,LSM difference,-1.7,95.0,-3.1,-0.4,2,,,,,
NCT03627767,Abrocitinib,,secondary,22,85508f5f7ec4080f14cae95121e534b920bf0a7f,52w,OG000,OG001,superiority,ls_mean_difference,LSM difference,-1.0,95.0,-3.5,1.4,2,=,0.4026,= 0.4026,Mixed Models Analysis,
NCT03627767,Abrocitinib,,secondary,22,85508f5f7ec4080f14cae95121e534b920bf0a7f,52w,OG000,OG002,superiority,ls_mean_difference,LSM difference,-1.9,95.0,-4.2,0.3,2,=,0.0944,= 0.0944,Mixed Models Analysis,
NCT03627767,Abrocitinib,,secondary,22,85508f5f7ec4080f14cae95121e534b920bf0a7f,52w,OG001,OG002,superiority,ls_mean_difference,LSM difference,-0.9,95.0,-2.5,0.7,2,,,,,
NCT03627767,Abrocitinib,,primary,2,987de714e5f52793c9e1b9f924cbc2c76d8abc61,,OG000,OG001,superiority,hazard_ratio,Hazard Ratio (HR),0.27,95.0,0.211,0.341,2,<,0.0001,< 0.0001,Log Rank,
NCT03627767,Abrocitinib,,primary,2,987de714e5f52793c9e1b9f924cbc2c76d8abc61,,OG000,OG002,superiority,hazard_ratio,Hazard Ratio (HR),0.1,95.0,0.07,0.136,2,<,0.0001,< 0.0001,Log Rank,
NCT03627767,Abrocitinib,,primary,2,987de714e5f52793c9e1b9f924cbc2c76d8abc61,,OG001,OG002,superiority,hazard_ratio,Hazard Ratio (HR),0.36,95.0,0.255,0.516,2,<,0.0001,< 0.0001,Log Rank,
NCT03627767,Abrocitinib,,secondary,23,204643c30983b1e335e8ab4c31d9ffd488cfebe6,12w,OG000,OG001,superiority,ls_mean_difference,LSM difference,0.1,95.0,-0.4,0.6,2,=,0.7556,= 0.7556,Mixed Models Analysis,
NCT03627767,Abrocitinib,,secondary,23,204643c30983b1e335e8ab4c31d9ffd488cfebe6,12w,OG000,OG002,superiority,ls_mean_difference,LSM difference,0.1,95.0,-0.4,0.6,2,=,0.7484,= 0.7484,Mixed Models Analysis,
NCT03627767,Abrocitinib,,secondary,23,204643c30983b1e335e8ab4c31d9ffd488cfebe6,12w,OG001,OG002,superiority,ls_mean_difference,LSM difference,0.0,95.0,-0.5,0.5,2,,,,,
NCT03627767,Abrocitinib,,secondary,23,204643c30983b1e335e8ab4c31d9ffd488cfebe6,16w,OG000,OG001,superiority,ls_mean_difference,LSM difference,-1.1,95.0,-1.6,-0.6,2,<,0.0001,< 0.0001,Mixed Models Analysis,
NCT03627767,Abrocitinib,,secondary,23,204643c30983b1e335e8ab4c31d9ffd488cfebe6,16w,OG000,OG002,superiority,ls_mean_difference,LSM difference,-1.4,95.0,-1.9,-0.9,2,<,0.0001,< 0.0001,Mixed Models Analysis,
NCT03627767,Abrocitinib,,secondary,23,204643c30983b1e335e8ab4c31d9ffd488cfebe6,16w,OG001,OG002,superiority,ls_mean_difference,LSM difference,-0.3,95.0,-0.7,0.1,2,,,,,
NCT03627767,Abrocitinib,,secondary,23,204643c30983b1e335e8ab4c31d9ffd488cfebe6,28w,OG000,OG001,superiority,ls_mean_difference,LSM difference,-0.6,95.0,-1.2,-0.1,2,=,0.0242,= 0.0242,Mixed Models Analysis,
NCT03627767,Abrocitinib,,secondary,23,204643c30983b1e335e8ab4c31d9ffd488cfebe6,28w,OG000,OG002,superiority,ls_mean_difference,LSM difference,-0.9,95.0,-1.4,-0.4,2,=,0.0012,= 0.0012,Mixed Models Analysis,
NCT03627767,Abrocitinib,,secondary,23,204643c30983b1e335e8ab4c31d9ffd488cfebe6,28w,OG001,OG002,superiority,ls_mean_difference,LSM difference,-0.3,95.0,-0.6,0.1,2,,,,,
NCT03627767,Abrocitinib,,secondary,23,204643c30983b1e335e8ab4c31d9ffd488cfebe6,40w,OG000,OG001,superiority,ls_mean_difference,LSM difference,-0.6,95.0,-1.3,0.2,2,=,0.124,= 0.1240,Mixed Models Analysis,
NCT03627767,Abrocitinib,,secondary,23,204643c30983b1e335e8ab4c31d9ffd488cfebe6,40w,OG000,OG002,superiority,ls_mean_difference,LSM difference,-0.9,95.0,-1.6,-0.2,2,=,0.0107,= 0.0107,Mixed Models Analysis,
NCT03627767,Abrocitinib,,secondary,23,204643c30983b1e335e8ab4c31d9ffd488cfebe6,40w,OG001,OG002,superiority,ls_mean_difference,LSM difference,-0.3,95.0,-0.8,0.1,2,,,,,
NCT03627767,Abrocitinib,,secondary,23,204643c30983b1e335e8ab4c31d9ffd488cfebe6,52w,OG000,OG001,superiority,ls_mean_difference,LSM difference,-0.4,95.0,-1.1,0.3,2,=,0.3139,= 0.3139,Mixed Models Analysis,
NCT03627767,Abrocitinib,,secondary,23,204643c30983b1e335e8ab4c31d9ffd488cfebe6,52w,OG000,OG002,superiority,ls_mean_difference,LSM difference,-0.6,95.0,-1.3,0.1,2,=,0.0853,= 0.0853,Mixed Models Analysis,
NCT03627767,Abrocitinib,,secondary,23,204643c30983b1e335e8ab4c31d9ffd488cfebe6,52w,OG001,OG002,superiority,ls_mean_difference,LSM difference,-0.2,95.0,-0.7,0.2,2,,,,,
NCT03627767,Abrocitinib,,secondary,24,2af762d97f92dbaef930741539875cc3acbe1eff,12w,OG000,OG001,superiority,ls_mean_difference,LSM difference,0.4,95.0,0.0,0.8,2,=,0.0674,= 0.0674,Mixed Models Analysis,
NCT03627767,Abrocitinib,,secondary,24,2af762d97f92dbaef930741539875cc3acbe1eff,12w,OG000,OG002,superiority,ls_mean_difference,LSM difference,0.3,95.0,-0.1,0.7,2,=,0.1437,= 0.1437,Mixed Models Analysis,
NCT03627767,Abrocitinib,,secondary,24,2af762d97f92dbaef930741539875cc3acbe1eff,12w,OG001,OG002,superiority,ls_mean_difference,LSM difference,-0.1,95.0,-0.5,0.3,2,,,,,
NCT03627767,Abrocitinib,,secondary,24,2af762d97f92dbaef930741539875cc3acbe1eff,16w,OG000,OG001,superiority,ls_mean_difference,LSM difference,-1.4,95.0,-1.8,-0.9,2,<,0.0001,< 0.0001,Mixed Models Analysis,
NCT03627767,Abrocitinib,,secondary,24,2af762d97f92dbaef930741539875cc3acbe1eff,16w,OG000,OG002,superiority,ls_mean_difference,LSM difference,-1.4,95.0,-1.8,-0.9,2,<,0.0001,< 0.0001,Mixed Models Analysis,
NCT03627767,Abrocitinib,,secondary,24,2af762d97f92dbaef930741539875cc3acbe1eff,16w,OG001,OG002,superiority,ls_mean_difference,LSM difference,0.0,95.0,-0.4,0.4,2,,,,,
NCT03627767,Abrocitinib,,secondary,24,2af762d97f92dbaef930741539875cc3acbe1eff,28w,OG000,OG001,superiority,ls_mean_difference,LSM difference,-0.4,95.0,-1.0,0.1,2,=,0.1136,= 0.1136,Mixed Models Analysis,
NCT03627767,Abrocitinib,,secondary,24,2af762d97f92dbaef930741539875cc3acbe1eff,28w,OG000,OG002,superiority,ls_mean_difference,LSM difference,-0.6,95.0,-1.1,-0.1,2,=,0.0276,= 0.0276,Mixed Models Analysis,
NCT03627767,Abrocitinib,,secondary,24,2af762d97f92dbaef930741539875cc3acbe1eff,28w,OG001,OG002,superiority,ls_mean_difference,LSM difference,-0.2,95.0,-0.5,0.2,2,,,,,
NCT03627767,Abrocitinib,,secondary,24,2af762d97f92dbaef930741539875cc3acbe1eff,40w,OG000,OG001,superiority,ls_mean_difference,LSM difference,-0.9,95.0,-1.5,-0.2,2,=,0.0108,= 0.0108,Mixed Models Analysis,
NCT03627767,Abrocitinib,,secondary,24,2af762d97f92dbaef930741539875cc3acbe1eff,40w,OG000,OG002,superiority,ls_mean_difference,LSM difference,-0.6,95.0,-1.3,0.0,2,=,0.0677,= 0.0677,Mixed Models Analysis,
NCT03627767,Abrocitinib,,secondary,24,2af762d97f92dbaef930741539875cc3acbe1eff,40w,OG001,OG002,superiority,ls_mean_difference,LSM difference,0.3,95.0,-0.2,0.7,2,,,,,
NCT03627767,Abrocitinib,,secondary,24,2af762d97f92dbaef930741539875cc3acbe1eff,52w,OG000,OG001,superiority,ls_mean_difference,LSM difference,-0.5,95.0,-1.1,0.1,2,=,0.132,= 0.1320,Mixed Models Analysis,
NCT03627767,Abrocitinib,,secondary,24,2af762d97f92dbaef930741539875cc3acbe1eff,52w,OG000,OG002,superiority,ls_mean_difference,LSM difference,-0.3,95.0,-0.9,0.3,2,=,0.2975,= 0.2975,Mixed Models Analysis,
NCT03627767,Abrocitinib,,secondary,24,2af762d97f92dbaef930741539875cc3acbe1eff,52w,OG001,OG002,superiority,ls_mean_difference,LSM difference,0.2,95.0,-0.2,0.6,2,,,,,
NCT03627767,Abrocitinib,,secondary,25,a50e5160116b7c8a2dfe5874860b80376672f868,12w,OG000,OG001,superiority,ls_mean_difference,LSM difference,-0.4,95.0,-1.3,0.4,2,=,0.3531,= 0.3531,Mixed Models Analysis,
NCT03627767,Abrocitinib,,secondary,25,a50e5160116b7c8a2dfe5874860b80376672f868,12w,OG000,OG002,superiority,ls_mean_difference,LSM difference,0.0,95.0,-0.8,0.9,2,=,0.9282,= 0.9282,Mixed Models Analysis,
NCT03627767,Abrocitinib,,secondary,25,a50e5160116b7c8a2dfe5874860b80376672f868,12w,OG001,OG002,superiority,ls_mean_difference,LSM difference,0.4,95.0,-0.4,1.3,2,,,,,
NCT03627767,Abrocitinib,,secondary,25,a50e5160116b7c8a2dfe5874860b80376672f868,16w,OG000,OG001,superiority,ls_mean_difference,LSM difference,-6.1,95.0,-7.3,-5.0,2,<,0.0001,< 0.0001,Mixed Models Analysis,
NCT03627767,Abrocitinib,,secondary,25,a50e5160116b7c8a2dfe5874860b80376672f868,16w,OG000,OG002,superiority,ls_mean_difference,LSM difference,-9.2,95.0,-10.3,-8.1,2,<,0.0001,< 0.0001,Mixed Models Analysis,
NCT03627767,Abrocitinib,,secondary,25,a50e5160116b7c8a2dfe5874860b80376672f868,16w,OG001,OG002,superiority,ls_mean_difference,LSM difference,-3.1,95.0,-4.0,-2.1,2,,,,,
NCT03627767,Abrocitinib,,secondary,25,a50e5160116b7c8a2dfe5874860b80376672f868,28w,OG000,OG001,superiority,ls_mean_difference,LSM difference,-4.6,95.0,-6.2,-2.9,2,<,0.0001,< 0.0001,Mixed Models Analysis,
NCT03627767,Abrocitinib,,secondary,25,a50e5160116b7c8a2dfe5874860b80376672f868,28w,OG000,OG002,superiority,ls_mean_difference,LSM difference,-6.7,95.0,-8.3,-5.1,2,<,0.0001,< 0.0001,Mixed Models Analysis,
NCT03627767,Abrocitinib,,secondary,25,a50e5160116b7c8a2dfe5874860b80376672f868,28w,OG001,OG002,superiority,ls_mean_difference,LSM difference,-2.1,95.0,-3.3,-0.9,2,,,,,
NCT03627767,Abrocitinib,,secondary,25,a50e5160116b7c8a2dfe5874860b80376672f868,40w,OG000,OG001,superiority,ls_mean_difference,LSM difference,-2.6,95.0,-4.5,-0.7,2,=,0.0082,= 0.0082,Mixed Models Analysis,
NCT03627767,Abrocitinib,,secondary,25,a50e5160116b7c8a2dfe5874860b80376672f868,40w,OG000,OG002,superiority,ls_mean_difference,LSM difference,-5.5,95.0,-7.4,-3.6,2,<,0.0001,< 0.0001,Mixed Models Analysis,
NCT03627767,Abrocitinib,,secondary,25,a50e5160116b7c8a2dfe5874860b80376672f868,40w,OG001,OG002,superiority,ls_mean_difference,LSM difference,-2.9,95.0,-4.2,-1.6,2,,,,,
NCT03627767,Abrocitinib,,secondary,25,a50e5160116b7c8a2dfe5874860b80376672f868,52w,OG000,OG001,superiority,ls_mean_difference,LSM difference,-2.4,95.0,-4.5,-0.2,2,=,0.0313,= 0.0313,Mixed Models Analysis,
NCT03627767,Abrocitinib,,secondary,25,a50e5160116b7c8a2dfe5874860b80376672f868,52w,OG000,OG002,superiority,ls_mean_difference,LSM difference,-5.1,95.0,-7.1,-3.0,2,<,0.0001,< 0.0001,Mixed Models Analysis,
NCT03627767,Abrocitinib,,secondary,25,a50e5160116b7c8a2dfe5874860b80376672f868,52w,OG001,OG002,superiority,ls_mean_difference,LSM difference,-2.7,95.0,-4.1,-1.3,2,,,,,
NCT03627767,Abrocitinib,,secondary,26,a446849d8011ddb815db32101ed0a138c4224ba2,12w,OG000,OG001,superiority,ls_mean_difference,LSM difference,-0.1,95.0,-0.4,0.2,2,=,0.4832,= 0.4832,Mixed Models Analysis,
NCT03627767,Abrocitinib,,secondary,26,a446849d8011ddb815db32101ed0a138c4224ba2,12w,OG000,OG002,superiority,ls_mean_difference,LSM difference,-0.1,95.0,-0.3,0.2,2,=,0.6553,= 0.6553,Mixed Models Analysis,
NCT03627767,Abrocitinib,,secondary,26,a446849d8011ddb815db32101ed0a138c4224ba2,12w,OG001,OG002,superiority,ls_mean_difference,LSM difference,0.0,95.0,-0.2,0.3,2,,,,,
NCT03627767,Abrocitinib,,secondary,26,a446849d8011ddb815db32101ed0a138c4224ba2,16w,OG000,OG001,superiority,ls_mean_difference,LSM difference,-1.3,95.0,-1.5,-1.1,2,<,0.0001,< 0.0001,Mixed Models Analysis,
NCT03627767,Abrocitinib,,secondary,26,a446849d8011ddb815db32101ed0a138c4224ba2,16w,OG000,OG002,superiority,ls_mean_difference,LSM difference,-2.0,95.0,-2.2,-1.7,2,<,0.0001,< 0.0001,Mixed Models Analysis,
NCT03627767,Abrocitinib,,secondary,26,a446849d8011ddb815db32101ed0a138c4224ba2,16w,OG001,OG002,superiority,ls_mean_difference,LSM difference,-0.7,95.0,-0.9,-0.4,2,,,,,
NCT03627767,Abrocitinib,,secondary,26,a446849d8011ddb815db32101ed0a138c4224ba2,28w,OG000,OG001,superiority,ls_mean_difference,LSM difference,-1.3,95.0,-1.7,-1.0,2,<,0.0001,< 0.0001,Mixed Models Analysis,
NCT03627767,Abrocitinib,,secondary,26,a446849d8011ddb815db32101ed0a138c4224ba2,28w,OG000,OG002,superiority,ls_mean_difference,LSM difference,-2.2,95.0,-2.5,-1.8,2,<,0.0001,< 0.0001,Mixed Models Analysis,
NCT03627767,Abrocitinib,,secondary,26,a446849d8011ddb815db32101ed0a138c4224ba2,28w,OG001,OG002,superiority,ls_mean_difference,LSM difference,-0.8,95.0,-1.1,-0.5,2,,,,,
NCT03627767,Abrocitinib,,secondary,26,a446849d8011ddb815db32101ed0a138c4224ba2,40w,OG000,OG001,superiority,ls_mean_difference,LSM difference,-1.0,95.0,-1.4,-0.6,2,<,0.0001,< 0.0001,Mixed Models Analysis,
NCT03627767,Abrocitinib,,secondary,26,a446849d8011ddb815db32101ed0a138c4224ba2,40w,OG000,OG002,superiority,ls_mean_difference,LSM difference,-1.8,95.0,-2.2,-1.4,2,<,0.0001,< 0.0001,Mixed Models Analysis,
NCT03627767,Abrocitinib,,secondary,26,a446849d8011ddb815db32101ed0a138c4224ba2,40w,OG001,OG002,superiority,ls_mean_difference,LSM difference,-0.8,95.0,-1.1,-0.5,2,,,,,
NCT03627767,Abrocitinib,,secondary,26,a446849d8011ddb815db32101ed0a138c4224ba2,52w,OG000,OG001,superiority,ls_mean_difference,LSM difference,-0.8,95.0,-1.2,-0.3,2,=,0.002,= 0.0020,Mixed Models Analysis,
NCT03627767,Abrocitinib,,secondary,26,a446849d8011ddb815db32101ed0a138c4224ba2,52w,OG000,OG002,superiority,ls_mean_difference,LSM difference,-1.7,95.0,-2.2,-1.2,2,<,0.0001,< 0.0001,Mixed Models Analysis,
NCT03627767,Abrocitinib,,secondary,26,a446849d8011ddb815db32101ed0a138c4224ba2,52w,OG001,OG002,superiority,ls_mean_difference,LSM difference,-0.9,95.0,-1.3,-0.6,2,,,,,
NCT03713619,Secukinumab,SUNSHINE,primary,1,a298d7527458eee5c268b7d245a8622986cd54a1,,OG000,OG002,superiority,odds_ratio,"Odds Ratio, log",1.75,95.0,1.12,2.73,2,=,0.007,0.0070,"Regression, Logistic",
NCT03713619,Secukinumab,SUNSHINE,primary,1,a298d7527458eee5c268b7d245a8622986cd54a1,,OG001,OG002,superiority,odds_ratio,Odds Ratio (OR),1.48,95.0,0.95,2.32,2,=,0.0418,0.0418,"Regression, Logistic",
NCT03713619,Secukinumab,SUNSHINE,secondary,1,80e73202d4647442be61be356ca66a9046407c0b,16w,OG000,OG002,superiority,ls_mean_difference,Least square Mean Difference,-23.05,95.0,-33.9,-12.21,2,<,0.0001,<0.0001,ANCOVA,
NCT03713619,Secukinumab,SUNSHINE,secondary,1,80e73202d4647442be61be356ca66a9046407c0b,16w,OG001,OG002,superiority,ls_mean_difference,Least Square Mean difference,-18.46,95.0,-29.32,-7.6,2,=,0.0004,0.0004,ANCOVA,
NCT03713619,Secukinumab,SUNSHINE,secondary,2,30e2d787fb1663adc115f58b50bab1e55e80cc7e,,OG000,OG002,superiority,odds_ratio,"Odds Ratio, log",0.42,95.0,0.25,0.73,2,=,0.001,0.0010,"Regression, Logistic",
NCT03713619,Secukinumab,SUNSHINE,secondary,2,30e2d787fb1663adc115f58b50bab1e55e80cc7e,,OG001,OG002,superiority,odds_ratio,Odds Ratio (OR),0.71,95.0,0.43,1.17,2,=,0.0926,0.0926,"Regression, Logistic",
NCT03713619,Secukinumab,SUNSHINE,secondary,3,b5fead6800fddd7a7341dd45b8a65f8ed7ac2e40,,OG000,OG002,superiority,odds_ratio,Odds Ratio (OR),1.84,95.0,1.0,3.4,2,=,0.0248,0.0248,"Regression, Logistic",
NCT03713619,Secukinumab,SUNSHINE,secondary,3,b5fead6800fddd7a7341dd45b8a65f8ed7ac2e40,,OG001,OG002,superiority,odds_ratio,"Odds Ratio, log",1.77,95.0,1.15,2.0,2,=,0.0044,0.0044,"Regression, Logistic",
NCT03713632,Secukinumab,SUNRISE,primary,1,a298d7527458eee5c268b7d245a8622986cd54a1,,OG000,OG002,superiority,odds_ratio,Odds Ratio (OR),1.64,95.0,1.05,2.55,2,=,0.0149,0.0149,"Regression, Logistic",
NCT03713632,Secukinumab,SUNRISE,primary,1,a298d7527458eee5c268b7d245a8622986cd54a1,,OG001,OG002,superiority,odds_ratio,Odds Ratio (OR),1.9,95.0,1.22,2.96,2,=,0.0022,0.0022,"Regression, Logistic",
NCT03713632,Secukinumab,SUNRISE,secondary,1,2b2df8fbcdd92060a1d1a0268c8b5d1fa5f2fa37,,OG000,OG002,superiority,mean_difference,Mean Difference (Net),-16.33,95.0,-28.79,-3.88,2,=,0.0051,0.0051,ANCOVA,
NCT03713632,Secukinumab,SUNRISE,secondary,1,2b2df8fbcdd92060a1d1a0268c8b5d1fa5f2fa37,,OG001,OG002,superiority,mean_difference,Mean Difference (Net),-22.94,95.0,-35.24,-10.63,2,=,0.0001,0.0001,ANCOVA,
NCT03713632,Secukinumab,SUNRISE,secondary,2,30e2d787fb1663adc115f58b50bab1e55e80cc7e,,OG000,OG002,superiority,odds_ratio,Odds Ratio (OR),0.68,95.0,0.41,1.14,2,=,0.0732,0.0732,"Regression, Logistic",
NCT03713632,Secukinumab,SUNRISE,secondary,2,30e2d787fb1663adc115f58b50bab1e55e80cc7e,,OG001,OG002,superiority,odds_ratio,Odds Ratio (OR),0.49,95.0,0.29,0.84,2,=,0.0049,0.0049,"Regression, Logistic",
NCT03713632,Secukinumab,SUNRISE,secondary,3,b5fead6800fddd7a7341dd45b8a65f8ed7ac2e40,,OG000,OG002,superiority,odds_ratio,Odds Ratio (OR),2.29,95.0,1.28,4.09,2,=,0.0026,0.0026,"Regression, Logistic",
NCT03713632,Secukinumab,SUNRISE,secondary,3,b5fead6800fddd7a7341dd45b8a65f8ed7ac2e40,,OG001,OG002,superiority,odds_ratio,Odds Ratio (OR),1.86,95.0,1.03,3.37,2,=,0.0206,0.0206,"Regression, Logistic",
NCT03720470,Abrocitinib,JADE Compare,primary,1,a3c8bda515fdc0e79152852c41ff873d46c9cd6d,12w,OG000,OG001,superiority,response_rate_difference,Difference in percentage,23.1,95.0,14.7,31.4,2,<,0.0001,<0.0001,Cochran-Mantel-Haenszel,
NCT03720470,Abrocitinib,JADE Compare,primary,1,a3c8bda515fdc0e79152852c41ff873d46c9cd6d,12w,OG000,OG002,superiority,response_rate_difference,Difference in Percentage,34.8,95.0,26.1,43.5,2,<,0.0001,<0.0001,Cochran-Mantel-Haenszel,
NCT03720470,Abrocitinib,JADE Compare,primary,2,1d515b3c84336a4640be1ec2ffc56772497ba6f3,12w,OG000,OG001,superiority,response_rate_difference,Difference in percentage,31.9,95.0,22.2,41.6,2,<,0.0001,<0.0001,Cochran-Mantel-Haenszel,
NCT03720470,Abrocitinib,JADE Compare,primary,2,1d515b3c84336a4640be1ec2ffc56772497ba6f3,12w,OG000,OG002,superiority,response_rate_difference,Difference in Percentage,43.2,95.0,33.7,52.7,2,<,0.0001,<0.0001,Cochran-Mantel-Haenszel,
NCT03720470,Abrocitinib,JADE Compare,secondary,1,96e966ede5340abb4b8391cf6580e6b3569eb6c9,2w,OG000,OG001,superiority,response_rate_difference,Difference in percentage,17.9,95.0,9.5,26.3,2,=,0.0002,0.0002,Cochran-Mantel-Haenszel,
NCT03720470,Abrocitinib,JADE Compare,secondary,1,96e966ede5340abb4b8391cf6580e6b3569eb6c9,2w,OG000,OG002,superiority,response_rate_difference,Difference in Percentage,34.9,95.0,26.0,43.7,2,<,0.0001,<.0001,Cochran-Mantel-Haenszel,
NCT03720470,Abrocitinib,JADE Compare,secondary,1,96e966ede5340abb4b8391cf6580e6b3569eb6c9,2w,OG001,OG003,superiority,response_rate_difference,Difference in Percentage,5.2,95.0,-2.9,13.4,2,=,0.2084,0.2084,Cochran-Mantel-Haenszel,
NCT03720470,Abrocitinib,JADE Compare,secondary,1,96e966ede5340abb4b8391cf6580e6b3569eb6c9,2w,OG002,OG003,superiority,response_rate_difference,Difference in Percentage,22.1,95.0,13.5,30.7,2,<,0.0001,<0.0001,Cochran-Mantel-Haenszel,
NCT03720470,Abrocitinib,JADE Compare,secondary,2,df9c0c9b3f552b09f068047f0f4a5015d11cb279,16w,OG000,OG001,other,response_rate_difference,Difference in Percentage,22.1,95.0,13.7,30.5,2,<,0.0001,<0.0001,Cochran-Mantel-Haenszel,
NCT03720470,Abrocitinib,JADE Compare,secondary,2,df9c0c9b3f552b09f068047f0f4a5015d11cb279,16w,OG000,OG002,other,response_rate_difference,Difference in Percentage,35.0,95.0,26.3,43.7,2,<,0.0001,<0.0001,Cochran-Mantel-Haenszel,
NCT03720470,Abrocitinib,JADE Compare,secondary,2,df9c0c9b3f552b09f068047f0f4a5015d11cb279,16w,OG001,OG003,other,response_rate_difference,Difference in Percentage,-3.5,95.0,-12.2,5.2,2,,,,,
NCT03720470,Abrocitinib,JADE Compare,secondary,2,df9c0c9b3f552b09f068047f0f4a5015d11cb279,16w,OG002,OG003,other,response_rate_difference,Difference in Percentage,9.4,95.0,0.4,18.5,2,,,,,
NCT03720470,Abrocitinib,JADE Compare,secondary,3,64891df2892e5d13779d621dcb3221fe8d74caaa,2w,OG000,OG001,other,response_rate_difference,Difference in percentage,24.1,95.0,14.0,34.1,2,<,0.0001,<0.0001,Cochran-Mantel-Haenszel,
NCT03720470,Abrocitinib,JADE Compare,secondary,3,64891df2892e5d13779d621dcb3221fe8d74caaa,4w,OG000,OG002,other,response_rate_difference,Difference in Percentage,30.1,95.0,20.3,39.8,2,<,0.0001,<0.0001,Cochran-Mantel-Haenszel,
NCT03720470,Abrocitinib,JADE Compare,secondary,3,64891df2892e5d13779d621dcb3221fe8d74caaa,16w,OG000,OG003,other,response_rate_difference,Difference in Percentage,-2.7,95.0,-9.6,4.2,2,,,,,
NCT03720470,Abrocitinib,JADE Compare,secondary,3,64891df2892e5d13779d621dcb3221fe8d74caaa,16w,OG001,OG003,other,response_rate_difference,Difference in Percentage,3.1,95.0,-3.3,9.6,2,,,,,
NCT03732807,Ritlecitinib,ALLEGRO-2b/3,primary,1,a0b33804d658866eeb2ae760b9ecf176d12c7863,24w,OG000,OG005,superiority,mean_difference,Estimate of difference,29.11,95.0,21.17,37.91,2,<,1e-06,<0.000001,Miettinen and Nurminen method,
NCT03732807,Ritlecitinib,ALLEGRO-2b/3,primary,1,a0b33804d658866eeb2ae760b9ecf176d12c7863,24w,OG001,OG005,superiority,mean_difference,Estimate of difference,20.78,95.0,13.65,29.18,2,<,1e-06,<0.000001,Miettinen and Nurminen method,
NCT03732807,Ritlecitinib,ALLEGRO-2b/3,primary,1,a0b33804d658866eeb2ae760b9ecf176d12c7863,24w,OG002,OG005,superiority,mean_difference,Estimate of difference,21.85,95.0,14.65,30.23,2,<,1e-06,<0.000001,Miettinen and Nurminen method,
NCT03732807,Ritlecitinib,ALLEGRO-2b/3,primary,1,a0b33804d658866eeb2ae760b9ecf176d12c7863,24w,OG003,OG005,superiority,mean_difference,Estimate of difference,12.75,95.0,6.69,20.36,2,=,0.000154,0.000154,Miettinen and Nurminen method,
NCT03732807,Ritlecitinib,ALLEGRO-2b/3,secondary,1,5762fb8a60fd74093d722131a8f1cbf549a25605,24w,OG000,OG005,superiority,mean_difference,Estimate of difference,19.75,95.0,11.91,27.59,2,<,1e-06,<0.000001,Miettinen and Nurminen method,
NCT03732807,Ritlecitinib,ALLEGRO-2b/3,secondary,1,5762fb8a60fd74093d722131a8f1cbf549a25605,24w,OG001,OG005,superiority,mean_difference,Estimate of difference,11.33,95.0,4.93,17.74,,=,0.000526,0.000526,Miettinen and Nurminen method,
NCT03732807,Ritlecitinib,ALLEGRO-2b/3,secondary,1,5762fb8a60fd74093d722131a8f1cbf549a25605,24w,OG002,OG005,superiority,mean_difference,Estimate of difference,11.88,95.0,5.42,18.33,,=,0.000311,0.000311,Miettinen and Nurminen method,
NCT03732807,Ritlecitinib,ALLEGRO-2b/3,secondary,1,5762fb8a60fd74093d722131a8f1cbf549a25605,24w,OG003,OG005,superiority,mean_difference,Estimate of difference,9.09,95.0,3.1,15.07,,=,0.002922,0.002922,Miettinen and Nurminen method,
NCT03732807,Ritlecitinib,ALLEGRO-2b/3,secondary,2,b2ba6951ce8dc2f64777bf9e10e6f9832644ee7b,24w,OG000,OG005,superiority,mean_difference,Estimate of difference,20.24,95.0,13.23,28.49,,<,1e-06,<0.000001,Miettinen and Nurminen method,
NCT03732807,Ritlecitinib,ALLEGRO-2b/3,secondary,2,b2ba6951ce8dc2f64777bf9e10e6f9832644ee7b,24w,OG001,OG005,superiority,mean_difference,Estimate of difference,11.68,95.0,5.82,19.07,,=,0.000337,0.000337,Miettinen and Nurminen method,
NCT03732807,Ritlecitinib,ALLEGRO-2b/3,secondary,2,b2ba6951ce8dc2f64777bf9e10e6f9832644ee7b,24w,OG002,OG005,superiority,mean_difference,Estimate of difference,12.17,95.0,6.27,19.53,,=,0.000228,0.000228,Miettinen and Nurminen method,
NCT03732807,Ritlecitinib,ALLEGRO-2b/3,secondary,2,b2ba6951ce8dc2f64777bf9e10e6f9832644ee7b,24w,OG003,OG005,superiority,mean_difference,Estimate of difference,9.39,95.0,3.86,16.46,2,=,0.001875,0.001875,Miettinen and Nurminen method,
NCT03732807,Ritlecitinib,ALLEGRO-2b/3,secondary,3,c8e9fb389f89fe447df1f827dacedbb95cf34e31,24w,OG000,OG005,superiority,mean_difference,Estimate of difference,42.96,95.0,31.68,54.25,2,<,1e-06,<0.000001,Miettinen and Nurminen method,
NCT03732807,Ritlecitinib,ALLEGRO-2b/3,secondary,3,c8e9fb389f89fe447df1f827dacedbb95cf34e31,24w,OG001,OG005,superiority,mean_difference,Estimate of difference,36.18,95.0,25.22,47.14,2,<,1e-06,<0.000001,Miettinen and Nurminen method,
NCT03732807,Ritlecitinib,ALLEGRO-2b/3,secondary,3,c8e9fb389f89fe447df1f827dacedbb95cf34e31,24w,OG002,OG005,superiority,mean_difference,Estimate of difference,39.96,95.0,28.85,51.06,2,<,1e-06,<0.000001,Miettinen and Nurminen method,
NCT03732807,Ritlecitinib,ALLEGRO-2b/3,secondary,3,c8e9fb389f89fe447df1f827dacedbb95cf34e31,24w,OG003,OG005,superiority,mean_difference,Estimate of difference,32.72,95.0,21.95,43.5,2,<,1e-06,<0.000001,Miettinen and Nurminen method,
NCT03782792,Spesolimab,,primary,1,a855f9415d53a5d740db4bf47a3befe09fafcb59,1w,OG000,OG001,other,risk_difference,Risk Difference (RD),0.487,95.0,0.215,0.672,2,=,0.0004,0.0004,Suissa-Shuster Z-pooled test,
NCT03782792,Spesolimab,,secondary,1,e14a5c56fcf9e65cab2235d5f427bdd664174969,1w,OG000,OG001,other,risk_difference,Risk Difference (RD),0.317,95.0,0.022,0.527,2,=,0.0118,0.0118,Suissa-Shuster Z-pooled test,
NCT03782792,Spesolimab,,secondary,2,9b4df52a35bd382927db29b2262351daf247632f,4w,OG000,OG001,other,risk_difference,Risk Difference (RD),0.346,95.0,0.058,0.554,2,=,0.0081,0.0081,Suissa-Shuster Z-pooled test,
NCT03782792,Spesolimab,,secondary,3,d2e978fee6332a3b7fdf5eb9215c6dd9daa19718,4w,OG000,OG001,other,,,,,,,,=,0.0012,0.0012,Wilcoxon (Mann-Whitney),
NCT03782792,Spesolimab,,secondary,4,b7ca2a6aff3e15fc192d646e2b86680034f84081,4w,OG000,OG001,other,,,,,,,,=,0.0044,0.0044,Wilcoxon (Mann-Whitney),
NCT03782792,Spesolimab,,secondary,5,0592d2abf456e7460272e1fbb8f55380fa8bffbb,4w,OG000,OG001,other,,,,,,,,=,0.0012,0.0012,Wilcoxon (Mann-Whitney),
NCT03782792,Spesolimab,,secondary,6,a1e7e0b9754ec4373e4f818885b3201765e042a8,4w,OG000,OG001,other,risk_difference,Risk Difference (RD),0.375,95.0,0.058,0.581,2,,,,,
NCT03782792,Spesolimab,,secondary,7,c57f31deaf730b6633e5e92893d71e42687c1217,4w,OG000,OG001,other,risk_difference,Risk Difference (RD),0.403,95.0,0.096,0.607,2,,,,,
NCT03782792,Spesolimab,,secondary,8,178723debde6f832ed796014da033f1b6c0aa307,4w,OG000,OG001,other,risk_difference,Risk Difference (RD),0.432,95.0,0.096,0.636,2,,,,,
NCT03782792,Spesolimab,,secondary,10,f622ff342a00894020f56d164f5c52cfa56d4cf2,1w,OG000,OG001,other,risk_difference,Risk Difference (RD),0.151,95.0,-0.138,0.401,2,,,,,
NCT03782792,Spesolimab,,secondary,11,b53e699c464fb5b2e8afc8f926e0ecfdffeebb2f,1w,OG000,OG001,other,median_difference,Median Difference (Final Values),-16.88,95.0,-67.32,12.76,2,,,,,
NCT03899259,Baricitinib,BRAVE-AA2,primary,1,672142c38c27907a9b34a8c50f983b2bb7d4709d,36w,OG000,OG001,superiority,odds_ratio,Odds Ratio (OR),7.86,95.0,2.79,22.17,2,<,0.001,<0.001,"Regression, Logistic",
NCT03899259,Baricitinib,BRAVE-AA2,primary,1,672142c38c27907a9b34a8c50f983b2bb7d4709d,36w,OG000,OG002,superiority,odds_ratio,Odds Ratio (OR),19.72,95.0,7.3,53.3,2,<,0.001,<0.001,"Regression, Logistic",
NCT03899259,Baricitinib,BRAVE-AA2,secondary,1,ae35a536310ea0073a86a0e5e53565634cbf76b6,36w,OG000,OG001,superiority,mean_difference,Mean Difference (Final Values),-25.25,95.0,-32.78,-17.72,2,<,0.001,<0.001,ANCOVA,
NCT03899259,Baricitinib,BRAVE-AA2,secondary,1,ae35a536310ea0073a86a0e5e53565634cbf76b6,36w,OG000,OG002,superiority,mean_difference,Mean Difference (Final Values),-44.49,95.0,-51.33,-37.65,2,<,0.001,<0.001,ANCOVA,
NCT03899259,Baricitinib,BRAVE-AA2,secondary,2,2222413a2d2888b3b91ebaf0933e5da0c266aba9,,OG000,OG001,superiority,odds_ratio,Odds Ratio (OR),4.63,95.0,1.58,13.6,2,=,0.005,0.005,"Regression, Logistic",
NCT03899259,Baricitinib,BRAVE-AA2,secondary,2,2222413a2d2888b3b91ebaf0933e5da0c266aba9,,OG000,OG002,superiority,odds_ratio,Odds Ratio (OR),12.94,95.0,4.72,35.44,2,<,0.001,<0.001,"Regression, Logistic",
NCT03899259,Baricitinib,BRAVE-AA2,secondary,3,cf2a383430fa2427d636d1e824cf30b920da004e,,OG000,OG001,superiority,odds_ratio,Odds Ratio (OR),4.36,95.0,1.77,10.74,2,=,0.001,0.001,"Regression, Logistic",
NCT03899259,Baricitinib,BRAVE-AA2,secondary,3,cf2a383430fa2427d636d1e824cf30b920da004e,,OG000,OG002,superiority,odds_ratio,Odds Ratio (OR),13.37,95.0,5.75,31.1,2,<,0.001,<0.001,"Regression, Logistic",
NCT03899259,Baricitinib,BRAVE-AA2,secondary,5,235a68ef99b9daebbb6475eaaf854e34bd09c45f,,OG000,OG001,superiority,odds_ratio,Odds Ratio (OR),2.56,95.0,0.91,7.24,2,=,0.076,0.076,"Regression, Logistic",
NCT03899259,Baricitinib,BRAVE-AA2,secondary,5,235a68ef99b9daebbb6475eaaf854e34bd09c45f,,OG000,OG002,superiority,odds_ratio,Odds Ratio (OR),10.3,95.0,4.12,25.77,2,<,0.001,<0.001,"Regression, Logistic",
NCT03899259,Baricitinib,BRAVE-AA2,secondary,6,1b28835eb11cc2e67084c2d1ac1698ea1512e30f,,OG000,OG001,superiority,odds_ratio,Odds Ratio (OR),1.88,95.0,0.63,5.62,2,=,0.26,0.260,"Regression, Logistic",
NCT03899259,Baricitinib,BRAVE-AA2,secondary,6,1b28835eb11cc2e67084c2d1ac1698ea1512e30f,,OG000,OG002,superiority,odds_ratio,Odds Ratio (OR),8.1,95.0,3.18,20.66,2,<,0.001,<0.001,"Regression, Logistic",
NCT03899259,Baricitinib,BRAVE-AA2,secondary,7,bb2aa5d4cef06b9d9e1a96979bb66b62d9331420,,OG000,OG001,superiority,odds_ratio,Odds Ratio (OR),3.43,95.0,1.25,9.4,2,=,0.017,0.017,"Regression, Logistic",
NCT03899259,Baricitinib,BRAVE-AA2,secondary,7,bb2aa5d4cef06b9d9e1a96979bb66b62d9331420,,OG000,OG002,superiority,odds_ratio,Odds Ratio (OR),10.85,95.0,4.32,27.25,2,<,0.001,<0.001,"Regression, Logistic",
NCT03899259,Baricitinib,BRAVE-AA2,secondary,8,9cbdd37aa4d9427f137572df20a32e96dcc98888,,OG000,OG001,superiority,odds_ratio,Odds Ratio (OR),14.63,95.0,2.73,78.42,2,=,0.002,0.002,"Regression, Logistic",
NCT03899259,Baricitinib,BRAVE-AA2,secondary,8,9cbdd37aa4d9427f137572df20a32e96dcc98888,,OG000,OG002,superiority,odds_ratio,Odds Ratio (OR),30.37,95.0,5.93,99.99,2,<,0.001,<0.001,"Regression, Logistic",
NCT03899259,Baricitinib,BRAVE-AA2,secondary,9,0ba03316b0e5cb07b8b6e57938e390739749aa32,,OG000,OG001,superiority,mean_difference,Mean Difference (Final Values),-3.02,95.0,-6.91,0.88,2,=,0.129,0.129,ANCOVA,
NCT03899259,Baricitinib,BRAVE-AA2,secondary,9,0ba03316b0e5cb07b8b6e57938e390739749aa32,,OG000,OG002,superiority,mean_difference,Mean Difference (Final Values),-4.21,95.0,-7.75,-0.68,2,=,0.02,0.020,ANCOVA,
NCT03899259,Baricitinib,BRAVE-AA2,secondary,10,d8077d9c14286a40eb47b780fab02ab381f346a5,36w,OG000,OG001,superiority,mean_difference,Mean Difference (Final Values),-6.75,95.0,-12.68,-0.82,2,=,0.026,0.026,ANCOVA,
NCT03899259,Baricitinib,BRAVE-AA2,secondary,10,d8077d9c14286a40eb47b780fab02ab381f346a5,36w,OG000,OG002,superiority,mean_difference,Mean Difference (Final Values),-13.42,95.0,-18.8,-8.04,2,<,0.001,<0.001,ANCOVA,
NCT03899259,Baricitinib,BRAVE-AA2,secondary,11,245f0eaf6d2510320302a7394067d6619b07f7e9,36w,OG000,OG001,superiority,mean_difference,Mean Difference (Final Values),-4.38,95.0,-9.65,0.88,2,=,0.103,0.103,ANCOVA,
NCT03899259,Baricitinib,BRAVE-AA2,secondary,11,245f0eaf6d2510320302a7394067d6619b07f7e9,36w,OG000,OG002,superiority,mean_difference,Mean Difference (Final Values),-8.33,95.0,-13.1,-3.56,2,<,0.001,<0.001,ANCOVA,
NCT03899259,Baricitinib,BRAVE-AA2,secondary,12,dc0d95b7fc0abb7c1e1b491b60af8566accc81fd,36w,OG000,OG001,superiority,mean_difference,Mean Difference (Final Values),-0.2,95.0,-0.82,0.42,2,=,0.518,0.518,ANCOVA,
NCT03899259,Baricitinib,BRAVE-AA2,secondary,12,dc0d95b7fc0abb7c1e1b491b60af8566accc81fd,36w,OG000,OG002,superiority,mean_difference,Mean Difference (Final Values),-0.72,95.0,-1.28,-0.16,2,=,0.012,0.012,ANCOVA,
NCT03899259,Baricitinib,BRAVE-AA2,secondary,13,575ecd45972ef650cb582b43ea0b84bd1a21701a,36w,OG000,OG001,superiority,mean_difference,Mean Difference (Final Values),-0.51,95.0,-1.08,0.07,2,=,0.083,0.083,ANCOVA,
NCT03899259,Baricitinib,BRAVE-AA2,secondary,13,575ecd45972ef650cb582b43ea0b84bd1a21701a,36w,OG000,OG002,superiority,mean_difference,Mean Difference (Final Values),-0.68,95.0,-1.2,-0.16,2,=,0.01,0.010,ANCOVA,
NCT03956355,Tapinarof,,primary,1,daa51c9a24df0f89e2595e7f829fa8224b36467f,12w,OG000,OG001,superiority,risk_ratio,Risk Ratio (RR),5.78,,,,2,<,0.0001,<0.0001,Cochran-Mantel-Haenszel,
NCT03956355,Tapinarof,,secondary,1,27a8563d4c2e33cbab641e1b5275065643933bb3,12w,OG000,OG001,superiority,risk_ratio,Risk Ratio (RR),2.76,,,,2,<,0.0001,<0.0001,Cochran-Mantel-Haenszel,
NCT03956355,Tapinarof,,secondary,2,78d7e9ef1868fba4744c0e35f85348a3c264b8ea,12w,OG000,OG001,superiority,risk_ratio,Risk Ratio (RR),2.68,,,,2,=,0.0001,0.0001,Cochran-Mantel-Haenszel,
NCT03956355,Tapinarof,,secondary,3,99a3563a61490ab85bf19273d6b935e2bf922ac0,12w,OG000,OG001,superiority,ls_mean_difference,Least squares mean difference,-3.28,,,,2,<,0.0001,<0.0001,ANCOVA,
NCT03956355,Tapinarof,,secondary,4,a7b523d700b8f85ca6bab6a84f1e3ddf69ef8c95,12w,OG000,OG001,superiority,risk_ratio,Risk Ratio (RR),8.54,,,,2,=,0.0005,0.0005,Cochran-Mantel-Haenszel,
NCT03983980,Tapinarof,,primary,1,daa51c9a24df0f89e2595e7f829fa8224b36467f,12w,OG000,OG001,superiority,risk_ratio,Risk Ratio (RR),6.1,,,,2,<,0.0001,<0.0001,Cochran-Mantel-Haenszel,
NCT03983980,Tapinarof,,secondary,1,27a8563d4c2e33cbab641e1b5275065643933bb3,12w,OG000,OG001,superiority,risk_ratio,Risk Ratio (RR),6.53,,,,2,<,0.0001,<0.0001,Cochran-Mantel-Haenszel,
NCT03983980,Tapinarof,,secondary,2,78d7e9ef1868fba4744c0e35f85348a3c264b8ea,12w,OG000,OG001,superiority,risk_ratio,Risk Ratio (RR),4.55,,,,2,<,0.0001,<0.0001,Cochran-Mantel-Haenszel,
NCT03983980,Tapinarof,,secondary,3,99a3563a61490ab85bf19273d6b935e2bf922ac0,12w,OG000,OG001,superiority,ls_mean_difference,Least squares mean difference,-4.32,,,,2,<,0.0001,<0.0001,ANCOVA,
NCT03983980,Tapinarof,,secondary,4,a7b523d700b8f85ca6bab6a84f1e3ddf69ef8c95,12w,OG000,OG001,superiority,risk_ratio,Risk Ratio (RR),7.25,,,,2,<,0.0001,<0.0001,Cochran-Mantel-Haenszel,
NCT03985943,Nemolizumab,,primary,1,1dce801ed091f23f47e5faa4a187eba5d0c64d5c,16w,OG000,OG001,other,response_rate_difference,Strata-adjusted percentage difference,11.5,97.5,4.7,18.3,2,=,0.0003,0.0003,Cochran-Mantel-Haenszel,
NCT03985943,Nemolizumab,,primary,2,09407ea47375eb5aacc050facd892cc0dd4ebcf1,16w,OG000,OG001,other,response_rate_difference,Strata-adjusted percentage difference,14.3,97.5,6.1,22.5,2,=,0.0002,0.0002,Cochran-Mantel-Haenszel,
NCT03985943,Nemolizumab,,primary,3,b36584468a035e513cd8f1c5292cfa4c5c520d70,16w,OG000,OG001,other,response_rate_difference,Strata-adjusted percentage difference,14.9,97.5,7.8,22.0,2,<,0.0001,<0.0001,Cochran-Mantel-Haenszel,
NCT03985943,Nemolizumab,,primary,4,fe1ea826e53e1f656a5cfa5b4644b9b1d21c8294,16w,OG000,OG001,other,response_rate_difference,Strata-adjusted percentage difference,18.1,97.5,9.6,26.6,2,<,0.0001,<0.0001,Cochran-Mantel-Haenszel,
NCT03985943,Nemolizumab,,secondary,1,4fb0ad007d6134a3d02995df55e3a2cdbd9599ba,16w,OG000,OG001,other,response_rate_difference,Strata-adjusted percentage difference,24.9,97.5,18.4,31.5,2,<,0.0001,<0.0001,Cochran-Mantel-Haenszel,
NCT03985943,Nemolizumab,,secondary,1,4fb0ad007d6134a3d02995df55e3a2cdbd9599ba,16w,OG000,OG001,other,response_rate_difference,Strata-adjusted percentage difference,28.1,97.5,22.0,34.3,2,<,0.0001,<0.0001,Cochran-Mantel-Haenszel,
NCT03985943,Nemolizumab,,secondary,2,c6292e5283de3b1914079c1963ff1bb3015ac5f9,16w,OG000,OG001,other,response_rate_difference,Strata-adjusted percentage difference,27.5,97.5,19.4,35.7,2,<,0.0001,<0.0001,Cochran-Mantel-Haenszel,
NCT03985943,Nemolizumab,,secondary,2,c6292e5283de3b1914079c1963ff1bb3015ac5f9,16w,OG000,OG001,other,response_rate_difference,Strata-adjusted percentage difference,32.1,97.5,24.4,39.8,2,<,0.0001,<0.0001,Cochran-Mantel-Haenszel,
NCT03985943,Nemolizumab,,secondary,3,83a14c88cbbd1fa847669431cc59a1087f7bdff3,16w,OG000,OG001,other,response_rate_difference,Strata-adjusted percentage difference,19.5,97.5,13.7,25.2,2,<,0.0001,<0.0001,Cochran-Mantel-Haenszel,
NCT03985943,Nemolizumab,,secondary,4,74183ea6b58f7a8ea54f9a5becd84bf620d4d1e4,16w,OG000,OG001,other,response_rate_difference,Strata-adjusted percentage difference,20.3,97.5,13.8,26.8,2,<,0.0001,<0.0001,Cochran-Mantel-Haenszel,
NCT03985943,Nemolizumab,,secondary,5,a358221fc728e4e86dfea704fbf10d053e2ba963,16w,OG000,OG001,other,response_rate_difference,Strata-adjusted percentage difference,17.9,97.5,11.3,24.5,2,<,0.0001,<0.0001,Cochran-Mantel-Haenszel,
NCT03985943,Nemolizumab,,secondary,6,2a74c839d1fae26651ea998404612ae3d3aa27ac,16w,OG000,OG001,other,response_rate_difference,Strata-adjusted percentage difference,19.7,97.5,11.2,28.2,2,<,0.0001,<0.0001,Cochran-Mantel-Haenszel,
NCT03985943,Nemolizumab,,secondary,7,ae9e39195ed7dced12889fd1f2840dab879a3ee7,4w,OG000,OG001,other,response_rate_difference,Strata-adjusted percentage difference,20.9,97.5,15.8,26.0,2,<,0.0001,<0.0001,Cochran-Mantel-Haenszel,
NCT03985943,Nemolizumab,,secondary,8,5ec9eb5352e524deac43a1ee1e0ea69d8866384e,4w,OG000,OG001,other,response_rate_difference,Strata-adjusted percentage difference,21.2,97.5,14.8,27.6,2,<,0.0001,<0.0001,Cochran-Mantel-Haenszel,
NCT03985943,Nemolizumab,,secondary,9,6553214ba9956a1832f7f617eb194a72f23de3bb,4w,OG000,OG001,other,response_rate_difference,Strata-adjusted percentage difference,12.2,97.5,8.2,16.3,2,<,0.0001,<0.0001,Cochran-Mantel-Haenszel,
NCT03985943,Nemolizumab,,secondary,10,0d2290e43ce46c1a850f934686e531d25abfdbd7,4w,OG000,OG001,other,response_rate_difference,Strata-adjusted percentage difference,9.7,97.5,5.2,14.2,2,<,0.0001,<0.0001,Cochran-Mantel-Haenszel,
NCT03985943,Nemolizumab,,secondary,11,87cf0ef1f42eae5b4292904159733f8ccd3f7084,2w,OG000,OG001,other,response_rate_difference,Strata-adjusted percentage difference,14.6,97.5,10.6,18.7,2,<,0.0001,<0.0001,Cochran-Mantel-Haenszel,
NCT03985943,Nemolizumab,,secondary,12,cf868fa4a1d124199281c5bc826acd9ecb5df3fc,2w,OG000,OG001,other,response_rate_difference,Strata-adjusted percentage difference,16.9,97.5,11.5,22.3,2,<,0.0001,<0.0001,Cochran-Mantel-Haenszel,
NCT03985943,Nemolizumab,,secondary,13,c3fa66e7a840ab59c175bbdf51f6183a4ff22d02,1w,OG000,OG001,other,response_rate_difference,Strata-adjusted percentage difference,3.4,97.5,1.1,5.8,2,=,0.0064,0.0064,Cochran-Mantel-Haenszel,
NCT03985943,Nemolizumab,,secondary,14,1a127e933aa51866b7ba37ec6fee01bc73c31979,1w,OG000,OG001,other,response_rate_difference,Strata-adjusted percentage difference,4.3,97.5,0.9,7.7,2,=,0.0177,0.0177,Cochran-Mantel-Haenszel,
NCT03989349,Nemolizumab,,primary,1,4a1c36243da1036f391eea21321ffba3582f23c9,16w,OG000,OG001,other,response_rate_difference,Strata-adjusted percentage difference,12.2,97.5,4.6,19.8,2,=,0.0006,0.0006,Cochran-Mantel-Haenszel,
NCT03989349,Nemolizumab,,primary,2,fb8be9896404415c28b5c163d589fabbf0598280,16w,OG000,OG001,other,response_rate_difference,Strata-adjusted percentage difference,14.9,97.5,5.6,24.3,2,=,0.0008,0.0008,Cochran-Mantel-Haenszel,
NCT03989349,Nemolizumab,,primary,3,b36584468a035e513cd8f1c5292cfa4c5c520d70,16w,OG000,OG001,other,response_rate_difference,Strata-adjusted percentage difference,12.5,97.5,4.6,20.3,2,=,0.0006,0.0006,Cochran-Mantel-Haenszel,
NCT03989349,Nemolizumab,,primary,4,82e0f925b2c91cf23769914a3a9d0868fe882fbb,16w,OG000,OG001,other,response_rate_difference,Strata-adjusted percentage difference,16.3,97.5,6.6,26.0,2,=,0.0004,0.0004,Cochran-Mantel-Haenszel,
NCT03989349,Nemolizumab,,secondary,1,4fb0ad007d6134a3d02995df55e3a2cdbd9599ba,16w,OG000,OG001,other,response_rate_difference,Strata-adjusted percentage difference,23.2,97.5,16.1,30.3,2,<,0.0001,<0.0001,Cochran-Mantel-Haenszel,
NCT03989349,Nemolizumab,,secondary,1,4fb0ad007d6134a3d02995df55e3a2cdbd9599ba,16w,OG000,OG001,other,response_rate_difference,Strata-adjusted percentage difference,27.8,97.5,21.2,34.5,2,<,0.0001,<0.0001,Cochran-Mantel-Haenszel,
NCT03989349,Nemolizumab,,secondary,2,c6292e5283de3b1914079c1963ff1bb3015ac5f9,16w,OG000,OG001,other,response_rate_difference,Strata-adjusted percentage difference,27.1,97.5,17.5,36.6,2,<,0.0001,<0.0001,Cochran-Mantel-Haenszel,
NCT03989349,Nemolizumab,,secondary,2,c6292e5283de3b1914079c1963ff1bb3015ac5f9,16w,OG000,OG001,other,response_rate_difference,Strata-adjusted percentage difference,33.4,97.5,24.5,42.3,2,<,0.0001,<0.0001,Cochran-Mantel-Haenszel,
NCT03989349,Nemolizumab,,secondary,3,83a14c88cbbd1fa847669431cc59a1087f7bdff3,16w,OG000,OG001,other,response_rate_difference,Strata-adjusted percentage difference,17.1,97.5,10.9,23.3,2,<,0.0001,<0.0001,Cochran-Mantel-Haenszel,
NCT03989349,Nemolizumab,,secondary,4,74183ea6b58f7a8ea54f9a5becd84bf620d4d1e4,16w,OG000,OG001,other,response_rate_difference,Strata-adjusted percentage difference,18.4,97.5,11.0,25.8,2,<,0.0001,<0.0001,Cochran-Mantel-Haenszel,
NCT03989349,Nemolizumab,,secondary,5,a358221fc728e4e86dfea704fbf10d053e2ba963,16w,OG000,OG001,other,response_rate_difference,Strata-adjusted percentage difference,17.5,97.5,10.8,24.3,2,<,0.0001,< 0.0001,Cochran-Mantel-Haenszel,
NCT03989349,Nemolizumab,,secondary,6,2a74c839d1fae26651ea998404612ae3d3aa27ac,16w,OG000,OG001,other,response_rate_difference,Strata-adjusted percentage difference,21.9,97.5,12.5,31.4,2,<,0.0001,<0.0001,Cochran-Mantel-Haenszel,
NCT03989349,Nemolizumab,,secondary,7,ae9e39195ed7dced12889fd1f2840dab879a3ee7,4w,OG000,OG001,other,response_rate_difference,Strata-adjusted percentage difference,20.9,97.5,15.6,26.1,2,<,0.0001,< 0.0001,Cochran-Mantel-Haenszel,
NCT03989349,Nemolizumab,,secondary,8,5ec9eb5352e524deac43a1ee1e0ea69d8866384e,4w,OG000,OG001,other,response_rate_difference,Strata-adjusted percentage difference,22.5,97.5,15.0,29.9,2,<,0.0001,<0.0001,Cochran-Mantel-Haenszel,
NCT03989349,Nemolizumab,,secondary,9,6553214ba9956a1832f7f617eb194a72f23de3bb,4w,OG000,OG001,other,response_rate_difference,Strata-adjusted percentage difference,13.2,97.5,9.0,17.4,2,<,0.0001,< 0.0001,Cochran-Mantel-Haenszel,
NCT03989349,Nemolizumab,,secondary,10,0d2290e43ce46c1a850f934686e531d25abfdbd7,4w,OG000,OG001,other,response_rate_difference,Strata-adjusted percentage difference,9.9,97.5,5.5,14.3,2,=,0.0001,0.0001,Cochran-Mantel-Haenszel,
NCT03989349,Nemolizumab,,secondary,11,87cf0ef1f42eae5b4292904159733f8ccd3f7084,2w,OG000,OG001,other,response_rate_difference,Strata-adjusted percentage difference,15.1,97.5,11.0,19.2,2,<,0.0001,< 0.0001,Cochran-Mantel-Haenszel,
NCT03989349,Nemolizumab,,secondary,12,cf868fa4a1d124199281c5bc826acd9ecb5df3fc,2w,OG000,OG001,other,response_rate_difference,Strata-adjusted percentage difference,16.3,97.5,10.5,22.1,2,<,0.0001,<0.0001,Cochran-Mantel-Haenszel,
NCT03989349,Nemolizumab,,secondary,13,c3fa66e7a840ab59c175bbdf51f6183a4ff22d02,1w,OG000,OG001,other,response_rate_difference,Strata-adjusted percentage difference,6.4,97.5,3.8,9.1,2,<,0.0001,<0.0001,Cochran-Mantel-Haenszel,
NCT03989349,Nemolizumab,,secondary,14,1a127e933aa51866b7ba37ec6fee01bc73c31979,1w,OG000,OG001,other,response_rate_difference,Strata-adjusted percentage difference,8.0,97.5,4.2,11.8,2,=,0.0004,0.0004,Cochran-Mantel-Haenszel,
NCT04052425,Ruxolitinib,,primary,1,7dc170b30d5cbb8a7aa8b235121649a89f0ac1bc,24w,OG000,OG001,superiority,odds_ratio,Odds Ratio (OR),5.28,95.0,2.341,11.903,2,<,0.0001,< 0.0001,exact logistic regression,
NCT04052425,Ruxolitinib,,secondary,1,fe7015d755f07898b5a13200e50a9998c4974787,24w,OG000,OG001,superiority,odds_ratio,Odds Ratio (OR),5.18,95.0,2.831,9.482,2,<,0.0001,< 0.0001,exact logistic regression,
NCT04052425,Ruxolitinib,,secondary,2,85c228ff3bdcb60ce6e3ca34a5c35f7e25538433,24w,OG000,OG001,superiority,odds_ratio,Odds Ratio (OR),8.49,95.0,1.997,36.048,2,=,0.0038,0.0038,exact logistic regression,
NCT04052425,Ruxolitinib,,secondary,3,b43391e88e7c911df38072499002c40131becc20,24w,OG000,OG001,superiority,odds_ratio,Odds Ratio (OR),4.93,95.0,1.795,13.566,2,=,0.002,0.0020,exact logistic regression,
NCT04052425,Ruxolitinib,,secondary,4,2afaded88a0b49ab970795500deff390bdf8ad67,24w,OG000,OG001,superiority,odds_ratio,Odds Ratio (OR),9.53,95.0,2.9,31.29,2,=,0.0002,0.0002,exact logistic regression,
NCT04052425,Ruxolitinib,,secondary,5,0825f4e2e2733563eaf25082fd2f3459cb417089,24w,OG000,OG001,superiority,ls_mean_difference,least squares mean difference,-19.3,95.0,-27.05,-11.64,2,<,0.0001,< 0.0001,ANCOVA,
NCT04052425,Ruxolitinib,,secondary,8,9e3d5aec3814145a7ac95710e716adad83512a28,24w,OG000,OG001,superiority,odds_ratio,Odds Ratio (OR),5.56,95.0,3.226,9.578,2,<,0.0001,< 0.0001,exact logistic regression,
NCT04052425,Ruxolitinib,,secondary,10,10bcfc3d918c6f82aa013c98fc1451cc976b9b00,24w,OG000,OG001,superiority,ls_mean_difference,least squares mean difference,-30.61,95.0,-39.03,-22.19,2,<,0.0001,<0.0001,mixed-effect model; repeated measurement,
NCT04052425,Ruxolitinib,,secondary,13,9111df6760c49c046dfa75fb0a1cb5807579f754,24w,OG000,OG001,superiority,ls_mean_difference,least squares mean difference,-16.98,95.0,-23.28,-10.68,2,<,0.0001,<0.0001,mixed-effect model; repeated measurement,
NCT04052425,Ruxolitinib,,secondary,15,cab4ac11da054f859f0c9b4d2ee13f7a9d6362d3,24w,OG000,OG001,superiority,ls_mean_difference,least squares mean difference,-9.07,95.0,-13.96,-4.18,2,=,0.0003,0.0003,mixed-effect model; repeated measurement,
NCT04052425,Ruxolitinib,,secondary,17,30c4a9ea88c6dec3dd3206d3eb6d4a4f4ee901b1,24w,OG000,OG001,superiority,odds_ratio,Odds Ratio (OR),3.04,95.0,1.746,5.307,2,<,0.0001,< 0.0001,exact logistic regression,
NCT04052425,Ruxolitinib,,secondary,17,30c4a9ea88c6dec3dd3206d3eb6d4a4f4ee901b1,24w,OG000,OG001,superiority,odds_ratio,Odds Ratio (OR),2.3,95.0,0.489,10.823,2,=,0.2921,0.2921,exact logistic regression,
NCT04052425,Ruxolitinib,,secondary,17,30c4a9ea88c6dec3dd3206d3eb6d4a4f4ee901b1,24w,OG000,OG001,superiority,odds_ratio,Odds Ratio (OR),0.49,,,,,,,,,
NCT04052425,Ruxolitinib,,secondary,20,4038b01f1e536835a73acecccc812c9f30e6c72f,24w,OG000,OG001,superiority,ls_mean_difference,least squares mean difference,-0.32,95.0,-1.26,0.62,2,=,0.497,0.4970,mixed-effect model; repeated measurement,
NCT04057573,Ruxolitinib,,primary,1,7dc170b30d5cbb8a7aa8b235121649a89f0ac1bc,24w,OG000,OG001,superiority,odds_ratio,Odds Ratio (OR),3.45,95.0,1.737,6.835,2,=,0.0004,0.0004,exact logistic regression,
NCT04057573,Ruxolitinib,,secondary,1,fe7015d755f07898b5a13200e50a9998c4974787,24w,OG000,OG001,superiority,odds_ratio,Odds Ratio (OR),3.99,95.0,2.296,6.949,2,<,0.0001,< 0.0001,exact logistic regression,
NCT04057573,Ruxolitinib,,secondary,2,85c228ff3bdcb60ce6e3ca34a5c35f7e25538433,24w,OG000,OG001,superiority,odds_ratio,Odds Ratio (OR),15.29,95.0,2.15,108.739,2,=,0.0065,0.0065,exact logistic regression,
NCT04057573,Ruxolitinib,,secondary,3,b43391e88e7c911df38072499002c40131becc20,24w,OG000,OG001,superiority,odds_ratio,Odds Ratio (OR),4.29,95.0,1.865,9.853,2,=,0.0006,0.0006,exact logistic regression,
NCT04057573,Ruxolitinib,,secondary,4,2afaded88a0b49ab970795500deff390bdf8ad67,24w,OG000,OG001,superiority,odds_ratio,Odds Ratio (OR),4.86,95.0,1.851,12.755,2,=,0.0013,0.0013,exact logistic regression,
NCT04057573,Ruxolitinib,,secondary,5,0825f4e2e2733563eaf25082fd2f3459cb417089,24w,OG000,OG001,superiority,ls_mean_difference,Least squares mean difference,-19.5,95.0,-28.46,-10.45,2,<,0.0001,< 0.0001,ANCOVA,
NCT04057573,Ruxolitinib,,secondary,8,9e3d5aec3814145a7ac95710e716adad83512a28,24w,OG000,OG001,superiority,odds_ratio,Odds Ratio (OR),3.76,95.0,2.267,6.246,2,<,0.0001,< 0.0001,exact logistic regression,
NCT04057573,Ruxolitinib,,secondary,10,10bcfc3d918c6f82aa013c98fc1451cc976b9b00,24w,OG000,OG001,superiority,ls_mean_difference,Least squares mean difference,-28.59,95.0,-38.33,-18.86,2,<,0.0001,<0.0001,mixed-effect model; repeated measurement,
NCT04057573,Ruxolitinib,,secondary,13,9111df6760c49c046dfa75fb0a1cb5807579f754,24w,OG000,OG001,superiority,ls_mean_difference,least squares mean difference,-19.85,95.0,-26.55,-13.16,2,<,0.0001,<0.0001,mixed-effect model; repeated measurement,
NCT04057573,Ruxolitinib,,secondary,15,cab4ac11da054f859f0c9b4d2ee13f7a9d6362d3,24w,OG000,OG001,superiority,ls_mean_difference,least squares mean difference,-11.95,95.0,-17.23,-6.67,2,<,0.0001,<0.0001,mixed-effect model; repeated measurement,
NCT04057573,Ruxolitinib,,secondary,17,30c4a9ea88c6dec3dd3206d3eb6d4a4f4ee901b1,24w,OG000,OG001,superiority,odds_ratio,Odds Ratio (OR),3.75,95.0,2.121,6.63,2,<,0.0001,< 0.0001,exact logistic regression,
NCT04057573,Ruxolitinib,,secondary,17,30c4a9ea88c6dec3dd3206d3eb6d4a4f4ee901b1,24w,OG000,OG001,superiority,odds_ratio,Odds Ratio (OR),4.59,95.0,1.045,20.192,2,=,0.0436,0.0436,exact logistic regression,
NCT04057573,Ruxolitinib,,secondary,17,30c4a9ea88c6dec3dd3206d3eb6d4a4f4ee901b1,24w,OG000,OG001,superiority,odds_ratio,Odds Ratio (OR),1.35,,,,,,,,,
NCT04057573,Ruxolitinib,,secondary,20,4038b01f1e536835a73acecccc812c9f30e6c72f,24w,OG000,OG001,superiority,ls_mean_difference,least squares mean difference,-0.6,95.0,-1.6,0.39,2,=,0.235,0.2350,mixed-effect model; repeated measurement,
NCT04091646,Roflumilast,,primary,1,439502ce4428ea72859e2d6ac915a70dd8a759b9,8w,OG000,OG001,superiority,odds_ratio,Odds Ratio (OR),4.95,95.0,2.51,9.76,2,<,0.0001,<0.0001,Cochran-Mantel-Haenszel,
NCT04091646,Roflumilast,,secondary,1,106792947c39895e100383e93b26de576317e1fb,2w,OG000,OG001,superiority,odds_ratio,Odds Ratio (OR),3.31,95.0,1.46,7.52,2,=,0.0033,0.0033,Cochran-Mantel-Haenszel,
NCT04091646,Roflumilast,,secondary,1,106792947c39895e100383e93b26de576317e1fb,4w,OG000,OG001,superiority,odds_ratio,Odds Ratio (OR),3.78,95.0,1.94,7.38,2,=,0.0002,0.0002,Cochran-Mantel-Haenszel,
NCT04091646,Roflumilast,,secondary,2,1be9ac8ac86bb44ad6079cc6c51e9305a088b2ad,2w,OG000,OG001,superiority,,,,,,,,<,0.0001,<0.0001,Wilcoxon (Mann-Whitney),
NCT04091646,Roflumilast,,secondary,2,1be9ac8ac86bb44ad6079cc6c51e9305a088b2ad,4w,OG000,OG001,superiority,,,,,,,,<,0.0001,<0.0001,Wilcoxon (Mann-Whitney),
NCT04091646,Roflumilast,,secondary,2,1be9ac8ac86bb44ad6079cc6c51e9305a088b2ad,8w,OG000,OG001,superiority,,,,,,,,<,0.0001,<0.0001,Wilcoxon (Mann-Whitney),
NCT04091646,Roflumilast,,secondary,3,b749ffbf77369880f8d9fedbb3984de8867b74f6,2w,OG000,OG001,superiority,odds_ratio,Odds Ratio (OR),5.05,95.0,1.49,17.13,2,=,0.0065,0.0065,Cochran-Mantel-Haenszel,
NCT04091646,Roflumilast,,secondary,3,b749ffbf77369880f8d9fedbb3984de8867b74f6,4w,OG000,OG001,superiority,odds_ratio,Odds Ratio (OR),5.36,95.0,2.15,13.38,2,=,0.0002,0.0002,Cochran-Mantel-Haenszel,
NCT04091646,Roflumilast,,secondary,3,b749ffbf77369880f8d9fedbb3984de8867b74f6,8w,OG000,OG001,superiority,odds_ratio,Odds Ratio (OR),3.15,95.0,1.5,6.63,2,=,0.0021,0.0021,Cochran-Mantel-Haenszel,
NCT04091646,Roflumilast,,secondary,4,0c20c14c3aa57722133c64a9f128648b916ace51,2w,OG000,OG001,superiority,,,,,,,,<,0.0001,<0.0001,Wilcoxon (Mann-Whitney),
NCT04091646,Roflumilast,,secondary,4,0c20c14c3aa57722133c64a9f128648b916ace51,4w,OG000,OG001,superiority,,,,,,,,<,0.0001,<0.0001,Wilcoxon (Mann-Whitney),
NCT04091646,Roflumilast,,secondary,4,0c20c14c3aa57722133c64a9f128648b916ace51,8w,OG000,OG001,superiority,,,,,,,,<,0.0001,<0.0001,Wilcoxon (Mann-Whitney),
NCT04091646,Roflumilast,,secondary,5,9c360442b88dbb42e9a107311002b42f56a43c99,2w,OG000,OG001,superiority,odds_ratio,Odds Ratio (OR),1.98,95.0,0.9,4.33,2,=,0.0759,0.0759,Cochran-Mantel-Haenszel,
NCT04091646,Roflumilast,,secondary,5,9c360442b88dbb42e9a107311002b42f56a43c99,4w,OG000,OG001,superiority,odds_ratio,Odds Ratio (OR),2.33,95.0,1.18,4.61,2,=,0.0122,0.0122,Cochran-Mantel-Haenszel,
NCT04091646,Roflumilast,,secondary,5,9c360442b88dbb42e9a107311002b42f56a43c99,8w,OG000,OG001,superiority,odds_ratio,Odds Ratio (OR),3.37,95.0,1.74,6.55,2,=,0.0003,0.0003,Cochran-Mantel-Haenszel,
NCT04091646,Roflumilast,,secondary,7,fff1d4507991fbbc0c2ea669ce86f783c4fcae47,2w,OG000,OG001,superiority,odds_ratio,Odds Ratio (OR),3.62,95.0,1.72,7.63,2,=,0.0007,0.0007,Cochran-Mantel-Haenszel,
NCT04091646,Roflumilast,,secondary,7,fff1d4507991fbbc0c2ea669ce86f783c4fcae47,4w,OG000,OG001,superiority,odds_ratio,Odds Ratio (OR),3.3,95.0,1.63,6.68,2,=,0.0009,0.0009,Cochran-Mantel-Haenszel,
NCT04091646,Roflumilast,,secondary,7,fff1d4507991fbbc0c2ea669ce86f783c4fcae47,8w,OG000,OG001,superiority,odds_ratio,Odds Ratio (OR),3.19,95.0,1.6,6.35,2,=,0.0007,0.0007,Cochran-Mantel-Haenszel,
NCT04128007,Roflumilast,,primary,1,8ca2ae1b423ff3f0f224d1acbab773d12810e117,8w,OG000,OG001,superiority,odds_ratio,Odds Ratio (OR),14.65,95.0,6.64,32.32,2,<,0.0001,<0.0001,Cochran-Mantel-Haenszel,
NCT04128007,Roflumilast,,secondary,1,4e1363a2d1323af684ff60742cf1425bdaf7eae0,8w,OG000,OG001,superiority,odds_ratio,Odds Ratio (OR),8.8,95.0,3.65,21.18,2,<,0.0001,<0.0001,Cochran-Mantel-Haenszel,
NCT04128007,Roflumilast,,secondary,2,c5cd50388d6a540fd8997f087e3a958bb8087503,2w,OG000,OG001,superiority,odds_ratio,Odds Ratio (OR),4.06,95.0,2.14,7.71,2,<,0.0001,<0.0001,Cochran-Mantel-Haenszel,
NCT04128007,Roflumilast,,secondary,2,c5cd50388d6a540fd8997f087e3a958bb8087503,4w,OG000,OG001,superiority,odds_ratio,Odds Ratio (OR),5.36,95.0,2.93,9.78,2,<,0.0001,<0.0001,Cochran-Mantel-Haenszel,
NCT04128007,Roflumilast,,secondary,2,c5cd50388d6a540fd8997f087e3a958bb8087503,8w,OG000,OG001,superiority,odds_ratio,Odds Ratio (OR),9.74,95.0,5.02,18.89,2,<,0.0001,<0.0001,Cochran-Mantel-Haenszel,
NCT04128007,Roflumilast,,secondary,3,fe6a0df4de807f286a706f1760479c2a2ae86ba6,4w,OG000,OG001,superiority,ls_mean_difference,Least Squares Mean Difference,-19.6,95.0,-27.4,-11.8,2,<,0.0001,<0.0001,ANCOVA,
NCT04128007,Roflumilast,,secondary,3,fe6a0df4de807f286a706f1760479c2a2ae86ba6,8w,OG000,OG001,superiority,ls_mean_difference,Least Squares Mean Difference,-27.5,95.0,-35.5,-19.5,2,<,0.0001,<0.0001,ANCOVA,
NCT04128007,Roflumilast,,secondary,4,3a6268abb40521ced1c93489764a1630677687bd,,OG000,OG001,superiority,hazard_ratio,Hazard Ratio (HR),3.94,95.0,2.764,5.616,2,<,0.0001,<0.0001,Log Rank,
NCT04128007,Roflumilast,,secondary,5,a0a3c713805b7702c5a1b139fed9b812547916d8,,OG000,OG001,superiority,odds_ratio,Odds Ratio (OR),9.46,95.0,4.81,18.61,2,<,0.0001,<0.0001,Cochran-Mantel-Haenszel,
NCT04128007,Roflumilast,,secondary,6,a045bd16cf10557791a25d0a760b8117a877801e,,OG000,OG001,superiority,odds_ratio,Odds Ratio (OR),34.45,95.0,8.49,139.77,2,<,0.0001,<0.0001,Cochran-Mantel-Haenszel,
NCT04146363,Lebrikizumab,,primary,1,4af3c8f6018105c1403cec2be6a4f59e6908a9a5,16w,OG000,OG001,superiority,risk_difference,Risk Difference (RD),29.7,95.0,21.6,37.8,2,<,1e-06,<0.000001,Cochran-Mantel-Haenszel,
NCT04146363,Lebrikizumab,,primary,2,d7e7a4f0add90a0e61a0739e078cba9eb34882b5,16w,OG000,OG001,superiority,risk_difference,Risk Difference (RD),42.0,95.0,33.3,50.6,2,<,1e-06,<0.000001,Cochran-Mantel-Haenszel,
NCT04146363,Lebrikizumab,,secondary,1,ae715bd490e7ca1f93a8f9d09be1f2f26373ed83,2w,OG000,OG001,superiority,risk_difference,Risk Difference (RD),1.7,95.0,-0.6,4.0,2,=,0.218644,0.218644,Cochran-Mantel-Haenszel,
NCT04146363,Lebrikizumab,,secondary,2,6ddcb0412a5bdb60fb6d16475ab1535c7d5f8bcf,4w,OG000,OG001,superiority,risk_difference,Risk Difference (RD),9.6,95.0,5.7,13.6,2,=,0.000498,0.000498,Cochran-Mantel-Haenszel,
NCT04146363,Lebrikizumab,,secondary,3,22b359c2e6e42169a073a894ff8fb87ced9de52e,16w,OG000,OG001,superiority,risk_difference,Risk Difference (RD),30.8,95.0,22.1,39.4,2,<,1e-06,<0.000001,Cochran-Mantel-Haenszel,
NCT04146363,Lebrikizumab,,secondary,4,96905fd8f49c1d7d41a0fc3a971ac62a629afe2d,16w,OG000,OG001,superiority,risk_difference,Risk Difference (RD),28.8,95.0,21.3,36.3,2,<,1e-06,<0.000001,Cochran-Mantel-Haenszel,
NCT04146363,Lebrikizumab,,secondary,5,a72ad80c84b58f6f6dd1101d7eccc185a2afbaad,16w,OG000,OG001,superiority,ls_mean_difference,LS Mean Difference (Final Values),-30.42,95.0,-38.1,-22.7,2,<,1e-06,<0.000001,ANCOVA,
NCT04146363,Lebrikizumab,,secondary,6,2d8e74d436eb1f3f55343f354b947452819e4dea,16w,OG000,OG001,superiority,risk_difference,Risk Difference (RD),32.9,95.0,24.6,41.3,2,<,1e-06,<0.000001,Cochran-Mantel-Haenszel,
NCT04146363,Lebrikizumab,,secondary,7,949bc48654517ab07e13c6bed16539c154018533,16w,OG000,OG001,superiority,risk_difference,Risk Difference (RD),35.1,95.0,26.3,43.9,2,<,1e-06,<0.000001,Cochran-Mantel-Haenszel,
NCT04146363,Lebrikizumab,,secondary,8,e5c8da02c3a31d6a2867a729fe1b86c409432e4b,16w,OG000,OG001,superiority,ls_mean_difference,LS Mean Difference (Final Values),-38.31,95.0,-46.4,-30.2,2,<,1e-06,<0.000001,ANCOVA,
NCT04146363,Lebrikizumab,,secondary,9,122bd8aeff16e8244a736feeb6a5c33596db5bf0,16w,OG000,OG001,superiority,ls_mean_difference,LS Mean Difference (Final Values),-18.5,95.0,-22.4,-14.5,2,<,1e-06,<0.000001,Mixed Models Analysis,
NCT04146363,Lebrikizumab,,secondary,10,141eb0dd31acad9b567db43201cf0e5354915219,4w,OG000,OG001,superiority,risk_difference,Risk Difference (RD),10.7,95.0,6.2,15.2,2,=,0.000412,0.000412,Cochran-Mantel-Haenszel,
NCT04146363,Lebrikizumab,,secondary,11,df165f6c08b01feef2b68d5948f563ecbe75aedd,16w,OG000,OG001,superiority,ls_mean_difference,LS Mean Difference (Final Values),-5.8,95.0,-7.1,-4.5,2,<,1e-06,<0.000001,ANCOVA,
NCT04146363,Lebrikizumab,,secondary,12,988ba2d1f597c7e2a40f3e2aaab1e9e2a7004983,16w,OG000,OG001,superiority,risk_difference,Risk Difference (RD),38.8,95.0,28.3,49.3,2,<,1e-06,<0.000001,Cochran-Mantel-Haenszel,
NCT04146363,Lebrikizumab,,secondary,13,3e93a63c6c3215c288eafa1162a5bcf92386640a,16w,OG000,OG001,superiority,risk_difference,Risk Difference (RD),41.8,95.0,31.2,52.3,2,<,1e-06,<0.000001,Cochran-Mantel-Haenszel,
NCT04146363,Lebrikizumab,,secondary,14,3a7641f4e4188a7f0f78191b6a97466e8fdd48bc,16w,OG000,OG001,superiority,ls_mean_difference,LS Mean Difference (Final Values),-32.35,95.0,-42.6,-22.1,2,<,1e-06,<0.000001,ANCOVA,
NCT04146363,Lebrikizumab,,secondary,15,aea344fc5cfff468cb4c21cecab908ad2ce7e41a,16w,OG000,OG001,superiority,ls_mean_difference,LS Mean Difference (Final Values),-0.75,95.0,-0.9,-0.6,2,<,1e-06,<0.000001,ANCOVA,
NCT04146363,Lebrikizumab,,secondary,16,b6c36f5afbb9347495690b398c470ce0a7f7413f,16w,OG000,OG001,superiority,risk_difference,Risk Difference (RD),34.6,95.0,26.2,43.0,2,<,1e-06,<0.000001,Cochran-Mantel-Haenszel,
NCT04146363,Lebrikizumab,,secondary,17,b7d2e476cb2f93fd059a48ca027f01ce1b31a4b2,1w,OG000,OG001,superiority,risk_difference,Risk Difference (RD),1.5,95.0,-0.8,3.9,2,=,0.275529,0.275529,Cochran-Mantel-Haenszel,
NCT04146363,Lebrikizumab,,secondary,18,d11293e32df7ecc3aac2b1a64a7cbd0d214a62df,2w,OG000,OG001,superiority,risk_difference,Risk Difference (RD),5.3,95.0,1.9,8.6,2,=,0.016656,0.016656,Cochran-Mantel-Haenszel,
NCT04146363,Lebrikizumab,,secondary,19,f6b5716b0692c667626c7537445ca35d903568b0,4w,OG000,OG001,superiority,risk_difference,Risk Difference (RD),19.3,95.0,13.7,25.0,2,=,3e-06,0.000003,Cochran-Mantel-Haenszel,
NCT04146363,Lebrikizumab,,secondary,20,6a396fc8a402634e44b25951fe4d11fbb3c098dc,1w,OG000,OG001,superiority,risk_difference,Risk Difference (RD),1.8,95.0,-0.8,4.3,2,=,0.244105,0.244105,Cochran-Mantel-Haenszel,
NCT04146363,Lebrikizumab,,secondary,21,d2442dbe3ee165b3d7bf8793e23917f4568ef02c,2w,OG000,OG001,superiority,risk_difference,Risk Difference (RD),5.8,95.0,2.2,9.4,2,=,0.01445,0.014450,Cochran-Mantel-Haenszel,
NCT04146363,Lebrikizumab,,secondary,22,c4e757546aaa79538f591e21e38fa9c48ff555b6,4w,OG000,OG001,superiority,risk_difference,Risk Difference (RD),20.9,95.0,14.9,26.9,2,=,2e-06,0.000002,Cochran-Mantel-Haenszel,
NCT04146363,Lebrikizumab,,secondary,23,b7e18e011922bdc3108504f7f5fa168fd0bf0a09,16w,OG000,OG001,superiority,ls_mean_difference,LS Mean Difference (Final Values),-30.29,95.0,-36.59,-24.0,2,<,1e-06,<0.000001,ANCOVA,
NCT04146363,Lebrikizumab,,secondary,25,5a2bb702cf1659769fcacbaa3a2786b5868af6c6,52w,OG000,OG001,superiority,risk_difference,Risk Difference (RD),17.9,95.0,-2.3,38.1,2,=,0.072375,0.072375,Cochran-Mantel-Haenszel,
NCT04146363,Lebrikizumab,,secondary,25,5a2bb702cf1659769fcacbaa3a2786b5868af6c6,52w,OG000,OG002,superiority,risk_difference,Risk Difference (RD),17.5,95.0,-4.5,39.5,2,=,0.106653,0.106653,Cochran-Mantel-Haenszel,
NCT04146363,Lebrikizumab,,secondary,26,53309b6d203185a815f00332a4f45ca63c252b88,52w,OG000,OG001,superiority,risk_difference,Risk Difference (RD),28.0,95.0,2.8,53.2,2,=,0.029857,0.029857,Cochran-Mantel-Haenszel,
NCT04146363,Lebrikizumab,,secondary,26,53309b6d203185a815f00332a4f45ca63c252b88,52w,OG000,OG002,superiority,risk_difference,Risk Difference (RD),29.0,95.0,4.6,53.3,2,=,0.019744,0.019744,Cochran-Mantel-Haenszel,
NCT04146363,Lebrikizumab,,secondary,27,3ce37bef9c22a4a16a3e2e432227f7869f6434a9,52w,OG000,OG001,superiority,risk_difference,Risk Difference (RD),15.8,95.0,-12.2,43.8,2,=,0.268265,0.268265,Cochran-Mantel-Haenszel,
NCT04146363,Lebrikizumab,,secondary,27,3ce37bef9c22a4a16a3e2e432227f7869f6434a9,52w,OG000,OG002,superiority,risk_difference,Risk Difference (RD),16.6,95.0,-9.4,42.7,2,=,0.192776,0.192776,Cochran-Mantel-Haenszel,
NCT04146363,Lebrikizumab,,secondary,28,a69ffb8f4affe80b4f8b41cf134ee99ebc7c709d,52w,OG000,OG001,superiority,risk_difference,Risk Difference (RD),18.6,95.0,-9.3,46.6,2,=,0.185361,0.185361,Cochran-Mantel-Haenszel,
NCT04146363,Lebrikizumab,,secondary,28,a69ffb8f4affe80b4f8b41cf134ee99ebc7c709d,52w,OG000,OG002,superiority,risk_difference,Risk Difference (RD),16.6,95.0,-9.4,42.7,2,=,0.192776,0.192776,Cochran-Mantel-Haenszel,
NCT04146363,Lebrikizumab,,secondary,29,c03fa2f162a0466e284578b7acd31d11f9c9ce64,52w,OG000,OG001,superiority,ls_mean_difference,LS Mean Difference (Final Values),-1.75,95.0,-11.15,7.66,2,=,0.714208,0.714208,ANCOVA,
NCT04146363,Lebrikizumab,,secondary,29,c03fa2f162a0466e284578b7acd31d11f9c9ce64,52w,OG000,OG002,superiority,ls_mean_difference,LS Mean Difference (Final Values),-5.63,95.0,-15.01,3.76,2,=,0.237855,0.237855,ANCOVA,
NCT04146363,Lebrikizumab,,secondary,30,cbfe066dfe57f7f0b1c7671c837c7284d425193f,16w,OG000,OG001,superiority,ls_mean_difference,LS Mean Difference (Final Values),0.1,95.0,0.1,0.2,2,<,1e-06,<0.000001,ANCOVA,
NCT04146363,Lebrikizumab,,secondary,30,cbfe066dfe57f7f0b1c7671c837c7284d425193f,16w,OG000,OG001,superiority,ls_mean_difference,LS Mean Difference (Final Values),0.1,95.0,0.1,0.1,2,<,1e-06,<0.000001,ANCOVA,
NCT04146363,Lebrikizumab,,secondary,31,a08e7506c4d1e837d4df94d7bf3bb9c12aa7a9c1,16w,OG000,OG001,superiority,ls_mean_difference,LS Mean Difference (Final Values),8.3,95.0,5.0,11.5,2,<,1e-06,<0.000001,ANCOVA,
NCT04146363,Lebrikizumab,,secondary,32,a09962c5eb384e5d8245c3876954ca8def0d5b58,16w,OG000,OG001,superiority,ls_mean_difference,LS Mean Difference (Final Values),-7.3,95.0,-8.9,-5.7,2,<,1e-06,<0.000001,Mixed Models Analysis,
NCT04146363,Lebrikizumab,,secondary,33,00a6ebf3cd0cd2cf30c4011290ffd0bccbf05ee4,16w,OG000,OG001,superiority,ls_mean_difference,LS Mean Difference (Final Values),-1.07,95.0,-6.93,4.8,2,=,0.716224,0.716224,ANCOVA,
NCT04146363,Lebrikizumab,,secondary,34,2583c8bd7127afb743675beacd8b14d7898560d3,16w,OG000,OG001,superiority,ls_mean_difference,LS Mean Difference (Final Values),-4.51,95.0,-9.73,0.72,2,=,0.089275,0.089275,ANCOVA,
NCT04146363,Lebrikizumab,,secondary,35,0f6487095cef2c9f965f14f368184389be8c5f27,16w,OG000,OG001,superiority,ls_mean_difference,LS Mean Difference (Final Values),-3.31,95.0,-4.88,-1.75,2,=,4e-05,0.000040,ANCOVA,
NCT04146363,Lebrikizumab,,secondary,36,a2730d6cc88733317b9d6c8761ae3e94c8cf39ab,16w,OG000,OG001,superiority,ls_mean_difference,LS Mean Difference (Final Values),-2.7,95.0,-4.07,-1.33,2,=,0.000127,0.000127,ANCOVA,
NCT04146363,Lebrikizumab,,secondary,37,0d5a4cd38db3d57e8010a9783c2dafee552b2d1e,16w,OG000,OG001,superiority,ls_mean_difference,LS Mean Difference (Final Values),-0.09,95.0,-0.33,0.15,2,=,0.455291,0.455291,ANCOVA,
NCT04146363,Lebrikizumab,,secondary,38,e8b25c5e70bc9d14e70a2cbd76b581109d52a276,16w,OG000,OG001,superiority,ls_mean_difference,LS Mean Difference (Final Values),-7.0,95.0,-10.1,-3.9,2,=,6.9e-05,0.000069,Mixed Models Analysis,
NCT04178967,Lebrikizumab,ADvocate2,primary,1,4af3c8f6018105c1403cec2be6a4f59e6908a9a5,16w,OG000,OG001,superiority,risk_difference,Risk Difference (RD),21.9,95.0,14.2,29.6,2,=,4e-06,0.000004,Cochran-Mantel-Haenszel,
NCT04178967,Lebrikizumab,ADvocate2,primary,2,d7e7a4f0add90a0e61a0739e078cba9eb34882b5,16w,OG000,OG001,superiority,risk_difference,Risk Difference (RD),33.3,95.0,24.4,42.2,2,<,1e-06,<0.000001,Cochran-Mantel-Haenszel,
NCT04178967,Lebrikizumab,ADvocate2,secondary,1,ae715bd490e7ca1f93a8f9d09be1f2f26373ed83,2w,OG000,OG001,superiority,risk_difference,Risk Difference (RD),0.7,95.0,-0.3,1.7,2,=,0.308463,0.308463,Cochran-Mantel-Haenszel,
NCT04178967,Lebrikizumab,ADvocate2,secondary,2,6ddcb0412a5bdb60fb6d16475ab1535c7d5f8bcf,4w,OG000,OG001,superiority,risk_difference,Risk Difference (RD),8.1,95.0,4.1,12.0,2,=,0.001607,0.001607,Cochran-Mantel-Haenszel,
NCT04178967,Lebrikizumab,ADvocate2,secondary,3,59c8955f960f3dfefe62da3285910c0426593e6e,16w,OG000,OG001,superiority,risk_difference,Risk Difference (RD),21.9,95.0,14.2,29.6,2,=,4e-06,0.000004,Cochran-Mantel-Haenszel,
NCT04178967,Lebrikizumab,ADvocate2,secondary,4,96905fd8f49c1d7d41a0fc3a971ac62a629afe2d,16w,OG000,OG001,superiority,risk_difference,Risk Difference (RD),20.7,95.0,13.3,28.1,2,=,8e-06,0.000008,Cochran-Mantel-Haenszel,
NCT04178967,Lebrikizumab,ADvocate2,secondary,5,fe0b831a15bfbd98463f6e84b728f89e6f7e6a62,16w,OG000,OG001,superiority,ls_mean_difference,LS Mean Difference (Final Values),-27.53,95.0,-34.9,-20.2,2,<,1e-06,<0.000001,ANCOVA,
NCT04178967,Lebrikizumab,ADvocate2,secondary,6,2d8e74d436eb1f3f55343f354b947452819e4dea,16w,OG000,OG001,superiority,risk_difference,Risk Difference (RD),28.3,95.0,20.0,36.5,2,<,1e-06,<0.000001,Cochran-Mantel-Haenszel,
NCT04178967,Lebrikizumab,ADvocate2,secondary,7,949bc48654517ab07e13c6bed16539c154018533,16w,OG000,OG001,superiority,risk_difference,Risk Difference (RD),29.7,95.0,21.0,38.4,2,<,1e-06,<0.000001,Cochran-Mantel-Haenszel,
NCT04178967,Lebrikizumab,ADvocate2,secondary,8,ab6a4c39b2c422eb4b21d1baa58627d077c5f4ea,16w,OG000,OG001,superiority,ls_mean_difference,LS Mean Difference (Final Values),-33.57,95.0,-41.2,-26.0,2,<,1e-06,<0.000001,ANCOVA,
NCT04178967,Lebrikizumab,ADvocate2,secondary,9,122bd8aeff16e8244a736feeb6a5c33596db5bf0,16w,OG000,OG001,superiority,ls_mean_difference,LS Mean Difference (Final Values),-16.2,95.0,-20.3,-12.0,2,<,1e-06,<0.000001,Mixed Models Analysis,
NCT04178967,Lebrikizumab,ADvocate2,secondary,10,141eb0dd31acad9b567db43201cf0e5354915219,4w,OG000,OG001,superiority,risk_difference,Risk Difference (RD),4.9,95.0,1.4,8.4,2,=,0.022921,0.022921,Cochran-Mantel-Haenszel,
NCT04178967,Lebrikizumab,ADvocate2,secondary,11,df165f6c08b01feef2b68d5948f563ecbe75aedd,16w,OG000,OG001,superiority,ls_mean_difference,LS Mean Difference (Final Values),-4.9,95.0,-6.3,-3.5,2,<,1e-06,<0.000001,ANCOVA,
NCT04178967,Lebrikizumab,ADvocate2,secondary,12,ac9ec2aba77669df1001bcac5bf670aeb055c245,16w,OG000,OG001,superiority,risk_difference,Risk Difference (RD),32.9,95.0,22.2,43.6,2,=,1e-06,0.000001,Cochran-Mantel-Haenszel,
NCT04178967,Lebrikizumab,ADvocate2,secondary,13,3e93a63c6c3215c288eafa1162a5bcf92386640a,16w,OG000,OG001,superiority,risk_difference,Risk Difference (RD),33.0,95.0,22.2,43.8,2,=,1e-06,0.000001,Cochran-Mantel-Haenszel,
NCT04178967,Lebrikizumab,ADvocate2,secondary,14,d2f42f8d5d3f957635d4bc3ff7a842cc81bce065,16w,OG000,OG001,superiority,ls_mean_difference,LS Mean Difference (Final Values),-37.09,95.0,-47.4,-26.8,2,<,1e-06,<0.000001,ANCOVA,
NCT04178967,Lebrikizumab,ADvocate2,secondary,15,aea344fc5cfff468cb4c21cecab908ad2ce7e41a,16w,OG000,OG001,superiority,ls_mean_difference,LS Mean Difference (Final Values),-0.7,95.0,-0.9,-0.5,2,<,1e-06,<0.000001,ANCOVA,
NCT04178967,Lebrikizumab,ADvocate2,secondary,16,4690838d6d0505fca7b4aadeeaf26db94f17bdb5,16w,OG000,OG001,superiority,risk_difference,Risk Difference (RD),18.9,95.0,9.6,28.1,2,=,0.000571,0.000571,Cochran-Mantel-Haenszel,
NCT04178967,Lebrikizumab,ADvocate2,secondary,17,b7d2e476cb2f93fd059a48ca027f01ce1b31a4b2,1w,OG000,OG001,superiority,risk_difference,Risk Difference (RD),0.4,95.0,-0.4,1.2,2,=,0.469221,0.469221,Cochran-Mantel-Haenszel,
NCT04178967,Lebrikizumab,ADvocate2,secondary,18,d11293e32df7ecc3aac2b1a64a7cbd0d214a62df,2w,OG000,OG001,superiority,risk_difference,Risk Difference (RD),2.7,95.0,-0.1,5.4,2,=,0.113194,0.113194,Cochran-Mantel-Haenszel,
NCT04178967,Lebrikizumab,ADvocate2,secondary,19,f6b5716b0692c667626c7537445ca35d903568b0,4w,OG000,OG001,superiority,risk_difference,Risk Difference (RD),13.2,95.0,7.7,18.7,2,=,0.00023,0.000230,Cochran-Mantel-Haenszel,
NCT04178967,Lebrikizumab,ADvocate2,secondary,20,6a396fc8a402634e44b25951fe4d11fbb3c098dc,1w,OG000,OG001,superiority,risk_difference,Risk Difference (RD),0.4,95.0,-0.4,1.3,2,=,0.46816,0.468160,Cochran-Mantel-Haenszel,
NCT04178967,Lebrikizumab,ADvocate2,secondary,21,d2442dbe3ee165b3d7bf8793e23917f4568ef02c,2w,OG000,OG001,superiority,risk_difference,Risk Difference (RD),2.9,95.0,-0.1,5.8,2,=,0.11577,0.115770,Cochran-Mantel-Haenszel,
NCT04178967,Lebrikizumab,ADvocate2,secondary,22,c4e757546aaa79538f591e21e38fa9c48ff555b6,4w,OG000,OG001,superiority,risk_difference,Risk Difference (RD),14.2,95.0,8.2,20.1,2,=,0.000252,0.000252,Cochran-Mantel-Haenszel,
NCT04178967,Lebrikizumab,ADvocate2,secondary,23,455ca76804c8f2333e82a3ab993ac6f1ec1229f8,16w,OG000,OG001,superiority,ls_mean_difference,LS Mean Difference (Final Values),-30.76,95.0,-36.93,-24.59,2,<,1e-06,<0.000001,ANCOVA,
NCT04178967,Lebrikizumab,ADvocate2,secondary,25,ce36d43ab638a98aa9349cf26fc36e2320be7dc2,52w,OG000,OG001,superiority,risk_difference,Risk Difference (RD),12.8,95.0,-9.5,35.1,2,=,0.238245,0.238245,Cochran-Mantel-Haenszel,
NCT04178967,Lebrikizumab,ADvocate2,secondary,25,ce36d43ab638a98aa9349cf26fc36e2320be7dc2,52w,OG000,OG002,superiority,risk_difference,Risk Difference (RD),4.8,95.0,-17.8,27.3,2,=,0.612427,0.612427,Cochran-Mantel-Haenszel,
NCT04178967,Lebrikizumab,ADvocate2,secondary,26,b3683674e1073caa63dae88fad4ad7f67324a8f5,52w,OG000,OG001,superiority,risk_difference,Risk Difference (RD),32.6,95.0,2.6,62.5,2,=,0.033876,0.033876,Cochran-Mantel-Haenszel,
NCT04178967,Lebrikizumab,ADvocate2,secondary,26,b3683674e1073caa63dae88fad4ad7f67324a8f5,52w,OG000,OG002,superiority,risk_difference,Risk Difference (RD),13.4,95.0,-17.5,44.3,2,=,0.407417,0.407417,Cochran-Mantel-Haenszel,
NCT04178967,Lebrikizumab,ADvocate2,secondary,27,3ce37bef9c22a4a16a3e2e432227f7869f6434a9,52w,OG000,OG001,superiority,risk_difference,Risk Difference (RD),20.3,95.0,-11.4,52.0,2,=,0.159281,0.159281,Cochran-Mantel-Haenszel,
NCT04178967,Lebrikizumab,ADvocate2,secondary,27,3ce37bef9c22a4a16a3e2e432227f7869f6434a9,52w,OG000,OG002,superiority,risk_difference,Risk Difference (RD),20.4,95.0,-10.6,51.4,2,=,0.16495,0.164950,Cochran-Mantel-Haenszel,
NCT04178967,Lebrikizumab,ADvocate2,secondary,28,a69ffb8f4affe80b4f8b41cf134ee99ebc7c709d,52w,OG000,OG001,superiority,risk_difference,Risk Difference (RD),19.7,95.0,-12.2,51.2,2,=,0.179704,0.179704,Cochran-Mantel-Haenszel,
NCT04178967,Lebrikizumab,ADvocate2,secondary,28,a69ffb8f4affe80b4f8b41cf134ee99ebc7c709d,52w,OG000,OG002,superiority,risk_difference,Risk Difference (RD),24.3,95.0,-6.5,55.1,2,=,0.08308,0.083080,Cochran-Mantel-Haenszel,
NCT04178967,Lebrikizumab,ADvocate2,secondary,29,4a63015e4ecc5fa235eb4f676574218b7fe086e0,52w,OG000,OG001,superiority,ls_mean_difference,LS Mean Difference (Final Values),-6.29,95.0,-15.46,2.87,2,=,0.176748,0.176748,ANCOVA,
NCT04178967,Lebrikizumab,ADvocate2,secondary,29,4a63015e4ecc5fa235eb4f676574218b7fe086e0,52w,OG000,OG002,superiority,ls_mean_difference,LS Mean Difference (Final Values),-6.25,95.0,-15.48,2.99,2,=,0.183151,0.183151,ANCOVA,
NCT04178967,Lebrikizumab,ADvocate2,secondary,30,cbfe066dfe57f7f0b1c7671c837c7284d425193f,16w,OG000,OG001,superiority,ls_mean_difference,LS Mean Difference (Final Values),0.1,95.0,0.1,0.1,2,=,1e-06,0.000001,ANCOVA,
NCT04178967,Lebrikizumab,ADvocate2,secondary,30,cbfe066dfe57f7f0b1c7671c837c7284d425193f,16w,OG000,OG001,superiority,ls_mean_difference,LS Mean Difference (Final Values),0.1,95.0,0.0,0.1,2,=,1e-06,0.000001,ANCOVA,
NCT04178967,Lebrikizumab,ADvocate2,secondary,31,a08e7506c4d1e837d4df94d7bf3bb9c12aa7a9c1,16w,OG000,OG001,superiority,ls_mean_difference,LS Mean Difference (Final Values),4.5,95.0,1.3,7.6,2,=,0.005304,0.005304,ANCOVA,
NCT04178967,Lebrikizumab,ADvocate2,secondary,32,a09962c5eb384e5d8245c3876954ca8def0d5b58,16w,OG000,OG001,superiority,ls_mean_difference,LS Mean Difference (Final Values),-6.0,95.0,-7.7,-4.3,2,<,1e-06,<0.000001,Mixed Models Analysis,
NCT04178967,Lebrikizumab,ADvocate2,secondary,33,a3e01927665c194382b43d0780d2e278c5ed1e98,16w,OG000,OG001,superiority,ls_mean_difference,LS Mean Difference (Final Values),-2.91,95.0,-7.85,2.03,2,=,0.241275,0.241275,ANCOVA,
NCT04178967,Lebrikizumab,ADvocate2,secondary,34,0f6487095cef2c9f965f14f368184389be8c5f27,16w,OG000,OG001,superiority,ls_mean_difference,LS Mean Difference (Final Values),-2.74,95.0,-4.12,-1.36,2,=,0.000116,0.000116,ANCOVA,
NCT04178967,Lebrikizumab,ADvocate2,secondary,35,6e85992d0973a8c2b1a490a78c2c67f4b854cbf6,16w,OG000,OG001,superiority,ls_mean_difference,LS Mean Difference (Final Values),-1.1,95.0,-5.86,3.67,2,=,0.645132,0.645132,ANCOVA,
NCT04178967,Lebrikizumab,ADvocate2,secondary,36,7e8306f8184498c40d71e2b94a8d09e0e4d31fc2,16w,OG000,OG001,superiority,ls_mean_difference,LS Mean Difference (Final Values),-2.75,95.0,-4.03,-1.47,2,=,3.1e-05,0.000031,ANCOVA,
NCT04178967,Lebrikizumab,ADvocate2,secondary,37,e2805bfe632c717e9feb97a5d26fb6442dfe1892,16w,OG000,OG001,superiority,ls_mean_difference,LS Mean Difference (Final Values),-0.0,95.0,-0.27,0.26,2,=,0.974417,0.974417,ANCOVA,
NCT04178967,Lebrikizumab,ADvocate2,secondary,38,23f8fbc0a07ca3a479cba440a26e319ee6722ea7,16w,OG000,OG001,superiority,ls_mean_difference,LS Mean Difference (Final Values),-4.2,95.0,-9.1,0.6,2,=,0.084769,0.084769,Mixed Models Analysis,
NCT04180488,Dupilumab,,primary,1,becdea15e4c5cdafaa13123df16aa6cceaf6a9d0,24w,OG000,OG001,superiority,ls_mean_difference,LS Mean Difference,-4.23,95.0,-6.63,-1.84,2,=,0.0005,0.0005,ANCOVA,
NCT04180488,Dupilumab,,primary,1,becdea15e4c5cdafaa13123df16aa6cceaf6a9d0,24w,OG002,OG003,superiority,ls_mean_difference,LS Mean Difference,-2.87,95.0,-5.68,-0.07,2,=,0.0449,0.0449,ANCOVA,
NCT04180488,Dupilumab,,primary,1,becdea15e4c5cdafaa13123df16aa6cceaf6a9d0,24w,OG004,OG005,superiority,ls_mean_difference,LS Mean Difference,-2.54,95.0,-4.65,-0.43,2,=,0.0184,0.0184,ANCOVA,
NCT04180488,Dupilumab,,secondary,1,e4a9d74e40f2dd265603a587224018fdcd5d73a0,24w,OG000,OG001,superiority,ls_mean_difference,LS Mean Difference,-8.53,95.0,-13.16,-3.9,2,=,0.0003,0.0003,ANCOVA,
NCT04180488,Dupilumab,,secondary,1,e4a9d74e40f2dd265603a587224018fdcd5d73a0,24w,OG004,OG005,superiority,ls_mean_difference,LS Mean Difference,-4.65,95.0,-8.65,-0.65,2,=,0.0226,0.0226,ANCOVA,
NCT04180488,Dupilumab,,secondary,2,d1a807f67ac92e0b11e92e3d9d0d7a5c84d7fd90,24w,OG000,OG001,superiority,ls_mean_difference,LS Mean Difference,-4.38,95.0,-6.78,-1.98,2,=,0.0003,0.0003,ANCOVA,
NCT04180488,Dupilumab,,secondary,2,d1a807f67ac92e0b11e92e3d9d0d7a5c84d7fd90,24w,OG004,OG005,superiority,ls_mean_difference,LS Mean Difference,-2.17,95.0,-4.15,-0.19,2,=,0.0316,0.0316,ANCOVA,
NCT04180488,Dupilumab,,secondary,3,2b3dede9defb0d0c8658ed2a16633aafb7a512e8,24w,OG000,OG001,superiority,odds_ratio,Odds Ratio (OR),3.413,95.0,1.596,7.299,2,=,0.0014,0.0014,Cochran-Mantel-Haenszel,
NCT04180488,Dupilumab,,secondary,3,2b3dede9defb0d0c8658ed2a16633aafb7a512e8,24w,OG004,OG005,superiority,odds_ratio,Odds Ratio (OR),2.507,95.0,1.231,5.107,2,=,0.0109,0.0109,Cochran-Mantel-Haenszel,
NCT04180488,Dupilumab,,secondary,4,a5eca86e24874f0daa32a9ebdfed67cc74b10a07,24w,OG000,OG001,superiority,odds_ratio,Odds Ratio (OR),2.848,95.0,1.301,6.234,2,=,0.0075,0.0075,Cochran-Mantel-Haenszel,
NCT04180488,Dupilumab,,secondary,4,a5eca86e24874f0daa32a9ebdfed67cc74b10a07,24w,OG004,OG005,superiority,odds_ratio,Odds Ratio (OR),3.137,95.0,1.371,7.176,2,=,0.0045,0.0045,Cochran-Mantel-Haenszel,
NCT04180488,Dupilumab,,secondary,5,be428d06c09786cd52a6e40071568acc45d59ef8,24w,OG000,OG001,superiority,odds_ratio,Odds Ratio (OR),2.908,95.0,1.173,7.209,2,=,0.0199,0.0199,Cochran-Mantel-Haenszel,
NCT04180488,Dupilumab,,secondary,5,be428d06c09786cd52a6e40071568acc45d59ef8,24w,OG004,OG005,superiority,odds_ratio,Odds Ratio (OR),2.677,95.0,1.127,6.359,2,=,0.0187,0.0187,Cochran-Mantel-Haenszel,
NCT04180488,Dupilumab,,secondary,6,066044e804459be04f7e9c155b2cbb40893d692d,24w,OG004,OG005,superiority,ls_mean_difference,LS Mean Difference,0.93,95.0,-0.48,2.34,2,=,0.194,0.1940,ANCOVA,
NCT04180488,Dupilumab,,secondary,7,b78aeb98be88f1b7156b654a939eb79f9456aa5b,12w,OG000,OG001,superiority,ls_mean_difference,LS Mean Difference,-2.37,95.0,-4.6,-0.13,2,=,0.0377,0.0377,ANCOVA,
NCT04180488,Dupilumab,,secondary,8,984bce1f971a4f31cfd671b110f4fa99d8a7ac09,12w,OG000,OG001,superiority,ls_mean_difference,LS Mean Difference,-5.02,95.0,-9.32,-0.72,2,=,0.0223,0.0223,ANCOVA,
NCT04180488,Dupilumab,,secondary,9,f64018c93dca84003c4703dcb46794737c29032d,12w,OG000,OG001,superiority,odds_ratio,Odds Ratio (OR),2.645,95.0,1.154,6.061,2,=,0.0215,0.0215,Cochran-Mantel-Haenszel,
NCT04180488,Dupilumab,,secondary,10,5ca52bf6913905b6ea1fcac46a1184cdbabc1366,12w,OG000,OG001,superiority,odds_ratio,Odds Ratio (OR),1.872,95.0,0.893,3.923,2,=,0.0971,0.0971,Cochran-Mantel-Haenszel,
NCT04183335,Dupilumab,,primary,1,9bf8394059b390bbb42413d194fcec2bc33bf285,24w,OG000,OG001,superiority,odds_ratio,Odds Ratio (OR),6.5,95.0,2.78,15.41,2,<,0.0001,<0.0001,Cochran-Mantel-Haenszel,
NCT04183335,Dupilumab,,secondary,1,b77ec3ff5e057b4f71c1febb3b1d3956d9e1d633,24w,OG000,OG001,superiority,odds_ratio,Odds Ratio (OR),4.0,95.0,1.81,8.98,2,=,0.0004,0.0004,Cochran-Mantel-Haenszel,
NCT04183335,Dupilumab,,secondary,2,3b980e08703fe38641b1d30fa644f3db8af09033,24w,OG000,OG001,superiority,odds_ratio,Odds Ratio (OR),6.9,95.0,2.49,19.05,2,<,0.0001,<0.0001,Cochran-Mantel-Haenszel,
NCT04183335,Dupilumab,,secondary,3,62e388e7616bdb21eb64d4b12e714d0cb9d999e3,24w,OG000,OG001,superiority,ls_mean_difference,LS mean difference,-26.67,95.0,-38.44,-14.9,2,<,0.0001,<0.0001,ANCOVA,
NCT04183335,Dupilumab,,secondary,4,664cdd440fd281a294838eb2432643c95d0b29de,24w,OG000,OG001,superiority,ls_mean_difference,Least square mean difference,-6.19,95.0,-8.34,-4.05,2,<,0.0001,<0.0001,ANCOVA,
NCT04183335,Dupilumab,,secondary,5,d8abc2a8ca9afa9be03b856b6e71c2482215c6be,24w,OG000,OG001,superiority,ls_mean_difference,Least square mean difference,-2.17,95.0,-3.07,-1.28,2,<,0.0001,<0.0001,ANCOVA,
NCT04183335,Dupilumab,,secondary,6,b53b8ebfdeaad1619a9792df588be9807659a0ec,24w,OG000,OG001,superiority,ls_mean_difference,Least square mean difference,-2.6,95.0,-4.52,-0.67,2,=,0.0082,0.0082,ANCOVA,
NCT04183335,Dupilumab,,secondary,14,7fa0fc3ba4d85e60da855594e0d9eb1c3cc79ace,3w,OG000,OG001,superiority,ls_mean_difference,LS mean difference,-0.7,95.0,-1.25,-0.15,2,=,0.0119,0.0119,ANCOVA,
NCT04202679,Dupilumab,,primary,1,fe9741a9c936bba85b57dd8e0af21f2570179cac,12w,OG000,OG001,superiority,odds_ratio,Odds Ratio (OR),2.3,95.0,1.08,5.0,2,=,0.0216,0.0216,Cochran-Mantel-Haenszel,
NCT04202679,Dupilumab,,secondary,1,1c46c5b88877e988747c62c6e85fd86b007b0d21,24w,OG000,OG001,superiority,odds_ratio,Odds Ratio (OR),9.0,95.0,3.56,22.66,2,<,0.0001,<0.0001,Cochran-Mantel-Haenszel,
NCT04202679,Dupilumab,,secondary,2,b77ec3ff5e057b4f71c1febb3b1d3956d9e1d633,24w,OG000,OG001,superiority,odds_ratio,Odds Ratio (OR),4.4,95.0,2.02,9.55,2,<,0.0001,<0.0001,Cochran-Mantel-Haenszel,
NCT04202679,Dupilumab,,secondary,3,c5ac92f871d2b6aeed832b0c57e2e02d3e1f9991,24w,OG000,OG001,superiority,odds_ratio,Odds Ratio (OR),6.1,95.0,2.03,18.11,2,=,0.0001,0.0001,Cochran-Mantel-Haenszel,
NCT04202679,Dupilumab,,secondary,4,0acbc0ab97153929e4487b63f488d345af5c1f24,12w,OG000,OG001,superiority,odds_ratio,Odds Ratio (OR),2.9,95.0,1.13,7.52,2,=,0.0194,0.0194,Cochran-Mantel-Haenszel,
NCT04202679,Dupilumab,,secondary,5,62e388e7616bdb21eb64d4b12e714d0cb9d999e3,24w,OG000,OG001,superiority,ls_mean_difference,LS mean difference,-23.16,95.0,-33.81,-12.51,2,<,0.0001,<0.0001,ANCOVA,
NCT04202679,Dupilumab,,secondary,6,91825e6ab4451b03a7b3e7532a43cde63bc75725,24w,OG000,OG001,superiority,ls_mean_difference,LS mean difference,-6.39,95.0,-8.42,-4.36,2,<,0.0001,<0.0001,ANCOVA,
NCT04202679,Dupilumab,,secondary,7,d8abc2a8ca9afa9be03b856b6e71c2482215c6be,24w,OG000,OG001,superiority,ls_mean_difference,LS mean difference,-1.61,95.0,-2.49,-0.73,2,=,0.0003,0.0003,ANCOVA,
NCT04202679,Dupilumab,,secondary,8,d219f139549baea5f307d99905107b14f749c44e,24w,OG000,OG001,superiority,ls_mean_difference,LS mean difference,0.54,95.0,-0.22,1.3,2,=,0.1658,0.1658,ANCOVA,
NCT04202679,Dupilumab,,secondary,16,08a7f30110cdf6a72a279279558ce1fdbcdeeb90,4w,OG000,OG001,superiority,ls_mean_difference,LS mean difference,-0.61,95.0,-1.18,-0.04,2,=,0.037,0.0370,ANCOVA,
NCT04206553,Dupilumab,LIBERTY-BP,primary,1,b72bf53448bd40d4b6ee69d27b156090766d5dd8,36w,OG000,OG001,superiority,risk_difference,Risk Difference (RD),14.2,95.0,1.97,27.74,2,=,0.025,0.0250,Barnard's exact test,
NCT04206553,Dupilumab,LIBERTY-BP,secondary,1,72c82519eb142d9768b54e00506f977a475312af,36w,OG000,OG001,superiority,ls_mean_difference,LS Mean Difference,-936.21,95.0,-2085.387,212.961,2,=,0.1092,0.1092,ANCOVA,
NCT04206553,Dupilumab,LIBERTY-BP,secondary,2,dda03b74155bdafed13d9eee39afc408277383aa,36w,OG000,OG001,superiority,ls_mean_difference,LS Mean Difference,-25.2,95.0,-41.47,-8.85,2,=,0.0025,0.0025,ANCOVA,
NCT04206553,Dupilumab,LIBERTY-BP,secondary,3,4ded97898dc72e33e44c1e2885a6b7a17345cd9e,36w,OG000,OG001,superiority,risk_difference,Risk Difference (RD),29.3,95.0,12.79,45.04,2,=,0.0006,0.0006,Barnard's exact test,
NCT04206553,Dupilumab,LIBERTY-BP,secondary,4,aaa3a79d47051a17e0877de79ce88f7565991812,36w,OG000,OG001,superiority,ls_mean_difference,LS Mean Difference,-26.2,95.0,-42.83,-9.5,2,=,0.0021,0.0021,ANCOVA,
NCT04206553,Dupilumab,LIBERTY-BP,secondary,5,9c04c4d63a9e018f5ee9e51142a0839493964b74,,OG000,OG001,superiority,hazard_ratio,Hazard Ratio (HR),0.48,95.0,0.3,0.77,2,=,0.0023,0.0023,Cox proportional hazards model,
NCT04206553,Dupilumab,LIBERTY-BP,secondary,6,bd099b9c44e9d6497fae227340a27c8bc2c1360b,,OG000,OG001,superiority,ls_mean_difference,LS Mean Difference,25.7,95.0,5.85,45.63,2,=,0.0112,0.0112,ANCOVA,
NCT04206553,Dupilumab,LIBERTY-BP,secondary,7,9ac86dfbe4ed9c0267555437366e664e16639b6d,36w,OG000,OG001,superiority,risk_difference,Risk Difference (RD),-5.7,95.0,-16.31,3.34,2,=,0.2414,0.2414,Barnard's exact test,
NCT04206553,Dupilumab,LIBERTY-BP,secondary,8,9d21829e1d43de85772ed637c60575181ad3e0c6,,OG000,OG001,superiority,risk_difference,Risk Difference (RD),-18.8,95.0,-33.52,-4.05,2,=,0.0165,0.0165,Barnard's exact test,
NCT04206553,Dupilumab,LIBERTY-BP,secondary,9,16cea7e29df63fd7967f82f6d0116dc2c617fd59,36w,OG000,OG001,superiority,risk_difference,Risk Difference (RD),-11.3,95.0,-29.52,7.67,2,=,0.2758,0.2758,Barnard's exact test,
NCT04206553,Dupilumab,LIBERTY-BP,secondary,10,3a0ac6cf3ae516259ed47110076d630f34779d5b,36w,OG000,OG001,superiority,risk_difference,Risk Difference (RD),27.8,95.0,11.13,43.56,2,=,0.0012,0.0012,Barnard's exact test,
NCT04206553,Dupilumab,LIBERTY-BP,secondary,11,f5c7a436dc907d7bfde661626c286de8e1e933ad,36w,OG000,OG001,superiority,risk_difference,Risk Difference (RD),26.3,95.0,9.68,42.11,2,=,0.0024,0.0024,Barnard's exact test,
NCT04206553,Dupilumab,LIBERTY-BP,secondary,12,29813a5835f88fb91651e33419a3aa64ba045c79,36w,OG000,OG001,superiority,risk_difference,Risk Difference (RD),28.8,95.0,12.79,44.06,2,=,0.0006,0.0006,Barnard's exact test,
NCT04206553,Dupilumab,LIBERTY-BP,secondary,13,6d55bab5236e396843228d664516a28548da83e1,36w,OG000,OG001,superiority,ls_mean_difference,LS Mean Difference,-3.68,95.0,-7.32,-0.039,2,=,0.0476,0.0476,ANCOVA,
NCT04206553,Dupilumab,LIBERTY-BP,secondary,14,f953df2a54152ac262cbd063b52e1b261b89624f,36w,OG000,OG001,superiority,ls_mean_difference,LS Mean Difference,-6.57,95.0,-12.659,-0.478,2,=,0.0345,0.0345,ANCOVA,
NCT04206553,Dupilumab,LIBERTY-BP,secondary,15,ce510ab6c4336f3decf52308e4e70cd6d4c664e2,36w,OG000,OG001,superiority,ls_mean_difference,LS Mean Difference,1.23,95.0,-133.738,136.207,2,=,0.9857,0.9857,ANCOVA,
NCT04206553,Dupilumab,LIBERTY-BP,secondary,16,119121344e6110130ddb15892f0f687fefd246cf,36w,OG000,OG001,superiority,ls_mean_difference,LS Mean Difference,15.42,95.0,-55.036,85.872,2,=,0.668,0.6680,ANCOVA,
NCT04206553,Dupilumab,LIBERTY-BP,secondary,17,c3aed063b0c828162e0176ecc33cfbadfde03280,52w,OG000,OG001,superiority,risk_difference,Risk Difference (RD),10.2,95.0,-1.35,23.11,2,=,0.0736,0.0736,Barnard's exact test,
NCT04206553,Dupilumab,LIBERTY-BP,secondary,18,098617a5110c87514a3efc917b22593c4122388b,52w,OG000,OG001,superiority,ls_mean_difference,LS Mean Difference,-2026.06,95.0,-4018.49,-33.624,2,=,0.0463,0.0463,ANCOVA,
NCT04206553,Dupilumab,LIBERTY-BP,secondary,19,e22236380afdb97a684c32192fa64254d6acb1b6,,OG000,OG001,superiority,ls_mean_difference,LS Mean Difference,42.5,95.0,6.77,78.24,2,=,0.0198,0.0198,ANCOVA,
NCT04206553,Dupilumab,LIBERTY-BP,secondary,20,e54bdc903e6c5c0b4e60a75abff298772f6f21ad,52w,OG000,OG001,superiority,risk_difference,Risk Difference (RD),-5.7,95.0,-16.31,3.34,2,=,0.2414,0.2414,Barnard's exact test,
NCT04206553,Dupilumab,LIBERTY-BP,secondary,21,1679f38338f66287ac7db21e6b95175d1484ff51,,OG000,OG001,superiority,risk_difference,Risk Difference (RD),-14.9,95.0,-29.39,-0.65,2,=,0.0461,0.0461,Barnard's exact test,
NCT04206553,Dupilumab,LIBERTY-BP,secondary,22,95ce00598d687e865d8e1dbff5cbe90180e222e3,52w,OG000,OG001,superiority,risk_difference,Risk Difference (RD),-17.0,95.0,-34.74,1.93,2,=,0.0843,0.0843,Barnard's exact test,
NCT04206553,Dupilumab,LIBERTY-BP,secondary,23,551faf2abec9abe9d578975410cdbf5bf36ee84a,52w,OG000,OG001,superiority,ls_mean_difference,LS Mean Difference,-29.5,95.0,-45.23,-13.8,2,=,0.0002,0.0002,ANCOVA,
NCT04206553,Dupilumab,LIBERTY-BP,secondary,24,0e150a7b00ba1d8f857baee4d1c70a260d5dcd64,52w,OG000,OG001,superiority,risk_difference,Risk Difference (RD),28.1,95.0,12.44,43.55,2,=,0.0006,0.0006,Barnard's exact test,
NCT04206553,Dupilumab,LIBERTY-BP,secondary,25,f3c4c5e92429e6af755345e5577ac0124eda6160,52w,OG000,OG001,superiority,ls_mean_difference,LS Mean Difference,-27.0,95.0,-43.54,-10.37,2,=,0.0014,0.0014,ANCOVA,
NCT04206553,Dupilumab,LIBERTY-BP,secondary,26,4dccca7bc4cdcf5f123d0b2370a135fcc3267e74,52w,OG000,OG001,superiority,risk_difference,Risk Difference (RD),25.9,95.0,9.86,41.36,2,=,0.0019,0.0019,Barnard's exact test,
NCT04206553,Dupilumab,LIBERTY-BP,secondary,27,302fd6de261c8612ae159052620e7550fa5d4a97,52w,OG000,OG001,superiority,risk_difference,Risk Difference (RD),26.0,95.0,10.05,41.4,2,=,0.0016,0.0016,Barnard's exact test,
NCT04206553,Dupilumab,LIBERTY-BP,secondary,28,bdc762678f864ab2db4473c6d54db3c94ad2338c,52w,OG000,OG001,superiority,risk_difference,Risk Difference (RD),24.5,95.0,8.89,39.75,2,=,0.0024,0.0024,Barnard's exact test,
NCT04206553,Dupilumab,LIBERTY-BP,secondary,29,7dd6393635719960fe9dd5ebc3f7713a34ac9ea4,52w,OG000,OG001,superiority,ls_mean_difference,LS Mean Difference,-4.02,95.0,-7.68,-0.365,2,=,0.0311,0.0311,ANCOVA,
NCT04206553,Dupilumab,LIBERTY-BP,secondary,30,27f7bd3192497b42cd8cdb841b3846c136eba864,52w,OG000,OG001,superiority,ls_mean_difference,LS Mean Difference,-7.3,95.0,-13.47,-1.122,2,=,0.0206,0.0206,ANCOVA,
NCT04206553,Dupilumab,LIBERTY-BP,secondary,31,487b8728342a83c4a1654ee7efb0578b0252ecc7,52w,OG000,OG001,superiority,ls_mean_difference,LS Mean Difference,-4.58,95.0,-139.885,130.728,2,=,0.9471,0.9471,ANCOVA,
NCT04206553,Dupilumab,LIBERTY-BP,secondary,32,a1f8a27a610b1aa173675b481e0329627df945a4,52w,OG000,OG001,superiority,ls_mean_difference,LS Mean Difference,14.49,95.0,-56.142,85.13,2,=,0.6876,0.6876,ANCOVA,
NCT04206553,Dupilumab,LIBERTY-BP,secondary,33,2a7f9754373f6d07872537b5b3be15489cd2fac3,16w,OG000,OG001,superiority,risk_difference,Risk Difference (RD),8.0,95.0,-9.75,25.35,2,=,0.5283,0.5283,Barnard's exact test,
NCT04206553,Dupilumab,LIBERTY-BP,secondary,34,5dbe4e5c845da54d5ad993a578d61aa368fe8017,16w,OG000,OG001,superiority,ls_mean_difference,LS Mean Difference,-22.2,95.0,-38.89,-5.61,2,=,0.0088,0.0088,ANCOVA,
NCT04206553,Dupilumab,LIBERTY-BP,secondary,35,37f2e644e6342264ca5b9c64b1a7d99b1a251884,16w,OG000,OG001,superiority,risk_difference,Risk Difference (RD),22.1,95.0,3.04,39.66,2,=,0.025,0.0250,Barnard's exact test,
NCT04206553,Dupilumab,LIBERTY-BP,secondary,36,3031a6fa69106c3d6f419ccb101444dfb50c08d2,16w,OG000,OG001,superiority,risk_difference,Risk Difference (RD),22.4,95.0,3.09,40.08,2,=,0.025,0.0250,Barnard's exact test,
NCT04206553,Dupilumab,LIBERTY-BP,secondary,37,155e5ce2551c0374fbf5b6fbbe5c99339658c5f7,16w,OG000,OG001,superiority,risk_difference,Risk Difference (RD),13.1,95.0,-5.79,31.13,2,=,0.2089,0.2089,Barnard's exact test,
NCT04206553,Dupilumab,LIBERTY-BP,secondary,38,f3e4d17218fada3aaecf8e7f3a735dbb6a805e23,16w,OG000,OG001,superiority,ls_mean_difference,LS Mean Difference,-14.0,95.0,-29.5,1.5,2,=,0.0767,0.0767,ANCOVA,
NCT04206553,Dupilumab,LIBERTY-BP,secondary,39,285a4eb64e94211ab0a9bfb1406ced0521fade4f,16w,OG000,OG001,superiority,risk_difference,Risk Difference (RD),17.4,95.0,-1.98,35.6,2,=,0.0761,0.0761,Barnard's exact test,
NCT04211363,Roflumilast,DERMIS-1,primary,1,ee7a9a5cd57f4f4a4bcf5ebd84fe1ad56a5d3fef,8w,OG000,OG001,superiority,odds_ratio,Odds Ratio (OR),20.69,95.0,7.58,56.48,2,<,0.0001,<0.0001,Cochran-Mantel-Haenszel,
NCT04211363,Roflumilast,DERMIS-1,secondary,1,ba40542a34a919df400fef87b703393b7324f5e2,,OG000,OG001,superiority,hazard_ratio,Hazard Ratio (HR),3.867,95.0,2.795,5.351,2,<,0.0001,<0.0001,Log Rank,
NCT04211363,Roflumilast,DERMIS-1,secondary,2,a92a07b4125128b2673f6bd14e2d3a44a67cfe46,,OG000,OG001,superiority,odds_ratio,Odds Ratio (OR),12.0,95.0,5.15,27.93,2,<,0.0001,<0.0001,Cochran-Mantel-Haenszel,
NCT04211363,Roflumilast,DERMIS-1,secondary,3,ec72318c33d55494b5cd1d126f520024072a22c6,,OG000,OG001,superiority,odds_ratio,Odds Ratio (OR),17.9,95.0,4.38,73.09,2,<,0.0001,<0.0001,Cochran-Mantel-Haenszel,
NCT04211363,Roflumilast,DERMIS-1,secondary,4,2a8a2eccc2bbf2c049e65487f286d935504ba9b5,8w,OG000,OG001,superiority,odds_ratio,Odds Ratio (OR),17.94,95.0,2.33,138.2,2,<,0.0001,<0.0001,Cochran-Mantel-Haenszel,
NCT04211363,Roflumilast,DERMIS-1,secondary,5,a6974ad0f86604061ba1dd70033d6df39d4e619a,8w,OG000,OG001,superiority,odds_ratio,Odds Ratio (OR),29.36,95.0,2.99,288.36,2,=,0.003,0.003,Cochran-Mantel-Haenszel,
NCT04211363,Roflumilast,DERMIS-1,secondary,6,4d2c1192f8dd3861ca480ddb9ca5d08478db57eb,2w,OG000,OG001,superiority,odds_ratio,Odds Ratio (OR),1.76,95.0,0.98,3.19,2,=,0.1197,0.1197,Cochran-Mantel-Haenszel,
NCT04211363,Roflumilast,DERMIS-1,secondary,6,4d2c1192f8dd3861ca480ddb9ca5d08478db57eb,4w,OG000,OG001,superiority,odds_ratio,Odds Ratio (OR),4.36,95.0,2.31,8.26,2,<,0.0001,<0.0001,Cochran-Mantel-Haenszel,
NCT04211363,Roflumilast,DERMIS-1,secondary,6,4d2c1192f8dd3861ca480ddb9ca5d08478db57eb,8w,OG000,OG001,superiority,odds_ratio,Odds Ratio (OR),7.84,95.0,3.85,15.94,2,<,0.0001,<0.0001,Cochran-Mantel-Haenszel,
NCT04211363,Roflumilast,DERMIS-1,secondary,7,fe6a0df4de807f286a706f1760479c2a2ae86ba6,4w,OG000,OG001,superiority,mean_difference,Mean Difference (Final Values),-25.83,95.0,-31.7,-20.0,2,<,0.0001,<0.0001,ANCOVA,
NCT04211363,Roflumilast,DERMIS-1,secondary,7,fe6a0df4de807f286a706f1760479c2a2ae86ba6,8w,OG000,OG001,superiority,mean_difference,Mean Difference (Final Values),-30.9,95.0,-37.2,-24.6,2,<,0.0001,<0.0001,ANCOVA,
NCT04211389,Roflumilast,DERMIS-2,primary,1,1da9f5ac4bdd5a86577feed1708f1111a6d664b6,8w,OG000,OG001,superiority,odds_ratio,Odds Ratio (OR),6.59,95.0,3.17,13.7,2,<,0.0001,<0.0001,Cochran-Mantel-Haenszel,
NCT04211389,Roflumilast,DERMIS-2,secondary,1,ba40542a34a919df400fef87b703393b7324f5e2,,OG000,OG001,superiority,hazard_ratio,Hazard Ratio (HR),4.207,95.0,3.029,5.844,2,<,0.0001,<0.0001,Log Rank,
NCT04211389,Roflumilast,DERMIS-2,secondary,2,a40e92d39342bc0b83207a6bb2c94a8fed11d51d,,OG000,OG001,superiority,odds_ratio,Odds Ratio (OR),10.42,95.0,4.49,24.19,2,<,0.0001,<0.0001,Cochran-Mantel-Haenszel,
NCT04211389,Roflumilast,DERMIS-2,secondary,3,ec72318c33d55494b5cd1d126f520024072a22c6,,OG000,OG001,superiority,odds_ratio,Odds Ratio (OR),8.51,95.0,2.45,28.86,2,=,0.0002,0.0002,Cochran-Mantel-Haenszel,
NCT04211389,Roflumilast,DERMIS-2,secondary,4,0b1ad31b6e6f181f98e21dcf9f338754d496bd0c,8w,OG000,OG001,superiority,odds_ratio,Odds Ratio (OR),11.18,95.0,2.33,53.68,2,=,0.0004,0.0004,Cochran-Mantel-Haenszel,
NCT04211389,Roflumilast,DERMIS-2,secondary,5,26cb2a916403931fdbd4de069684155b6bf9e09e,8w,OG000,OG001,superiority,odds_ratio,Odds Ratio (OR),15.27,95.0,3.1,75.35,2,=,0.0002,0.0002,Cochran-Mantel-Haenszel,
NCT04211389,Roflumilast,DERMIS-2,secondary,6,e289818c9da3641ebfe55693acd3348b8ec59dab,2w,OG000,OG001,superiority,odds_ratio,Odds Ratio (OR),2.56,95.0,1.43,4.58,2,=,0.0026,0.0026,Cochran-Mantel-Haenszel,
NCT04211389,Roflumilast,DERMIS-2,secondary,6,e289818c9da3641ebfe55693acd3348b8ec59dab,4w,OG000,OG001,superiority,odds_ratio,Odds Ratio (OR),4.93,95.0,2.65,9.18,2,<,0.0001,<0.0001,Cochran-Mantel-Haenszel,
NCT04211389,Roflumilast,DERMIS-2,secondary,6,e289818c9da3641ebfe55693acd3348b8ec59dab,8w,OG000,OG001,superiority,odds_ratio,Odds Ratio (OR),3.59,95.0,2.07,6.23,2,<,0.0001,<0.0001,Cochran-Mantel-Haenszel,
NCT04211389,Roflumilast,DERMIS-2,secondary,7,fe6a0df4de807f286a706f1760479c2a2ae86ba6,4w,OG000,OG001,superiority,mean_difference,Mean Difference (Final Values),-26.0,95.0,-31.9,-20.0,2,<,0.0001,<0.0001,ANCOVA,
NCT04211389,Roflumilast,DERMIS-2,secondary,7,fe6a0df4de807f286a706f1760479c2a2ae86ba6,8w,OG000,OG001,superiority,mean_difference,Mean Difference (Final Values),-26.5,95.0,-33.2,-19.7,2,<,0.0001,<0.0001,ANCOVA,
NCT04242446,Bimekizumab,BE HEARD I,primary,1,ff20fa0fbfd0499f7988cd9013d491a3cc4185c4,16w,OG000,OG001,superiority,odds_ratio,Odds Ratio (OR),2.0,97.5,0.979,4.089,2,=,0.03,0.030,"Regression, Logistic",
NCT04242446,Bimekizumab,BE HEARD I,primary,1,ff20fa0fbfd0499f7988cd9013d491a3cc4185c4,16w,OG000,OG002,superiority,odds_ratio,Odds Ratio (OR),2.234,97.5,1.159,4.307,2,=,0.006,0.006,"Regression, Logistic",
NCT04242446,Bimekizumab,BE HEARD I,secondary,1,dcc8232979f1037060c7495e07b533ff60f2fe96,16w,OG000,OG001,superiority,odds_ratio,Odds Ratio (OR),1.416,97.5,0.615,3.26,2,=,0.35,0.350,"Regression, Logistic",
NCT04242446,Bimekizumab,BE HEARD I,secondary,1,dcc8232979f1037060c7495e07b533ff60f2fe96,16w,OG000,OG002,superiority,odds_ratio,Odds Ratio (OR),2.175,97.5,1.021,4.635,2,=,0.021,0.021,"Regression, Logistic",
NCT04242446,Bimekizumab,BE HEARD I,secondary,2,4f9cc4102068a35dbbb356d5dc08180743e8723a,16w,OG000,OG001,superiority,ls_mean_difference,LS mean difference,-2.574,97.5,-4.472,-0.675,2,=,0.002,0.002,ANCOVA,
NCT04242446,Bimekizumab,BE HEARD I,secondary,2,4f9cc4102068a35dbbb356d5dc08180743e8723a,16w,OG000,OG002,superiority,ls_mean_difference,LS mean difference,-2.682,97.5,-4.394,-0.97,2,<,0.001,<0.001,ANCOVA,
NCT04242446,Bimekizumab,BE HEARD I,secondary,3,32339dac4a0a26d5d8c6b133ad03ccfc979c14c7,16w,OG000,OG001,superiority,ls_mean_difference,LS mean difference,-0.551,97.5,-1.521,0.418,2,=,0.201,0.201,ANCOVA,
NCT04242446,Bimekizumab,BE HEARD I,secondary,3,32339dac4a0a26d5d8c6b133ad03ccfc979c14c7,16w,OG000,OG002,superiority,ls_mean_difference,LS mean difference,-1.186,97.5,-2.05,-0.322,2,=,0.002,0.002,ANCOVA,
NCT04242446,Bimekizumab,BE HEARD I,secondary,4,46612180611b6cf1a14fefef10bbcc0d50719da4,16w,OG000,OG001,superiority,odds_ratio,Odds Ratio (OR),1.618,97.5,0.489,5.352,2,=,0.367,0.367,"Regression, Logistic",
NCT04242446,Bimekizumab,BE HEARD I,secondary,4,46612180611b6cf1a14fefef10bbcc0d50719da4,16w,OG000,OG002,superiority,odds_ratio,Odds Ratio (OR),2.757,97.5,0.909,8.364,2,=,0.041,0.041,"Regression, Logistic",
NCT04242498,Bimekizumab,BE HEARD II,primary,1,ff20fa0fbfd0499f7988cd9013d491a3cc4185c4,16w,OG000,OG001,superiority,odds_ratio,Odds Ratio (OR),2.422,97.5,1.221,4.804,2,=,0.004,0.004,"Regression, Logistic",
NCT04242498,Bimekizumab,BE HEARD II,primary,1,ff20fa0fbfd0499f7988cd9013d491a3cc4185c4,16w,OG000,OG002,superiority,odds_ratio,Odds Ratio (OR),2.287,97.5,1.22,4.291,2,=,0.003,0.003,"Regression, Logistic",
NCT04242498,Bimekizumab,BE HEARD II,secondary,1,dcc8232979f1037060c7495e07b533ff60f2fe96,16w,OG000,OG001,superiority,odds_ratio,Odds Ratio (OR),2.722,97.5,1.182,6.267,2,=,0.007,0.007,"Regression, Logistic",
NCT04242498,Bimekizumab,BE HEARD II,secondary,1,dcc8232979f1037060c7495e07b533ff60f2fe96,16w,OG000,OG002,superiority,odds_ratio,Odds Ratio (OR),3.007,97.5,1.374,6.581,2,=,0.002,0.002,"Regression, Logistic",
NCT04242498,Bimekizumab,BE HEARD II,secondary,2,aa36579e109368afa74255f344a8805579a58c7e,16w,OG000,OG001,superiority,odds_ratio,Odds Ratio (OR),0.798,97.5,0.378,1.683,2,=,0.497,0.497,"Regression, Logistic",
NCT04242498,Bimekizumab,BE HEARD II,secondary,2,aa36579e109368afa74255f344a8805579a58c7e,16w,OG000,OG002,superiority,odds_ratio,Odds Ratio (OR),1.05,97.5,0.541,2.041,2,=,0.868,0.868,"Regression, Logistic",
NCT04242498,Bimekizumab,BE HEARD II,secondary,3,4f9cc4102068a35dbbb356d5dc08180743e8723a,16w,OG000,OG001,superiority,ls_mean_difference,LS mean difference,-2.393,97.5,-3.92,-0.867,2,<,0.001,<0.001,ANCOVA,
NCT04242498,Bimekizumab,BE HEARD II,secondary,3,4f9cc4102068a35dbbb356d5dc08180743e8723a,16w,OG000,OG002,superiority,ls_mean_difference,LS mean difference,-2.309,97.5,-3.705,-0.914,,<,0.001,<0.001,ANCOVA,
NCT04242498,Bimekizumab,BE HEARD II,secondary,4,32339dac4a0a26d5d8c6b133ad03ccfc979c14c7,16w,OG000,OG001,superiority,ls_mean_difference,LS mean difference,-0.898,97.5,-1.684,-0.113,2,=,0.01,0.010,ANCOVA,
NCT04242498,Bimekizumab,BE HEARD II,secondary,4,32339dac4a0a26d5d8c6b133ad03ccfc979c14c7,16w,OG000,OG002,superiority,ls_mean_difference,LS mean difference,-1.265,97.5,-1.978,-0.552,2,<,0.001,<0.001,ANCOVA,
NCT04242498,Bimekizumab,BE HEARD II,secondary,5,c880c7d4f5fb2300a7952e926ad9619b4c50485f,16w,OG000,OG001,superiority,odds_ratio,Odds Ratio (OR),3.273,97.5,0.974,10.997,2,=,0.028,0.028,"Regression, Logistic",
NCT04242498,Bimekizumab,BE HEARD II,secondary,5,c880c7d4f5fb2300a7952e926ad9619b4c50485f,16w,OG000,OG002,superiority,odds_ratio,Odds Ratio (OR),3.756,97.5,1.189,11.867,2,=,0.01,0.010,"Regression, Logistic",
NCT04250337,Lebrikizumab,ADhere,primary,1,bf59698515fa24c481c97a777bced0d02e2c4b79,16w,OG000,OG001,superiority,risk_difference,Risk Difference (RD),18.3,95.0,5.1,31.5,2,=,0.011,0.011,Cochran-Mantel-Haenszel,
NCT04250337,Lebrikizumab,ADhere,primary,2,f908f3a72bdec6aff743969520a388ff4cb5fe73,16w,OG000,OG001,superiority,risk_difference,Risk Difference (RD),26.4,95.0,12.1,40.8,2,<,0.001,<.001,Cochran-Mantel-Haenszel,
NCT04250337,Lebrikizumab,ADhere,secondary,1,70a5aae44de939bce922c0ea8b1d04b1796f6341,16w,OG000,OG001,superiority,risk_difference,Risk Difference (RD),18.9,95.0,6.1,31.7,2,=,0.008,0.008,Cochran-Mantel-Haenszel,
NCT04250337,Lebrikizumab,ADhere,secondary,2,a72ad80c84b58f6f6dd1101d7eccc185a2afbaad,16w,OG000,OG001,superiority,ls_mean_difference,LS Mean Difference (Final Values),-15.21,95.0,-27.7,-2.7,2,=,0.017263,0.017263,ANCOVA,
NCT04250337,Lebrikizumab,ADhere,secondary,3,1298a5ed8c1a121dad12ff426450e5156a0d9199,16w,OG000,OG001,superiority,risk_difference,Risk Difference (RD),19.2,95.0,4.3,34.1,2,=,0.017,0.017,Cochran-Mantel-Haenszel,
NCT04250337,Lebrikizumab,ADhere,secondary,4,696aa69118cf0915e974e6899fb602e42a2444b8,16w,OG000,OG001,superiority,risk_difference,Risk Difference (RD),21.6,95.0,7.1,36.1,2,=,0.007,0.007,Cochran-Mantel-Haenszel,
NCT04250337,Lebrikizumab,ADhere,secondary,5,7e5944e2a8ee43e57fd33d63ed1308526334d5ce,16w,OG000,OG001,superiority,ls_mean_difference,LS Mean Difference (Final Values),-23.64,95.0,-33.6,-13.7,2,=,3e-06,0.000003,ANCOVA,
NCT04250337,Lebrikizumab,ADhere,secondary,6,afb9b8b43e89308afb2158ffde4a21fa39c3ef39,16w,OG000,OG001,superiority,ls_mean_difference,LS Mean Difference (Final Values),-12.28,95.0,-17.07,-7.49,2,<,0.001,<0.001,Mixed Models Analysis,
NCT04250337,Lebrikizumab,ADhere,secondary,7,55226f73399b882e5141443a9a9bc2ce201d53e6,4w,OG000,OG001,superiority,risk_difference,Risk Difference (RD),3.5,95.0,-4.9,11.8,2,=,0.454,0.454,Cochran-Mantel-Haenszel,
NCT04250337,Lebrikizumab,ADhere,secondary,8,3a7641f4e4188a7f0f78191b6a97466e8fdd48bc,16w,OG000,OG001,superiority,,Markov Chain Monte Carlo (MCMC),-20.14,95.0,-45.4,5.1,2,=,0.117607,0.117607,ANCOVA,
NCT04250337,Lebrikizumab,ADhere,secondary,9,aea344fc5cfff468cb4c21cecab908ad2ce7e41a,16w,OG000,OG001,superiority,,Markov Chain Monte Carlo (MCMC),-0.3,95.0,-0.6,-0.0,2,=,0.025293,0.025293,ANCOVA,
NCT04250337,Lebrikizumab,ADhere,secondary,10,989c9dd11e5676713b1b2d0596825bf298fe09fb,4w,OG000,OG001,superiority,risk_difference,Risk Difference (RD),14.2,95.0,3.8,24.7,2,=,0.022,0.022,Cochran-Mantel-Haenszel,
NCT04250337,Lebrikizumab,ADhere,secondary,11,5a54fab16db2fbc182ee135a51b372f1a44a39ca,2w,OG000,OG001,superiority,risk_difference,Risk Difference (RD),1.2,95.0,-7.3,9.7,2,=,0.764,0.764,Cochran-Mantel-Haenszel,
NCT04250337,Lebrikizumab,ADhere,secondary,12,6bb6312dc76e7491001b10b197e4633724b75dd1,1w,OG000,OG001,superiority,risk_difference,Risk Difference (RD),1.9,95.0,-2.9,6.7,2,=,0.498,0.498,Cochran-Mantel-Haenszel,
NCT04250337,Lebrikizumab,ADhere,secondary,13,e0c5e0b5fe262ae5349c80d07633a9da32d2e40b,4w,OG000,OG001,superiority,risk_difference,Risk Difference (RD),15.6,95.0,5.3,25.9,2,=,0.014,0.014,Cochran-Mantel-Haenszel,
NCT04250337,Lebrikizumab,ADhere,secondary,14,1fd797e847b50bec358510fb340ecdb0276e22a1,2w,OG000,OG001,superiority,risk_difference,Risk Difference (RD),1.1,95.0,-8.0,10.2,2,=,0.818,0.818,Cochran-Mantel-Haenszel,
NCT04250337,Lebrikizumab,ADhere,secondary,15,1b50056c648e23fd474c22159c0f07b5f00ac658,1w,OG000,OG001,superiority,risk_difference,Risk Difference (RD),2.0,95.0,-3.1,7.1,2,=,0.499,0.499,Cochran-Mantel-Haenszel,
NCT04250337,Lebrikizumab,ADhere,secondary,18,b7e18e011922bdc3108504f7f5fa168fd0bf0a09,16w,OG000,OG001,superiority,ls_mean_difference,LS Mean Difference (Final Values),-17.69,95.0,-26.37,-9.01,2,<,0.001,<0.001,ANCOVA,
NCT04250337,Lebrikizumab,ADhere,secondary,19,df165f6c08b01feef2b68d5948f563ecbe75aedd,16w,OG000,OG001,superiority,ls_mean_difference,LS Mean Difference (Final Values),-3.33,95.0,-5.3,-1.3,2,=,0.001031,0.001031,ANCOVA,
NCT04250337,Lebrikizumab,ADhere,secondary,20,b0b05bd747e34a2d75a22a30e0b9d0204f8515f4,,OG000,OG001,superiority,risk_difference,Risk Difference (RD),17.2,95.0,0.1,34.3,2,=,0.036,0.036,Cochran-Mantel-Haenszel,
NCT04250337,Lebrikizumab,ADhere,secondary,21,5bb37d86d8b9167c3678005c2e2b36b3b520d34f,16w,OG000,OG001,superiority,ls_mean_difference,LS Mean Difference (Final Values),0.11,95.0,0.06,0.16,2,<,0.001,<0.001,ANCOVA,
NCT04250337,Lebrikizumab,ADhere,secondary,21,5bb37d86d8b9167c3678005c2e2b36b3b520d34f,16w,OG000,OG001,superiority,ls_mean_difference,LS Mean Difference (Final Values),0.07,95.0,0.04,0.11,2,<,0.001,<0.001,ANCOVA,
NCT04250337,Lebrikizumab,ADhere,secondary,22,99ab3570c05b8fea86b531f2e70f283e9af4fc5a,16w,OG000,OG001,superiority,ls_mean_difference,LS Mean Difference (Final Values),3.62,95.0,-1.08,8.32,2,=,0.131,0.131,ANCOVA,
NCT04250337,Lebrikizumab,ADhere,secondary,24,353b19cdbe539ceb8c316a8520771090a1190078,16w,OG000,OG001,superiority,ls_mean_difference,LS Mean Difference (Final Values),-0.8,95.0,-3.58,1.98,2,=,0.571,0.571,ANCOVA,
NCT04250337,Lebrikizumab,ADhere,secondary,25,a2730d6cc88733317b9d6c8761ae3e94c8cf39ab,16w,OG000,OG001,superiority,ls_mean_difference,LS Mean Difference (Final Values),-0.17,95.0,-2.4,2.06,2,=,0.882,0.882,ANCOVA,
NCT04250337,Lebrikizumab,ADhere,secondary,26,80bca81cd8ccca5047cca486a963ccad6e3209d5,16w,OG000,OG001,superiority,ls_mean_difference,LS Mean Difference (Final Values),3.46,95.0,-1.56,8.48,2,=,0.171,0.171,ANCOVA,
NCT04250337,Lebrikizumab,ADhere,secondary,27,25b52c791e99646401d7241e339cdcd68e4029a0,16w,OG000,OG001,superiority,ls_mean_difference,LS Mean Difference (Final Values),4.43,95.0,-1.03,9.89,2,=,0.109,0.109,ANCOVA,
NCT04250337,Lebrikizumab,ADhere,secondary,28,e2805bfe632c717e9feb97a5d26fb6442dfe1892,16w,OG000,OG001,superiority,ls_mean_difference,LS Mean Difference (Final Values),0.01,95.0,-0.22,0.24,2,=,0.922,0.922,ANCOVA,
NCT04250337,Lebrikizumab,ADhere,secondary,29,23f8fbc0a07ca3a479cba440a26e319ee6722ea7,16w,OG000,OG001,superiority,ls_mean_difference,LS Mean Difference (Final Values),-4.62,95.0,-7.22,-2.03,2,=,0.001,0.001,Mixed Models Analysis,
NCT04491604,Beremagene Geperpavec,GEM-3,primary,1,5adc00d531fe6547440744eca8affadace7b1286,,OG000,OG001,equivalence,response_rate_difference,responder rate difference,45.8,95.0,23.6,68.0,2,=,0.00192,0.00192,McNemar,
NCT04491604,Beremagene Geperpavec,GEM-3,secondary,1,b8ea7ed8b4c3cb7e6fc381c5a3eb14c69e715dc1,,OG000,OG001,equivalence,response_rate_difference,responder rate difference,51.0,95.0,29.3,72.6,2,=,0.00047,0.00047,McNemar,
NCT04501666,Nemolizumab,,primary,1,628b7d552480ff1358126d9e4d496b68c799485b,16w,OG000,OG001,superiority,response_rate_difference,Strata adjusted percentage difference,40.1,95.0,29.4,50.8,2,<,0.0001,< 0.0001,Cochran-Mantel-Haenszel,
NCT04501666,Nemolizumab,,primary,2,84eebfd8816c1b1078a6ddad511c7c28357a2151,16w,OG000,OG001,superiority,response_rate_difference,Strata adjusted percentage difference,14.6,95.0,6.7,22.6,2,=,0.0025,0.0025,Cochran-Mantel-Haenszel,
NCT04501666,Nemolizumab,,secondary,2,f11943e93d51053645a22f28220c5750c2e0ac79,4w,OG000,OG001,superiority,response_rate_difference,Strata adjusted percentage difference,31.7,95.0,23.0,40.4,2,<,0.0001,< 0.0001,Cochran-Mantel-Haenszel,
NCT04501666,Nemolizumab,,secondary,3,b0990462afb117819872b57c15a7bd48f243847f,16w,OG000,OG001,superiority,response_rate_difference,Strata adjusted percentage difference,30.5,95.0,22.3,38.7,2,<,0.0001,< 0.0001,Cochran-Mantel-Haenszel,
NCT04501666,Nemolizumab,,secondary,4,8c072824622165f86fe8452a1bef62541acacbbe,16w,OG000,OG001,superiority,response_rate_difference,Strata adjusted percentage difference,38.0,95.0,27.8,48.2,2,<,0.0001,< 0.0001,Cochran-Mantel-Haenszel,
NCT04501666,Nemolizumab,,secondary,5,adef9f72685c0f8aa7b27d49252870eb6e8abcf4,4w,OG000,OG001,superiority,response_rate_difference,Strata adjusted percentage difference,22.7,95.0,14.7,30.7,2,<,0.0001,< 0.0001,Cochran-Mantel-Haenszel,
NCT04501666,Nemolizumab,,secondary,6,23fc7617f532340c4c4876953bf9c9cdb6df8fd0,4w,OG000,OG001,superiority,response_rate_difference,Strata adjusted percentage difference,18.7,95.0,12.3,25.0,2,<,0.0001,< 0.0001,Cochran-Mantel-Haenszel,
NCT04501679,Nemolizumab,,primary,1,628b7d552480ff1358126d9e4d496b68c799485b,16w,OG000,OG001,superiority,response_rate_difference,Strata-adjusted percentage difference,37.4,95.0,26.3,48.5,2,<,0.0001,<0.0001,Cochran-Mantel-Haenszel,
NCT04501679,Nemolizumab,,primary,2,84eebfd8816c1b1078a6ddad511c7c28357a2151,16w,OG000,OG001,superiority,response_rate_difference,Strata-adjusted percentage difference,28.5,95.0,18.8,38.2,2,<,0.0001,<0.0001,Cochran-Mantel-Haenszel,
NCT04501679,Nemolizumab,,secondary,1,f11943e93d51053645a22f28220c5750c2e0ac79,4w,OG000,OG001,superiority,response_rate_difference,Strata-adjusted percentage difference,33.4,95.0,24.3,42.4,2,<,0.0001,<0.0001,Cochran-Mantel-Haenszel,
NCT04501679,Nemolizumab,,secondary,2,b0990462afb117819872b57c15a7bd48f243847f,16w,OG000,OG001,superiority,response_rate_difference,Strata-adjusted percentage difference,30.0,95.0,21.3,38.6,2,<,0.0001,<0.0001,Cochran-Mantel-Haenszel,
NCT04501679,Nemolizumab,,secondary,3,8c072824622165f86fe8452a1bef62541acacbbe,16w,OG000,OG001,superiority,response_rate_difference,Strata-adjusted percentage difference,31.9,95.0,20.7,43.2,2,<,0.0001,<0.0001,Cochran-Mantel-Haenszel,
NCT04501679,Nemolizumab,,secondary,4,adef9f72685c0f8aa7b27d49252870eb6e8abcf4,4w,OG000,OG001,superiority,response_rate_difference,Strata-adjusted percentage difference,27.9,95.0,18.4,37.5,2,<,0.0001,<0.0001,Cochran-Mantel-Haenszel,
NCT04501679,Nemolizumab,,secondary,5,23fc7617f532340c4c4876953bf9c9cdb6df8fd0,4w,OG000,OG001,superiority,response_rate_difference,Strata-adjusted percentage difference,18.8,95.0,12.0,25.7,2,<,0.0001,<0.0001,Cochran-Mantel-Haenszel,
NCT04518995,Deuruxolitinib,THRIVE-AA1,primary,1,17c0185164bdca66c625238415eb94155d54d1ee,24w,OG000,OG001,superiority,risk_difference,Risk Difference (RD),0.28,95.0,0.23,0.33,2,<,0.0001,<0.0001,Mantel Haenszel,
NCT04518995,Deuruxolitinib,THRIVE-AA1,primary,1,17c0185164bdca66c625238415eb94155d54d1ee,24w,OG000,OG002,superiority,risk_difference,Risk Difference (RD),0.39,95.0,0.32,0.46,2,<,0.0001,<0.0001,Mantel Haenszel,
NCT04518995,Deuruxolitinib,THRIVE-AA1,secondary,1,5fba31f6ca232a60c924e452b5c92bdf06e2c9f2,12w,OG000,OG001,superiority,risk_difference,Risk Difference (RD),0.25,95.0,0.17,0.32,2,<,0.0001,<0.0001,Mantel Haenszel,
NCT04518995,Deuruxolitinib,THRIVE-AA1,secondary,1,5fba31f6ca232a60c924e452b5c92bdf06e2c9f2,12w,OG000,OG002,superiority,risk_difference,Risk Difference (RD),0.35,95.0,0.26,0.43,2,<,0.0001,<0.0001,Mantel Haenszel,
NCT04518995,Deuruxolitinib,THRIVE-AA1,secondary,1,5fba31f6ca232a60c924e452b5c92bdf06e2c9f2,16w,OG000,OG001,superiority,risk_difference,Risk Difference (RD),0.31,95.0,0.24,0.38,2,<,0.0001,<0.0001,Mantel Haenszel,
NCT04518995,Deuruxolitinib,THRIVE-AA1,secondary,1,5fba31f6ca232a60c924e452b5c92bdf06e2c9f2,16w,OG000,OG002,superiority,risk_difference,Risk Difference (RD),0.43,95.0,0.35,0.51,2,<,0.0001,<0.0001,Mantel Haenszel,
NCT04518995,Deuruxolitinib,THRIVE-AA1,secondary,1,5fba31f6ca232a60c924e452b5c92bdf06e2c9f2,20w,OG000,OG001,superiority,risk_difference,Risk Difference (RD),0.32,95.0,0.26,0.39,2,<,0.0001,<0.0001,Mantel Haenszel,
NCT04518995,Deuruxolitinib,THRIVE-AA1,secondary,1,5fba31f6ca232a60c924e452b5c92bdf06e2c9f2,20w,OG000,OG002,superiority,risk_difference,Risk Difference (RD),0.47,95.0,0.39,0.55,2,<,0.0001,<0.0001,Mantel Haenszel,
NCT04518995,Deuruxolitinib,THRIVE-AA1,secondary,1,5fba31f6ca232a60c924e452b5c92bdf06e2c9f2,24w,OG000,OG001,superiority,risk_difference,Risk Difference (RD),0.38,95.0,0.31,0.44,2,<,0.0001,<0.0001,Mantel Haenszel,
NCT04518995,Deuruxolitinib,THRIVE-AA1,secondary,1,5fba31f6ca232a60c924e452b5c92bdf06e2c9f2,24w,OG000,OG002,superiority,risk_difference,Risk Difference (RD),0.47,95.0,0.39,0.55,2,<,0.0001,<0.0001,Mantel Haenszel,
NCT04518995,Deuruxolitinib,THRIVE-AA1,secondary,2,6e544a8126c4cc8beb4874461115bd420f82d5ca,4w,OG000,OG001,superiority,risk_difference,Risk Difference (RD),0.01,95.0,-0.0,0.02,2,=,0.0816,0.0816,Mantel Haenszel,
NCT04518995,Deuruxolitinib,THRIVE-AA1,secondary,2,6e544a8126c4cc8beb4874461115bd420f82d5ca,8w,OG000,OG001,superiority,risk_difference,Risk Difference (RD),0.03,95.0,0.01,0.05,2,=,0.0005,0.0005,Mantel Haenszel,
NCT04518995,Deuruxolitinib,THRIVE-AA1,secondary,2,6e544a8126c4cc8beb4874461115bd420f82d5ca,8w,OG000,OG002,superiority,risk_difference,Risk Difference (RD),0.06,95.0,0.03,0.09,2,=,0.0002,0.0002,Mantel Haenszel,
NCT04518995,Deuruxolitinib,THRIVE-AA1,secondary,2,6e544a8126c4cc8beb4874461115bd420f82d5ca,12w,OG000,OG001,superiority,risk_difference,Risk Difference (RD),0.1,95.0,0.06,0.14,2,<,0.0001,<0.0001,Mantel Haenszel,
NCT04518995,Deuruxolitinib,THRIVE-AA1,secondary,2,6e544a8126c4cc8beb4874461115bd420f82d5ca,12w,OG000,OG002,superiority,risk_difference,Risk Difference (RD),0.17,95.0,0.12,0.22,2,<,0.0001,<0.0001,Mantel Haenszel,
NCT04518995,Deuruxolitinib,THRIVE-AA1,secondary,2,6e544a8126c4cc8beb4874461115bd420f82d5ca,16w,OG000,OG001,superiority,risk_difference,Risk Difference (RD),0.14,95.0,0.1,0.19,2,<,0.0001,<0.0001,Mantel Haenszel,
NCT04518995,Deuruxolitinib,THRIVE-AA1,secondary,2,6e544a8126c4cc8beb4874461115bd420f82d5ca,16w,OG000,OG002,superiority,risk_difference,Risk Difference (RD),0.27,95.0,0.2,0.33,2,<,0.0001,<0.0001,Mantel Haenszel,
NCT04518995,Deuruxolitinib,THRIVE-AA1,secondary,2,6e544a8126c4cc8beb4874461115bd420f82d5ca,20w,OG000,OG001,superiority,risk_difference,Risk Difference (RD),0.23,95.0,0.19,0.28,2,<,0.0001,<0.0001,Mantel Haenszel,
NCT04518995,Deuruxolitinib,THRIVE-AA1,secondary,2,6e544a8126c4cc8beb4874461115bd420f82d5ca,20w,OG000,OG002,superiority,risk_difference,Risk Difference (RD),0.35,95.0,0.28,0.41,2,<,0.0001,<0.0001,Mantel Haenszel,
NCT04518995,Deuruxolitinib,THRIVE-AA1,secondary,3,f70001593015f2f16fd4cb5237cd81a7e99f113c,4w,OG000,OG001,superiority,ls_mean_difference,Least Square (LS) Mean Difference,-2.2,95.0,-4.4,0.1,2,=,0.0564,0.0564,MMRM,
NCT04518995,Deuruxolitinib,THRIVE-AA1,secondary,3,f70001593015f2f16fd4cb5237cd81a7e99f113c,4w,OG000,OG002,superiority,ls_mean_difference,LS Mean Difference,-3.4,95.0,-5.9,-1.0,2,=,0.0054,0.0054,MMRM,
NCT04518995,Deuruxolitinib,THRIVE-AA1,secondary,3,f70001593015f2f16fd4cb5237cd81a7e99f113c,8w,OG000,OG001,superiority,ls_mean_difference,LS Mean Difference,-8.5,95.0,-12.7,-4.3,2,<,0.0001,<0.0001,MMRM,
NCT04518995,Deuruxolitinib,THRIVE-AA1,secondary,3,f70001593015f2f16fd4cb5237cd81a7e99f113c,8w,OG000,OG002,superiority,ls_mean_difference,LS Mean Difference,-14.9,95.0,-19.5,-10.3,2,<,0.0001,<0.0001,MMRM,
NCT04518995,Deuruxolitinib,THRIVE-AA1,secondary,3,f70001593015f2f16fd4cb5237cd81a7e99f113c,12w,OG000,OG001,superiority,ls_mean_difference,LS Mean Difference,-21.7,95.0,-27.5,-16.0,2,<,0.0001,<0.0001,MMRM,
NCT04518995,Deuruxolitinib,THRIVE-AA1,secondary,3,f70001593015f2f16fd4cb5237cd81a7e99f113c,12w,OG000,OG002,superiority,ls_mean_difference,LS Mean Difference,-30.0,95.0,-36.3,-23.8,2,<,0.0001,<0.0001,MMRM,
NCT04518995,Deuruxolitinib,THRIVE-AA1,secondary,3,f70001593015f2f16fd4cb5237cd81a7e99f113c,16w,OG000,OG001,superiority,ls_mean_difference,LS Mean Difference,-28.4,95.0,-35.1,-21.8,2,<,0.0001,<0.0001,MMRM,
NCT04518995,Deuruxolitinib,THRIVE-AA1,secondary,3,f70001593015f2f16fd4cb5237cd81a7e99f113c,16w,OG000,OG002,superiority,ls_mean_difference,LS Mean Difference,-38.5,95.0,-45.7,-31.3,2,<,0.0001,<0.0001,MMRM,
NCT04518995,Deuruxolitinib,THRIVE-AA1,secondary,3,f70001593015f2f16fd4cb5237cd81a7e99f113c,20w,OG000,OG001,superiority,ls_mean_difference,LS Mean Difference,-34.9,95.0,-42.1,-27.7,2,<,0.0001,<0.0001,MMRM,
NCT04518995,Deuruxolitinib,THRIVE-AA1,secondary,3,f70001593015f2f16fd4cb5237cd81a7e99f113c,20w,OG000,OG002,superiority,ls_mean_difference,LS Mean Difference,-44.6,95.0,-52.3,-36.8,2,<,0.0001,<0.0001,MMRM,
NCT04518995,Deuruxolitinib,THRIVE-AA1,secondary,3,f70001593015f2f16fd4cb5237cd81a7e99f113c,24w,OG000,OG001,superiority,ls_mean_difference,LS Mean Difference,-39.3,95.0,-46.7,-31.8,2,<,0.0001,<0.0001,MMRM,
NCT04518995,Deuruxolitinib,THRIVE-AA1,secondary,3,f70001593015f2f16fd4cb5237cd81a7e99f113c,24w,OG000,OG002,superiority,ls_mean_difference,LS Mean Difference,-47.0,95.0,-55.1,-39.0,2,<,0.0001,<0.0001,MMRM,
NCT04518995,Deuruxolitinib,THRIVE-AA1,secondary,4,a3e204ef0b2a748236756fa54b71b520ed826f40,12w,OG000,OG001,superiority,,,,,,,,<,0.0001,<0.0001,Cochran-Mantel-Haenszel,
NCT04518995,Deuruxolitinib,THRIVE-AA1,secondary,4,a3e204ef0b2a748236756fa54b71b520ed826f40,12w,OG000,OG002,superiority,,,,,,,,<,0.0001,<0.0001,Cochran-Mantel-Haenszel,
NCT04518995,Deuruxolitinib,THRIVE-AA1,secondary,4,a3e204ef0b2a748236756fa54b71b520ed826f40,16w,OG000,OG001,superiority,,,,,,,,<,0.0001,<0.0001,Cochran-Mantel-Haenszel,
NCT04518995,Deuruxolitinib,THRIVE-AA1,secondary,4,a3e204ef0b2a748236756fa54b71b520ed826f40,16w,OG000,OG002,superiority,,,,,,,,<,0.0001,<0.0001,Cochran-Mantel-Haenszel,
NCT04518995,Deuruxolitinib,THRIVE-AA1,secondary,4,a3e204ef0b2a748236756fa54b71b520ed826f40,20w,OG000,OG001,superiority,,,,,,,,<,0.0001,<0.0001,Cochran-Mantel-Haenszel,
NCT04518995,Deuruxolitinib,THRIVE-AA1,secondary,4,a3e204ef0b2a748236756fa54b71b520ed826f40,20w,OG000,OG002,superiority,,,,,,,,<,0.0001,<0.0001,Cochran-Mantel-Haenszel,
NCT04518995,Deuruxolitinib,THRIVE-AA1,secondary,4,a3e204ef0b2a748236756fa54b71b520ed826f40,24w,OG000,OG001,superiority,,,,,,,,<,0.0001,<0.0001,Cochran-Mantel-Haenszel,
NCT04518995,Deuruxolitinib,THRIVE-AA1,secondary,4,a3e204ef0b2a748236756fa54b71b520ed826f40,24w,OG000,OG002,superiority,,,,,,,,<,0.0001,<0.0001,Cochran-Mantel-Haenszel,
NCT04518995,Deuruxolitinib,THRIVE-AA1,secondary,5,956a9ddee2a05ecedcf951c25fd5bd69adfd2c93,12w,OG000,OG001,superiority,,,,,,,,<,0.0001,<0.0001,Cochran-Mantel-Haenszel,
NCT04518995,Deuruxolitinib,THRIVE-AA1,secondary,5,956a9ddee2a05ecedcf951c25fd5bd69adfd2c93,12w,OG000,OG002,superiority,,,,,,,,<,0.0001,<0.0001,Cochran-Mantel-Haenszel,
NCT04518995,Deuruxolitinib,THRIVE-AA1,secondary,5,956a9ddee2a05ecedcf951c25fd5bd69adfd2c93,16w,OG000,OG001,superiority,,,,,,,,<,0.0001,<0.0001,Cochran-Mantel-Haenszel,
NCT04518995,Deuruxolitinib,THRIVE-AA1,secondary,5,956a9ddee2a05ecedcf951c25fd5bd69adfd2c93,16w,OG000,OG002,superiority,,,,,,,,<,0.0001,<0.0001,Cochran-Mantel-Haenszel,
NCT04518995,Deuruxolitinib,THRIVE-AA1,secondary,5,956a9ddee2a05ecedcf951c25fd5bd69adfd2c93,20w,OG000,OG001,superiority,,,,,,,,<,0.0001,<0.0001,Cochran-Mantel-Haenszel,
NCT04518995,Deuruxolitinib,THRIVE-AA1,secondary,5,956a9ddee2a05ecedcf951c25fd5bd69adfd2c93,20w,OG000,OG002,superiority,,,,,,,,<,0.0001,<0.0001,Cochran-Mantel-Haenszel,
NCT04518995,Deuruxolitinib,THRIVE-AA1,secondary,5,956a9ddee2a05ecedcf951c25fd5bd69adfd2c93,24w,OG000,OG001,superiority,,,,,,,,<,0.0001,<0.0001,Cochran-Mantel-Haenszel,
NCT04518995,Deuruxolitinib,THRIVE-AA1,secondary,5,956a9ddee2a05ecedcf951c25fd5bd69adfd2c93,24w,OG000,OG002,superiority,,,,,,,,<,0.0001,<0.0001,Cochran-Mantel-Haenszel,
NCT04518995,Deuruxolitinib,THRIVE-AA1,secondary,6,c181c5694a206fd1675c2348be36ea1b0a6cf7ba,,OG000,OG001,superiority,ls_mean_difference,LS Mean Difference,-0.9,95.0,-1.2,-0.7,2,<,0.0001,<0.0001,MMRM,
NCT04518995,Deuruxolitinib,THRIVE-AA1,secondary,6,c181c5694a206fd1675c2348be36ea1b0a6cf7ba,,OG000,OG002,superiority,ls_mean_difference,LS Mean Difference,-1.2,95.0,-1.5,-0.9,2,<,0.0001,<0.0001,MMRM,
NCT04518995,Deuruxolitinib,THRIVE-AA1,secondary,6,c181c5694a206fd1675c2348be36ea1b0a6cf7ba,,OG000,OG001,superiority,ls_mean_difference,LS Mean Difference,-1.2,95.0,-1.4,-0.9,2,<,0.0001,<0.0001,MMRM,
NCT04518995,Deuruxolitinib,THRIVE-AA1,secondary,6,c181c5694a206fd1675c2348be36ea1b0a6cf7ba,,OG000,OG002,superiority,ls_mean_difference,LS Mean Difference,-1.6,95.0,-1.9,-1.3,2,<,0.0001,<0.0001,MMRM,
NCT04518995,Deuruxolitinib,THRIVE-AA1,secondary,6,c181c5694a206fd1675c2348be36ea1b0a6cf7ba,,OG000,OG001,superiority,ls_mean_difference,LS Mean Difference,-1.5,95.0,-1.8,-1.2,2,<,0.0001,<0.0001,MMRM,
NCT04518995,Deuruxolitinib,THRIVE-AA1,secondary,6,c181c5694a206fd1675c2348be36ea1b0a6cf7ba,,OG000,OG002,superiority,ls_mean_difference,LS Mean Difference,-1.9,95.0,-2.3,-1.6,2,<,0.0001,<0.0001,MMRM,
NCT04518995,Deuruxolitinib,THRIVE-AA1,secondary,6,c181c5694a206fd1675c2348be36ea1b0a6cf7ba,,OG000,OG001,superiority,ls_mean_difference,LS Mean Difference,-1.7,95.0,-2.0,-1.3,2,<,0.0001,<0.0001,MMRM,
NCT04518995,Deuruxolitinib,THRIVE-AA1,secondary,6,c181c5694a206fd1675c2348be36ea1b0a6cf7ba,,OG000,OG002,superiority,ls_mean_difference,LS Mean Difference,-2.1,95.0,-2.5,-1.7,2,<,0.0001,<0.0001,MMRM,
NCT04518995,Deuruxolitinib,THRIVE-AA1,secondary,7,9d9105d539952e9d308812e393f5cf00ab408f72,,OG000,OG001,superiority,ls_mean_difference,LS Mean Difference,-0.6,95.0,-0.9,-0.3,2,<,0.0001,<0.0001,MMRM,
NCT04518995,Deuruxolitinib,THRIVE-AA1,secondary,7,9d9105d539952e9d308812e393f5cf00ab408f72,,OG000,OG002,superiority,ls_mean_difference,LS Mean Difference,-1.0,95.0,-1.3,-0.6,2,<,0.0001,<0.0001,MMRM,
NCT04518995,Deuruxolitinib,THRIVE-AA1,secondary,7,9d9105d539952e9d308812e393f5cf00ab408f72,,OG000,OG001,superiority,ls_mean_difference,LS Mean Difference,-1.2,95.0,-1.6,-0.9,2,<,0.0001,<0.0001,MMRM,
NCT04518995,Deuruxolitinib,THRIVE-AA1,secondary,7,9d9105d539952e9d308812e393f5cf00ab408f72,,OG000,OG002,superiority,ls_mean_difference,LS Mean Difference,-1.7,95.0,-2.1,-1.4,2,<,0.0001,<0.0001,MMRM,
NCT04518995,Deuruxolitinib,THRIVE-AA1,secondary,7,9d9105d539952e9d308812e393f5cf00ab408f72,,OG000,OG001,superiority,ls_mean_difference,LS Mean Difference,-1.4,95.0,-1.7,-1.0,2,<,0.0001,<0.0001,MMRM,
NCT04518995,Deuruxolitinib,THRIVE-AA1,secondary,7,9d9105d539952e9d308812e393f5cf00ab408f72,,OG000,OG002,superiority,ls_mean_difference,LS Mean Difference,-1.9,95.0,-2.3,-1.5,2,<,0.0001,<0.0001,MMRM,
NCT04518995,Deuruxolitinib,THRIVE-AA1,secondary,7,9d9105d539952e9d308812e393f5cf00ab408f72,,OG000,OG001,superiority,ls_mean_difference,LS Mean Difference,-1.7,95.0,-2.0,-1.3,2,<,0.0001,<0.0001,MMRM,
NCT04518995,Deuruxolitinib,THRIVE-AA1,secondary,7,9d9105d539952e9d308812e393f5cf00ab408f72,,OG000,OG002,superiority,ls_mean_difference,LS Mean Difference,-2.2,95.0,-2.6,-1.8,2,<,0.0001,<0.0001,MMRM,
NCT04518995,Deuruxolitinib,THRIVE-AA1,secondary,8,72329f7a175f17938c9c410a44812f67816d8b53,12w,OG000,OG001,superiority,risk_difference,Risk Difference (RD),0.09,95.0,0.06,0.12,2,<,0.0001,<0.0001,Mantel Haenszel,
NCT04518995,Deuruxolitinib,THRIVE-AA1,secondary,8,72329f7a175f17938c9c410a44812f67816d8b53,12w,OG000,OG002,superiority,risk_difference,Risk Difference (RD),0.17,95.0,0.12,0.22,2,<,0.0001,<0.0001,Mantel Haenszel,
NCT04518995,Deuruxolitinib,THRIVE-AA1,secondary,8,72329f7a175f17938c9c410a44812f67816d8b53,24w,OG000,OG001,superiority,risk_difference,Risk Difference (RD),0.28,95.0,0.23,0.33,2,<,0.0001,<0.0001,Mantel Haenszel,
NCT04518995,Deuruxolitinib,THRIVE-AA1,secondary,8,72329f7a175f17938c9c410a44812f67816d8b53,24w,OG000,OG002,superiority,risk_difference,Risk Difference (RD),0.38,95.0,0.32,0.45,2,<,0.0001,<0.0001,Mantel Haenszel,
NCT04518995,Deuruxolitinib,THRIVE-AA1,secondary,8,72329f7a175f17938c9c410a44812f67816d8b53,12w,OG000,OG001,superiority,risk_difference,Risk Difference (RD),0.04,95.0,0.02,0.06,2,=,0.0006,0.0006,Mantel Haenszel,
NCT04518995,Deuruxolitinib,THRIVE-AA1,secondary,8,72329f7a175f17938c9c410a44812f67816d8b53,12w,OG000,OG002,superiority,risk_difference,Risk Difference (RD),0.1,95.0,0.06,0.14,2,<,0.0001,<0.0001,Mantel Haenszel,
NCT04518995,Deuruxolitinib,THRIVE-AA1,secondary,8,72329f7a175f17938c9c410a44812f67816d8b53,24w,OG000,OG001,superiority,risk_difference,Risk Difference (RD),0.19,95.0,0.15,0.23,2,<,0.0001,<0.0001,Mantel Haenszel,
NCT04518995,Deuruxolitinib,THRIVE-AA1,secondary,8,72329f7a175f17938c9c410a44812f67816d8b53,24w,OG000,OG002,superiority,risk_difference,Risk Difference (RD),0.3,95.0,0.24,0.37,2,<,0.0001,<0.0001,Mantel Haenszel,
NCT04518995,Deuruxolitinib,THRIVE-AA1,secondary,9,8b344b4dc45e0a7c30c3edde96fb8b9d0d62a0d9,,OG000,OG001,superiority,ls_mean_difference,LS Mean Difference,0.7,95.0,0.3,1.2,2,=,0.001,0.0010,MMRM,
NCT04518995,Deuruxolitinib,THRIVE-AA1,secondary,9,8b344b4dc45e0a7c30c3edde96fb8b9d0d62a0d9,,OG000,OG002,superiority,ls_mean_difference,LS Mean Difference,1.1,95.0,0.6,1.6,2,<,0.0001,<0.0001,MMRM,
NCT04518995,Deuruxolitinib,THRIVE-AA1,secondary,9,8b344b4dc45e0a7c30c3edde96fb8b9d0d62a0d9,,OG000,OG001,superiority,ls_mean_difference,LS Mean Difference,1.7,95.0,1.2,2.2,2,<,0.0001,<0.0001,MMRM,
NCT04518995,Deuruxolitinib,THRIVE-AA1,secondary,9,8b344b4dc45e0a7c30c3edde96fb8b9d0d62a0d9,,OG000,OG002,superiority,ls_mean_difference,LS Mean Difference,1.9,95.0,1.4,2.4,2,<,0.0001,<0.0001,MMRM,
NCT04518995,Deuruxolitinib,THRIVE-AA1,secondary,10,e319218dfe941fbadb35e6b960568f4b01c7cfab,,OG000,OG001,superiority,ls_mean_difference,LS Mean Difference,0.9,95.0,0.5,1.3,2,<,0.0001,<0.0001,MMRM,
NCT04518995,Deuruxolitinib,THRIVE-AA1,secondary,10,e319218dfe941fbadb35e6b960568f4b01c7cfab,,OG000,OG002,superiority,ls_mean_difference,LS Mean Difference,1.4,95.0,1.0,1.8,2,<,0.0001,<0.0001,MMRM,
NCT04518995,Deuruxolitinib,THRIVE-AA1,secondary,10,e319218dfe941fbadb35e6b960568f4b01c7cfab,,OG000,OG001,superiority,ls_mean_difference,LS Mean Difference,1.5,95.0,1.0,2.0,2,<,0.0001,<0.0001,MMRM,
NCT04518995,Deuruxolitinib,THRIVE-AA1,secondary,10,e319218dfe941fbadb35e6b960568f4b01c7cfab,,OG000,OG002,superiority,ls_mean_difference,LS Mean Difference,1.9,95.0,1.4,2.4,2,<,0.0001,<0.0001,MMRM,
NCT04518995,Deuruxolitinib,THRIVE-AA1,secondary,11,31e825bde921049eb68fd47deaa5b9951d077b91,,OG000,OG001,superiority,ls_mean_difference,LS Mean Difference,-0.7,95.0,-1.0,-0.5,2,<,0.0001,< 0.0001,MMRM,
NCT04518995,Deuruxolitinib,THRIVE-AA1,secondary,11,31e825bde921049eb68fd47deaa5b9951d077b91,,OG000,OG002,superiority,ls_mean_difference,LS Mean Difference,-1.1,95.0,-1.3,-0.8,2,<,0.0001,< 0.0001,MMRM,
NCT04518995,Deuruxolitinib,THRIVE-AA1,secondary,11,31e825bde921049eb68fd47deaa5b9951d077b91,,OG000,OG001,superiority,ls_mean_difference,LS Mean Difference,-1.0,95.0,-1.2,-0.8,2,<,0.0001,< 0.0001,MMRM,
NCT04518995,Deuruxolitinib,THRIVE-AA1,secondary,11,31e825bde921049eb68fd47deaa5b9951d077b91,,OG000,OG002,superiority,ls_mean_difference,LS Mean Difference,-1.4,95.0,-1.6,-1.1,2,<,0.0001,< 0.0001,MMRM,
NCT04518995,Deuruxolitinib,THRIVE-AA1,secondary,11,31e825bde921049eb68fd47deaa5b9951d077b91,,OG000,OG001,superiority,ls_mean_difference,LS Mean Difference,-1.1,95.0,-1.3,-0.8,2,<,0.0001,< 0.0001,MMRM,
NCT04518995,Deuruxolitinib,THRIVE-AA1,secondary,11,31e825bde921049eb68fd47deaa5b9951d077b91,,OG000,OG002,superiority,ls_mean_difference,LS Mean Difference,-1.5,95.0,-1.7,-1.2,2,<,0.0001,< 0.0001,MMRM,
NCT04518995,Deuruxolitinib,THRIVE-AA1,secondary,11,31e825bde921049eb68fd47deaa5b9951d077b91,,OG000,OG001,superiority,ls_mean_difference,LS Mean Difference,-1.2,95.0,-1.5,-1.0,2,<,0.0001,< 0.0001,MMRM,
NCT04518995,Deuruxolitinib,THRIVE-AA1,secondary,11,31e825bde921049eb68fd47deaa5b9951d077b91,,OG000,OG002,superiority,ls_mean_difference,LS Mean Difference,-1.6,95.0,-1.8,-1.3,2,<,0.0001,< 0.0001,MMRM,
NCT04518995,Deuruxolitinib,THRIVE-AA1,secondary,12,a5f95d9b23a8d0fcebe8911a0d30909f2cbf8265,12w,OG000,OG001,superiority,risk_difference,Risk Difference (RD),0.25,95.0,0.17,0.34,2,<,0.0001,< 0.0001,Mantel Haenszel,
NCT04518995,Deuruxolitinib,THRIVE-AA1,secondary,12,a5f95d9b23a8d0fcebe8911a0d30909f2cbf8265,12w,OG000,OG002,superiority,risk_difference,Risk Difference (RD),0.32,95.0,0.23,0.42,2,<,0.0001,< 0.0001,Mantel Haenszel,
NCT04518995,Deuruxolitinib,THRIVE-AA1,secondary,12,a5f95d9b23a8d0fcebe8911a0d30909f2cbf8265,16w,OG000,OG001,superiority,risk_difference,Risk Difference (RD),0.35,95.0,0.27,0.42,2,<,0.0001,< 0.0001,Mantel Haenszel,
NCT04518995,Deuruxolitinib,THRIVE-AA1,secondary,12,a5f95d9b23a8d0fcebe8911a0d30909f2cbf8265,16w,OG000,OG002,superiority,risk_difference,Risk Difference (RD),0.39,95.0,0.3,0.48,2,<,0.0001,< 0.0001,Mantel Haenszel,
NCT04518995,Deuruxolitinib,THRIVE-AA1,secondary,12,a5f95d9b23a8d0fcebe8911a0d30909f2cbf8265,20w,OG000,OG001,superiority,risk_difference,Risk Difference (RD),0.34,95.0,0.26,0.42,2,<,0.0001,< 0.0001,Mantel Haenszel,
NCT04518995,Deuruxolitinib,THRIVE-AA1,secondary,12,a5f95d9b23a8d0fcebe8911a0d30909f2cbf8265,20w,OG000,OG002,superiority,risk_difference,Risk Difference (RD),0.42,95.0,0.34,0.51,2,<,0.0001,< 0.0001,Mantel Haenszel,
NCT04518995,Deuruxolitinib,THRIVE-AA1,secondary,12,a5f95d9b23a8d0fcebe8911a0d30909f2cbf8265,24w,OG000,OG001,superiority,risk_difference,Risk Difference (RD),0.37,95.0,0.29,0.44,2,<,0.0001,< 0.0001,Mantel Haenszel,
NCT04518995,Deuruxolitinib,THRIVE-AA1,secondary,12,a5f95d9b23a8d0fcebe8911a0d30909f2cbf8265,24w,OG000,OG002,superiority,risk_difference,Risk Difference (RD),0.44,95.0,0.35,0.53,2,<,0.0001,< 0.0001,Mantel Haenszel,
NCT04518995,Deuruxolitinib,THRIVE-AA1,secondary,13,3fd3dbcf04414a90da1ee14e8435d2463a185c70,,OG000,OG001,superiority,ls_mean_difference,LS Mean Difference,-0.7,95.0,-0.9,-0.5,2,<,0.0001,<0.0001,MMRM,
NCT04518995,Deuruxolitinib,THRIVE-AA1,secondary,13,3fd3dbcf04414a90da1ee14e8435d2463a185c70,,OG000,OG002,superiority,ls_mean_difference,LS Mean Difference,-0.9,95.0,-1.2,-0.7,2,<,0.0001,<0.0001,MMRM,
NCT04518995,Deuruxolitinib,THRIVE-AA1,secondary,13,3fd3dbcf04414a90da1ee14e8435d2463a185c70,,OG000,OG001,superiority,ls_mean_difference,LS Mean Difference,-0.9,95.0,-1.1,-0.6,2,<,0.0001,<0.0001,MMRM,
NCT04518995,Deuruxolitinib,THRIVE-AA1,secondary,13,3fd3dbcf04414a90da1ee14e8435d2463a185c70,,OG000,OG002,superiority,ls_mean_difference,LS Mean Difference,-1.2,95.0,-1.4,-1.0,2,<,0.0001,<0.0001,MMRM,
NCT04518995,Deuruxolitinib,THRIVE-AA1,secondary,13,3fd3dbcf04414a90da1ee14e8435d2463a185c70,,OG000,OG001,superiority,ls_mean_difference,LS Mean Difference,-1.0,95.0,-1.2,-0.8,2,<,0.0001,<0.0001,MMRM,
NCT04518995,Deuruxolitinib,THRIVE-AA1,secondary,13,3fd3dbcf04414a90da1ee14e8435d2463a185c70,,OG000,OG002,superiority,ls_mean_difference,LS Mean Difference,-1.3,95.0,-1.6,-1.1,2,<,0.0001,<0.0001,MMRM,
NCT04518995,Deuruxolitinib,THRIVE-AA1,secondary,13,3fd3dbcf04414a90da1ee14e8435d2463a185c70,,OG000,OG001,superiority,ls_mean_difference,LS Mean Difference,-1.1,95.0,-1.3,-0.8,2,<,0.0001,<0.0001,MMRM,
NCT04518995,Deuruxolitinib,THRIVE-AA1,secondary,13,3fd3dbcf04414a90da1ee14e8435d2463a185c70,,OG000,OG002,superiority,ls_mean_difference,LS Mean Difference,-1.4,95.0,-1.7,-1.2,2,<,0.0001,<0.0001,MMRM,
NCT04518995,Deuruxolitinib,THRIVE-AA1,secondary,13,3fd3dbcf04414a90da1ee14e8435d2463a185c70,,OG000,OG001,superiority,ls_mean_difference,LS Mean Difference,-0.6,95.0,-0.8,-0.4,2,<,0.0001,<0.0001,MMRM,
NCT04518995,Deuruxolitinib,THRIVE-AA1,secondary,13,3fd3dbcf04414a90da1ee14e8435d2463a185c70,,OG000,OG002,superiority,ls_mean_difference,LS Mean Difference,-0.9,95.0,-1.1,-0.7,2,<,0.0001,<0.0001,MMRM,
NCT04518995,Deuruxolitinib,THRIVE-AA1,secondary,13,3fd3dbcf04414a90da1ee14e8435d2463a185c70,,OG000,OG001,superiority,ls_mean_difference,LS Mean Difference,-0.7,95.0,-0.9,-0.5,2,<,0.0001,<0.0001,MMRM,
NCT04518995,Deuruxolitinib,THRIVE-AA1,secondary,13,3fd3dbcf04414a90da1ee14e8435d2463a185c70,,OG000,OG002,superiority,ls_mean_difference,LS Mean Difference,-1.1,95.0,-1.3,-0.8,2,<,0.0001,<0.0001,MMRM,
NCT04518995,Deuruxolitinib,THRIVE-AA1,secondary,13,3fd3dbcf04414a90da1ee14e8435d2463a185c70,,OG000,OG001,superiority,ls_mean_difference,LS Mean Difference,-0.9,95.0,-1.1,-0.7,2,<,0.0001,<0.0001,MMRM,
NCT04518995,Deuruxolitinib,THRIVE-AA1,secondary,13,3fd3dbcf04414a90da1ee14e8435d2463a185c70,,OG000,OG002,superiority,ls_mean_difference,LS Mean Difference,-1.2,95.0,-1.5,-1.0,2,<,0.0001,<0.0001,MMRM,
NCT04518995,Deuruxolitinib,THRIVE-AA1,secondary,13,3fd3dbcf04414a90da1ee14e8435d2463a185c70,,OG000,OG001,superiority,ls_mean_difference,LS Mean Difference,-0.9,95.0,-1.2,-0.7,2,<,0.0001,<0.0001,MMRM,
NCT04518995,Deuruxolitinib,THRIVE-AA1,secondary,13,3fd3dbcf04414a90da1ee14e8435d2463a185c70,,OG000,OG002,superiority,ls_mean_difference,LS Mean Difference,-1.3,95.0,-1.5,-1.0,2,<,0.0001,<0.0001,MMRM,
NCT04518995,Deuruxolitinib,THRIVE-AA1,secondary,13,3fd3dbcf04414a90da1ee14e8435d2463a185c70,,OG000,OG001,superiority,ls_mean_difference,LS Mean Difference,-0.7,95.0,-0.9,-0.5,2,<,0.0001,< 0.0001,MMRM,
NCT04518995,Deuruxolitinib,THRIVE-AA1,secondary,13,3fd3dbcf04414a90da1ee14e8435d2463a185c70,,OG000,OG002,superiority,ls_mean_difference,LS Mean Difference,-0.8,95.0,-1.1,-0.6,2,<,0.0001,< 0.0001,MMRM,
NCT04518995,Deuruxolitinib,THRIVE-AA1,secondary,13,3fd3dbcf04414a90da1ee14e8435d2463a185c70,,OG000,OG001,superiority,ls_mean_difference,LS Mean Difference,-0.9,95.0,-1.1,-0.7,2,<,0.0001,< 0.0001,MMRM,
NCT04518995,Deuruxolitinib,THRIVE-AA1,secondary,13,3fd3dbcf04414a90da1ee14e8435d2463a185c70,,OG000,OG002,superiority,ls_mean_difference,LS Mean Difference,-1.1,95.0,-1.4,-0.9,2,<,0.0001,< 0.0001,MMRM,
NCT04518995,Deuruxolitinib,THRIVE-AA1,secondary,13,3fd3dbcf04414a90da1ee14e8435d2463a185c70,,OG000,OG001,superiority,ls_mean_difference,LS Mean Difference,-0.9,95.0,-1.1,-0.7,2,<,0.0001,< 0.0001,MMRM,
NCT04518995,Deuruxolitinib,THRIVE-AA1,secondary,13,3fd3dbcf04414a90da1ee14e8435d2463a185c70,,OG000,OG002,superiority,ls_mean_difference,LS Mean Difference,-1.1,95.0,-1.3,-0.9,2,<,0.0001,< 0.0001,MMRM,
NCT04518995,Deuruxolitinib,THRIVE-AA1,secondary,13,3fd3dbcf04414a90da1ee14e8435d2463a185c70,,OG000,OG001,superiority,ls_mean_difference,LS Mean Difference,-1.0,95.0,-1.2,-0.8,2,<,0.0001,< 0.0001,MMRM,
NCT04518995,Deuruxolitinib,THRIVE-AA1,secondary,13,3fd3dbcf04414a90da1ee14e8435d2463a185c70,,OG000,OG002,superiority,ls_mean_difference,LS Mean Difference,-1.2,95.0,-1.4,-0.9,2,<,0.0001,< 0.0001,MMRM,
NCT04518995,Deuruxolitinib,THRIVE-AA1,secondary,13,3fd3dbcf04414a90da1ee14e8435d2463a185c70,,OG000,OG001,superiority,ls_mean_difference,LS Mean Difference,-0.5,95.0,-0.7,-0.3,2,<,0.0001,< 0.0001,MMRM,
NCT04518995,Deuruxolitinib,THRIVE-AA1,secondary,13,3fd3dbcf04414a90da1ee14e8435d2463a185c70,,OG000,OG002,superiority,ls_mean_difference,LS Mean Difference,-0.6,95.0,-0.8,-0.4,2,<,0.0001,< 0.0001,MMRM,
NCT04518995,Deuruxolitinib,THRIVE-AA1,secondary,13,3fd3dbcf04414a90da1ee14e8435d2463a185c70,,OG000,OG001,superiority,ls_mean_difference,LS Mean Difference,-0.7,95.0,-0.9,-0.5,2,<,0.0001,< 0.0001,MMRM,
NCT04518995,Deuruxolitinib,THRIVE-AA1,secondary,13,3fd3dbcf04414a90da1ee14e8435d2463a185c70,,OG000,OG002,superiority,ls_mean_difference,LS Mean Difference,-0.9,95.0,-1.1,-0.7,2,<,0.0001,< 0.0001,MMRM,
NCT04518995,Deuruxolitinib,THRIVE-AA1,secondary,13,3fd3dbcf04414a90da1ee14e8435d2463a185c70,,OG000,OG001,superiority,ls_mean_difference,LS Mean Difference,-0.7,95.0,-0.9,-0.5,2,<,0.0001,< 0.0001,MMRM,
NCT04518995,Deuruxolitinib,THRIVE-AA1,secondary,13,3fd3dbcf04414a90da1ee14e8435d2463a185c70,,OG000,OG002,superiority,ls_mean_difference,LS Mean Difference,-0.8,95.0,-1.0,-0.5,2,<,0.0001,< 0.0001,MMRM,
NCT04518995,Deuruxolitinib,THRIVE-AA1,secondary,13,3fd3dbcf04414a90da1ee14e8435d2463a185c70,,OG000,OG001,superiority,ls_mean_difference,LS Mean Difference,-0.9,95.0,-1.1,-0.6,2,<,0.0001,< 0.0001,MMRM,
NCT04518995,Deuruxolitinib,THRIVE-AA1,secondary,13,3fd3dbcf04414a90da1ee14e8435d2463a185c70,,OG000,OG002,superiority,ls_mean_difference,LS Mean Difference,-1.0,95.0,-1.2,-0.7,2,<,0.0001,< 0.0001,MMRM,
NCT04518995,Deuruxolitinib,THRIVE-AA1,secondary,14,777d66bb1c9c580784227e479605520cc24bff90,24w,OG000,OG001,superiority,ls_mean_difference,LS Mean Difference,0.3,95.0,-0.2,0.9,2,=,0.2489,0.2489,ANCOVA,
NCT04518995,Deuruxolitinib,THRIVE-AA1,secondary,14,777d66bb1c9c580784227e479605520cc24bff90,24w,OG000,OG002,superiority,ls_mean_difference,LS Mean Difference,0.5,95.0,-0.1,1.1,2,=,0.1235,0.1235,ANCOVA,
NCT04518995,Deuruxolitinib,THRIVE-AA1,secondary,14,777d66bb1c9c580784227e479605520cc24bff90,24w,OG000,OG001,superiority,ls_mean_difference,LS Mean Difference,0.0,95.0,-0.5,0.5,2,=,0.9765,0.9765,ANCOVA,
NCT04518995,Deuruxolitinib,THRIVE-AA1,secondary,14,777d66bb1c9c580784227e479605520cc24bff90,24w,OG000,OG002,superiority,ls_mean_difference,LS Mean Difference,0.3,95.0,-0.3,0.8,2,=,0.3559,0.3559,ANCOVA,
NCT04518995,Deuruxolitinib,THRIVE-AA1,secondary,15,8c99cf475ae5bcc1131d097f3fcc6630d0508353,24w,OG000,OG001,superiority,risk_difference,Risk Difference (RD),0.21,95.0,0.16,0.25,2,<,0.0001,<0.0001,Mantel Haenszel,
NCT04518995,Deuruxolitinib,THRIVE-AA1,secondary,15,8c99cf475ae5bcc1131d097f3fcc6630d0508353,24w,OG000,OG002,superiority,risk_difference,Risk Difference (RD),0.33,95.0,0.27,0.39,2,<,0.0001,<0.0001,Mantel Haenszel,
NCT04773587,Roflumilast,INTEGUMENT-I,primary,1,5f857fa12a48d8df882eb9b09373945020dc3093,4w,OG000,OG001,superiority,odds_ratio,Odds Ratio (OR),2.96,95.0,1.881,4.647,2,<,0.0001,<0.0001,Cochran-Mantel-Haenszel,
NCT04773587,Roflumilast,INTEGUMENT-I,secondary,1,97b885e19c6417f14743d921e5c86779fea644c2,4w,OG000,OG001,superiority,odds_ratio,Odds Ratio (OR),2.67,95.0,1.64,4.359,2,<,0.0001,<0.0001,Cochran-Mantel-Haenszel,
NCT04773587,Roflumilast,INTEGUMENT-I,secondary,2,0ede2094471e354b3ced5f263e5558a891e2288a,4w,OG000,OG001,superiority,odds_ratio,Odds Ratio (OR),1.98,95.0,1.186,3.319,2,=,0.0089,0.0089,Cochran-Mantel-Haenszel,
NCT04773587,Roflumilast,INTEGUMENT-I,secondary,4,c23b62b94441a7ba4855c9b2c823aa24c283cdc1,1w,OG000,OG001,superiority,odds_ratio,Odds Ratio (OR),3.81,95.0,1.161,12.511,2,=,0.0159,0.0159,Cochran-Mantel-Haenszel,
NCT04773587,Roflumilast,INTEGUMENT-I,secondary,5,ff962a5ffc02951ea0c547d078e3185b0cf37f7b,4w,OG000,OG001,superiority,odds_ratio,Odds Ratio (OR),3.17,95.0,2.102,4.795,2,<,0.0001,<0.0001,Cochran-Mantel-Haenszel,
NCT04773587,Roflumilast,INTEGUMENT-I,secondary,6,9bc36692203c8ce68b877deebb290d38a15c8578,4w,OG000,OG001,superiority,odds_ratio,Odds Ratio (OR),2.56,95.0,1.707,3.843,2,<,0.0001,<0.0001,Cochran-Mantel-Haenszel,
NCT04773587,Roflumilast,INTEGUMENT-I,secondary,7,71545c5cda38c4de06b89b7214edd9bf2cd4b5c0,2w,OG000,OG001,superiority,odds_ratio,Odds Ratio (OR),4.28,95.0,2.31,7.926,2,<,0.0001,<0.0001,Cochran-Mantel-Haenszel,
NCT04773587,Roflumilast,INTEGUMENT-I,secondary,8,ae56c558ccd8a5135cc567da47936a809cbf8704,1w,OG000,OG001,superiority,odds_ratio,Odds Ratio (OR),25.41,95.0,2.815,229.388,2,<,0.0001,<0.0001,Cochran-Mantel-Haenszel,
NCT04773587,Roflumilast,INTEGUMENT-I,secondary,9,b95168275eff6d6971969c3b01e78bb9bd8fa5f2,2w,OG000,OG001,superiority,odds_ratio,Odds Ratio (OR),3.62,95.0,2.217,5.911,2,<,0.0001,<0.0001,Cochran-Mantel-Haenszel,
NCT04773587,Roflumilast,INTEGUMENT-I,secondary,10,030b2f919e83e45ff8c9914b079f396fba1342b7,1w,OG000,OG001,superiority,odds_ratio,Odds Ratio (OR),3.46,95.0,1.705,7.007,2,=,0.0002,0.0002,Cochran-Mantel-Haenszel,
NCT04773600,Roflumilast,,primary,1,5f857fa12a48d8df882eb9b09373945020dc3093,4w,OG000,OG001,superiority,odds_ratio,Odds Ratio (OR),3.19,95.0,1.962,5.183,2,<,0.0001,<0.0001,Cochran-Mantel-Haenszel,
NCT04773600,Roflumilast,,secondary,1,97b885e19c6417f14743d921e5c86779fea644c2,4w,OG000,OG001,superiority,odds_ratio,Odds Ratio (OR),3.37,95.0,1.996,5.687,2,<,0.0001,<0.0001,Cochran-Mantel-Haenszel,
NCT04773600,Roflumilast,,secondary,2,33155b1d64483084bb3e8df69a4e96ea0806a764,2w,OG000,OG001,superiority,odds_ratio,Odds Ratio (OR),4.42,95.0,2.281,8.658,2,<,0.0001,<0.0001,Cochran-Mantel-Haenszel,
NCT04773600,Roflumilast,,secondary,3,3c2855f140a8d8b317f80acfc856a2375846b8b0,1w,OG000,OG001,superiority,odds_ratio,Odds Ratio (OR),1.99,95.0,0.832,4.782,2,=,0.1156,0.1156,Cochran-Mantel-Haenszel,
NCT04773600,Roflumilast,,secondary,4,d599cdbab7c0f18f0444117ab160eb970d67e357,4w,OG000,OG001,superiority,odds_ratio,Odds Ratio (OR),2.71,95.0,1.448,5.066,2,=,0.0014,0.0014,Cochran-Mantel-Haenszel,
NCT04773600,Roflumilast,,secondary,5,5e85145af6229e10f3cfa881c17f76fce46d7aac,2w,OG000,OG001,superiority,odds_ratio,Odds Ratio (OR),3.55,95.0,1.591,7.927,2,=,0.0015,0.0015,Cochran-Mantel-Haenszel,
NCT04773600,Roflumilast,,secondary,6,c58a0f7895f58826e4f598077903dadac787294b,1w,OG000,OG001,superiority,odds_ratio,Odds Ratio (OR),7.84,95.0,1.717,35.764,2,=,0.002,0.0020,Cochran-Mantel-Haenszel,
NCT04773600,Roflumilast,,secondary,7,7181f1411726bfae971e3c9af569509490017b38,4w,OG000,OG001,superiority,odds_ratio,Odds Ratio (OR),3.23,95.0,2.108,4.964,2,<,0.0001,<0.0001,Cochran-Mantel-Haenszel,
NCT04773600,Roflumilast,,secondary,8,9bc36692203c8ce68b877deebb290d38a15c8578,4w,OG000,OG001,superiority,odds_ratio,Odds Ratio (OR),3.39,95.0,2.191,5.24,2,<,0.0001,<0.0001,Cochran-Mantel-Haenszel,
NCT04773600,Roflumilast,,secondary,9,b95168275eff6d6971969c3b01e78bb9bd8fa5f2,2w,OG000,OG001,superiority,odds_ratio,Odds Ratio (OR),3.5,95.0,2.097,5.854,2,<,0.0001,<0.0001,Cochran-Mantel-Haenszel,
NCT04773600,Roflumilast,,secondary,10,030b2f919e83e45ff8c9914b079f396fba1342b7,1w,OG000,OG001,superiority,odds_ratio,Odds Ratio (OR),2.56,95.0,1.312,4.993,2,=,0.005,0.0050,Cochran-Mantel-Haenszel,
NCT04797650,Deuruxolitinib,THRIVE-AA2,primary,1,87ca9d8571f5bd27535572fa8fb8c2a9a11bffd3,24w,OG000,OG001,superiority,risk_difference,Risk Difference (RD),0.31,95.0,0.25,0.37,2,<,0.0001,<0.0001,Mantel Haenszel,
NCT04797650,Deuruxolitinib,THRIVE-AA2,primary,1,87ca9d8571f5bd27535572fa8fb8c2a9a11bffd3,24w,OG000,OG002,superiority,risk_difference,Risk Difference (RD),0.36,95.0,0.27,0.45,2,<,0.0001,<0.0001,Mantel Haenszel,
NCT04797650,Deuruxolitinib,THRIVE-AA2,secondary,1,6116561f64e0a65d26b4132bbcfb6bcfc9244e71,12w,OG000,OG001,superiority,risk_difference,Risk Difference (RD),0.38,95.0,0.31,0.46,2,<,0.0001,<0.0001,Mantel Haenszel,
NCT04797650,Deuruxolitinib,THRIVE-AA2,secondary,1,6116561f64e0a65d26b4132bbcfb6bcfc9244e71,12w,OG000,OG002,superiority,risk_difference,Risk Difference (RD),0.36,95.0,0.26,0.45,2,<,0.0001,<0.0001,Mantel Haenszel,
NCT04797650,Deuruxolitinib,THRIVE-AA2,secondary,1,6116561f64e0a65d26b4132bbcfb6bcfc9244e71,16w,OG000,OG001,superiority,risk_difference,Risk Difference (RD),0.37,95.0,0.3,0.45,2,<,0.0001,<0.0001,Mantel Haenszel,
NCT04797650,Deuruxolitinib,THRIVE-AA2,secondary,1,6116561f64e0a65d26b4132bbcfb6bcfc9244e71,16w,OG000,OG002,superiority,risk_difference,Risk Difference (RD),0.4,95.0,0.31,0.5,2,<,0.0001,<0.0001,Mantel Haenszel,
NCT04797650,Deuruxolitinib,THRIVE-AA2,secondary,1,6116561f64e0a65d26b4132bbcfb6bcfc9244e71,20w,OG000,OG001,superiority,risk_difference,Risk Difference (RD),0.39,95.0,0.32,0.46,2,<,0.0001,<0.0001,Mantel Haenszel,
NCT04797650,Deuruxolitinib,THRIVE-AA2,secondary,1,6116561f64e0a65d26b4132bbcfb6bcfc9244e71,20w,OG000,OG002,superiority,risk_difference,Risk Difference (RD),0.5,95.0,0.41,0.59,2,<,0.0001,<0.0001,Mantel Haenszel,
NCT04797650,Deuruxolitinib,THRIVE-AA2,secondary,1,6116561f64e0a65d26b4132bbcfb6bcfc9244e71,24w,OG000,OG001,superiority,risk_difference,Risk Difference (RD),0.45,95.0,0.38,0.52,2,<,0.0001,<0.0001,Mantel Haenszel,
NCT04797650,Deuruxolitinib,THRIVE-AA2,secondary,1,6116561f64e0a65d26b4132bbcfb6bcfc9244e71,24w,OG000,OG002,superiority,risk_difference,Risk Difference (RD),0.49,95.0,0.4,0.58,2,<,0.0001,<0.0001,Mantel Haenszel,
NCT04797650,Deuruxolitinib,THRIVE-AA2,secondary,2,6e544a8126c4cc8beb4874461115bd420f82d5ca,4w,OG000,OG001,superiority,risk_difference,Risk Difference (RD),0.0,95.0,-0.0,0.01,2,=,0.3175,0.3175,Mantel Haenszel,
NCT04797650,Deuruxolitinib,THRIVE-AA2,secondary,2,6e544a8126c4cc8beb4874461115bd420f82d5ca,8w,OG000,OG001,superiority,risk_difference,Risk Difference (RD),0.02,95.0,-0.0,0.05,2,=,0.102,0.1020,Mantel Haenszel,
NCT04797650,Deuruxolitinib,THRIVE-AA2,secondary,2,6e544a8126c4cc8beb4874461115bd420f82d5ca,8w,OG000,OG002,superiority,risk_difference,Risk Difference (RD),0.02,95.0,-0.01,0.05,2,=,0.3103,0.3103,Mantel Haenszel,
NCT04797650,Deuruxolitinib,THRIVE-AA2,secondary,2,6e544a8126c4cc8beb4874461115bd420f82d5ca,12w,OG000,OG001,superiority,risk_difference,Risk Difference (RD),0.1,95.0,0.06,0.14,2,<,0.0001,<0.0001,Mantel Haenszel,
NCT04797650,Deuruxolitinib,THRIVE-AA2,secondary,2,6e544a8126c4cc8beb4874461115bd420f82d5ca,12w,OG000,OG002,superiority,risk_difference,Risk Difference (RD),0.12,95.0,0.06,0.17,2,<,0.0001,<0.0001,Mantel Haenszel,
NCT04797650,Deuruxolitinib,THRIVE-AA2,secondary,2,6e544a8126c4cc8beb4874461115bd420f82d5ca,16w,OG000,OG001,superiority,risk_difference,Risk Difference (RD),0.19,95.0,0.14,0.24,2,<,0.0001,<0.0001,Mantel Haenszel,
NCT04797650,Deuruxolitinib,THRIVE-AA2,secondary,2,6e544a8126c4cc8beb4874461115bd420f82d5ca,16w,OG000,OG002,superiority,risk_difference,Risk Difference (RD),0.2,95.0,0.13,0.27,2,<,0.0001,<0.0001,Mantel Haenszel,
NCT04797650,Deuruxolitinib,THRIVE-AA2,secondary,2,6e544a8126c4cc8beb4874461115bd420f82d5ca,20w,OG000,OG001,superiority,risk_difference,Risk Difference (RD),0.23,95.0,0.18,0.29,2,<,0.0001,<0.0001,Mantel Haenszel,
NCT04797650,Deuruxolitinib,THRIVE-AA2,secondary,2,6e544a8126c4cc8beb4874461115bd420f82d5ca,20w,OG000,OG002,superiority,risk_difference,Risk Difference (RD),0.27,95.0,0.19,0.35,2,<,0.0001,<0.0001,Mantel Haenszel,
NCT04797650,Deuruxolitinib,THRIVE-AA2,secondary,3,f70001593015f2f16fd4cb5237cd81a7e99f113c,4w,OG000,OG001,superiority,ls_mean_difference,Least Square (LS) Mean Difference,-2.8,95.0,-4.7,-0.9,2,=,0.0039,0.0039,MMRM,
NCT04797650,Deuruxolitinib,THRIVE-AA2,secondary,3,f70001593015f2f16fd4cb5237cd81a7e99f113c,4w,OG000,OG002,superiority,ls_mean_difference,LS Mean Difference,-3.4,95.0,-5.6,-1.2,2,=,0.0027,0.0027,MMRM,
NCT04797650,Deuruxolitinib,THRIVE-AA2,secondary,3,f70001593015f2f16fd4cb5237cd81a7e99f113c,8w,OG000,OG001,superiority,ls_mean_difference,LS Mean Difference,-9.4,95.0,-13.6,-5.1,2,<,0.0001,<0.0001,MMRM,
NCT04797650,Deuruxolitinib,THRIVE-AA2,secondary,3,f70001593015f2f16fd4cb5237cd81a7e99f113c,8w,OG000,OG002,superiority,ls_mean_difference,LS Mean Difference,-14.2,95.0,-19.0,-9.3,2,<,0.0001,<0.0001,MMRM,
NCT04797650,Deuruxolitinib,THRIVE-AA2,secondary,3,f70001593015f2f16fd4cb5237cd81a7e99f113c,12w,OG000,OG001,superiority,ls_mean_difference,LS Mean Difference,-23.0,95.0,-28.8,-17.3,2,<,0.0001,<0.0001,MMRM,
NCT04797650,Deuruxolitinib,THRIVE-AA2,secondary,3,f70001593015f2f16fd4cb5237cd81a7e99f113c,12w,OG000,OG002,superiority,ls_mean_difference,LS Mean Difference,-29.3,95.0,-35.9,-22.7,2,<,0.0001,< 0.0001,MMRM,
NCT04797650,Deuruxolitinib,THRIVE-AA2,secondary,3,f70001593015f2f16fd4cb5237cd81a7e99f113c,16w,OG000,OG001,superiority,ls_mean_difference,LS Mean Difference,-34.8,95.0,-41.4,-28.2,2,<,0.0001,< 0.0001,MMRM,
NCT04797650,Deuruxolitinib,THRIVE-AA2,secondary,3,f70001593015f2f16fd4cb5237cd81a7e99f113c,16w,OG000,OG002,superiority,ls_mean_difference,LS Mean Difference,-40.2,95.0,-47.8,-32.6,2,<,0.0001,< 0.0001,MMRM,
NCT04797650,Deuruxolitinib,THRIVE-AA2,secondary,3,f70001593015f2f16fd4cb5237cd81a7e99f113c,20w,OG000,OG001,superiority,ls_mean_difference,LS Mean Difference,-38.7,95.0,-45.9,-31.6,2,<,0.0001,< 0.0001,MMRM,
NCT04797650,Deuruxolitinib,THRIVE-AA2,secondary,3,f70001593015f2f16fd4cb5237cd81a7e99f113c,20w,OG000,OG002,superiority,ls_mean_difference,LS Mean Difference,-46.6,95.0,-54.8,-38.4,2,<,0.0001,< 0.0001,MMRM,
NCT04797650,Deuruxolitinib,THRIVE-AA2,secondary,3,f70001593015f2f16fd4cb5237cd81a7e99f113c,24w,OG000,OG001,superiority,ls_mean_difference,LS Mean Difference,-45.9,95.0,-53.4,-38.5,2,<,0.0001,< 0.0001,MMRM,
NCT04797650,Deuruxolitinib,THRIVE-AA2,secondary,3,f70001593015f2f16fd4cb5237cd81a7e99f113c,24w,OG000,OG002,superiority,ls_mean_difference,LS Mean Difference,-52.8,95.0,-61.4,-44.2,2,<,0.0001,< 0.0001,MMRM,
NCT04797650,Deuruxolitinib,THRIVE-AA2,secondary,4,a3e204ef0b2a748236756fa54b71b520ed826f40,12w,OG000,OG001,superiority,,,,,,,,<,0.0001,< 0.0001,Cochran-Mantel-Haenszel,
NCT04797650,Deuruxolitinib,THRIVE-AA2,secondary,4,a3e204ef0b2a748236756fa54b71b520ed826f40,12w,OG000,OG002,superiority,,,,,,,,<,0.0001,< 0.0001,Cochran-Mantel-Haenszel,
NCT04797650,Deuruxolitinib,THRIVE-AA2,secondary,4,a3e204ef0b2a748236756fa54b71b520ed826f40,16w,OG000,OG001,superiority,,,,,,,,<,0.0001,< 0.0001,Cochran-Mantel-Haenszel,
NCT04797650,Deuruxolitinib,THRIVE-AA2,secondary,4,a3e204ef0b2a748236756fa54b71b520ed826f40,16w,OG000,OG002,superiority,,,,,,,,<,0.0001,< 0.0001,Cochran-Mantel-Haenszel,
NCT04797650,Deuruxolitinib,THRIVE-AA2,secondary,4,a3e204ef0b2a748236756fa54b71b520ed826f40,20w,OG000,OG001,superiority,,,,,,,,<,0.0001,< 0.0001,Cochran-Mantel-Haenszel,
NCT04797650,Deuruxolitinib,THRIVE-AA2,secondary,4,a3e204ef0b2a748236756fa54b71b520ed826f40,20w,OG000,OG002,superiority,,,,,,,,<,0.0001,< 0.0001,Cochran-Mantel-Haenszel,
NCT04797650,Deuruxolitinib,THRIVE-AA2,secondary,4,a3e204ef0b2a748236756fa54b71b520ed826f40,24w,OG000,OG001,superiority,,,,,,,,<,0.0001,< 0.0001,Cochran-Mantel-Haenszel,
NCT04797650,Deuruxolitinib,THRIVE-AA2,secondary,4,a3e204ef0b2a748236756fa54b71b520ed826f40,24w,OG000,OG002,superiority,,,,,,,,<,0.0001,< 0.0001,Cochran-Mantel-Haenszel,
NCT04797650,Deuruxolitinib,THRIVE-AA2,secondary,5,956a9ddee2a05ecedcf951c25fd5bd69adfd2c93,12w,OG000,OG001,superiority,,,,,,,,<,0.0001,< 0.0001,Cochran-Mantel-Haenszel,
NCT04797650,Deuruxolitinib,THRIVE-AA2,secondary,5,956a9ddee2a05ecedcf951c25fd5bd69adfd2c93,12w,OG000,OG002,superiority,,,,,,,,<,0.0001,< 0.0001,Cochran-Mantel-Haenszel,
NCT04797650,Deuruxolitinib,THRIVE-AA2,secondary,5,956a9ddee2a05ecedcf951c25fd5bd69adfd2c93,16w,OG000,OG001,superiority,,,,,,,,<,0.0001,< 0.0001,Cochran-Mantel-Haenszel,
NCT04797650,Deuruxolitinib,THRIVE-AA2,secondary,5,956a9ddee2a05ecedcf951c25fd5bd69adfd2c93,16w,OG000,OG002,superiority,,,,,,,,<,0.0001,< 0.0001,Cochran-Mantel-Haenszel,
NCT04797650,Deuruxolitinib,THRIVE-AA2,secondary,5,956a9ddee2a05ecedcf951c25fd5bd69adfd2c93,20w,OG000,OG001,superiority,,,,,,,,<,0.0001,< 0.0001,Cochran-Mantel-Haenszel,
NCT04797650,Deuruxolitinib,THRIVE-AA2,secondary,5,956a9ddee2a05ecedcf951c25fd5bd69adfd2c93,20w,OG000,OG002,superiority,,,,,,,,<,0.0001,< 0.0001,Cochran-Mantel-Haenszel,
NCT04797650,Deuruxolitinib,THRIVE-AA2,secondary,5,956a9ddee2a05ecedcf951c25fd5bd69adfd2c93,24w,OG000,OG001,superiority,,,,,,,,<,0.0001,< 0.0001,Cochran-Mantel-Haenszel,
NCT04797650,Deuruxolitinib,THRIVE-AA2,secondary,5,956a9ddee2a05ecedcf951c25fd5bd69adfd2c93,24w,OG000,OG002,superiority,,,,,,,,<,0.0001,< 0.0001,Cochran-Mantel-Haenszel,
NCT04797650,Deuruxolitinib,THRIVE-AA2,secondary,6,c181c5694a206fd1675c2348be36ea1b0a6cf7ba,,OG000,OG001,superiority,ls_mean_difference,LS Mean Difference,-1.2,95.0,-1.5,-1.0,2,<,0.0001,< 0.0001,MMRM,
NCT04797650,Deuruxolitinib,THRIVE-AA2,secondary,6,c181c5694a206fd1675c2348be36ea1b0a6cf7ba,,OG000,OG002,superiority,ls_mean_difference,LS Mean Difference,-1.4,95.0,-1.7,-1.1,2,<,0.0001,< 0.0001,MMRM,
NCT04797650,Deuruxolitinib,THRIVE-AA2,secondary,6,c181c5694a206fd1675c2348be36ea1b0a6cf7ba,,OG000,OG001,superiority,ls_mean_difference,LS Mean Difference,-1.6,95.0,-1.9,-1.3,2,<,0.0001,< 0.0001,MMRM,
NCT04797650,Deuruxolitinib,THRIVE-AA2,secondary,6,c181c5694a206fd1675c2348be36ea1b0a6cf7ba,,OG000,OG002,superiority,ls_mean_difference,LS Mean Difference,-1.8,95.0,-2.2,-1.5,2,<,0.0001,< 0.0001,MMRM,
NCT04797650,Deuruxolitinib,THRIVE-AA2,secondary,6,c181c5694a206fd1675c2348be36ea1b0a6cf7ba,,OG000,OG001,superiority,ls_mean_difference,LS Mean Difference,-1.7,95.0,-2.0,-1.3,2,<,0.0001,< 0.0001,MMRM,
NCT04797650,Deuruxolitinib,THRIVE-AA2,secondary,6,c181c5694a206fd1675c2348be36ea1b0a6cf7ba,,OG000,OG002,superiority,ls_mean_difference,LS Mean Difference,-2.1,95.0,-2.5,-1.7,2,<,0.0001,< 0.0001,MMRM,
NCT04797650,Deuruxolitinib,THRIVE-AA2,secondary,6,c181c5694a206fd1675c2348be36ea1b0a6cf7ba,,OG000,OG001,superiority,ls_mean_difference,LS Mean Difference,-2.2,95.0,-2.5,-1.8,2,<,0.0001,< 0.0001,MMRM,
NCT04797650,Deuruxolitinib,THRIVE-AA2,secondary,6,c181c5694a206fd1675c2348be36ea1b0a6cf7ba,,OG000,OG002,superiority,ls_mean_difference,LS Mean Difference,-2.4,95.0,-2.8,-2.0,2,<,0.0001,< 0.0001,MMRM,
NCT04797650,Deuruxolitinib,THRIVE-AA2,secondary,7,9d9105d539952e9d308812e393f5cf00ab408f72,,OG000,OG001,superiority,ls_mean_difference,LS Mean Difference,-1.4,95.0,-1.8,-1.0,2,<,0.0001,< 0.0001,MMRM,
NCT04797650,Deuruxolitinib,THRIVE-AA2,secondary,7,9d9105d539952e9d308812e393f5cf00ab408f72,,OG000,OG002,superiority,ls_mean_difference,LS Mean Difference,-1.6,95.0,-2.0,-1.1,2,<,0.0001,< 0.0001,MMRM,
NCT04797650,Deuruxolitinib,THRIVE-AA2,secondary,7,9d9105d539952e9d308812e393f5cf00ab408f72,,OG000,OG001,superiority,ls_mean_difference,LS Mean Difference,-1.6,95.0,-2.0,-1.2,2,<,0.0001,< 0.0001,MMRM,
NCT04797650,Deuruxolitinib,THRIVE-AA2,secondary,7,9d9105d539952e9d308812e393f5cf00ab408f72,,OG000,OG002,superiority,ls_mean_difference,LS Mean Difference,-1.8,95.0,-2.3,-1.4,2,<,0.0001,< 0.0001,MMRM,
NCT04797650,Deuruxolitinib,THRIVE-AA2,secondary,7,9d9105d539952e9d308812e393f5cf00ab408f72,,OG000,OG001,superiority,ls_mean_difference,LS Mean Difference,-1.7,95.0,-2.2,-1.3,2,<,0.0001,< 0.0001,MMRM,
NCT04797650,Deuruxolitinib,THRIVE-AA2,secondary,7,9d9105d539952e9d308812e393f5cf00ab408f72,,OG000,OG002,superiority,ls_mean_difference,LS Mean Difference,-1.9,95.0,-2.4,-1.5,2,<,0.0001,< 0.0001,MMRM,
NCT04797650,Deuruxolitinib,THRIVE-AA2,secondary,7,9d9105d539952e9d308812e393f5cf00ab408f72,,OG000,OG001,superiority,ls_mean_difference,LS Mean Difference,-2.1,95.0,-2.5,-1.7,2,<,0.0001,< 0.0001,MMRM,
NCT04797650,Deuruxolitinib,THRIVE-AA2,secondary,7,9d9105d539952e9d308812e393f5cf00ab408f72,,OG000,OG002,superiority,ls_mean_difference,LS Mean Difference,-2.3,95.0,-2.8,-1.8,2,<,0.0001,< 0.0001,MMRM,
NCT04797650,Deuruxolitinib,THRIVE-AA2,secondary,8,72329f7a175f17938c9c410a44812f67816d8b53,12w,OG000,OG001,superiority,risk_difference,Risk Difference (RD),0.09,95.0,0.05,0.12,2,<,0.0001,< 0.0001,Mantel Haenszel,
NCT04797650,Deuruxolitinib,THRIVE-AA2,secondary,8,72329f7a175f17938c9c410a44812f67816d8b53,12w,OG000,OG002,superiority,risk_difference,Risk Difference (RD),0.12,95.0,0.06,0.17,2,<,0.0001,< 0.0001,Mantel Haenszel,
NCT04797650,Deuruxolitinib,THRIVE-AA2,secondary,8,72329f7a175f17938c9c410a44812f67816d8b53,24w,OG000,OG001,superiority,risk_difference,Risk Difference (RD),0.33,95.0,0.27,0.38,2,<,0.0001,< 0.0001,Mantel Haenszel,
NCT04797650,Deuruxolitinib,THRIVE-AA2,secondary,8,72329f7a175f17938c9c410a44812f67816d8b53,24w,OG000,OG002,superiority,risk_difference,Risk Difference (RD),0.37,95.0,0.28,0.45,2,<,0.0001,< 0.0001,Mantel Haenszel,
NCT04797650,Deuruxolitinib,THRIVE-AA2,secondary,8,72329f7a175f17938c9c410a44812f67816d8b53,12w,OG000,OG001,superiority,risk_difference,Risk Difference (RD),0.02,95.0,0.0,0.03,2,=,0.0409,0.0409,Mantel Haenszel,
NCT04797650,Deuruxolitinib,THRIVE-AA2,secondary,8,72329f7a175f17938c9c410a44812f67816d8b53,12w,OG000,OG002,superiority,risk_difference,Risk Difference (RD),0.05,95.0,0.01,0.09,2,=,0.012,0.012,Mantel Haenszel,
NCT04797650,Deuruxolitinib,THRIVE-AA2,secondary,8,72329f7a175f17938c9c410a44812f67816d8b53,24w,OG000,OG001,superiority,risk_difference,Risk Difference (RD),0.21,95.0,0.16,0.26,2,<,0.0001,< 0.0001,Mantel Haenszel,
NCT04797650,Deuruxolitinib,THRIVE-AA2,secondary,8,72329f7a175f17938c9c410a44812f67816d8b53,24w,OG000,OG002,superiority,risk_difference,Risk Difference (RD),0.24,95.0,0.16,0.31,2,<,0.0001,< 0.0001,Mantel Haenszel,
NCT04797650,Deuruxolitinib,THRIVE-AA2,secondary,9,8b344b4dc45e0a7c30c3edde96fb8b9d0d62a0d9,,OG000,OG001,superiority,ls_mean_difference,LS Mean Difference,1.0,95.0,0.7,1.4,2,<,0.0001,< 0.0001,MMRM,
NCT04797650,Deuruxolitinib,THRIVE-AA2,secondary,9,8b344b4dc45e0a7c30c3edde96fb8b9d0d62a0d9,,OG000,OG002,superiority,ls_mean_difference,LS Mean Difference,1.1,95.0,0.7,1.5,2,<,0.0001,< 0.0001,MMRM,
NCT04797650,Deuruxolitinib,THRIVE-AA2,secondary,9,8b344b4dc45e0a7c30c3edde96fb8b9d0d62a0d9,,OG000,OG001,superiority,ls_mean_difference,LS Mean Difference,1.5,95.0,1.1,1.8,2,<,0.0001,< 0.0001,MMRM,
NCT04797650,Deuruxolitinib,THRIVE-AA2,secondary,9,8b344b4dc45e0a7c30c3edde96fb8b9d0d62a0d9,,OG000,OG002,superiority,ls_mean_difference,LS Mean Difference,1.7,95.0,1.3,2.2,2,<,0.0001,< 0.0001,MMRM,
NCT04797650,Deuruxolitinib,THRIVE-AA2,secondary,10,e319218dfe941fbadb35e6b960568f4b01c7cfab,,OG000,OG001,superiority,ls_mean_difference,LS Mean Difference,1.1,95.0,0.7,1.5,2,<,0.0001,< 0.0001,MMRM,
NCT04797650,Deuruxolitinib,THRIVE-AA2,secondary,10,e319218dfe941fbadb35e6b960568f4b01c7cfab,,OG000,OG002,superiority,ls_mean_difference,LS Mean Difference,1.2,95.0,0.7,1.6,2,<,0.0001,< 0.0001,MMRM,
NCT04797650,Deuruxolitinib,THRIVE-AA2,secondary,10,e319218dfe941fbadb35e6b960568f4b01c7cfab,,OG000,OG001,superiority,ls_mean_difference,LS Mean Difference,1.5,95.0,1.0,2.0,2,<,0.0001,< 0.0001,MMRM,
NCT04797650,Deuruxolitinib,THRIVE-AA2,secondary,10,e319218dfe941fbadb35e6b960568f4b01c7cfab,,OG000,OG002,superiority,ls_mean_difference,LS Mean Difference,1.5,95.0,1.0,2.1,2,<,0.0001,< 0.0001,MMRM,
NCT04797650,Deuruxolitinib,THRIVE-AA2,secondary,11,31e825bde921049eb68fd47deaa5b9951d077b91,,OG000,OG001,superiority,ls_mean_difference,LS Mean Difference,-1.2,95.0,-1.4,-0.9,2,<,0.0001,< 0.0001,MMRM,
NCT04797650,Deuruxolitinib,THRIVE-AA2,secondary,11,31e825bde921049eb68fd47deaa5b9951d077b91,,OG000,OG002,superiority,ls_mean_difference,LS Mean Difference,-1.2,95.0,-1.5,-0.9,2,<,0.0001,< 0.0001,MMRM,
NCT04797650,Deuruxolitinib,THRIVE-AA2,secondary,11,31e825bde921049eb68fd47deaa5b9951d077b91,,OG000,OG001,superiority,ls_mean_difference,LS Mean Difference,-1.4,95.0,-1.6,-1.1,2,<,0.0001,< 0.0001,MMRM,
NCT04797650,Deuruxolitinib,THRIVE-AA2,secondary,11,31e825bde921049eb68fd47deaa5b9951d077b91,,OG000,OG002,superiority,ls_mean_difference,LS Mean Difference,-1.5,95.0,-1.8,-1.2,2,<,0.0001,< 0.0001,MMRM,
NCT04797650,Deuruxolitinib,THRIVE-AA2,secondary,11,31e825bde921049eb68fd47deaa5b9951d077b91,,OG000,OG001,superiority,ls_mean_difference,LS Mean Difference,-1.4,95.0,-1.6,-1.1,2,<,0.0001,< 0.0001,MMRM,
NCT04797650,Deuruxolitinib,THRIVE-AA2,secondary,11,31e825bde921049eb68fd47deaa5b9951d077b91,,OG000,OG002,superiority,ls_mean_difference,LS Mean Difference,-1.7,95.0,-2.0,-1.4,2,<,0.0001,< 0.0001,MMRM,
NCT04797650,Deuruxolitinib,THRIVE-AA2,secondary,11,31e825bde921049eb68fd47deaa5b9951d077b91,,OG000,OG001,superiority,ls_mean_difference,LS Mean Difference,-1.5,95.0,-1.8,-1.3,2,<,0.0001,< 0.0001,MMRM,
NCT04797650,Deuruxolitinib,THRIVE-AA2,secondary,11,31e825bde921049eb68fd47deaa5b9951d077b91,,OG000,OG002,superiority,ls_mean_difference,LS Mean Difference,-1.8,95.0,-2.1,-1.4,2,<,0.0001,< 0.0001,MMRM,
NCT04797650,Deuruxolitinib,THRIVE-AA2,secondary,12,a5f95d9b23a8d0fcebe8911a0d30909f2cbf8265,12w,OG000,OG001,superiority,risk_difference,Risk Difference (RD),0.34,95.0,0.25,0.43,2,<,0.0001,< 0.0001,Mantel Haenszel,
NCT04797650,Deuruxolitinib,THRIVE-AA2,secondary,12,a5f95d9b23a8d0fcebe8911a0d30909f2cbf8265,12w,OG000,OG002,superiority,risk_difference,Risk Difference (RD),0.43,95.0,0.33,0.54,2,<,0.0001,< 0.0001,Mantel Haenszel,
NCT04797650,Deuruxolitinib,THRIVE-AA2,secondary,12,a5f95d9b23a8d0fcebe8911a0d30909f2cbf8265,16w,OG000,OG001,superiority,risk_difference,Risk Difference (RD),0.43,95.0,0.35,0.51,2,<,0.0001,< 0.0001,Mantel Haenszel,
NCT04797650,Deuruxolitinib,THRIVE-AA2,secondary,12,a5f95d9b23a8d0fcebe8911a0d30909f2cbf8265,16w,OG000,OG002,superiority,risk_difference,Risk Difference (RD),0.47,95.0,0.37,0.57,2,<,0.0001,< 0.0001,Mantel Haenszel,
NCT04797650,Deuruxolitinib,THRIVE-AA2,secondary,12,a5f95d9b23a8d0fcebe8911a0d30909f2cbf8265,20w,OG000,OG001,superiority,risk_difference,Risk Difference (RD),0.42,95.0,0.34,0.5,2,<,0.0001,< 0.0001,Mantel Haenszel,
NCT04797650,Deuruxolitinib,THRIVE-AA2,secondary,12,a5f95d9b23a8d0fcebe8911a0d30909f2cbf8265,20w,OG000,OG002,superiority,risk_difference,Risk Difference (RD),0.54,95.0,0.44,0.63,2,<,0.0001,< 0.0001,Mantel Haenszel,
NCT04797650,Deuruxolitinib,THRIVE-AA2,secondary,12,a5f95d9b23a8d0fcebe8911a0d30909f2cbf8265,24w,OG000,OG001,superiority,risk_difference,Risk Difference (RD),0.44,95.0,0.36,0.52,2,<,0.0001,< 0.0001,Mantel Haenszel,
NCT04797650,Deuruxolitinib,THRIVE-AA2,secondary,12,a5f95d9b23a8d0fcebe8911a0d30909f2cbf8265,24w,OG000,OG002,superiority,risk_difference,Risk Difference (RD),0.52,95.0,0.42,0.62,2,<,0.0001,< 0.0001,Mantel Haenszel,
NCT04797650,Deuruxolitinib,THRIVE-AA2,secondary,13,3fd3dbcf04414a90da1ee14e8435d2463a185c70,,OG000,OG001,superiority,ls_mean_difference,LS Mean Difference,-1.0,95.0,-1.2,-0.8,2,<,0.0001,< 0.0001,MMRM,
NCT04797650,Deuruxolitinib,THRIVE-AA2,secondary,13,3fd3dbcf04414a90da1ee14e8435d2463a185c70,,OG000,OG002,superiority,ls_mean_difference,LS Mean Difference,-1.1,95.0,-1.4,-0.8,2,<,0.0001,< 0.0001,MMRM,
NCT04797650,Deuruxolitinib,THRIVE-AA2,secondary,13,3fd3dbcf04414a90da1ee14e8435d2463a185c70,,OG000,OG001,superiority,ls_mean_difference,LS Mean Difference,-1.1,95.0,-1.3,-0.9,2,<,0.0001,< 0.0001,MMRM,
NCT04797650,Deuruxolitinib,THRIVE-AA2,secondary,13,3fd3dbcf04414a90da1ee14e8435d2463a185c70,,OG000,OG002,superiority,ls_mean_difference,LS Mean Difference,-1.3,95.0,-1.6,-1.1,2,<,0.0001,< 0.0001,MMRM,
NCT04797650,Deuruxolitinib,THRIVE-AA2,secondary,13,3fd3dbcf04414a90da1ee14e8435d2463a185c70,,OG000,OG001,superiority,ls_mean_difference,LS Mean Difference,-1.2,95.0,-1.5,-1.0,2,<,0.0001,< 0.0001,MMRM,
NCT04797650,Deuruxolitinib,THRIVE-AA2,secondary,13,3fd3dbcf04414a90da1ee14e8435d2463a185c70,,OG000,OG002,superiority,ls_mean_difference,LS Mean Difference,-1.6,95.0,-1.9,-1.3,2,<,0.0001,< 0.0001,MMRM,
NCT04797650,Deuruxolitinib,THRIVE-AA2,secondary,13,3fd3dbcf04414a90da1ee14e8435d2463a185c70,,OG000,OG001,superiority,ls_mean_difference,LS Mean Difference,-1.3,95.0,-1.6,-1.1,2,<,0.0001,< 0.0001,MMRM,
NCT04797650,Deuruxolitinib,THRIVE-AA2,secondary,13,3fd3dbcf04414a90da1ee14e8435d2463a185c70,,OG000,OG002,superiority,ls_mean_difference,LS Mean Difference,-1.5,95.0,-1.8,-1.2,2,<,0.0001,< 0.0001,MMRM,
NCT04797650,Deuruxolitinib,THRIVE-AA2,secondary,13,3fd3dbcf04414a90da1ee14e8435d2463a185c70,,OG000,OG001,superiority,ls_mean_difference,LS Mean Difference,-0.9,95.0,-1.1,-0.7,2,<,0.0001,< 0.0001,MMRM,
NCT04797650,Deuruxolitinib,THRIVE-AA2,secondary,13,3fd3dbcf04414a90da1ee14e8435d2463a185c70,,OG000,OG002,superiority,ls_mean_difference,LS Mean Difference,-1.0,95.0,-1.3,-0.8,2,<,0.0001,< 0.0001,MMRM,
NCT04797650,Deuruxolitinib,THRIVE-AA2,secondary,13,3fd3dbcf04414a90da1ee14e8435d2463a185c70,,OG000,OG001,superiority,ls_mean_difference,LS Mean Difference,-1.0,95.0,-1.2,-0.7,2,<,0.0001,< 0.0001,MMRM,
NCT04797650,Deuruxolitinib,THRIVE-AA2,secondary,13,3fd3dbcf04414a90da1ee14e8435d2463a185c70,,OG000,OG002,superiority,ls_mean_difference,LS Mean Difference,-1.2,95.0,-1.4,-0.9,2,<,0.0001,< 0.0001,MMRM,
NCT04797650,Deuruxolitinib,THRIVE-AA2,secondary,13,3fd3dbcf04414a90da1ee14e8435d2463a185c70,,OG000,OG001,superiority,ls_mean_difference,LS Mean Difference,-1.1,95.0,-1.3,-0.9,2,<,0.0001,< 0.0001,MMRM,
NCT04797650,Deuruxolitinib,THRIVE-AA2,secondary,13,3fd3dbcf04414a90da1ee14e8435d2463a185c70,,OG000,OG002,superiority,ls_mean_difference,LS Mean Difference,-1.4,95.0,-1.6,-1.1,2,<,0.0001,< 0.0001,MMRM,
NCT04797650,Deuruxolitinib,THRIVE-AA2,secondary,13,3fd3dbcf04414a90da1ee14e8435d2463a185c70,,OG000,OG001,superiority,ls_mean_difference,LS Mean Difference,-1.3,95.0,-1.5,-1.0,2,<,0.0001,< 0.0001,MMRM,
NCT04797650,Deuruxolitinib,THRIVE-AA2,secondary,13,3fd3dbcf04414a90da1ee14e8435d2463a185c70,,OG000,OG002,superiority,ls_mean_difference,LS Mean Difference,-1.5,95.0,-1.8,-1.2,2,<,0.0001,< 0.0001,MMRM,
NCT04797650,Deuruxolitinib,THRIVE-AA2,secondary,13,3fd3dbcf04414a90da1ee14e8435d2463a185c70,,OG000,OG001,superiority,ls_mean_difference,LS Mean Difference,-1.0,95.0,-1.3,-0.8,2,<,0.0001,< 0.0001,MMRM,
NCT04797650,Deuruxolitinib,THRIVE-AA2,secondary,13,3fd3dbcf04414a90da1ee14e8435d2463a185c70,,OG000,OG002,superiority,ls_mean_difference,LS Mean Difference,-1.1,95.0,-1.4,-0.8,2,<,0.0001,< 0.0001,MMRM,
NCT04797650,Deuruxolitinib,THRIVE-AA2,secondary,13,3fd3dbcf04414a90da1ee14e8435d2463a185c70,,OG000,OG001,superiority,ls_mean_difference,LS Mean Difference,-1.0,95.0,-1.3,-0.8,2,<,0.0001,< 0.0001,MMRM,
NCT04797650,Deuruxolitinib,THRIVE-AA2,secondary,13,3fd3dbcf04414a90da1ee14e8435d2463a185c70,,OG000,OG002,superiority,ls_mean_difference,LS Mean Difference,-1.3,95.0,-1.6,-1.0,2,<,0.0001,< 0.0001,MMRM,
NCT04797650,Deuruxolitinib,THRIVE-AA2,secondary,13,3fd3dbcf04414a90da1ee14e8435d2463a185c70,,OG000,OG001,superiority,ls_mean_difference,LS Mean Difference,-1.2,95.0,-1.5,-1.0,2,<,0.0001,< 0.0001,MMRM,
NCT04797650,Deuruxolitinib,THRIVE-AA2,secondary,13,3fd3dbcf04414a90da1ee14e8435d2463a185c70,,OG000,OG002,superiority,ls_mean_difference,LS Mean Difference,-1.4,95.0,-1.7,-1.1,2,<,0.0001,< 0.0001,MMRM,
NCT04797650,Deuruxolitinib,THRIVE-AA2,secondary,13,3fd3dbcf04414a90da1ee14e8435d2463a185c70,,OG000,OG001,superiority,ls_mean_difference,LS Mean Difference,-1.2,95.0,-1.5,-1.0,2,<,0.0001,< 0.0001,MMRM,
NCT04797650,Deuruxolitinib,THRIVE-AA2,secondary,13,3fd3dbcf04414a90da1ee14e8435d2463a185c70,,OG000,OG002,superiority,ls_mean_difference,LS Mean Difference,-1.5,95.0,-1.8,-1.2,2,<,0.0001,< 0.0001,MMRM,
NCT04797650,Deuruxolitinib,THRIVE-AA2,secondary,13,3fd3dbcf04414a90da1ee14e8435d2463a185c70,,OG000,OG001,superiority,ls_mean_difference,LS Mean Difference,-0.9,95.0,-1.1,-0.7,2,<,0.0001,< 0.0001,MMRM,
NCT04797650,Deuruxolitinib,THRIVE-AA2,secondary,13,3fd3dbcf04414a90da1ee14e8435d2463a185c70,,OG000,OG002,superiority,ls_mean_difference,LS Mean Difference,-0.9,95.0,-1.2,-0.7,2,<,0.0001,< 0.0001,MMRM,
NCT04797650,Deuruxolitinib,THRIVE-AA2,secondary,13,3fd3dbcf04414a90da1ee14e8435d2463a185c70,,OG000,OG001,superiority,ls_mean_difference,LS Mean Difference,-0.9,95.0,-1.2,-0.7,2,<,0.0001,< 0.0001,MMRM,
NCT04797650,Deuruxolitinib,THRIVE-AA2,secondary,13,3fd3dbcf04414a90da1ee14e8435d2463a185c70,,OG000,OG002,superiority,ls_mean_difference,LS Mean Difference,-1.1,95.0,-1.3,-0.8,2,<,0.0001,< 0.0001,MMRM,
NCT04797650,Deuruxolitinib,THRIVE-AA2,secondary,13,3fd3dbcf04414a90da1ee14e8435d2463a185c70,,OG000,OG001,superiority,ls_mean_difference,LS Mean Difference,-1.0,95.0,-1.3,-0.8,2,<,0.0001,< 0.0001,MMRM,
NCT04797650,Deuruxolitinib,THRIVE-AA2,secondary,13,3fd3dbcf04414a90da1ee14e8435d2463a185c70,,OG000,OG002,superiority,ls_mean_difference,LS Mean Difference,-1.2,95.0,-1.5,-1.0,2,<,0.0001,< 0.0001,MMRM,
NCT04797650,Deuruxolitinib,THRIVE-AA2,secondary,13,3fd3dbcf04414a90da1ee14e8435d2463a185c70,,OG000,OG001,superiority,ls_mean_difference,LS Mean Difference,-1.2,95.0,-1.4,-0.9,2,<,0.0001,< 0.0001,MMRM,
NCT04797650,Deuruxolitinib,THRIVE-AA2,secondary,13,3fd3dbcf04414a90da1ee14e8435d2463a185c70,,OG000,OG002,superiority,ls_mean_difference,LS Mean Difference,-1.4,95.0,-1.6,-1.1,2,<,0.0001,< 0.0001,MMRM,
NCT04797650,Deuruxolitinib,THRIVE-AA2,secondary,14,777d66bb1c9c580784227e479605520cc24bff90,24w,OG000,OG001,superiority,ls_mean_difference,LS Mean Difference,0.5,95.0,-0.1,1.0,2,=,0.1206,0.1206,ANCOVA,
NCT04797650,Deuruxolitinib,THRIVE-AA2,secondary,14,777d66bb1c9c580784227e479605520cc24bff90,24w,OG000,OG002,superiority,ls_mean_difference,LS Mean Difference,0.2,95.0,-0.5,0.9,2,=,0.5367,0.5367,ANCOVA,
NCT04797650,Deuruxolitinib,THRIVE-AA2,secondary,14,777d66bb1c9c580784227e479605520cc24bff90,24w,OG000,OG001,superiority,ls_mean_difference,LS Mean Difference,0.8,95.0,0.2,1.3,2,=,0.0064,0.0064,ANCOVA,
NCT04797650,Deuruxolitinib,THRIVE-AA2,secondary,14,777d66bb1c9c580784227e479605520cc24bff90,24w,OG000,OG002,superiority,ls_mean_difference,LS Mean Difference,1.1,95.0,0.4,1.7,2,=,0.0011,0.0011,ANCOVA,
NCT04797650,Deuruxolitinib,THRIVE-AA2,secondary,15,8c99cf475ae5bcc1131d097f3fcc6630d0508353,24w,OG000,OG001,superiority,risk_difference,Risk Difference (RD),0.24,95.0,0.19,0.3,2,<,0.0001,< 0.0001,Mantel Haenszel,
NCT04797650,Deuruxolitinib,THRIVE-AA2,secondary,15,8c99cf475ae5bcc1131d097f3fcc6630d0508353,24w,OG000,OG002,superiority,risk_difference,Risk Difference (RD),0.25,95.0,0.18,0.33,2,<,0.0001,< 0.0001,Mantel Haenszel,
NCT04871711,Delgocitinib,DELTA 1,primary,1,0a7e70f49b6ed4d5e2fb8f21befddd7b3e36c907,16w,OG000,OG001,superiority,risk_difference,Risk Difference (RD),9.8,95.0,3.6,16.1,2,=,0.006,0.006,Cochran-Mantel-Haenszel,
NCT04871711,Delgocitinib,DELTA 1,secondary,1,97e5b01dfd3dff2428f3edd58921cc428c753b60,16w,OG000,OG001,superiority,risk_difference,Risk Difference (RD),24.1,95.0,15.5,32.6,2,<,0.001,<0.001,Cochran-Mantel-Haenszel,
NCT04871711,Delgocitinib,DELTA 1,secondary,2,5b2fa5630570407ca60cd8189e588fc5087edbef,16w,OG000,OG001,superiority,risk_difference,Risk Difference (RD),22.8,95.0,14.0,31.7,2,<,0.001,<0.001,Cochran-Mantel-Haenszel,
NCT04871711,Delgocitinib,DELTA 1,secondary,3,605c31e3da0cf83cc6dbcb027310e22014df0a27,8w,OG000,OG001,superiority,risk_difference,Risk Difference (RD),12.3,95.0,5.7,18.9,2,=,0.001,0.001,Cochran-Mantel-Haenszel,
NCT04871711,Delgocitinib,DELTA 1,secondary,4,98914b6266be1c07bdfc7f03006cf0182c0bac28,4w,OG000,OG001,superiority,risk_difference,Risk Difference (RD),10.4,95.0,5.3,15.6,2,<,0.001,<0.001,Cochran-Mantel-Haenszel,
NCT04871711,Delgocitinib,DELTA 1,secondary,5,838f643abbdbac793487049dc2553474fe95946e,8w,OG000,OG001,superiority,risk_difference,Risk Difference (RD),21.0,95.0,12.6,29.4,2,<,0.001,<0.001,Cochran-Mantel-Haenszel,
NCT04871711,Delgocitinib,DELTA 1,secondary,6,cfa3f695dc44704ec6a223e5f9c2de7dd4ea2908,4w,OG000,OG001,superiority,risk_difference,Risk Difference (RD),19.5,95.0,12.5,26.5,2,<,0.001,<0.001,Cochran-Mantel-Haenszel,
NCT04871711,Delgocitinib,DELTA 1,secondary,7,1e3450064b8139018e8f5a54c1f27573de8390f0,2w,OG000,OG001,superiority,risk_difference,Risk Difference (RD),9.3,95.0,3.8,14.7,2,=,0.004,0.004,Cochran-Mantel-Haenszel,
NCT04871711,Delgocitinib,DELTA 1,secondary,8,cfb5d50cf8f34787c02d4b5744632e31d508ffcf,8w,OG000,OG001,superiority,risk_difference,Risk Difference (RD),22.5,95.0,14.4,30.6,2,<,0.001,<0.001,Cochran-Mantel-Haenszel,
NCT04871711,Delgocitinib,DELTA 1,secondary,9,238a34de28287220eb0e7b482bbc23864921280a,4w,OG000,OG001,superiority,risk_difference,Risk Difference (RD),19.5,95.0,12.5,26.5,2,<,0.001,<0.001,Cochran-Mantel-Haenszel,
NCT04871711,Delgocitinib,DELTA 1,secondary,10,58d5bbbfebd010da3492bf24ab8a7ed4dfdb43de,16w,OG000,OG001,superiority,risk_difference,Risk Difference (RD),21.7,95.0,12.4,30.9,2,<,0.001,<0.001,Cochran-Mantel-Haenszel,
NCT04871711,Delgocitinib,DELTA 1,secondary,11,01d4338efd04fd29cfa5afead754fa6bc204a089,8w,OG000,OG001,superiority,risk_difference,Risk Difference (RD),23.9,95.0,15.2,32.7,2,<,0.001,<0.001,Cochran-Mantel-Haenszel,
NCT04871711,Delgocitinib,DELTA 1,secondary,12,5822435fdea180bd000875a4651290e4ee7fe07a,4w,OG000,OG001,superiority,risk_difference,Risk Difference (RD),19.6,95.0,11.8,27.5,2,<,0.001,<0.001,Cochran-Mantel-Haenszel,
NCT04871711,Delgocitinib,DELTA 1,secondary,13,b5b3e3266e398fa77888a8b837567feedbcdc00a,16w,OG000,OG001,superiority,risk_difference,Risk Difference (RD),17.2,95.0,10.1,24.3,2,<,0.001,<0.001,Cochran-Mantel-Haenszel,
NCT04871711,Delgocitinib,DELTA 1,secondary,14,f22630a057539c46d0ec1f0adb858bb669a23e42,16w,OG000,OG001,superiority,risk_difference,Risk Difference (RD),25.7,95.0,17.2,34.3,2,<,0.001,<0.001,Cochran-Mantel-Haenszel,
NCT04871711,Delgocitinib,DELTA 1,secondary,15,3cccc6d7d3bdd9934dd055a8f847df4e3afcb097,8w,OG000,OG001,superiority,risk_difference,Risk Difference (RD),24.2,95.0,15.5,33.0,2,<,0.001,<0.001,Cochran-Mantel-Haenszel,
NCT04871711,Delgocitinib,DELTA 1,secondary,16,722405670e4b5f8584e68888b8939ded04d9437a,16w,OG000,OG001,superiority,mean_difference,Mean Difference (Net),-35.2,95.0,-46.7,-23.8,2,<,0.001,<0.001,ANCOVA,
NCT04871711,Delgocitinib,DELTA 1,secondary,17,b78fb82786a21360708c0282c47b46c8851d827d,16w,OG000,OG001,superiority,mean_difference,Mean Difference (Net),-3.6,95.0,-4.7,-2.6,2,<,0.001,<0.001,ANCOVA,
NCT04871711,Delgocitinib,DELTA 1,secondary,18,d7148217a282d2186b7e078999169868db2a2dc0,16w,OG000,OG001,superiority,mean_difference,Mean Difference (Net),-1.7,95.0,-2.2,-1.2,2,<,0.001,<0.001,ANCOVA,
NCT04871711,Delgocitinib,DELTA 1,secondary,19,5345419576eee6826b76904b4da3517c1b91467e,16w,OG000,OG001,superiority,mean_difference,Mean Difference (Net),-1.7,95.0,-2.3,-1.2,2,<,0.001,<0.001,ANCOVA,
NCT04871711,Delgocitinib,DELTA 1,secondary,20,a85093038fb7960f2231ee74f1f648786d867bb8,16w,OG000,OG001,superiority,mean_difference,Mean Difference (Net),-1.6,95.0,-2.1,-1.0,2,<,0.001,<0.001,ANCOVA,
NCT04871711,Delgocitinib,DELTA 1,secondary,21,588d1ff6996ea3435e00e33398d5ee6774288625,16w,OG000,OG001,superiority,mean_difference,Mean Difference (Net),-0.64,95.0,-0.83,-0.45,2,<,0.001,<0.001,ANCOVA,
NCT04871711,Delgocitinib,DELTA 1,secondary,22,2f40b9b8cbce5d6c2db66f880472f5c5decb077e,16w,OG000,OG001,superiority,mean_difference,Mean Difference (Net),-0.6,95.0,-0.79,-0.4,2,<,0.001,<0.001,ANCOVA,
NCT04871711,Delgocitinib,DELTA 1,secondary,23,01f6bb9e74c7f6725dced645081bb9fd7b604e4b,16w,OG000,OG001,superiority,risk_difference,Risk Difference (RD),24.5,95.0,15.0,33.9,2,<,0.001,<0.001,Cochran-Mantel-Haenszel,
NCT04872101,Delgocitinib,DELTA 2,primary,1,0a7e70f49b6ed4d5e2fb8f21befddd7b3e36c907,16w,OG000,OG001,superiority,risk_difference,Risk Difference (RD),22.2,95.0,15.8,28.5,2,<,0.001,<0.001,Cochran-Mantel-Haenszel,
NCT04872101,Delgocitinib,DELTA 2,secondary,1,605c31e3da0cf83cc6dbcb027310e22014df0a27,8w,OG000,OG001,superiority,risk_difference,Risk Difference (RD),22.9,95.0,16.0,29.8,2,<,0.001,<0.001,Cochran-Mantel-Haenszel,
NCT04872101,Delgocitinib,DELTA 2,secondary,2,98914b6266be1c07bdfc7f03006cf0182c0bac28,4w,OG000,OG001,superiority,risk_difference,Risk Difference (RD),6.5,95.0,0.8,12.3,2,=,0.043,0.043,Cochran-Mantel-Haenszel,
NCT04872101,Delgocitinib,DELTA 2,secondary,3,97e5b01dfd3dff2428f3edd58921cc428c753b60,16w,OG000,OG001,superiority,risk_difference,Risk Difference (RD),27.4,95.0,19.0,35.8,2,<,0.001,<0.001,Cochran-Mantel-Haenszel,
NCT04872101,Delgocitinib,DELTA 2,secondary,4,5b2fa5630570407ca60cd8189e588fc5087edbef,16w,OG000,OG001,superiority,risk_difference,Risk Difference (RD),23.7,95.0,15.1,32.2,2,<,0.001,<0.001,Cochran-Mantel-Haenszel,
NCT04872101,Delgocitinib,DELTA 2,secondary,5,838f643abbdbac793487049dc2553474fe95946e,8w,OG000,OG001,superiority,risk_difference,Risk Difference (RD),29.0,95.0,21.3,36.7,2,<,0.001,<0.001,Cochran-Mantel-Haenszel,
NCT04872101,Delgocitinib,DELTA 2,secondary,6,cfa3f695dc44704ec6a223e5f9c2de7dd4ea2908,4w,OG000,OG001,superiority,risk_difference,Risk Difference (RD),18.3,95.0,11.0,25.6,2,<,0.001,<0.001,Cochran-Mantel-Haenszel,
NCT04872101,Delgocitinib,DELTA 2,secondary,7,1e3450064b8139018e8f5a54c1f27573de8390f0,2w,OG000,OG001,superiority,risk_difference,Risk Difference (RD),6.6,95.0,1.1,12.0,2,=,0.031,0.031,Cochran-Mantel-Haenszel,
NCT04872101,Delgocitinib,DELTA 2,secondary,8,cfb5d50cf8f34787c02d4b5744632e31d508ffcf,8w,OG000,OG001,superiority,risk_difference,Risk Difference (RD),25.0,95.0,17.5,32.5,2,<,0.001,<0.001,Cochran-Mantel-Haenszel,
NCT04872101,Delgocitinib,DELTA 2,secondary,9,238a34de28287220eb0e7b482bbc23864921280a,4w,OG000,OG001,superiority,risk_difference,Risk Difference (RD),16.9,95.0,10.2,23.7,2,<,0.001,<0.001,Cochran-Mantel-Haenszel,
NCT04872101,Delgocitinib,DELTA 2,secondary,10,58d5bbbfebd010da3492bf24ab8a7ed4dfdb43de,16w,OG000,OG001,superiority,risk_difference,Risk Difference (RD),26.0,95.0,17.0,35.1,2,<,0.001,<0.001,Cochran-Mantel-Haenszel,
NCT04872101,Delgocitinib,DELTA 2,secondary,11,01d4338efd04fd29cfa5afead754fa6bc204a089,8w,OG000,OG001,superiority,risk_difference,Risk Difference (RD),29.6,95.0,21.7,37.4,2,<,0.001,<0.001,Cochran-Mantel-Haenszel,
NCT04872101,Delgocitinib,DELTA 2,secondary,12,5822435fdea180bd000875a4651290e4ee7fe07a,4w,OG000,OG001,superiority,risk_difference,Risk Difference (RD),20.5,95.0,13.1,27.8,2,<,0.001,<0.001,Cochran-Mantel-Haenszel,
NCT04872101,Delgocitinib,DELTA 2,secondary,13,b5b3e3266e398fa77888a8b837567feedbcdc00a,16w,OG000,OG001,superiority,risk_difference,Risk Difference (RD),22.2,95.0,15.4,29.0,2,<,0.001,<0.001,Cochran-Mantel-Haenszel,
NCT04872101,Delgocitinib,DELTA 2,secondary,14,f22630a057539c46d0ec1f0adb858bb669a23e42,16w,OG000,OG001,superiority,risk_difference,Risk Difference (RD),31.3,95.0,23.1,39.5,2,<,0.001,<0.001,Cochran-Mantel-Haenszel,
NCT04872101,Delgocitinib,DELTA 2,secondary,15,3cccc6d7d3bdd9934dd055a8f847df4e3afcb097,8w,OG000,OG001,superiority,risk_difference,Risk Difference (RD),31.0,95.0,22.7,39.3,2,<,0.001,<0.001,Cochran-Mantel-Haenszel,
NCT04872101,Delgocitinib,DELTA 2,secondary,16,722405670e4b5f8584e68888b8939ded04d9437a,16w,OG000,OG001,superiority,mean_difference,Mean Difference (Net),-45.5,95.0,-56.4,-34.6,2,<,0.001,<0.001,ANCOVA,
NCT04872101,Delgocitinib,DELTA 2,secondary,17,b78fb82786a21360708c0282c47b46c8851d827d,16w,OG000,OG001,superiority,mean_difference,Mean Difference (Net),-3.9,95.0,-5.0,-2.8,2,<,0.001,<0.001,ANCOVA,
NCT04872101,Delgocitinib,DELTA 2,secondary,18,d7148217a282d2186b7e078999169868db2a2dc0,16w,OG000,OG001,superiority,mean_difference,Mean Difference (Net),-1.9,95.0,-2.4,-1.4,2,<,0.001,<0.001,ANCOVA,
NCT04872101,Delgocitinib,DELTA 2,secondary,19,5345419576eee6826b76904b4da3517c1b91467e,16w,OG000,OG001,superiority,median_difference,Median Difference (Net),-2.0,95.0,-2.5,-1.4,2,<,0.001,<0.001,ANCOVA,
NCT04872101,Delgocitinib,DELTA 2,secondary,20,a85093038fb7960f2231ee74f1f648786d867bb8,16w,OG000,OG001,superiority,mean_difference,Mean Difference (Net),-2.0,95.0,-2.6,-1.5,2,<,0.001,<0.001,ANCOVA,
NCT04872101,Delgocitinib,DELTA 2,secondary,21,588d1ff6996ea3435e00e33398d5ee6774288625,16w,OG000,OG001,superiority,median_difference,Median Difference (Net),-0.81,95.0,-0.99,-0.62,2,<,0.001,<0.001,ANCOVA,
NCT04872101,Delgocitinib,DELTA 2,secondary,22,2f40b9b8cbce5d6c2db66f880472f5c5decb077e,16w,OG000,OG001,superiority,mean_difference,Mean Difference (Net),-0.82,95.0,-1.01,-0.62,2,<,0.001,<0.001,ANCOVA,
NCT04872101,Delgocitinib,DELTA 2,secondary,23,6dbbbc795257693e017957da7a5682472ff83a4d,16w,OG000,OG001,superiority,risk_difference,Risk Difference (RD),26.4,95.0,17.0,35.9,2,<,0.001,<0.001,Cochran-Mantel-Haenszel,
NCT04973228,Roflumilast,,primary,1,34c8c24cd81a01651b1a7f72e27fba5fa20c7785,8w,OG000,OG001,superiority,odds_ratio,Odds Ratio (OR),2.79,95.0,1.75,4.45,2,<,0.0001,<0.0001,Cochran-Mantel-Haenszel,
NCT04973228,Roflumilast,,secondary,1,f33adc0e1b3d5d85cfccd31e00aba9e4d928bdd1,8w,OG000,OG001,superiority,odds_ratio,Odds Ratio (OR),2.95,95.0,1.68,5.19,2,=,0.0001,0.0001,Cochran-Mantel-Haenszel,
NCT04973228,Roflumilast,,secondary,2,28081512cae587af9da66291a7dc771bd6a5c567,4w,OG000,OG001,superiority,odds_ratio,Odds Ratio (OR),2.62,95.0,1.47,4.67,2,=,0.0007,0.0007,Cochran-Mantel-Haenszel,
NCT04973228,Roflumilast,,secondary,3,2b195ba8faafbf5833ce7b889918964ae57c263a,2w,OG000,OG001,superiority,odds_ratio,Odds Ratio (OR),2.74,95.0,1.41,5.34,2,=,0.0016,0.0016,Cochran-Mantel-Haenszel,
NCT04973228,Roflumilast,,secondary,4,3618e3113f5f7cdda9317381c2c91249ea6bf8dc,2w,OG000,OG001,superiority,odds_ratio,Odds Ratio (OR),2.43,95.0,1.54,3.84,2,=,0.0002,0.0002,Cochran-Mantel-Haenszel,
NCT04973228,Roflumilast,,secondary,5,fdf377cfdc15f8c1638a0d03494feeb7116af389,4w,OG000,OG001,superiority,odds_ratio,Odds Ratio (OR),3.22,95.0,2.06,5.03,2,<,0.0001,<0.0001,Cochran-Mantel-Haenszel,
NCT04973228,Roflumilast,,secondary,6,144ebf5960c35d489b0d7ef4a4ae0093409b70f4,8w,OG000,OG001,superiority,odds_ratio,Odds Ratio (OR),2.41,95.0,1.56,3.73,2,<,0.0001,<0.0001,Cochran-Mantel-Haenszel,
NCT04973228,Roflumilast,,secondary,7,b131d1e75e22c0f1ce0ef0244486c25f5d2df294,8w,OG000,OG001,superiority,odds_ratio,Odds Ratio (OR),3.22,95.0,2.05,5.06,2,<,0.0001,<0.0001,Cochran-Mantel-Haenszel,
NCT05014568,Tapinarof,,primary,1,889510d80187298abe4d634eb826dbaf6758dc47,8w,OG000,OG001,superiority,risk_ratio,"Risk Ratio, log",2.6,95.0,1.66,4.09,2,<,0.0001,<0.0001,Cochran-Mantel-Haenszel,
NCT05014568,Tapinarof,,secondary,1,ad446d471fb321c5ff43a1a5d3f129b94bd80cc7,8w,OG000,OG001,superiority,risk_ratio,"Risk Ratio, log",2.17,95.0,1.57,3.0,2,<,0.0001,<0.0001,Cochran-Mantel-Haenszel,
NCT05014568,Tapinarof,,secondary,2,ad45fd4fc3eefdbf0fa970e2e1449a25e571a1e1,8w,OG000,OG001,superiority,ls_mean_difference,Least squares mean difference,-6.17,95.0,-7.69,-4.66,2,<,0.0001,<0.0001,ANCOVA,
NCT05014568,Tapinarof,,secondary,3,3db0eb02474089278f4579d48daf6226d0a8de7c,8w,OG000,OG001,superiority,risk_ratio,"Risk Ratio, log",3.74,95.0,1.98,7.09,2,<,0.0001,<0.0001,Cochran-Mantel-Haenszel,
NCT05014568,Tapinarof,,secondary,4,9d8a0ae40010e4a68dbe276799d9afb8c610f812,8w,OG000,OG001,superiority,risk_ratio,"Risk Ratio, log",1.54,95.0,1.03,2.31,2,=,0.0366,0.0366,Cochran-Mantel-Haenszel,
NCT05028582,Roflumilast,ARRECTOR,primary,1,3aaa0eddbf239f027d3d26b15109c59942e06efb,8w,OG000,OG001,superiority,odds_ratio,"Odds Ratio, log",5.19,97.5,2.9,9.31,2,<,0.0001,<0.0001,Cochran-Mantel-Haenszel,
NCT05028582,Roflumilast,ARRECTOR,primary,2,711d50544b842b9281d89ab7b8b4b6f958fab72b,8w,OG000,OG001,superiority,odds_ratio,Odds Ratio (OR),3.17,97.5,1.75,5.73,2,<,0.0001,<0.0001,Cochran-Mantel-Haenszel,
NCT05028582,Roflumilast,ARRECTOR,secondary,1,67586b0ac56d842ccd39a9a2052de8b21b13b423,2w,OG000,OG001,other,odds_ratio,Odds Ratio (OR),4.67,97.5,1.6,13.62,2,=,0.0005,0.0005,Cochran-Mantel-Haenszel,
NCT05028582,Roflumilast,ARRECTOR,secondary,2,71705c0a86acbe2d4eba0a3756149a39f9612a92,4w,OG000,OG001,superiority,odds_ratio,Odds Ratio (OR),4.39,97.5,2.01,9.55,2,<,0.0001,<0.0001,Cochran-Mantel-Haenszel,
NCT05028582,Roflumilast,ARRECTOR,secondary,4,7f4b6af9965071666394cf8f1f7e2b4c99e00ca1,1d,OG000,OG001,superiority,ls_mean_difference,LS Mean Difference,-0.35,97.5,-0.68,-0.02,2,=,0.0164,0.0164,ANCOVA,
NCT05028582,Roflumilast,ARRECTOR,secondary,5,4642d8aa8e81ee02cdb5199faaa1edc07a8f504b,3d,OG000,OG001,superiority,ls_mean_difference,LS Mean Difference,-0.76,97.5,-1.12,-0.39,2,<,0.0001,<0.0001,ANCOVA,
NCT05028582,Roflumilast,ARRECTOR,secondary,6,08f7f210d6326134b6363447f25db2b18d2210bf,1w,OG000,OG001,superiority,ls_mean_difference,LS Mean Difference,-0.55,97.5,-0.87,-0.22,2,=,0.0002,0.0002,ANCOVA,
NCT05028582,Roflumilast,ARRECTOR,secondary,9,bf33d137cdf0b29425e4f90df37bf0aa2abca069,,OG000,OG001,superiority,ls_mean_difference,LS Mean Difference,-5.12,97.5,-6.64,-3.6,2,<,0.0001,<0.0001,ANCOVA,
NCT05028582,Roflumilast,ARRECTOR,secondary,11,fe9cc39a290587f3d10d63df3e2644b1834da2d0,8w,OG000,OG001,superiority,odds_ratio,Odds Ratio (OR),3.23,97.5,1.83,5.68,2,<,0.0001,<0.0001,Cochran-Mantel-Haenszel,
NCT05028582,Roflumilast,ARRECTOR,secondary,12,aa5296d0dc7b45747adf4d58a2aa67524db0c790,8w,OG000,OG001,superiority,odds_ratio,Odds Ratio (OR),4.56,97.5,2.28,9.08,2,<,0.0001,<0.0001,Cochran-Mantel-Haenszel,
NCT05028582,Roflumilast,ARRECTOR,secondary,13,e5cb80760c6f20b03d130a5d17809f1670a8a346,8w,OG000,OG001,other,odds_ratio,Odds Ratio (OR),3.27,97.5,1.39,7.68,2,=,0.0012,0.0012,Cochran-Mantel-Haenszel,
NCT05028582,Roflumilast,ARRECTOR,secondary,14,f7d93b232d57a401ddb2c53bced3b8a9c686fb9f,,OG000,OG001,superiority,odds_ratio,Odds Ratio (OR),5.4,97.5,2.98,9.77,2,<,0.0001,<0.0001,Cochran-Mantel-Haenszel,
NCT05028582,Roflumilast,ARRECTOR,secondary,15,98db5c1ccced3bf3e43cd9c2a2877f18816e8c4d,8w,OG000,OG001,superiority,odds_ratio,Odds Ratio (OR),6.77,97.5,3.04,15.05,2,<,0.0001,<0.0001,Cochran-Mantel-Haenszel,
NCT05028582,Roflumilast,ARRECTOR,secondary,16,2d7c9624a56c5fe1db1e14a9809db72595b386f9,2w,OG000,OG001,superiority,odds_ratio,Odds Ratio (OR),4.1,97.5,1.84,9.13,2,<,0.0001,<0.0001,Cochran-Mantel-Haenszel,
NCT05028582,Roflumilast,ARRECTOR,secondary,17,eadd012770689c039505e76b86ccfe85117decfd,4w,OG000,OG001,superiority,odds_ratio,Odds Ratio (OR),4.82,97.5,2.62,8.84,2,<,0.0001,<0.0001,Cochran-Mantel-Haenszel,
NCT05028582,Roflumilast,ARRECTOR,secondary,18,e9a23ad1c9584564dda01c63aabb59ead22cf5d8,2w,OG000,OG001,superiority,ls_mean_difference,LS Mean Difference,-1.28,97.5,-1.71,-0.85,2,<,0.0001,<0.0001,ANCOVA,
NCT05030311,Remibrutinib,REMIX-1,primary,1,0ec63f318e8a6c8ce7882e60a6abdd394c7e64b5,12w,OG000,OG001,superiority,mean_difference,Mean Difference (Final Values),-6.22,95.0,-8.45,-4.0,2,<,0.001,<0.001,Mixed Models Analysis,
NCT05030311,Remibrutinib,REMIX-1,primary,2,858d5f7c2cc696cf3c4707aeefe15240c998c7f6,12w,OG000,OG001,superiority,mean_difference,Mean Difference (Final Values),-2.63,95.0,-3.7,-1.56,2,<,0.001,<0.001,Mixed Models Analysis,
NCT05030311,Remibrutinib,REMIX-1,primary,3,58b0c160e730a840acbe7d6a850c8be4c8fd56fd,12w,OG000,OG001,superiority,mean_difference,Mean Difference (Final Values),-3.61,95.0,-4.85,-2.36,2,<,0.001,<0.001,Mixed Models Analysis,
NCT05030311,Remibrutinib,REMIX-1,secondary,1,f5e629f79120df8f255b0fdbfdcca55623d107ec,,OG000,OG001,superiority,odds_ratio,Odds Ratio (OR),3.11,95.0,2.0,4.84,2,<,0.001,<0.001,"Regression, Logistic",
NCT05030311,Remibrutinib,REMIX-1,secondary,2,3ce1dcf685ef5fdb117f9ea298498f7beabf0430,,OG000,OG001,superiority,odds_ratio,Odds Ratio (OR),3.83,95.0,2.16,6.82,2,<,0.001,<0.001,"Regression, Logistic",
NCT05030311,Remibrutinib,REMIX-1,secondary,3,6a0ec8eddd90945c5da9d7a38a0aaf579e1619cc,2w,OG000,OG001,superiority,odds_ratio,Odds Ratio (OR),15.67,95.0,6.18,39.77,2,<,0.001,<0.001,"Regression, Logistic",
NCT05030311,Remibrutinib,REMIX-1,secondary,4,d47e236c928db21601f2ab9cac9d071a5dbcbf1e,,OG000,OG001,superiority,risk_ratio,Rate ratio,2.69,95.0,2.01,3.61,2,<,0.001,<0.001,Negative binomial regression model,
NCT05030311,Remibrutinib,REMIX-1,secondary,5,ac502ee769a1c7072b3faeb43231c48671536b83,,OG000,OG001,superiority,odds_ratio,Odds Ratio (OR),2.44,95.0,1.53,3.9,2,<,0.001,<0.001,"Regression, Logistic",
NCT05030311,Remibrutinib,REMIX-1,secondary,6,8e815b1c969a39f557d3e7e77b70521d699cb918,,OG000,OG001,superiority,risk_ratio,Rate ratio,1.25,95.0,1.12,1.41,2,<,0.001,<0.001,"Regression, Linear",
NCT05032157,Remibrutinib,REMIX-2,primary,1,754db5eb44581e57ef0d73b3f79bc4f0fe9a6509,12w,OG000,OG001,superiority,mean_difference,Mean Difference (Final Values),-7.68,95.0,-9.91,-5.46,2,<,0.001,< 0.001,Mixed Models Analysis,
NCT05032157,Remibrutinib,REMIX-2,primary,2,020c22214d83fcd0fe0f29e5107e5e35c82921cd,12w,OG000,OG001,superiority,mean_difference,Mean Difference (Final Values),-3.23,95.0,-4.29,-2.16,2,<,0.001,<0.001,Mixed Models Analysis,
NCT05032157,Remibrutinib,REMIX-2,primary,3,60303d094b7d61f6a86220a9184852a85c01ddb8,12w,OG000,OG001,superiority,mean_difference,Mean Difference (Final Values),-4.47,95.0,-5.71,-3.23,2,<,0.001,< 0.001,Mixed Models Analysis,
NCT05032157,Remibrutinib,REMIX-2,secondary,1,a02da44ffff40c573800768e153745c7c77e7153,12w,OG000,OG001,superiority,odds_ratio,Odds Ratio (OR),3.84,95.0,2.39,6.18,2,<,0.001,< 0.001,"Regression, Logistic",
NCT05032157,Remibrutinib,REMIX-2,secondary,2,3e8ea3fbf24039dd67c0310be6095b602be10010,12w,OG000,OG001,superiority,odds_ratio,Odds Ratio (OR),5.78,95.0,2.83,11.78,2,<,0.001,< 0.001,"Regression, Logistic",
NCT05032157,Remibrutinib,REMIX-2,secondary,3,5a9ff8799e2f5ee7b53ac611f03b1dee4ba7daf0,2w,OG000,OG001,superiority,odds_ratio,Odds Ratio (OR),7.92,95.0,3.72,16.85,2,<,0.001,< 0.001,"Regression, Logistic",
NCT05032157,Remibrutinib,REMIX-2,secondary,4,186351d1a04b171402fca25bca9104fff41bbef9,12w,OG000,OG001,superiority,odds_ratio,Odds Ratio (OR),2.75,95.0,1.65,4.58,2,<,0.001,< 0.001,"Regression, Logistic",
NCT05032157,Remibrutinib,REMIX-2,secondary,5,91519270dfe53d59d23ff64c4a923516c336a3e5,,OG000,OG001,superiority,risk_ratio,Rate ratio,3.26,95.0,2.26,4.71,2,<,0.001,< 0.001,"Regression, Linear",
NCT05032157,Remibrutinib,REMIX-2,secondary,6,36dbb2caf8aa3dc86f8e1a17acc0bdd557eb4322,,OG000,OG001,superiority,risk_ratio,Rate ratio,1.32,95.0,1.17,1.49,2,<,0.001,< 0.001,"Regression, Linear",
NCT05032859,Tapinarof,,primary,1,889510d80187298abe4d634eb826dbaf6758dc47,8w,OG000,OG001,superiority,risk_ratio,"Risk Ratio, log",2.27,95.0,1.54,3.32,2,<,0.0001,<0.0001,Cochran-Mantel-Haenszel,
NCT05032859,Tapinarof,,secondary,1,ad446d471fb321c5ff43a1a5d3f129b94bd80cc7,8w,OG000,OG001,superiority,risk_ratio,"Risk Ratio, log",2.14,95.0,1.53,3.0,2,<,0.0001,<0.0001,Cochran-Mantel-Haenszel,
NCT05032859,Tapinarof,,secondary,2,ad45fd4fc3eefdbf0fa970e2e1449a25e571a1e1,8w,OG000,OG001,superiority,ls_mean_difference,Least squares mean difference,-6.6,95.0,-8.17,-5.02,2,<,0.0001,<0.0001,ANCOVA,
NCT05032859,Tapinarof,,secondary,3,3db0eb02474089278f4579d48daf6226d0a8de7c,8w,OG000,OG001,superiority,risk_ratio,"Risk Ratio, log",2.34,95.0,1.39,3.94,2,=,0.0013,0.0013,Cochran-Mantel-Haenszel,
NCT05032859,Tapinarof,,secondary,4,9d8a0ae40010e4a68dbe276799d9afb8c610f812,8w,OG000,OG001,superiority,risk_ratio,"Risk Ratio, log",2.17,95.0,1.34,3.5,2,=,0.0015,0.0015,Cochran-Mantel-Haenszel,
NCT05355818,Delgocitinib,DELTA TEEN,primary,1,d5d03f779506f36b61b0c62fdb4cce9d628774b8,16w,OG000,OG001,superiority,response_rate_difference,Diff. in proportion of responders in %,37.9,,,,2,,,,Bayesian,
NCT05355818,Delgocitinib,DELTA TEEN,secondary,1,b5b3e3266e398fa77888a8b837567feedbcdc00a,16w,OG000,OG001,superiority,response_rate_difference,Diff. in proportion of responders in %,36.4,,,,2,,,,Bayesian,
NCT05355818,Delgocitinib,DELTA TEEN,secondary,2,97e5b01dfd3dff2428f3edd58921cc428c753b60,16w,OG000,OG001,superiority,response_rate_difference,Diff. in proportion of responders in %,31.7,,,,2,,,,Bayesian,
NCT05355818,Delgocitinib,DELTA TEEN,secondary,3,58d5bbbfebd010da3492bf24ab8a7ed4dfdb43de,16w,OG000,OG001,superiority,response_rate_difference,Diff. in proportion of responders in %,31.2,,,,2,,,,Bayesian,
NCT05355818,Delgocitinib,DELTA TEEN,secondary,4,5b2fa5630570407ca60cd8189e588fc5087edbef,16w,OG000,OG001,superiority,response_rate_difference,Diff. in proportion of responders in %,25.1,,,,2,,,,Bayesian,
NCT05355818,Delgocitinib,DELTA TEEN,secondary,5,035eff5b34f2bbac6745aee8fa5fd193905a7400,2w,OG000,OG001,superiority,risk_difference,Risk Difference (RD),17.47,95.0,5.16,29.78,2,=,0.0054,0.0054,"Regression, Logistic",
NCT05355818,Delgocitinib,DELTA TEEN,secondary,6,c975f8fedf183432412572f8e3181eb4284aafa9,4w,OG000,OG001,superiority,risk_difference,Risk Difference (RD),21.21,95.0,2.69,39.72,2,=,0.0248,0.0248,"Regression, Logistic",
NCT05355818,Delgocitinib,DELTA TEEN,secondary,7,5367f23cf136f2140200c4b4b459f896f5dcf4b7,8w,OG000,OG001,superiority,risk_difference,Risk Difference (RD),11.08,95.0,-11.3,33.46,2,=,0.332,0.3320,"Regression, Logistic",
NCT05355818,Delgocitinib,DELTA TEEN,secondary,8,cec8bb59483c103ca82c1703dc26cf833a4a96fb,12w,OG000,OG001,superiority,risk_difference,Risk Difference (RD),33.02,95.0,12.51,53.52,2,=,0.0016,0.0016,"Regression, Logistic",
NCT05355818,Delgocitinib,DELTA TEEN,secondary,9,ae588a9d1a0e26dc7bae063deccd0c6323b4610c,16w,OG000,OG001,superiority,mean_difference,Mean Difference (Net),-2.65,95.0,-4.42,-0.88,2,=,0.0038,0.0038,ANCOVA,
NCT06095102,Icotrokinra,ICONIC-TOTAL,primary,1,bfad30a52fee26ff25f2b521121c5c2a86f96ed6,16w,OG000,OG001,superiority,mean_difference,Treatment difference,51.1,95.0,42.1,58.8,2,<,0.001,<0.001,Cochran-Mantel-Haenszel,
NCT06095102,Icotrokinra,ICONIC-TOTAL,secondary,1,eb9c77f068d8a7df3cd374e3ad7876653fcbbe2b,16w,OG000,OG001,superiority,mean_difference,Treatment difference,55.5,95.0,44.8,64.4,2,<,0.001,<0.001,Cochran-Mantel-Haenszel,
NCT06095102,Icotrokinra,ICONIC-TOTAL,secondary,2,fca9f695d4c481ba350ea410f6d17bcd8e1172a2,16w,OG000,OG001,superiority,mean_difference,Treatment difference,51.8,95.0,41.7,60.3,2,=,0.008,=0.008,Cochran-Mantel-Haenszel,
NCT06095102,Icotrokinra,ICONIC-TOTAL,secondary,3,41c979740d6025a3be03d4d986ab0d4c3a40644e,16w,OG000,OG001,superiority,mean_difference,Treatment difference,55.4,95.0,39.1,68.0,2,<,0.001,<0.001,Cochran-Mantel-Haenszel,
NCT06095102,Icotrokinra,ICONIC-TOTAL,secondary,4,7c5226de919a855959c2d7e3d248c06623fe22bf,16w,OG000,OG001,superiority,mean_difference,Treatment difference,16.7,95.0,-6.2,36.8,2,=,0.144,=0.144,Cochran-Mantel-Haenszel,
NCT06095102,Icotrokinra,ICONIC-TOTAL,secondary,5,bba55f9bf472b4a00cd81aba16b05f77eee6f051,16w,OG000,OG001,superiority,mean_difference,Treatment difference,24.8,95.0,17.4,31.5,2,<,0.001,<0.001,Cochran-Mantel-Haenszel,
NCT06095102,Icotrokinra,ICONIC-TOTAL,secondary,6,f75fdbcf39b7bfc48dbab1b48d632d8388ac1834,16w,OG000,OG001,superiority,mean_difference,Treatment difference,12.8,95.0,5.5,19.4,2,=,0.008,=0.008,Cochran-Mantel-Haenszel,
NCT06095102,Icotrokinra,ICONIC-TOTAL,secondary,7,b28c39686737cb45b6593b3c51956ce3104bdd11,16w,OG000,OG001,superiority,mean_difference,Treatment difference,45.2,95.0,33.4,55.3,2,<,0.001,<0.001,Cochran-Mantel-Haenszel,
NCT06095102,Icotrokinra,ICONIC-TOTAL,secondary,8,6883df873fa6d9b9e9ddc80be0fd8bf794cd202d,16w,OG000,OG001,superiority,mean_difference,Treatment difference,43.2,95.0,20.2,62.4,2,=,0.008,=0.008,Cochran-Mantel-Haenszel,
NCT06095102,Icotrokinra,ICONIC-TOTAL,secondary,9,0b0af0ae47481abb51f1131af3d7cd2642fb4aeb,16w,OG000,OG001,superiority,mean_difference,Treatment difference,50.2,95.0,37.8,60.6,2,=,0.008,=0.008,Cochran-Mantel-Haenszel,
NCT06095102,Icotrokinra,ICONIC-TOTAL,secondary,10,648450a6c7a2cee3fc3cfbdfa4bf5207eeafe72c,16w,OG000,OG001,superiority,mean_difference,Treatment difference,49.8,95.0,31.3,64.3,2,=,0.008,=0.008,Cochran-Mantel-Haenszel,
NCT06095102,Icotrokinra,ICONIC-TOTAL,secondary,11,51a6c3817b812cb5b901eb5665070f51a7fc49b8,16w,OG000,OG001,other,mean_difference,Treatment difference,40.6,95.0,32.2,48.2,2,,,,,
NCT06095102,Icotrokinra,ICONIC-TOTAL,secondary,12,5dbee64120760606e23d4e67b944c17b71ba671e,16w,OG000,OG001,other,mean_difference,Treatment difference,58.9,95.0,49.8,66.4,2,,,,,
NCT06095102,Icotrokinra,ICONIC-TOTAL,secondary,13,44f52aa1b7bf64bbc361bb125d0d9666e848ca04,16w,OG000,OG001,other,ls_mean_difference,LSMean difference,-9.6,95.0,-11.04,-8.25,2,,,,,
NCT06095102,Icotrokinra,ICONIC-TOTAL,secondary,14,1d1ed0bd8efc72b33e13e7a8f0501ab311e601f3,16w,OG000,OG001,other,ls_mean_difference,LSMean difference,-65.8,95.0,-76.1,-55.54,2,,,,,
NCT06095102,Icotrokinra,ICONIC-TOTAL,secondary,15,7432ead77862e2aaec24a003fc8739bd2fc1246d,16w,OG000,OG001,other,ls_mean_difference,LSMean difference,-11.6,95.0,-13.62,-9.6,2,,,,,
NCT06095102,Icotrokinra,ICONIC-TOTAL,secondary,16,800a821eb7e8f9e839c5e42918c181960d4fb1f5,16w,OG000,OG001,other,ls_mean_difference,LSMean difference,-19.2,95.0,-40.24,1.76,2,,,,,
NCT06095102,Icotrokinra,ICONIC-TOTAL,secondary,17,bd87d10cfc759d2c3085ed3db20a0686aacbf934,16w,OG000,OG001,other,mean_difference,Treatment difference,10.3,95.0,-8.5,27.2,2,,,,,
NCT06095102,Icotrokinra,ICONIC-TOTAL,secondary,18,1bdf4c425063ca2bdee7febabaadc123f5cd655c,8w,OG000,OG001,other,mean_difference,Treatment difference,4.7,95.0,-2.0,8.9,2,,,,,
NCT06095102,Icotrokinra,ICONIC-TOTAL,secondary,19,79b0501881e95c2f281181d674472ea41f9bcdf0,16w,OG000,OG001,other,ls_mean_difference,LSMean difference,-30.2,95.0,-35.89,-24.43,2,,,,,
NCT06095102,Icotrokinra,ICONIC-TOTAL,secondary,20,19d05a9e5c57adcb704b5505935d5bda7289a1d5,4w,OG000,OG001,other,mean_difference,Treatment difference,7.5,95.0,-1.1,14.6,2,,,,,
NCT06095102,Icotrokinra,ICONIC-TOTAL,secondary,21,a1b76320074fee1ea0a8e5236af04bdaea598324,16w,OG000,OG001,other,ls_mean_difference,LSMean difference,-32.5,95.0,-38.14,-26.85,2,,,,,
NCT06095102,Icotrokinra,ICONIC-TOTAL,secondary,22,5103781ad0b0d7b6bf0628cd1c45da2f9e79e279,16w,OG000,OG001,other,mean_difference,Treatment difference,13.4,95.0,6.7,19.7,2,,,,,
NCT06095102,Icotrokinra,ICONIC-TOTAL,secondary,23,91ef6b2371f77da00db8a6f8edecd19dcf265cff,16w,OG000,OG001,other,mean_difference,Treatment difference,37.1,95.0,27.5,45.5,2,,,,,
NCT06095102,Icotrokinra,ICONIC-TOTAL,secondary,24,f096b79552c27c827061903acfc6a4c492af72f5,16w,OG000,OG001,other,mean_difference,Treatment difference,100.0,95.0,8.1,100.0,2,,,,,
NCT06095102,Icotrokinra,ICONIC-TOTAL,secondary,25,244b6e3244374949db284812f946329ca5597afb,16w,OG000,OG001,other,ls_mean_difference,LSMean difference,1.7,95.0,0.5,3.0,2,,,,,
NCT06095102,Icotrokinra,ICONIC-TOTAL,secondary,25,244b6e3244374949db284812f946329ca5597afb,16w,OG000,OG001,other,ls_mean_difference,LSMean difference,-2.7,95.0,-4.12,-1.26,2,,,,,
NCT06095102,Icotrokinra,ICONIC-TOTAL,secondary,25,244b6e3244374949db284812f946329ca5597afb,16w,OG000,OG001,other,ls_mean_difference,LSMean difference,-2.5,95.0,-3.7,-1.32,2,,,,,
NCT06095102,Icotrokinra,ICONIC-TOTAL,secondary,25,244b6e3244374949db284812f946329ca5597afb,16w,OG000,OG001,other,ls_mean_difference,LSMean difference,-2.9,95.0,-4.58,-1.13,2,,,,,
NCT06095102,Icotrokinra,ICONIC-TOTAL,secondary,25,244b6e3244374949db284812f946329ca5597afb,16w,OG000,OG001,other,ls_mean_difference,LSMean difference,-1.6,95.0,-3.07,-0.2,2,,,,,
NCT06095102,Icotrokinra,ICONIC-TOTAL,secondary,25,244b6e3244374949db284812f946329ca5597afb,16w,OG000,OG001,other,ls_mean_difference,LSMean difference,3.2,95.0,1.78,4.67,2,,,,,
NCT06095102,Icotrokinra,ICONIC-TOTAL,secondary,25,244b6e3244374949db284812f946329ca5597afb,16w,OG000,OG001,other,ls_mean_difference,LSMean difference,-4.7,95.0,-6.37,-2.95,2,,,,,
NCT06095102,Icotrokinra,ICONIC-TOTAL,secondary,27,d2a06abdc60d498025b5d31b60e2f3706609b6ad,16w,OG000,OG001,other,ls_mean_difference,LSMean difference,-2.5,95.0,-8.35,3.25,2,,,,,
NCT06095102,Icotrokinra,ICONIC-TOTAL,secondary,28,026b256287704ed561bfdb7f02c7f6a11712f6b1,16w,OG000,OG001,other,ls_mean_difference,LSMean difference,-2.6,95.0,-7.72,2.44,2,,,,,
NCT06095102,Icotrokinra,ICONIC-TOTAL,secondary,29,6557c6ca88d0917ae53879b7e9eef183fbc7c084,16w,OG000,OG001,other,ls_mean_difference,LSMean difference,-26.4,95.0,-32.41,-20.35,2,,,,,
NCT06095115,Icotrokinra,ICONIC-LEAD,primary,1,c6e9d7fce6f5d79a0448d148d0a4ed7dab53da70,16w,OG000,OG001,superiority,mean_difference,Treatment difference,56.4,95.0,50.4,61.7,2,<,0.001,<0.001,Cochran-Mantel-Haenszel,
NCT06095115,Icotrokinra,ICONIC-LEAD,primary,2,a5c0090a6eec6770dc43e6d04b448a5ee43d8e86,16w,OG000,OG001,superiority,mean_difference,Treatment difference,45.1,95.0,39.5,50.4,2,<,0.001,<0.001,Cochran-Mantel-Haenszel,
NCT06095115,Icotrokinra,ICONIC-LEAD,secondary,1,735101b5614500172b776eb0bcd9477c2ee5d716,16w,OG000,OG001,superiority,mean_difference,Treatment difference,31.9,95.0,27.2,36.6,2,<,0.001,<0.001,Cochran-Mantel-Haenszel,
NCT06095115,Icotrokinra,ICONIC-LEAD,secondary,2,36a2e3bee2edb15eac6a9149004a001e75eda941,4w,OG000,OG001,superiority,mean_difference,Treatment Difference,12.7,95.0,8.8,16.6,2,=,0.002,=0.002,Cochran-Mantel-Haenszel,
NCT06095115,Icotrokinra,ICONIC-LEAD,secondary,3,440b2cfe238bf0811df7131970d3befb520fd97d,8w,OG000,OG001,superiority,mean_difference,Treatment Difference,20.1,95.0,15.9,24.5,2,<,0.001,<0.001,Cochran-Mantel-Haenszel,
NCT06095115,Icotrokinra,ICONIC-LEAD,secondary,4,1935a759ab41031095e0b0be1a3ce56bc409dbb6,16w,OG000,OG001,superiority,mean_difference,Treatment Difference,58.1,95.0,51.9,63.6,2,<,0.001,<0.001,Cochran-Mantel-Haenszel,
NCT06095115,Icotrokinra,ICONIC-LEAD,secondary,5,5c5006adb9883cad30a709916a1892e93cb8d861,16w,OG000,OG001,superiority,mean_difference,Treatment Difference,26.5,95.0,22.4,30.8,2,<,0.001,<0.001,Cochran-Mantel-Haenszel,
NCT06095115,Icotrokinra,ICONIC-LEAD,secondary,6,402bdbdaea20f59742fd6d1e11b092192aa25a10,16w,OG000,OG001,superiority,mean_difference,Treatment Difference,57.0,95.0,49.9,63.1,2,<,0.001,<0.001,Cochran-Mantel-Haenszel,
NCT06095115,Icotrokinra,ICONIC-LEAD,secondary,7,c71c14aeaee3bdae97e7fd025d1cc1a879065591,8w,OG000,OG001,superiority,mean_difference,Treatment Difference,5.7,95.0,2.0,8.9,2,=,0.002,=0.002,Cochran-Mantel-Haenszel,
NCT06095115,Icotrokinra,ICONIC-LEAD,secondary,8,f75fdbcf39b7bfc48dbab1b48d632d8388ac1834,16w,OG000,OG001,superiority,mean_difference,Treatment difference,19.2,95.0,15.0,23.6,2,<,0.001,<0.001,Cochran-Mantel-Haenszel,
NCT06095115,Icotrokinra,ICONIC-LEAD,secondary,9,6fd7658afc4e46c911285a407a1ca43e1e971a20,4w,OG000,OG001,superiority,mean_difference,Treatment Difference,14.1,95.0,8.6,19.3,2,=,0.002,=0.002,Cochran-Mantel-Haenszel,
NCT06095115,Icotrokinra,ICONIC-LEAD,secondary,10,b28c39686737cb45b6593b3c51956ce3104bdd11,16w,OG000,OG001,superiority,mean_difference,Treatment difference,45.2,95.0,37.5,52.0,2,<,0.001,<0.001,Cochran-Mantel-Haenszel,
NCT06095115,Icotrokinra,ICONIC-LEAD,secondary,11,456878fbffbe2659bf628fa59ce0e6abbc7b6616,,OG000,OG001,superiority,mean_difference,Treatment difference,59.6,95.0,50.9,67.3,2,<,0.001,<0.001,Cochran-Mantel-Haenszel,
NCT06095115,Icotrokinra,ICONIC-LEAD,secondary,12,6279f51339659a84e2ec5111f11d1fdb11cae6e1,,OG000,OG001,superiority,mean_difference,Treatment Difference,63.5,95.0,53.1,72.0,2,<,0.001,<0.001,Cochran-Mantel-Haenszel,
NCT06095115,Icotrokinra,ICONIC-LEAD,secondary,13,00f5af1506548e6f3792208de8064491f5942361,,OG000,OG001,superiority,hazard_ratio,Hazard Ratio (HR),0.08,95.0,0.05,0.13,2,<,0.001,<0.001,Log Rank,
NCT06095115,Icotrokinra,ICONIC-LEAD,secondary,14,6c4cb663019bfb23421f54dabcc178eba4000a7a,,OG000,OG001,superiority,hazard_ratio,Hazard Ratio (HR),0.13,95.0,0.08,0.2,2,<,0.001,<0.001,Log Rank,
NCT06095115,Icotrokinra,ICONIC-LEAD,secondary,15,7432ead77862e2aaec24a003fc8739bd2fc1246d,16w,OG000,OG001,other,ls_mean_difference,Least square (LS) Mean difference,-15.6,95.0,-17.29,-13.95,2,,,,,
NCT06095115,Icotrokinra,ICONIC-LEAD,secondary,16,44f52aa1b7bf64bbc361bb125d0d9666e848ca04,16w,OG000,OG001,other,ls_mean_difference,LS mean difference,-11.4,95.0,-12.49,-10.41,2,,,,,
NCT06095115,Icotrokinra,ICONIC-LEAD,secondary,17,1d1ed0bd8efc72b33e13e7a8f0501ab311e601f3,16w,OG000,OG001,other,ls_mean_difference,LS mean difference,-55.1,95.0,-60.21,-50.09,2,,,,,
NCT06095115,Icotrokinra,ICONIC-LEAD,secondary,18,998ed7a0f36edd214b3cab14aedce187238d4c51,16w,OG000,OG001,other,mean_difference,Treatment difference,35.6,95.0,20.7,49.0,2,,,,,
NCT06095115,Icotrokinra,ICONIC-LEAD,secondary,19,ff545687a753155b1a9db4bfb7c608440a6b9df8,16w,OG000,OG001,other,mean_difference,Treatment difference,50.6,95.0,38.6,60.7,2,,,,,
NCT06095115,Icotrokinra,ICONIC-LEAD,secondary,20,09f1c9ac5add1c465e1be9555f7d5c3add673913,16w,OG000,OG001,other,ls_mean_difference,LS Mean difference,-41.3,95.0,-69.67,-12.84,2,,,,,
NCT06095115,Icotrokinra,ICONIC-LEAD,secondary,21,53eb343e998228b259933976658c93e646ded2a7,16w,OG000,OG001,other,mean_difference,Treatment difference,30.1,95.0,16.4,42.0,2,,,,,
NCT06095115,Icotrokinra,ICONIC-LEAD,secondary,22,56fb5bb5f299d3b794e61c2cafe3137503982096,16w,OG000,OG001,other,ls_mean_difference,LS Mean difference,-27.1,95.0,-30.58,-23.66,2,,,,,
NCT06095115,Icotrokinra,ICONIC-LEAD,secondary,23,a1b76320074fee1ea0a8e5236af04bdaea598324,16w,OG000,OG001,other,ls_mean_difference,LS Mean difference,-29.3,95.0,-32.72,-25.79,2,,,,,
NCT06095115,Icotrokinra,ICONIC-LEAD,secondary,24,f4bb8439b44bc16d5fc17e25e607013c6152ff88,16w,OG000,OG001,other,mean_difference,Treatment difference,16.7,95.0,13.2,20.6,2,,,,,
NCT06095115,Icotrokinra,ICONIC-LEAD,secondary,25,29aa137aa4454fa8fbef1151946cca96fb5ac2f6,16w,OG000,OG001,other,mean_difference,Treatment difference,10.4,95.0,-20.2,39.3,2,,,,,
NCT06095115,Icotrokinra,ICONIC-LEAD,secondary,26,8179b9c1bcc1184c5305e0bde41e9e11f4349b63,16w,OG000,OG001,other,mean_difference,Treatment difference,41.1,95.0,34.1,47.3,2,,,,,
NCT06095115,Icotrokinra,ICONIC-LEAD,secondary,27,4304e9883d931b142fc776ecdf39cec059ac2a32,16w,OG000,OG001,other,ls_mean_difference,LS Mean difference,-5.5,95.0,-6.29,-4.67,2,,,,,
NCT06095115,Icotrokinra,ICONIC-LEAD,secondary,28,110351ac62797a7dcf2c2ee126a8054ec3f64634,16w,OG000,OG001,other,ls_mean_difference,LS Means difference,0.9,95.0,0.07,1.76,2,,,,,
NCT06095115,Icotrokinra,ICONIC-LEAD,secondary,28,110351ac62797a7dcf2c2ee126a8054ec3f64634,16w,OG000,OG001,other,ls_mean_difference,LS Mean difference,-1.3,95.0,-2.27,-0.4,2,,,,,
NCT06095115,Icotrokinra,ICONIC-LEAD,secondary,28,110351ac62797a7dcf2c2ee126a8054ec3f64634,16w,OG000,OG001,other,ls_mean_difference,LS Mean difference,-1.2,95.0,-2.0,-0.4,2,,,,,
NCT06095115,Icotrokinra,ICONIC-LEAD,secondary,28,110351ac62797a7dcf2c2ee126a8054ec3f64634,16w,OG000,OG001,other,ls_mean_difference,LS Mean difference,-1.4,95.0,-2.55,-0.22,2,,,,,
NCT06095115,Icotrokinra,ICONIC-LEAD,secondary,28,110351ac62797a7dcf2c2ee126a8054ec3f64634,16w,OG000,OG001,other,ls_mean_difference,LS Mean difference,-3.5,95.0,-4.59,-2.46,2,,,,,
NCT06095115,Icotrokinra,ICONIC-LEAD,secondary,28,110351ac62797a7dcf2c2ee126a8054ec3f64634,16w,OG000,OG001,other,ls_mean_difference,LS Mean difference,-1.3,95.0,-2.32,-0.29,2,,,,,
NCT06095115,Icotrokinra,ICONIC-LEAD,secondary,28,110351ac62797a7dcf2c2ee126a8054ec3f64634,16w,OG000,OG001,other,ls_mean_difference,LS Mean difference,2.5,95.0,1.58,3.44,2,,,,,
NCT06095115,Icotrokinra,ICONIC-LEAD,secondary,29,dec9facaa13ce7ef500cb98bd33c9b9a01e7bcab,16w,OG000,OG001,other,mean_difference,Treatment difference,54.0,95.0,31.3,71.6,2,,,,,
NCT06095115,Icotrokinra,ICONIC-LEAD,secondary,30,34755c730e8ae4cb75589c59c7da11903717e879,16w,OG000,OG001,other,ls_mean_difference,LS Mean difference,-2.8,95.0,-4.13,-1.41,2,,,,,
NCT06095115,Icotrokinra,ICONIC-LEAD,secondary,31,aa60fbea5f9382c3b7a7c131f18aef5548745b4a,16w,OG000,OG001,other,ls_mean_difference,LS Mean difference,0.7,95.0,-2.46,3.78,2,,,,,
NCT06095115,Icotrokinra,ICONIC-LEAD,secondary,31,aa60fbea5f9382c3b7a7c131f18aef5548745b4a,16w,OG000,OG001,other,ls_mean_difference,LS Mean difference,-0.9,95.0,-3.6,1.82,2,,,,,
NCT06095115,Icotrokinra,ICONIC-LEAD,secondary,31,aa60fbea5f9382c3b7a7c131f18aef5548745b4a,16w,OG000,OG001,other,ls_mean_difference,LS Mean difference,0.0,95.0,-3.03,3.04,2,,,,,
NCT06095115,Icotrokinra,ICONIC-LEAD,secondary,31,aa60fbea5f9382c3b7a7c131f18aef5548745b4a,16w,OG000,OG001,other,ls_mean_difference,LS Mean difference,-2.2,95.0,-4.4,0.05,2,,,,,
NCT06095115,Icotrokinra,ICONIC-LEAD,secondary,31,aa60fbea5f9382c3b7a7c131f18aef5548745b4a,16w,OG000,OG001,other,ls_mean_difference,LS Mean difference,1.7,95.0,-0.45,3.77,2,,,,,
NCT06095115,Icotrokinra,ICONIC-LEAD,secondary,31,aa60fbea5f9382c3b7a7c131f18aef5548745b4a,16w,OG000,OG001,other,ls_mean_difference,LS Mean difference,0.3,95.0,-6.6,7.12,2,,,,,
NCT06095115,Icotrokinra,ICONIC-LEAD,secondary,32,7818a11447ce75d8c47c97e07602082d8b6cfe00,52w,OG000,OG001,other,mean_difference,Treatment difference,60.2,95.0,50.8,68.3,2,,,,,
NCT06095115,Icotrokinra,ICONIC-LEAD,secondary,33,f58e84e11d19e544a2d8601b390c321b2669205f,,OG000,OG001,other,mean_difference,Treatment difference,59.3,95.0,46.7,69.8,2,,,,,
NCT06095115,Icotrokinra,ICONIC-LEAD,secondary,34,cb06339ed37f4a98766b1cfc18067f450bc2d623,,OG000,OG001,other,mean_difference,Treatment difference,64.8,95.0,51.9,75.1,2,,,,,
NCT06095115,Icotrokinra,ICONIC-LEAD,secondary,35,a732c02fd1975266e9837a5b2e378db93d543d18,,OG000,OG001,other,hazard_ratio,Hazard Ratio (HR),0.15,95.0,0.1,0.23,2,,,,,
NCT06143878,Icotrokinra,,primary,1,bfad30a52fee26ff25f2b521121c5c2a86f96ed6,16w,OG000,OG001,superiority,mean_difference,Treatment difference,57.6,95.0,49.9,64.2,2,<,0.001,<0.001,Cochran-Mantel-Haenszel,
NCT06143878,Icotrokinra,,primary,2,48ae901797ffb63f5708daf16c1fc92d57b1ff8a,16w,OG000,OG001,superiority,mean_difference,Treatment difference,51.2,95.0,44.5,57.3,2,<,0.001,<0.001,Cochran-Mantel-Haenszel,
NCT06143878,Icotrokinra,,secondary,1,735101b5614500172b776eb0bcd9477c2ee5d716,16w,OG000,OG001,superiority,mean_difference,Treatment difference,34.8,95.0,28.7,40.7,2,<,0.001,<0.001,Cochran-Mantel-Haenszel,
NCT06143878,Icotrokinra,,secondary,2,4711b087b0491f133e96347b20be4fd28f7abbd5,4w,OG000,OG001,superiority,mean_difference,Treatment difference,9.6,95.0,4.8,14.3,2,<,0.001,<0.001,Cochran-Mantel-Haenszel,
NCT06143878,Icotrokinra,,secondary,2,4711b087b0491f133e96347b20be4fd28f7abbd5,16w,OG000,OG001,superiority,mean_difference,Treatment difference,62.7,95.0,55.1,69.1,2,<,0.001,<0.001,Cochran-Mantel-Haenszel,
NCT06143878,Icotrokinra,,secondary,3,fbd8ea5495476912eb9c28d872004c4cf6917283,8w,OG000,OG001,superiority,mean_difference,Treatment difference,18.6,95.0,13.5,23.5,2,<,0.001,<0.001,Cochran-Mantel-Haenszel,
NCT06143878,Icotrokinra,,secondary,4,b2b1c2bcb86af5eab81e20dc9f287cc70142fe3d,16w,OG000,OG001,superiority,mean_difference,Treatment difference,29.9,95.0,24.2,35.7,2,<,0.001,<0.001,Cochran-Mantel-Haenszel,
NCT06143878,Icotrokinra,,secondary,5,36e9ecd95c240f10560b64d37d6d34573f7ca9ce,16w,OG000,OG001,superiority,mean_difference,Treatment difference,51.2,95.0,41.8,59.4,2,<,0.001,<0.001,Cochran-Mantel-Haenszel,
NCT06143878,Icotrokinra,,secondary,6,262bc24f583b2f0746e79b53a857c00d24c8e24a,8w,OG000,OG001,superiority,mean_difference,Treatment difference,6.3,95.0,0.7,10.5,2,=,0.011,=0.011,Cochran-Mantel-Haenszel,
NCT06143878,Icotrokinra,,secondary,6,262bc24f583b2f0746e79b53a857c00d24c8e24a,16w,OG000,OG001,superiority,mean_difference,Treatment difference,21.3,95.0,15.3,27.2,2,<,0.001,<0.001,Cochran-Mantel-Haenszel,
NCT06143878,Icotrokinra,,secondary,7,5c18f3b97437e5ba8d17ef4ed263e841cd28659c,4w,OG000,OG001,superiority,mean_difference,Treatment difference,15.2,95.0,7.6,22.1,2,<,0.001,<0.001,Cochran-Mantel-Haenszel,
NCT06143878,Icotrokinra,,secondary,7,5c18f3b97437e5ba8d17ef4ed263e841cd28659c,16w,OG000,OG001,superiority,mean_difference,Treatment difference,45.1,95.0,35.2,53.5,2,<,0.001,<0.001,Cochran-Mantel-Haenszel,
NCT06143878,Icotrokinra,,secondary,8,3fdb80d686f6a51a4a273b93ea8f05333a91d90e,16w,OG000,OG001,superiority,mean_difference,Treatment difference,18.3,95.0,10.7,25.8,2,<,0.001,<0.001,Cochran-Mantel-Haenszel,
NCT06143878,Icotrokinra,,secondary,8,3fdb80d686f6a51a4a273b93ea8f05333a91d90e,24w,OG000,OG001,superiority,mean_difference,Treatment difference,21.5,95.0,14.2,28.7,2,<,0.001,<0.001,Cochran-Mantel-Haenszel,
NCT06143878,Icotrokinra,,secondary,8,3fdb80d686f6a51a4a273b93ea8f05333a91d90e,16w,OG000,OG001,non_inferiority,,,,,,,,<,0.001,<0.001,One-sided Z test,
NCT06143878,Icotrokinra,,secondary,8,3fdb80d686f6a51a4a273b93ea8f05333a91d90e,24w,OG000,OG001,non_inferiority,,,,,,,,<,0.001,<0.001,One-sided Z test,
NCT06143878,Icotrokinra,,secondary,9,b47ecc07007594549c217f411422f8d89a2f288f,16w,OG000,OG001,superiority,mean_difference,Treatment difference,21.0,95.0,14.3,27.6,2,<,0.001,<0.001,Cochran-Mantel-Haenszel,
NCT06143878,Icotrokinra,,secondary,9,b47ecc07007594549c217f411422f8d89a2f288f,24w,OG000,OG001,superiority,mean_difference,Treatment difference,27.7,95.0,20.5,34.6,2,<,0.001,<0.001,Cochran-Mantel-Haenszel,
NCT06143878,Icotrokinra,,secondary,10,7b32bef02fbdc7c67872b649281e3c00a9b27f51,16w,OG000,OG001,superiority,mean_difference,Treatment difference,17.0,95.0,9.6,24.2,2,<,0.001,<0.001,Cochran-Mantel-Haenszel,
NCT06143878,Icotrokinra,,secondary,10,7b32bef02fbdc7c67872b649281e3c00a9b27f51,24w,OG000,OG001,superiority,mean_difference,Treatment difference,17.8,95.0,11.0,24.6,2,<,0.001,<0.001,Cochran-Mantel-Haenszel,
NCT06143878,Icotrokinra,,secondary,10,7b32bef02fbdc7c67872b649281e3c00a9b27f51,16w,OG000,OG001,non_inferiority,,,,,,,,<,0.001,<0.001,One-sided Z test,
NCT06143878,Icotrokinra,,secondary,10,7b32bef02fbdc7c67872b649281e3c00a9b27f51,24w,OG000,OG001,non_inferiority,,,,,,,,<,0.001,<0.001,One-sided Z test,
NCT06143878,Icotrokinra,,secondary,11,d9ffbf8846a22507dbb949d7dfc790e6f0cefd38,16w,OG000,OG001,superiority,mean_difference,Treatment difference,25.3,95.0,17.7,32.6,2,<,0.001,<0.001,Cochran-Mantel-Haenszel,
NCT06143878,Icotrokinra,,secondary,11,d9ffbf8846a22507dbb949d7dfc790e6f0cefd38,24w,OG000,OG001,superiority,mean_difference,Treatment difference,24.5,95.0,16.8,32.0,2,<,0.001,<0.001,Cochran-Mantel-Haenszel,
NCT06143878,Icotrokinra,,secondary,12,3ee3db613d50978703e66faaff156aa22e6881a1,16w,OG000,OG001,superiority,mean_difference,Treatment difference,20.1,95.0,13.8,26.4,2,<,0.001,<0.001,Cochran-Mantel-Haenszel,
NCT06143878,Icotrokinra,,secondary,12,3ee3db613d50978703e66faaff156aa22e6881a1,24w,OG000,OG001,superiority,mean_difference,Treatment difference,25.5,95.0,18.6,32.2,2,<,0.001,<0.001,Cochran-Mantel-Haenszel,
NCT06143878,Icotrokinra,,secondary,13,075d90234faef5f789cbeef47064089ca6577647,16w,OG000,OG001,superiority,mean_difference,Treatment difference,14.5,95.0,8.4,20.6,2,<,0.001,<0.001,Cochran-Mantel-Haenszel,
NCT06143878,Icotrokinra,,secondary,14,7432ead77862e2aaec24a003fc8739bd2fc1246d,16w,OG000,OG001,other,ls_mean_difference,LSMean difference,-15.2,95.0,-17.4,-13.09,2,,,,,
NCT06143878,Icotrokinra,,secondary,14,7432ead77862e2aaec24a003fc8739bd2fc1246d,16w,OG001,OG002,other,ls_mean_difference,LSMean difference,-2.9,95.0,-4.32,-1.48,2,,,,,
NCT06143878,Icotrokinra,,secondary,15,44f52aa1b7bf64bbc361bb125d0d9666e848ca04,16w,OG000,OG001,other,ls_mean_difference,LSMean Difference,-10.7,95.0,-11.99,-9.49,2,,,,,
NCT06143878,Icotrokinra,,secondary,15,44f52aa1b7bf64bbc361bb125d0d9666e848ca04,16w,OG001,OG002,other,ls_mean_difference,LSMean Difference,-2.4,95.0,-3.46,-1.41,2,,,,,
NCT06143878,Icotrokinra,,secondary,16,1d1ed0bd8efc72b33e13e7a8f0501ab311e601f3,16w,OG000,OG001,other,ls_mean_difference,LSMean difference,-56.4,95.0,-62.32,-50.45,2,,,,,
NCT06143878,Icotrokinra,,secondary,16,1d1ed0bd8efc72b33e13e7a8f0501ab311e601f3,16w,OG001,OG002,other,ls_mean_difference,LSMean difference,-13.0,95.0,-17.84,-8.12,2,,,,,
NCT06143878,Icotrokinra,,secondary,17,bdf7afbdfbbc92bb94a8eebd7d55a44947810f11,16w,OG000,OG001,other,mean_difference,Treatment difference,50.0,95.0,33.0,63.7,2,,,,,
NCT06143878,Icotrokinra,,secondary,18,cf4f0b0a39b7cfcfe4d146f95fc9b3d1723bfa16,16w,OG000,OG001,other,mean_difference,Treatment difference,38.0,95.0,22.0,52.0,2,,,,,
NCT06143878,Icotrokinra,,secondary,19,800a821eb7e8f9e839c5e42918c181960d4fb1f5,16w,OG000,OG001,other,ls_mean_difference,LSMean difference,-73.3,95.0,-115.74,-30.79,2,,,,,
NCT06143878,Icotrokinra,,secondary,20,ad061364bef090992250c1c23b5ca49f959fb0a4,16w,OG000,OG001,other,mean_difference,Treatment difference,32.8,95.0,16.0,46.7,2,,,,,
NCT06143878,Icotrokinra,,secondary,21,56fb5bb5f299d3b794e61c2cafe3137503982096,16w,OG000,OG001,other,ls_mean_difference,LSmean difference,-26.0,95.0,-29.96,-21.96,2,,,,,
NCT06143878,Icotrokinra,,secondary,22,a1b76320074fee1ea0a8e5236af04bdaea598324,16w,OG000,OG001,other,ls_mean_difference,LSMean difference,-30.0,95.0,-34.03,-25.98,2,,,,,
NCT06143878,Icotrokinra,,secondary,23,a7b96cbce57f8f1944804750cd91f6d97d9d5eba,16w,OG000,OG001,other,mean_difference,Treatment difference,17.4,95.0,12.1,22.9,2,,,,,
NCT06143878,Icotrokinra,,secondary,24,b073d5b8293d516ddbfaed41142584b79dbc0d85,16w,OG000,OG001,other,mean_difference,Treatment difference,38.0,95.0,9.6,58.5,2,,,,,
NCT06143878,Icotrokinra,,secondary,25,91ef6b2371f77da00db8a6f8edecd19dcf265cff,16w,OG000,OG001,other,mean_difference,Treatment difference,45.3,95.0,37.3,52.4,2,,,,,
NCT06143878,Icotrokinra,,secondary,26,4304e9883d931b142fc776ecdf39cec059ac2a32,16w,OG000,OG001,other,ls_mean_difference,LSMean difference,-6.3,95.0,-7.23,-5.32,2,,,,,
NCT06143878,Icotrokinra,,secondary,27,244b6e3244374949db284812f946329ca5597afb,16w,OG000,OG001,other,ls_mean_difference,LSMean difference,2.1,95.0,1.17,3.13,2,,,,,
NCT06143878,Icotrokinra,,secondary,27,244b6e3244374949db284812f946329ca5597afb,16w,OG000,OG001,other,ls_mean_difference,LSMean difference,-4.1,95.0,-5.34,-2.9,2,,,,,
NCT06143878,Icotrokinra,,secondary,27,244b6e3244374949db284812f946329ca5597afb,16w,OG000,OG001,other,ls_mean_difference,LSMean difference,-2.4,95.0,-3.45,-1.44,2,,,,,
NCT06143878,Icotrokinra,,secondary,27,244b6e3244374949db284812f946329ca5597afb,16w,OG000,OG001,other,ls_mean_difference,LSMean difference,-3.0,95.0,-4.48,-1.61,2,,,,,
NCT06143878,Icotrokinra,,secondary,27,244b6e3244374949db284812f946329ca5597afb,16w,OG000,OG001,other,ls_mean_difference,LSMean difference,-4.8,95.0,-6.06,-3.6,2,,,,,
NCT06143878,Icotrokinra,,secondary,27,244b6e3244374949db284812f946329ca5597afb,16w,OG000,OG001,other,ls_mean_difference,LSMean difference,-2.9,95.0,-4.07,-1.68,2,,,,,
NCT06143878,Icotrokinra,,secondary,27,244b6e3244374949db284812f946329ca5597afb,16w,OG000,OG001,other,ls_mean_difference,LSMean difference,3.9,95.0,2.69,5.05,2,,,,,
NCT06143878,Icotrokinra,,secondary,28,a507dffe838c9d2819959a830ac7668360f172e4,16w,OG000,OG001,other,mean_difference,Treatment difference,15.4,95.0,7.4,23.3,2,,,,,
NCT06143878,Icotrokinra,,secondary,28,a507dffe838c9d2819959a830ac7668360f172e4,24w,OG000,OG001,other,mean_difference,Treatment difference,13.8,95.0,6.0,21.5,2,,,,,
NCT06143878,Icotrokinra,,secondary,29,a654369bec58a6d15077a271d984d84cb22460bf,24w,OG000,OG001,other,mean_difference,Treatment difference,14.9,95.0,8.2,21.6,2,,,,,
NCT06220604,Icotrokinra,,primary,1,c6e9d7fce6f5d79a0448d148d0a4ed7dab53da70,16w,OG000,OG001,superiority,mean_difference,Treatment difference,62.6,95.0,53.3,69.5,2,<,0.001,<0.001,Cochran-Mantel-Haenszel,
NCT06220604,Icotrokinra,,primary,2,a5c0090a6eec6770dc43e6d04b448a5ee43d8e86,16w,OG000,OG001,superiority,mean_difference,Treatment difference,56.5,95.0,49.0,62.4,2,<,0.001,<0.001,Cochran-Mantel-Haenszel,
NCT06220604,Icotrokinra,,secondary,1,735101b5614500172b776eb0bcd9477c2ee5d716,16w,OG000,OG001,superiority,mean_difference,Treatment difference,35.9,95.0,28.8,42.0,2,<,0.001,<0.001,Cochran-Mantel-Haenszel,
NCT06220604,Icotrokinra,,secondary,2,5a552ef9f2431b1cd8b1b4d0cada544ec2fbb611,4w,OG000,OG001,superiority,mean_difference,Treatment difference,12.5,95.0,5.1,18.0,2,=,0.005,=0.005,Cochran-Mantel-Haenszel,
NCT06220604,Icotrokinra,,secondary,2,5a552ef9f2431b1cd8b1b4d0cada544ec2fbb611,16w,OG000,OG001,superiority,mean_difference,Treatment difference,68.0,95.0,58.6,74.9,2,<,0.001,<0.001,Cochran-Mantel-Haenszel,
NCT06220604,Icotrokinra,,secondary,3,440b2cfe238bf0811df7131970d3befb520fd97d,8w,OG000,OG001,superiority,mean_difference,Treatment difference,25.4,95.0,19.7,30.4,2,=,0.005,=0.005,Cochran-Mantel-Haenszel,
NCT06220604,Icotrokinra,,secondary,4,5c5006adb9883cad30a709916a1892e93cb8d861,16w,OG000,OG001,superiority,mean_difference,Treatment difference,30.7,95.0,23.8,36.3,2,<,0.001,<0.001,Cochran-Mantel-Haenszel,
NCT06220604,Icotrokinra,,secondary,5,402bdbdaea20f59742fd6d1e11b092192aa25a10,16w,OG000,OG001,superiority,mean_difference,Treatment difference,55.8,95.0,44.4,65.1,2,<,0.001,<0.001,Cochran-Mantel-Haenszel,
NCT06220604,Icotrokinra,,secondary,6,262bc24f583b2f0746e79b53a857c00d24c8e24a,8w,OG000,OG001,superiority,mean_difference,Treatment difference,7.7,95.0,-0.5,12.1,2,=,0.025,=0.025,Cochran-Mantel-Haenszel,
NCT06220604,Icotrokinra,,secondary,6,262bc24f583b2f0746e79b53a857c00d24c8e24a,16w,OG000,OG001,superiority,mean_difference,Treatment difference,21.7,95.0,15.2,26.8,2,<,0.001,<0.001,Cochran-Mantel-Haenszel,
NCT06220604,Icotrokinra,,secondary,7,5c18f3b97437e5ba8d17ef4ed263e841cd28659c,4w,OG000,OG001,superiority,mean_difference,Treatment difference,15.8,95.0,6.3,22.5,2,=,0.008,=0.008,Cochran-Mantel-Haenszel,
NCT06220604,Icotrokinra,,secondary,7,5c18f3b97437e5ba8d17ef4ed263e841cd28659c,16w,OG000,OG001,superiority,mean_difference,Treatment difference,46.3,95.0,34.0,55.7,2,<,0.001,<0.001,Cochran-Mantel-Haenszel,
NCT06220604,Icotrokinra,,secondary,8,3fdb80d686f6a51a4a273b93ea8f05333a91d90e,16w,OG000,OG001,superiority,mean_difference,Treatment difference,16.3,95.0,9.0,23.4,2,<,0.001,<0.001,Cochran-Mantel-Haenszel,
NCT06220604,Icotrokinra,,secondary,8,3fdb80d686f6a51a4a273b93ea8f05333a91d90e,16w,OG000,OG001,non_inferiority,,,,,,,,<,0.001,<0.001,One-sided Z test,
NCT06220604,Icotrokinra,,secondary,8,3fdb80d686f6a51a4a273b93ea8f05333a91d90e,24w,OG000,OG001,superiority,mean_difference,Treatment difference,13.4,95.0,6.1,20.6,2,<,0.001,<0.001,Cochran-Mantel-Haenszel,
NCT06220604,Icotrokinra,,secondary,8,3fdb80d686f6a51a4a273b93ea8f05333a91d90e,24w,OG000,OG001,non_inferiority,,,,,,,,<,0.001,<0.001,One-sided Z test,
NCT06220604,Icotrokinra,,secondary,9,b47ecc07007594549c217f411422f8d89a2f288f,16w,OG000,OG001,superiority,mean_difference,Treatment difference,19.3,95.0,12.6,26.0,2,<,0.001,<0.001,Cochran-Mantel-Haenszel,
NCT06220604,Icotrokinra,,secondary,9,b47ecc07007594549c217f411422f8d89a2f288f,24w,OG000,OG001,superiority,mean_difference,Treatment difference,19.1,95.0,12.1,25.9,2,<,0.001,<0.001,Cochran-Mantel-Haenszel,
NCT06220604,Icotrokinra,,secondary,10,1bebf2bc3ed9a52750564926053e5f0c07c2164b,16w,OG000,OG001,superiority,mean_difference,Treatment difference,16.5,95.0,9.5,23.4,2,<,0.001,<0.001,Cochran-Mantel-Haenszel,
NCT06220604,Icotrokinra,,secondary,10,1bebf2bc3ed9a52750564926053e5f0c07c2164b,24w,OG000,OG001,superiority,mean_difference,Treatment difference,15.9,95.0,9.3,22.5,2,<,0.001,<0.001,Cochran-Mantel-Haenszel,
NCT06220604,Icotrokinra,,secondary,10,1bebf2bc3ed9a52750564926053e5f0c07c2164b,16w,OG000,OG001,non_inferiority,,,,,,,,<,0.001,<0.001,One-sided Z test,
NCT06220604,Icotrokinra,,secondary,10,1bebf2bc3ed9a52750564926053e5f0c07c2164b,24w,OG000,OG001,non_inferiority,,,,,,,,<,0.001,<0.001,One-sided Z test,
NCT06220604,Icotrokinra,,secondary,11,bfa6b3ef57655ca285ea4aff894ea48c96009661,16w,OG000,OG001,superiority,mean_difference,Treatment difference,23.2,95.0,15.8,30.4,2,<,0.001,<0.001,Cochran-Mantel-Haenszel,
NCT06220604,Icotrokinra,,secondary,11,bfa6b3ef57655ca285ea4aff894ea48c96009661,24w,OG000,OG001,superiority,mean_difference,Treatment difference,21.4,95.0,13.8,28.7,2,<,0.001,<0.001,Cochran-Mantel-Haenszel,
NCT06220604,Icotrokinra,,secondary,12,7e52af23910bcbcb09f1fe8260796f466c6b36f1,16w,OG000,OG001,superiority,mean_difference,Treatment difference,17.7,95.0,11.3,24.0,2,<,0.001,<0.001,Cochran-Mantel-Haenszel,
NCT06220604,Icotrokinra,,secondary,12,7e52af23910bcbcb09f1fe8260796f466c6b36f1,24w,OG000,OG001,superiority,mean_difference,Treatment difference,17.4,95.0,10.8,23.9,2,<,0.001,<0.001,Cochran-Mantel-Haenszel,
NCT06220604,Icotrokinra,,secondary,13,d8966327928c1c223807b57eaf49da11b0c1638e,16w,OG000,OG001,superiority,mean_difference,Treatment difference,8.8,95.0,2.7,15.0,2,=,0.005,=0.005,Cochran-Mantel-Haenszel,
NCT06220604,Icotrokinra,,secondary,14,7432ead77862e2aaec24a003fc8739bd2fc1246d,16w,OG000,OG001,other,ls_mean_difference,LSMean difference,-15.7,95.0,-18.0,-13.41,2,,,,,
NCT06220604,Icotrokinra,,secondary,14,7432ead77862e2aaec24a003fc8739bd2fc1246d,16w,OG001,OG002,other,ls_mean_difference,LSMean difference,-2.7,95.0,-4.18,-1.26,2,,,,,
NCT06220604,Icotrokinra,,secondary,15,44f52aa1b7bf64bbc361bb125d0d9666e848ca04,16w,OG000,OG001,other,ls_mean_difference,LSMean difference,-11.7,95.0,-12.99,-10.36,2,,,,,
NCT06220604,Icotrokinra,,secondary,15,44f52aa1b7bf64bbc361bb125d0d9666e848ca04,16w,OG001,OG002,other,ls_mean_difference,LSMean difference,-2.0,95.0,-2.79,-1.12,2,,,,,
NCT06220604,Icotrokinra,,secondary,16,1d1ed0bd8efc72b33e13e7a8f0501ab311e601f3,16w,OG000,OG001,other,ls_mean_difference,LSMean difference,-58.1,95.0,-64.67,-51.58,2,,,,,
NCT06220604,Icotrokinra,,secondary,16,1d1ed0bd8efc72b33e13e7a8f0501ab311e601f3,16w,OG001,OG002,other,ls_mean_difference,LSMean difference,-10.5,95.0,-14.65,-6.35,2,,,,,
NCT06220604,Icotrokinra,,secondary,17,efda62a59341df5a3b4c52a514086ef6e7f3c052,16w,OG000,OG001,other,response_rate_difference,Treatment difference in percentage,50.9,95.0,30.5,66.1,2,,,,,
NCT06220604,Icotrokinra,,secondary,18,d300a23e7e4187a603278f7dd24b909f8e1bf894,16w,OG000,OG001,other,response_rate_difference,Treatment difference in percentage,52.8,95.0,36.1,65.7,2,,,,,
NCT06220604,Icotrokinra,,secondary,19,800a821eb7e8f9e839c5e42918c181960d4fb1f5,16w,OG000,OG001,other,ls_mean_difference,LSMean difference,-52.9,95.0,-82.15,-23.72,2,,,,,
NCT06220604,Icotrokinra,,secondary,20,53eb343e998228b259933976658c93e646ded2a7,16w,OG000,OG001,other,response_rate_difference,Treatment difference in percentage,38.0,95.0,16.7,53.2,2,,,,,
NCT06220604,Icotrokinra,,secondary,21,56fb5bb5f299d3b794e61c2cafe3137503982096,16w,OG000,OG001,other,ls_mean_difference,LSMean difference,-28.4,95.0,-34.01,-22.85,2,,,,,
NCT06220604,Icotrokinra,,secondary,22,a1b76320074fee1ea0a8e5236af04bdaea598324,16w,OG000,OG001,other,ls_mean_difference,LSMean difference,-33.1,95.0,-38.53,-27.65,2,,,,,
NCT06220604,Icotrokinra,,secondary,23,a7b96cbce57f8f1944804750cd91f6d97d9d5eba,16w,OG000,OG001,other,response_rate_difference,Treatment difference in percentage,16.0,95.0,10.2,20.6,2,,,,,
NCT06220604,Icotrokinra,,secondary,24,b073d5b8293d516ddbfaed41142584b79dbc0d85,16w,OG000,OG001,other,response_rate_difference,Treatment difference in percentage,45.3,95.0,4.9,69.3,2,,,,,
NCT06220604,Icotrokinra,,secondary,25,91ef6b2371f77da00db8a6f8edecd19dcf265cff,16w,OG000,OG001,other,response_rate_difference,Treatment difference in percentage,39.2,95.0,28.9,47.8,2,,,,,
NCT06220604,Icotrokinra,,secondary,26,4304e9883d931b142fc776ecdf39cec059ac2a32,16w,OG000,OG001,other,ls_mean_difference,LSMean difference,-6.1,95.0,-7.28,-4.85,2,,,,,
NCT06220604,Icotrokinra,,secondary,27,244b6e3244374949db284812f946329ca5597afb,16w,OG000,OG001,other,ls_mean_difference,LSMean difference,-1.3,95.0,-2.88,0.24,2,,,,,
NCT06220604,Icotrokinra,,secondary,27,244b6e3244374949db284812f946329ca5597afb,16w,OG000,OG001,other,ls_mean_difference,LSMean difference,-1.7,95.0,-3.02,-0.28,2,,,,,
NCT06220604,Icotrokinra,,secondary,27,244b6e3244374949db284812f946329ca5597afb,16w,OG000,OG001,other,ls_mean_difference,LSMean difference,-1.1,95.0,-3.1,0.94,2,,,,,
NCT06220604,Icotrokinra,,secondary,27,244b6e3244374949db284812f946329ca5597afb,16w,OG000,OG001,other,ls_mean_difference,LSMean difference,1.0,95.0,-0.23,2.28,2,,,,,
NCT06220604,Icotrokinra,,secondary,27,244b6e3244374949db284812f946329ca5597afb,16w,OG000,OG001,other,ls_mean_difference,LSMean difference,-1.5,97.0,-3.11,0.12,2,,,,,
NCT06220604,Icotrokinra,,secondary,27,244b6e3244374949db284812f946329ca5597afb,16w,OG000,OG001,other,ls_mean_difference,LSMean difference,2.7,95.0,1.21,4.2,2,,,,,
NCT06220604,Icotrokinra,,secondary,27,244b6e3244374949db284812f946329ca5597afb,16w,OG000,OG001,other,ls_mean_difference,LSMean difference,-4.9,95.0,-6.51,-3.26,2,,,,,
NCT06220604,Icotrokinra,,secondary,28,a507dffe838c9d2819959a830ac7668360f172e4,16w,OG000,OG001,other,response_rate_difference,Treatment difference in percentage,12.9,95.0,5.3,20.5,2,,,,,
NCT06220604,Icotrokinra,,secondary,28,a507dffe838c9d2819959a830ac7668360f172e4,24w,OG000,OG001,other,response_rate_difference,Treatment difference in percentage,13.7,95.0,5.9,21.2,2,,,,,
NCT06220604,Icotrokinra,,secondary,29,7c00fd9719f07871c51aec0d2ea88ad43cf340b3,24w,OG000,OG001,other,response_rate_difference,Treatment difference in percentage,7.7,95.0,1.5,14.0,2,,,,,
