nct_id,drug,trial_name,rank,position,measure_type,scale,scale_component,scale_variant,baseline_reference,timepoints,through,analysis_population,subgroup_labels,study_period,event_type,criterion_index,criterion_role,criterion_scale,criterion_scale_component,criterion_scale_variant,criterion_metric,criterion_comparator,criterion_value,criterion_unit,criterion_scale_min,criterion_scale_max,criterion_assessed_at,verbatim
NCT00267969,Ustekinumab,PHOENIX1,primary,1,absolute_value,,,,baseline,12w,,,,,,0,,,,,,,,,,,,Psoriasis Area-and-severity Index (PASI) 75% Improvement From Baseline at Week 12. (Time frame: Week 12)
NCT00267969,Ustekinumab,PHOENIX1,secondary,1,count,,,,,12w,,,,,,0,,,,,,,,,,,,Number of Participants Who Achieved a Physician Global Assessment (PGA) Score of Cleared (0) or Minimal (1) at Week 12
NCT00267969,Ustekinumab,PHOENIX1,secondary,2,change_from_baseline,DLQI,,,baseline,12w,,,,,,0,,,,,,,,,,,,Change From Baseline in Dermatology Life Quality Index (DLQI) at Week 12
NCT00267969,Ustekinumab,PHOENIX1,secondary,3,absolute_value,,,,,52w,,,,,,0,,,,,,,,,,,,Psoriasis Area and Severity Index (PASI) 75 Responders at Week 52
NCT00307437,Ustekinumab,,primary,1,count,,,,,12w,,,,,,0,,,,,,,,,,,,Number of Participants With Psoriasis Area and Severity Index (PASI) Score of 75 Percent or Above at Week 12 (Time frame: Week 0 to Week 12)
NCT00307437,Ustekinumab,,secondary,1,count,,,,,12w,,,,,,0,,,,,,,,,,,,Number of Participants With Physician Global Assessment (PGA) of Cleared or Minimal at Week 12
NCT00307437,Ustekinumab,,secondary,2,change_from_baseline,DLQI,,,,12w,,,,,,0,,,,,,,,,,,,Change in Dermatology Life Quality Index (DLQI) at Week 12
NCT00307437,Ustekinumab,,secondary,3,count,,,,,40w,52w,,,,,0,,,,,,,,,,,,Number of Participants Visits With Psoriasis Area and Severity Index (PASI) 75 From Week 40 Through Week 52
NCT00674739,Imiquimod,,primary,1,responder_rate,,,,baseline,,,,,,,0,,,,,,,,,,,,Proportion of Subjects With Complete Clearance of All Warts (Both Presented at Baseline and Newly Emerged Warts) at End of Study (Time frame: Up to 16 weeks)
NCT00674739,Imiquimod,,secondary,1,other,,,,,,,,,,,0,,,,,,,,,,,,"Safety Variables Include Adverse Reactions (AEs), Local Skin Reactions (LSRs), and Number of Subjects Who Took Rest Periods During the Treatment Period."
NCT00674739,Imiquimod,,secondary,2,safety_incidence,,,,,,,,,,,0,,,,,,,,,,,,Treatment Related Adverse Events
NCT00735462,Imiquimod,,primary,1,responder_rate,,,,baseline,,,,,,,0,,,,,,,,,,,,Proportion of Subjects Achieving Complete Clearance of All Warts (Baseline and New) at the End of Study. (Time frame: Up to 16 weeks)
NCT00735462,Imiquimod,,secondary,1,count,,,,,,,,,,,0,,,,,,,,,,,,"Number of Subjects With Any Treatment Related Adverse Reactions (AEs), Any Local Skin Reactions (LSRs), and Number of Subjects Who Took Rest Periods During the Treatment Period"
NCT00744185,Propranolol,HEMANGIOMA,primary,1,other,,,,,,,,,,,0,,,,,,,,,,,,Proportion of hemangioma thickness variation measured by ultrasonography from the basal state between the two groups after 1 month-treatment. (Time frame: 30 days treatment)
NCT00744185,Propranolol,HEMANGIOMA,secondary,1,other,,,,,,,,,,,0,,,,,,,,,,,,Proportion of hemangioma size variation measured clinically and with photography from the basal state between the two groups after 1 month-treatment.
NCT00744185,Propranolol,HEMANGIOMA,secondary,2,other,,,,,,,,,,,0,,,,,,,,,,,,Observance
NCT00750139,Naftifine,,primary,1,responder_rate,,,,,6w,,,,,,0,,,,,,,,,,,,Percentage of Subjects With Complete Cure at Week 6. (Time frame: Week 6)
NCT00750139,Naftifine,,secondary,1,responder_rate,,,,,6w,,,,,,0,,,,,,,,,,,,Percentage of Subjects With Mycological Cure and Percentage of Subjects With Treatment Effectiveness at Week 6
NCT00979745,Afamelanotide,,primary,1,other,,,,,270d,,,,,,0,,,,,,,,,,,,The Duration of Direct Sunlight Exposure Between 10:00 and 15:00 Hours on Days When Patients Did Not Report Phototoxicity-related Pain (Likert Pain Scale Score of 0) (Time frame: From baseline to Day 270)
NCT00979745,Afamelanotide,,secondary,1,count,,,,,,,,,,,0,,,,,,,,,,,,Number of Phototoxic Reactions
NCT00979745,Afamelanotide,,secondary,2,other,,,,,,,,,,,0,,,,,,,,,,,,Quality of Life Measured by Patient Completed Questionnaire
NCT00979745,Afamelanotide,,secondary,3,other,,,,,,,,,,,0,,,,,,,,,,,,Free Protoporphyrin IX Level
NCT00979745,Afamelanotide,,secondary,4,safety_incidence,,,,,,,,,,TEAE,0,,,,,,,,,,,,Treatment Emergent Adverse Events
NCT01007708,Efinaconazole,,primary,1,other,,,,,,,,,,,0,,,,,,,,,,,,Percentage of patients who achieve clinical cure (Time frame: 52 weeks)
NCT01007708,Efinaconazole,,secondary,1,other,,,,,,,,,,,0,,,,,,,,,,,,Percentage of patients who achieve clinical efficacy
NCT01007708,Efinaconazole,,secondary,2,other,,,,,,,,,,,0,,,,,,,,,,,,Percentage of patients who achieve mycologic cure
NCT01008033,Efinaconazole,,primary,1,other,,,,,,,,,,,0,,,,,,,,,,,,Percentage of patients who achieve clinical cure (Time frame: 52 weeks)
NCT01008033,Efinaconazole,,secondary,1,other,,,,,,,,,,,0,,,,,,,,,,,,Percentage of patients who achieve clinical efficacy
NCT01008033,Efinaconazole,,secondary,2,other,,,,,,,,,,,0,,,,,,,,,,,,Percentage of patients who achieve mycologic cure
NCT01056341,Propranolol,,primary,1,absolute_value,,,,baseline,24w;24w,,,,,,0,,,,,,,,,,,,Interim Analysis : Complete/Nearly Complete Resolution of the Target Infantile Hemangioma at Week 24 Compared to Baseline Based on the Intra-patient Blinded Centralized Independent Qualitative Assessments of Week 24 Photographs. (Time frame: 6 months)
NCT01056341,Propranolol,,primary,2,other,,,,baseline,,,,,,,0,,,,,,,,,,,,Primary Analysis : Complete/Nearly Complete Resolution of the Target Infantile Hemangioma at W24 Compared to Baseline Based on the Intra-patient Blinded Centralized Independent Qualitative Assessments of W24 Photographs. (Time frame: 6 months)
NCT01056341,Propranolol,,secondary,1,other,,,,,,,,,,,0,,,,,,,,,,,,Success/Failure Based on the Investigator Qualitative Assessment of Complete Resolution at W48.
NCT01090427,Ustekinumab,,primary,1,absolute_value,,,,,12w,,,,,,0,,,,,,,,,,,,The Percentage of Participants Achieving a Physician's Global Assessment (PGA) Score of Cleared (0) or Minimal (1) at Week 12 (Time frame: Week 12)
NCT01090427,Ustekinumab,,secondary,1,absolute_value,,,,,12w,,,,,,0,,,,,,,,,,,,The Percentage of Participants Achieving a Psoriasis Area and Severity Index (PASI) 75 Response at Week 12
NCT01090427,Ustekinumab,,secondary,2,change_from_baseline,CDLQI,,,baseline,12w,,,,,,0,,,,,,,,,,,,Change From Baseline in Children's Dermatology Life Quality Index (CDLQI) Score at Week 12 Compared Between the Placebo Group and the Ustekinumab Treatment Groups
NCT01090427,Ustekinumab,,secondary,3,absolute_value,,,,,12w,,,,,,0,,,,,,,,,,,,The Percentage of Participants Achieving a Psoriasis Area and Severity Index (PASI) 90 Response at Week 12 Compared Between the Placebo Group and the Ustekinumab Treatment Groups
NCT01090427,Ustekinumab,,secondary,4,absolute_value,,,,,12w,,,,,,0,,,,,,,,,,,,The Percentage of Participants Achieving a Physician's Global Assessment (PGA) Score of Cleared (0) and PGA Score of Mild or Better (<=2) at Week 12
NCT01090427,Ustekinumab,,secondary,5,absolute_value,,,,,12w,,,,,,0,,,,,,,,,,,,The Percentage of Participants Who Were PASI 50 Responders and the Percentage of Participants With a PASI Score of 0 at Week 12
NCT01090427,Ustekinumab,,secondary,6,absolute_value,,,,baseline,12w,,,,,,0,,,,,,,,,,,,"The Change From Baseline in Pediatric Quality of Life Inventory (PedsQL) Total Scale Score, Psychosocial Health Summary Score, and Physical Health Summary Score at Week 12"
NCT01090427,Ustekinumab,,secondary,7,absolute_value,CDLQI,,,baseline,12w,,,,,,0,,,,,,,,,,,,The Percentage of Participants With CDLQI Scores of 0 or 1 at Week 12 for Randomized Participants With a Baseline CDLQI Score > 1
NCT01110330,Ketoconazole,,primary,1,absolute_value,,,,baseline,6w,,,,,,0,,,,,,,,,,,,The Number of Patients in the Positive Baseline Culture Set (PBCS) With Mycological Cure (MC) at Week 6 (Time frame: Week 6)
NCT01110330,Ketoconazole,,secondary,1,absolute_value,,,,baseline,6w,,,,,,0,,,,,,,,,,,,The Number of Patients in the Positive Baseline Culture Set (PBCS) With Overall Cure (OC) at Week 6
NCT01194219,Apremilast,ESTEEM 1,primary,1,responder_rate,,,,baseline,16w,,,,,,1,responder,PASI,,,percent_improvement_from_baseline,>=,75,percent,,,,Percentage of Participants Who Achieved a 75% Improvement (Response) in the Psoriasis Area Severity Index (PASI-75) at Week 16 From Baseline (Time frame: Baseline to Week 16)
NCT01194219,Apremilast,ESTEEM 1,secondary,1,responder_rate,,,,baseline,,,,,,,1,responder,sPGA,,,absolute_score,in,"[0, 1]",score,,,,Percentage of Participants Who Achieved a Static Physician Global Assessment (sPGA) Score of Clear (0) or Almost Clear (1) With At Least 2 Points Reduction From Baseline
NCT01194219,Apremilast,ESTEEM 1,secondary,2,percent_change_from_baseline,BSA,,,baseline,16w,,,,,,0,,,,,,,,,,,,Percent Change From Baseline in Percent of Affected Body Surface Area (BSA) at Week 16
NCT01194219,Apremilast,ESTEEM 1,secondary,3,percent_change_from_baseline,,,,baseline,16w,,,,,,0,,,,,,,,,,,,Percent Change From Baseline in the Psoriasis Area Severity Index (PASI) Score at Week 16
NCT01194219,Apremilast,ESTEEM 1,secondary,4,responder_rate,,,,baseline,16w,,,,,,1,responder,PASI,,,percent_improvement_from_baseline,>=,50,percent,,,,Percentage of Participants Who Achieved a 50% Improvement (Response) in the PASI Score (PASI-50) at Week 16 From Baseline
NCT01194219,Apremilast,ESTEEM 1,secondary,5,change_from_baseline,,,,baseline,16w,,,,,,0,,,,,,,,,,,,Change From Baseline in Pruritus Visual Analog Scale (VAS) Score at Week 16
NCT01194219,Apremilast,ESTEEM 1,secondary,6,change_from_baseline,DLQI,Total,,baseline,16w,,,,,,0,,,,,,,,,,,,Change From Baseline in the Dermatology Life Quality Index (DLQI) Total Score at Week 16
NCT01194219,Apremilast,ESTEEM 1,secondary,7,change_from_baseline,,,,baseline,16w,,,,,,0,,,,,,,,,,,,Change From Baseline in the Mental Component Summary (MSC) Score of the Medical Outcome Study Short Form 36-item (SF-36) Health Survey Version 2.0 at Week 16
NCT01194219,Apremilast,ESTEEM 1,secondary,8,responder_rate,,,,baseline,16w,,,,,,1,responder,PASI,,,absolute_score,in,"[0, 1]",score,,,,Percentage of Participants Who Achieved Both a 75% Improvement (Response) in the PASI and sPGA Score of Clear (0) or Almost Clear (1) With at Least 2 Points Reduction at Week 16 From Baseline
NCT01194219,Apremilast,ESTEEM 1,secondary,9,absolute_value,,,,,32w,,,,,,0,,,,,,,,,,,,Kaplan Meier Estimate of Time to Loss of PASI-75 Response (Loss of Effect) at Week 32 During the Re-Randomized Treatment Withdrawal Phase
NCT01194219,Apremilast,ESTEEM 1,secondary,10,count,,,,,,,,,,TEAE,0,,,,,,,,,,,,Number of Participants With Treatment-Emergent Adverse Events (TEAEs) During the Placebo-Controlled Phase
NCT01194219,Apremilast,ESTEEM 1,secondary,11,count,,,,,,260w,,,,,0,,,,,,,,,,,,Number of Participants With TEAEs During the Apremilast-Exposure Period Through Week 260
NCT01194219,Apremilast,ESTEEM 1,secondary,12,count,,,,,,,,,,flare,0,,,,,,,,,,,,Number of Participants With a Psoriasis Flare or Rebound During the Placebo-Controlled Phase
NCT01194219,Apremilast,ESTEEM 1,secondary,13,count,,,,,,260w,,,,flare,0,,,,,,,,,,,,Number of Participants With a Psoriasis Flare or Rebound During the During the Apremilast-exposure Period Through Week 260
NCT01232283,Apremilast,ESTEEM 2,primary,1,responder_rate,,,,baseline,16w,,,,,,1,responder,PASI,,,percent_improvement_from_baseline,>=,75,percent,,,,Percentage of Participants Who Achieved at Least a 75% Improvement (Response) in the Psoriasis Area Severity Index (PASI-75) at Week 16 From Baseline (Time frame: Baseline to Week 16)
NCT01232283,Apremilast,ESTEEM 2,secondary,1,responder_rate,,,,baseline,,,,,,,1,responder,sPGA,,,absolute_score,in,"[0, 1]",score,,,,Percentage of Participants Who Achieved a Static Physician Global Assessment (sPGA) Score of Clear (0) or Almost Clear (1) With at Least 2 Points Reduction From Baseline
NCT01232283,Apremilast,ESTEEM 2,secondary,2,percent_change_from_baseline,BSA,,,baseline,16w,,,,,,0,,,,,,,,,,,,Percent Change From Baseline in the Affected Body Surface Area (BSA) at Week 16
NCT01232283,Apremilast,ESTEEM 2,secondary,3,percent_change_from_baseline,,,,baseline,16w,,,,,,0,,,,,,,,,,,,Percent Change From Baseline in the Psoriasis Area Severity Index (PASI) Score at Week 16
NCT01232283,Apremilast,ESTEEM 2,secondary,4,responder_rate,,,,baseline,16w,,,,,,1,responder,PASI,,,percent_improvement_from_baseline,>=,50,percent,,,,Percentage of Participants Who Achieved a 50% Improvement (Response) in the PASI Score (PASI-50) at Week 16 From Baseline
NCT01232283,Apremilast,ESTEEM 2,secondary,5,change_from_baseline,,,,baseline,16w,,,,,,0,,,,,,,,,,,,Change From Baseline in Pruritus Visual Analog Scale (VAS) Score at Week 16
NCT01232283,Apremilast,ESTEEM 2,secondary,6,change_from_baseline,DLQI,Total,,baseline,16w,,,,,,0,,,,,,,,,,,,Change From Baseline in Dermatology Life Quality Index (DLQI) Total Score at Week 16
NCT01232283,Apremilast,ESTEEM 2,secondary,7,change_from_baseline,,,,baseline,16w,,,,,,0,,,,,,,,,,,,Change From Baseline in the Mental Component Summary (MSC) Score of the Medical Outcome Study Short Form 36-item (SF-36) Health Survey Version 2.0 at Week 16
NCT01232283,Apremilast,ESTEEM 2,secondary,8,responder_rate,,,,baseline,16w,,,,,,1,responder,PASI,,,absolute_score,in,"[0, 1]",score,,,,Percentage of Participants Who Achieved Both a 75% Improvement (Response) in the PASI and sPGA Score of Clear (0) or Almost Clear (1) With at Least 2 Points Reduction at Week 16 From Baseline
NCT01232283,Apremilast,ESTEEM 2,secondary,9,time_to_event,,,,baseline,32w,,,,,,0,,,,,,,,,,,,Time to Loss of Effect (Loss of 50% Improvement in PASI Score Obtained at Week 32 Compared to Baseline) During the Randomized Treatment Withdrawal Phase
NCT01232283,Apremilast,ESTEEM 2,secondary,10,count,,,,,,,,,,TEAE,0,,,,,,,,,,,,Number of Participants With Treatment Emergent Adverse Events (TEAEs) in the Placebo Controlled Phase
NCT01232283,Apremilast,ESTEEM 2,secondary,11,count,,,,,,,,,,flare,0,,,,,,,,,,,,Number of Participants With Psoriasis Flare or Rebound in the Placebo Controlled Phase
NCT01232283,Apremilast,ESTEEM 2,secondary,12,count,,,,,,260w,,,,,0,,,,,,,,,,,,Number of Participants With TEAEs During the Apremilast-Exposure Period Through Week 260
NCT01232283,Apremilast,ESTEEM 2,secondary,13,count,,,,,,,,,,flare,0,,,,,,,,,,,,Number of Participants With Psoriasis Flare or Rebound in the Apremilast-Exposure Period
NCT01264939,Omalizumab,,primary,1,safety_incidence,,,,,,,,,,,0,,,,,,,,,,,,Percentage of Participants With Adverse Events (Time frame: Baseline to the end of study (up to 40 weeks))
NCT01264939,Omalizumab,,secondary,1,change_from_baseline,,,,baseline,12w,,,,,,0,,,,,,,,,,,,Change From Baseline to Week 12 in the Weekly Itch Severity Score
NCT01264939,Omalizumab,,secondary,2,change_from_baseline,,,,baseline,12w,,,,,,0,,,,,,,,,,,,Change From Baseline to Week 12 in the Urticaria Activity Score Over 7 Days (UAS7)
NCT01264939,Omalizumab,,secondary,3,change_from_baseline,,,,baseline,12w,,,,,,0,,,,,,,,,,,,Change From Baseline to Week 12 in the Weekly Number of Hives Score
NCT01264939,Omalizumab,,secondary,4,time_to_event,,,,,12w,,,,,,0,,,,,,,,,,,,Time to Minimally Important Difference (MID) Response in the Weekly Itch Severity Score by Week 12
NCT01264939,Omalizumab,,secondary,5,responder_rate,,,,,12w,,,,,,1,responder,UAS7,,,absolute_score,<=,6,score,,,,Percentage of Participants With a UAS7 Score ≤ 6 at Week 12
NCT01264939,Omalizumab,,secondary,6,absolute_value,,,,,12w,,,,,,0,,,,,,,,,,,,Percentage of Weekly Itch Severity Score MID Responders at Week 12
NCT01264939,Omalizumab,,secondary,7,change_from_baseline,,,,baseline,12w,,,,,,0,,,,,,,,,,,,Change From Baseline to Week 12 in the Weekly Size of the Largest Hive Score
NCT01264939,Omalizumab,,secondary,8,change_from_baseline,DLQI,,,baseline,12w,,,,,,0,,,,,,,,,,,,Change From Baseline in the Overall Dermatology Life Quality Index (DLQI) Score at Week 12
NCT01264939,Omalizumab,,secondary,9,other,,,,,4-12w,,,,,,0,,,,,,,,,,,,Percentage of Angioedema-free Days From Week 4 to Week 12
NCT01264939,Omalizumab,,secondary,10,absolute_value,,,,,12w,,,,,,0,,,,,,,,,,,,Percentage of Complete Responders (UAS7 = 0) at Week 12
NCT01270971,Tavaborole,,primary,1,absolute_value,,,,,52w,,,,,,0,,,,,,,,,,,,Complete Cure (Completely Clear Nail and Negative Mycology) of Target Great Toenail at Week 52 (Time frame: Week 52)
NCT01270971,Tavaborole,,secondary,1,absolute_value,,,,,52w,,,,,,0,,,,,,,,,,,,Completely Clear or Almost Clear Target Great Toenail at Week 52
NCT01270971,Tavaborole,,secondary,2,absolute_value,,,,,52w,,,,,,0,,,,,,,,,,,,Treatment Success (Completely Clear or Almost Clear Nail and Negative Mycology) of Target Great Toenail at Week 52
NCT01270971,Tavaborole,,secondary,3,absolute_value,,,,,52w,,,,,,0,,,,,,,,,,,,Negative Mycology of Target Great Toenail at Week 52
NCT01287117,Omalizumab,,primary,1,change_from_baseline,,,,baseline,12w,,,,,,0,,,,,,,,,,,,Change From Baseline to Week 12 in the Weekly Itch Severity Score (Time frame: Baseline to Week 12)
NCT01287117,Omalizumab,,secondary,1,change_from_baseline,,,,baseline,12w,,,,,,0,,,,,,,,,,,,Change From Baseline to Week 12 in the Urticaria Activity Score Over 7 Days (UAS7)
NCT01287117,Omalizumab,,secondary,2,change_from_baseline,,,,baseline,12w,,,,,,0,,,,,,,,,,,,Change From Baseline to Week 12 in the Weekly Number of Hives Score
NCT01287117,Omalizumab,,secondary,3,time_to_event,,,,,12w,,,,,,0,,,,,,,,,,,,Time to Minimally Important Difference (MID) Response in the Weekly Itch Severity Score by Week 12
NCT01287117,Omalizumab,,secondary,4,responder_rate,,,,,12w,,,,,,1,responder,UAS7,,,absolute_score,<=,6,score,,,,Percentage of Participants With a UAS7 Score ≤ 6 at Week 12
NCT01287117,Omalizumab,,secondary,5,absolute_value,,,,,12w,,,,,,0,,,,,,,,,,,,Percentage of Weekly Itch Severity Score MID Responders at Week 12
NCT01287117,Omalizumab,,secondary,6,change_from_baseline,,,,baseline,12w,,,,,,0,,,,,,,,,,,,Change From Baseline to Week 12 in the Weekly Size of the Largest Hive Score
NCT01287117,Omalizumab,,secondary,7,change_from_baseline,DLQI,,,baseline,12w,,,,,,0,,,,,,,,,,,,Change From Baseline in the Overall Dermatology Life Quality Index (DLQI) Score at Week 12
NCT01287117,Omalizumab,,secondary,8,other,,,,,4-12w,,,,,,0,,,,,,,,,,,,Percentage of Angioedema-free Days From Week 4 to Week 12
NCT01287117,Omalizumab,,secondary,9,absolute_value,,,,,12w,,,,,,0,,,,,,,,,,,,Percentage of Complete Responders (UAS7 = 0) at Week 12
NCT01289015,Naftifine,NAFT-600,primary,1,other,,,,,6w,,,,,,0,,,,,,,,,,,,Complete Cure of Interdigital Tinea Pedis (Time frame: Visit 4/ Week 6)
NCT01289015,Naftifine,NAFT-600,secondary,1,absolute_value,,,,,6w,,,,,,0,,,,,,,,,,,,Effective Treatment and Mycological Cure of Interdigital Tinea Pedis at Week 6
NCT01290341,Naftifine,NAFT-600,primary,1,other,,,,,6w,,,,,,0,,,,,,,,,,,,Complete Cure of Interdigital Tinea Pedis (Time frame: Visit 4/ Week 6)
NCT01290341,Naftifine,NAFT-600,secondary,1,absolute_value,,,,,6w,,,,,,0,,,,,,,,,,,,Effective Treatment and Mycological Cure of Interdigital Tinea Pedis at Week 6
NCT01292473,Omalizumab,,primary,1,change_from_baseline,,,,baseline,12w,,,,,,0,,,,,,,,,,,,"Change From Baseline in the Weekly Itch Severity Score at Week 12 (Time frame: Baseline, Week 12)"
NCT01292473,Omalizumab,,secondary,1,change_from_baseline,,,,baseline,12w,,,,,,0,,,,,,,,,,,,Change From Baseline in the Weekly Urticaria Activity Score (UAS7) at Week 12
NCT01292473,Omalizumab,,secondary,2,change_from_baseline,,,,baseline,12w,,,,,,0,,,,,,,,,,,,Change From Baseline in the Weekly Number of Hives Score at Week 12
NCT01292473,Omalizumab,,secondary,3,time_to_event,,,,,12w,,,,,,0,,,,,,,,,,,,Time to Minimally Important Difference (MID) Response in the Weekly Itch Severity Score by Week 12
NCT01292473,Omalizumab,,secondary,4,responder_rate,,,,,12w,,,,,,1,responder,UAS7,,,absolute_score,<=,6,score,,,,Percentage of Participants With a UAS7 Less Than or Equal to 6 at Week 12
NCT01292473,Omalizumab,,secondary,5,absolute_value,,,,,12w,,,,,,0,,,,,,,,,,,,Percentage of Weekly Itch Severity Score MID Responders at Week 12
NCT01292473,Omalizumab,,secondary,6,change_from_baseline,,,,baseline,12w,,,,,,0,,,,,,,,,,,,Change From Baseline in the Weekly Size of the Largest Hive Score at Week 12
NCT01292473,Omalizumab,,secondary,7,change_from_baseline,DLQI,,,baseline,12w,,,,,,0,,,,,,,,,,,,Change From Baseline in the Overall Dermatology Life Quality Index (DLQI) at Week 12
NCT01292473,Omalizumab,,secondary,8,other,,,,,4-12w,,,,,,0,,,,,,,,,,,,Percentage of Angioedema-free Days From Week 4 to Week 12
NCT01302119,Tavaborole,,primary,1,absolute_value,,,,,52w,,,,,,0,,,,,,,,,,,,Complete Cure (Completely Clear Nail and Negative Mycology) of Target Great Toenail at Week 52 (Time frame: Week 52)
NCT01302119,Tavaborole,,secondary,1,absolute_value,,,,,52w,,,,,,0,,,,,,,,,,,,Completely Clear or Almost Clear Target Great Toenail at Week 52
NCT01302119,Tavaborole,,secondary,2,absolute_value,,,,,52w,,,,,,0,,,,,,,,,,,,Treatment Success (Completely Clear or Almost Clear Nail and Negative Mycology) of Target Great Toenail at Week 52
NCT01302119,Tavaborole,,secondary,3,absolute_value,,,,,52w,,,,,,0,,,,,,,,,,,,Negative Mycology of Target Great Toenail at Week 52
NCT01353976,Econazole,,primary,1,other,,,,,43d,,,,,,0,,,,,,,,,,,,Complete Cure (Time frame: Day 43)
NCT01353976,Econazole,,secondary,1,other,,,,,,,,,,,0,,,,,,,,,,,,Effective Treatment
NCT01353976,Econazole,,secondary,2,other,,,,,,,,,,,0,,,,,,,,,,,,Mycological Cure
NCT01358578,Secukinumab,FIXTURE,primary,1,other,,,,,,,,,,,0,,,,,,,,,,,,Efficacy of Secukinumab Compared to Placebo in Subjects With Moderate to Severe Chronic Plaque-type Psoriasis Measure: PASI 75 (Psoriasis Area and Severity Index) . (Time frame: 12 wks)
NCT01358578,Secukinumab,FIXTURE,primary,2,absolute_value,IGA,,,,12w,,,,,,0,,,,,,,,,,,,Efficacy of Secukinumab Compared to Placebo in Subjects With Moderate to Severe Chronic Plaque-type Psoriasis Measure:IGA (Investigator's Global Assessment) Mod 2011 With a 0 or 1 Response at Week 12 (Time frame: 12 wks)
NCT01358578,Secukinumab,FIXTURE,secondary,1,absolute_value,,,,,12w,,,,,,0,,,,,,,,,,,,Efficacy of Secukinumab Compared to Etanercept and Placebo in Subjects With Moderate to Severe Chronic Plaque-type Psoriasis Measure: PASI 90 at Week 12
NCT01358578,Secukinumab,FIXTURE,secondary,2,absolute_value,,,,,12w,,,,,,0,,,,,,,,,,,,Efficacy of Secukinumab Compared to Etanercept in Subjects With Moderate to Severe Chronic Plaque-type Psoriasis Measure: PASI 75 at Week 12
NCT01358578,Secukinumab,FIXTURE,secondary,3,absolute_value,IGA,,,,12w,,,,,,0,,,,,,,,,,,,Efficacy of Secukinumab Compared to Etanercept in Subjects With Moderate to Severe Chronic Plaque-type Psoriasis Measure: :IGA (Investigator's Global Assessment) Mod 2011 With a 0 or 1 Response at Week 12
NCT01358578,Secukinumab,FIXTURE,secondary,4,absolute_value,,,,,52w;12w,,,,,,0,,,,,,,,,,,,Maintenance of PASI 75 Response at Week 52 for Patients Who Were PASI 75 Responders at Week 12 (Non-responder Imputation)
NCT01358578,Secukinumab,FIXTURE,secondary,5,other,IGA,,,,,,,,,,0,,,,,,,,,,,,Maintenance of IGA Mod 2011 0 or 1 Response After 52 Weeks of Treatment for Subjects Who Were IGA Mod 2011 0 or 1 Responders After 12 Weeks of Treatment
NCT01358578,Secukinumab,FIXTURE,secondary,6,change_from_baseline,,,,baseline,12w,,,,,,0,,,,,,,,,,,,"Change in Score From Baseline to Week 12 in Psoriasis Symptom Diary Items Itching, Pain and Scaling in AIN457 vs Placebo"
NCT01358578,Secukinumab,FIXTURE,secondary,7,change_from_baseline,,,,baseline,12w,,,,,,0,,,,,,,,,,,,"Change From Baseline to Week 12 in Psoriasis Symptom Diary Items Itching, Pain and Scaling in AIN457 vs Etanercept"
NCT01358578,Secukinumab,FIXTURE,secondary,8,count,,,,,,,,,,,0,,,,,,,,,,,,Number of Participants Developing Anti-secukinumab Antibodies
NCT01365455,Secukinumab,ERASURE,primary,1,responder_rate,,,,,,,,,,,1,responder,PASI,,,percent_improvement_from_baseline,>=,75,percent,,,,Percentage of Participants Who Achieved >75 or Higher (Psoriasis Area and Severity Index) PASI Score at 12 Weeks (Time frame: 12 weeks)
NCT01365455,Secukinumab,ERASURE,primary,2,responder_rate,IGA,,,,,,,,,,1,responder,IGA,,,absolute_score,in,"[0, 1]",score,,,,Percentage of Participants Who Achieved (Investigator's Global Assessment) IGA Score of 0 or 1 (Time frame: 12 weeks)
NCT01365455,Secukinumab,ERASURE,secondary,1,responder_rate,,,,,12w,,,,,,1,responder,PASI,,,percent_improvement_from_baseline,>=,90,percent,,,,Percentage of Participants Who Achieved a PASI (Psoriasis Area and Severity Index) Score of 90 or Better at Week 12
NCT01365455,Secukinumab,ERASURE,secondary,2,count,,,,,12w,,,,,,0,,,,,,,,,,,,Number of Participants That Maintained the Psoriasis Area and Severity Index (PASI) 75 Response at 52 Weeks of Treatment for Participants Who Were PASI 75 Responders at Week 12
NCT01365455,Secukinumab,ERASURE,secondary,3,count,IGA,,,,12w,,,,,,0,,,,,,,,,,,,Number of Participants That Maintained the IGA Mod 2011 0 or 1 Response at 52 Weeks of Treatment for Participants Who Were IGA Mod 2011 0 or 1 Responders at Week 12
NCT01365455,Secukinumab,ERASURE,secondary,4,change_from_baseline,,,,baseline,12w,,,,,,0,,,,,,,,,,,,"Change From Baseline to Week 12 in Psoriasis Symptom Diary Items Itching, Pain and Scaling in AIN457 vs Placebo"
NCT01365455,Secukinumab,ERASURE,secondary,5,responder_rate,IGA,,,,,,,,,,1,responder,IGA,,,absolute_score,in,"[0, 1]",score,,,,Percentage of Participants Achieving PASI 50/75/90/100 Response or IGA 0 or 1 Response up to 12 Weeks Induction Period
NCT01365455,Secukinumab,ERASURE,secondary,6,responder_rate,IGA,,,,12-52w,,,,,,1,responder,IGA,,,absolute_score,in,"[0, 1]",score,,,,Percentage of Participants Achieving PASI 50/75/90/100 Response or IGA 0 or 1 Response Maintenance Period After Week 12 to Week 52
NCT01365455,Secukinumab,ERASURE,secondary,7,other,,,,baseline,,12w,,,,,0,,,,,,,,,,,,Mean Percent Change From Baseline in PASI Scores up to Week 12 - Induction Period
NCT01365455,Secukinumab,ERASURE,secondary,8,other,,,,baseline,12-52w,,,,,,0,,,,,,,,,,,,Mean Percent Change From Baseline in PASI Scores Maintenance Period After Week 12 to Week 52
NCT01365455,Secukinumab,ERASURE,secondary,9,responder_rate,IGA,,,,,12w,,,,,0,,,,,,,,,,,,Percentage of Participants in Each IGA Mod 2011 Score Category up to Week 12 - Induction Period
NCT01365455,Secukinumab,ERASURE,secondary,10,responder_rate,IGA,,,,12-52w,,,,,,0,,,,,,,,,,,,Percentage of Participants in Each IGA Mod 2011 Score Category Maintenance Period After Week 12 to Week 52
NCT01365455,Secukinumab,ERASURE,secondary,11,time_to_event,,,,,,,,,,,0,,,,,,,,,,,,Time to PASI 75 Response up to 12 Weeks
NCT01365455,Secukinumab,ERASURE,secondary,12,other,EQ-5D,,,baseline,,,,,,,0,,,,,,,,,,,,Mean Percent Change From Baseline in EuroQOL 5-Dimension Health Status Questionnaire (EQ-5D) Health State Assessment (From 0 to 100) Induction Period
NCT01365455,Secukinumab,ERASURE,secondary,13,other,EQ-5D,,,baseline,,,,,,,0,,,,,,,,,,,,Mean Percent Change From Baseline in EuroQOL 5-Dimension Health Status Questionnaire (EQ-5D) Health State Assessment (From 0 to 100) Maintenance Period
NCT01365455,Secukinumab,ERASURE,secondary,14,percent_change_from_baseline,DLQI,,,,,,,,,,0,,,,,,,,,,,,Percentage Changes in the Dermatology Life Quality Index (DLQI) During Induction Period
NCT01365455,Secukinumab,ERASURE,secondary,15,percent_change_from_baseline,DLQI,,,,,,,,,,0,,,,,,,,,,,,Percentage Changes in the Dermatology Life Quality Index (DLQI) During Maintenance Period
NCT01365455,Secukinumab,ERASURE,secondary,16,responder_rate,DLQI,,,,,,,,,,1,responder,DLQI,,,absolute_score,in,"[0, 1]",score,,,,Percentage of Participants Who Achieved Dermatology Life Quality Index (DLQI) of 0 or 1 During Induction Period
NCT01365455,Secukinumab,ERASURE,secondary,17,responder_rate,DLQI,,,,,,,,,,1,responder,DLQI,,,absolute_score,in,"[0, 1]",score,,,,Percentage of Participants Who Achieved Dermatology Life Quality Index (DLQI) of 0 or 1 During Maintenance Period
NCT01365455,Secukinumab,ERASURE,secondary,18,responder_rate,IGA,,,,12w,,,,,,1,responder,IGA,,,absolute_score,in,"[0, 1]",score,,,,"Percentage of Participants Achieving PASI 75, PASI 90 and IGA Mod 2011 0 or 1 Response at Week 12 by Previous Exposure to Biologic Systemic Therapy or Anti-TNF-α Therapy and Failed to Respond to a Previous Biologic or Anti-TNF-α Therapy Psoriasis Therapy"
NCT01365455,Secukinumab,ERASURE,secondary,19,count,,,,,,,,,,,0,,,,,,,,,,,,Number of Participants Who Developed Anti-secukinumab Antibodies
NCT01397461,Ozenoxacin,,primary,1,responder_rate,,,,,,,,,,,0,,,,,,,,,,,,Clinical Success (Time frame: 2 weeks)
NCT01468207,Adalimumab,PIONEER I,primary,1,responder_rate,,,,,12w,,,,,,1,responder,AN Count,,,percent_improvement_from_baseline,>=,50,percent,,,,Percentage of Participants Achieving Hidradenitis Suppurativa Clinical Response (HiSCR) at Week 12 (Time frame: Baseline (Week 0) up to Week 12)
NCT01468207,Adalimumab,PIONEER I,secondary,1,responder_rate,,,,baseline,12w,,,,,,0,,,,,,,,,,,,"Percentage of Participants With Baseline Hurley Stage II Who Achieved Abscess and Inflammatory Nodule (AN) Count of 0, 1, or 2 at Week 12"
NCT01468207,Adalimumab,PIONEER I,secondary,2,responder_rate,Pruritus NRS,Skin Pain,worst_daily,baseline,12w,,,,,,1,responder,Pruritus NRS,Skin Pain,worst_daily,percent_improvement_from_baseline,>=,30,percent,,,,Percentage of Participants Achieving At Least 30% Reduction and At Least 1 Unit Reduction From Baseline in Patient's Global Assessment of Skin Pain (NRS30) - At Worst at Week 12 Among Participants With Baseline Skin Pain NRS ≥ 3
NCT01468207,Adalimumab,PIONEER I,secondary,3,change_from_baseline,,,,baseline,12w,,,,,,0,,,,,,,,,,,,Change From Baseline to Week 12 in Modified Sartorius Score
NCT01468233,Adalimumab,PIONEER II,primary,1,responder_rate,,,,,12w,,,,,,1,responder,AN Count,,,percent_improvement_from_baseline,>=,50,percent,,,,Percentage of Participants Achieving Hidradenitis Suppurativa Clinical Response (HiSCR) at Week 12 (Time frame: Baseline (Week 0) up to Week 12)
NCT01468233,Adalimumab,PIONEER II,secondary,1,responder_rate,,,,baseline,12w,,,,,,0,,,,,,,,,,,,"Percentage of Participants With Baseline Hurley Stage II Who Achieved Abscess and Inflammatory Nodule (AN) Count of 0, 1, or 2 at Week 12"
NCT01468233,Adalimumab,PIONEER II,secondary,2,responder_rate,Pruritus NRS,Skin Pain,worst_daily,baseline,12w,,,,,,1,responder,Pruritus NRS,Skin Pain,worst_daily,percent_improvement_from_baseline,>=,30,percent,,,,Percentage of Participants Achieving At Least 30% Reduction and At Least 1 Unit Reduction From Baseline in Patient's Global Assessment of Skin Pain (NRS30) - At Worst at Week 12 Among Participants With Baseline Skin Pain NRS ≥ 3
NCT01468233,Adalimumab,PIONEER II,secondary,3,change_from_baseline,,,,baseline,12w,,,,,,0,,,,,,,,,,,,Change From Baseline to Week 12 in Modified Sartorius Score
NCT01474512,Ixekizumab,UNCOVER-1,primary,1,responder_rate,,,,,12w,,,,,,1,responder,sPGA,,,absolute_score,in,"[0, 1]",score,,,,Percentage of Participants With Static Physician Global Assessment (sPGA) of 0 or 1 (Efficacy of Ixekizumab in Participants With Moderate to Severe Plaque Ps Measure: sPGA) (Time frame: Week 12)
NCT01474512,Ixekizumab,UNCOVER-1,primary,2,responder_rate,,,,,12w,,,,,,0,,,,,,,,,,,,Percentage of Participants Achieving ≥75% Improvement in Ps Area and Severity Index (PASI75) (Efficacy of Ixekizumab in Participants With Moderate to Severe Plaque Psoriasis Measure: PASI) (Time frame: Week 12)
NCT01474512,Ixekizumab,UNCOVER-1,secondary,1,responder_rate,,,,,,,,,,,1,responder,sPGA,,,absolute_score,==,0,score,,,,Percentage of Participants Achieving an sPGA of 0 (Efficacy of Ixekizumab in Participants With Moderate to Severe Plaque Ps Measure: sPGA)
NCT01474512,Ixekizumab,UNCOVER-1,secondary,2,responder_rate,,,,,,,,,,,1,responder,PASI,,,percent_improvement_from_baseline,>=,90,percent,,,,Percentage of Participants Achieving PASI 90% (PASI90) or 100% (PASI100) (Efficacy of Ixekizumab in Participants With Moderate to Severe Plaque Ps Measure: PASI)
NCT01474512,Ixekizumab,UNCOVER-1,secondary,3,responder_rate,,,,,,,,,,,1,responder,sPGA,,,absolute_score,in,"[0, 1]",score,,,,Percentage of Participants Maintaining sPGA 0 or 1 After Re-Randomization at Start of Maintenance Dosing Period
NCT01474512,Ixekizumab,UNCOVER-1,secondary,4,responder_rate,Pruritus NRS,,,baseline,,,,,,,1,responder,Pruritus NRS,,,point_reduction_from_baseline,>=,4,points,,,,Percentage of Participants With Itch Numeric Rating Scale (Itch NRS) Score ≥4 Point Reduction From Baseline
NCT01474512,Ixekizumab,UNCOVER-1,secondary,5,change_from_baseline,DLQI,,,baseline,,,,,,,0,,,,,,,,,,,,Change From Baseline in Dermatology-Specific Quality of Life Index (DLQI) Score
NCT01474512,Ixekizumab,UNCOVER-1,secondary,6,change_from_baseline,,,,baseline,,,,,,,0,,,,,,,,,,,,Change From Baseline in Nail Psoriasis Severity Index (NAPSI)
NCT01474512,Ixekizumab,UNCOVER-1,secondary,7,other,BSA,,,,,,,,,,0,,,,,,,,,,,,Percent of Body Surface Area (BSA) Involvement of Ps
NCT01474512,Ixekizumab,UNCOVER-1,secondary,8,change_from_baseline,,,,baseline,,,,,,,0,,,,,,,,,,,,Change From Baseline in Psoriasis Scalp Severity Index (PSSI)
NCT01474512,Ixekizumab,UNCOVER-1,secondary,9,change_from_baseline,,,,baseline,,,,,,,0,,,,,,,,,,,,Change From Baseline in All Scores of the Work Productivity Activity Impairment Questionnaire-Psoriasis (WPAI-PSO) Quality of Life and Outcome Assessments. Measures: Participant Reported Outcomes (PRO)
NCT01474512,Ixekizumab,UNCOVER-1,secondary,10,change_from_baseline,,,,baseline,,,,,,,0,,,,,,,,,,,,Change From Baseline in Quick Inventory of Depressive Symptomatology-Self Reported 16 Items (QIDS-SR16)
NCT01474512,Ixekizumab,UNCOVER-1,secondary,11,change_from_baseline,,,,baseline,,,,,,,0,,,,,,,,,,,,Change From Baseline in Medical Outcomes Study 36-item Short Form Health Survey (SF-36) and Physical Component Summary (PCS) and Mental Component Summary (MCS)
NCT01474512,Ixekizumab,UNCOVER-1,secondary,12,change_from_baseline,,,,baseline,,,,,,,0,,,,,,,,,,,,Change From Baseline in Patient's Global Assessment of Disease Severity (PatGA)
NCT01474512,Ixekizumab,UNCOVER-1,secondary,13,responder_rate,,,,,,,,,,,1,responder,PPASI,,,percent_improvement_from_baseline,>=,50,percent,,,,"Percentage of Participants Achieving Palmoplantar PASI (PPASI) of ≥50% (PPASI50), ≥75% (PPASI75), or 100% (PPASI100) Improvement"
NCT01474512,Ixekizumab,UNCOVER-1,secondary,14,pharmacokinetics,,,,,,,,,,,0,,,,,,,,,,,,Pharmacokinetics (PK): Trough Concentration at Steady State (Ctrough ss)
NCT01474512,Ixekizumab,UNCOVER-1,secondary,15,responder_rate,,,,,,,,,,,0,,,,,,,,,,,,Percentage of Participants With Anti-ixekizumab Antibodies
NCT01493687,Ivermectin,,primary,1,other,,,,,12w,,,,,,0,,,,,,,,,,,,Success Rate (Time frame: Week 12)
NCT01493687,Ivermectin,,primary,2,other,,,,,12w,,,,,,0,,,,,,,,,,,,Absolute Change in Inflammatory Lesion Count (Time frame: Baseline to Week 12)
NCT01493687,Ivermectin,,secondary,1,percent_change_from_baseline,,,,baseline,12w,,,,,,0,,,,,,,,,,,,Percent Change in Inflammatory Lesion Count From Baseline to Week 12 (ITT-LOCF)
NCT01494467,Ivermectin,,primary,1,other,,,,,12w,,,,,,0,,,,,,,,,,,,Success Rate (Time frame: Week 12)
NCT01494467,Ivermectin,,primary,2,other,,,,,12w,,,,,,0,,,,,,,,,,,,Absolute Change in Inflammatory Lesion Count (Time frame: Baseline to Week 12)
NCT01494467,Ivermectin,,secondary,1,percent_change_from_baseline,,,,baseline,12w,,,,,,0,,,,,,,,,,,,Percent Change in Inflammatory Lesion Count From Baseline to Week 12 (ITT-LOCF)
NCT01555125,Secukinumab,FEATURE,primary,1,absolute_value,,,,,12w,,,,,,0,,,,,,,,,,,,Efficacy of Secukinumab Compared to Placebo in Subjects With Moderate to Severe Chronic Plaque-type Psoriasis at Week 12 Measure: PASI 75 (Psoriasis Area and Severity Index) Response. (Time frame: 12 weeks)
NCT01555125,Secukinumab,FEATURE,primary,2,absolute_value,IGA,,,,12w,,,,,,0,,,,,,,,,,,,Efficacy of Secukinumab Compared to Placebo in Subjects With Moderate to Severe Chronic Plaque-type Psoriasis Measure:IGA (Investigator's Global Assessment) With a 0 or 1 Response at Week 12 (Time frame: 12 weeks)
NCT01555125,Secukinumab,FEATURE,secondary,1,absolute_value,,,,baseline,12w,,,,,,0,,,,,,,,,,,,Absolute Change From Baseline in Self Injection Assessment Questionnaire (SIAQ) Domain Scores at Week 12
NCT01555125,Secukinumab,FEATURE,secondary,2,absolute_value,,,,baseline,48w,,,,,,0,,,,,,,,,,,,Absolute Change From Baseline in Self-Injection Assessment Questionnaire (SIAQ) Domain Scores at Week 48
NCT01555125,Secukinumab,FEATURE,secondary,3,count,,,,,1w,,,,,,0,,,,,,,,,,,,Number of Subjects With Potential Use Related Hazards at Week 1
NCT01555125,Secukinumab,FEATURE,secondary,4,responder_rate,,,,,1w,,,,,,0,,,,,,,,,,,,Percentage of Subjects With Successful Self Administration of Study Drug at Week 1
NCT01555125,Secukinumab,FEATURE,secondary,5,other,,,,,,,,,,,0,,,,,,,,,,,,"Percent of Responders With Psoriasis Area and Severity Index (PASI) Equal to or Greater Than 50, PASI 75, PASI 90, PASI 100, (Induction) With Non-responder Imputation"
NCT01555125,Secukinumab,FEATURE,secondary,6,other,,,,,,,,,,,0,,,,,,,,,,,,"Percent of Responders With Psoriasis Area and Severity Index (PASI) Equal to or Greater Than 50, PASI 75, PASI 90, PASI 100, (Maintenance; Observed Data)"
NCT01555125,Secukinumab,FEATURE,secondary,7,other,IGA,,,,,,,,,,0,,,,,,,,,,,,"Percent of Responders With Investigator's Global Assessment (IGA) Mod 2011 Score of 0 or 1, (Maintenance; Observed Data)"
NCT01555125,Secukinumab,FEATURE,secondary,8,absolute_value,,,,baseline,12w,,,,,,0,,,,,,,,,,,,"Absolute Change From Baseline for PASI Score at Week 12, (Induction)"
NCT01555125,Secukinumab,FEATURE,secondary,9,other,,,,baseline,,52w,,,,,0,,,,,,,,,,,,"Absolute Change From Baseline for PASI Score Over Time up to Week 52, (Maintenance; Observed Data)"
NCT01555125,Secukinumab,FEATURE,secondary,10,count,IGA,,,,12w,,,,,,0,,,,,,,,,,,,"Number of Participants in Each Investigator's Global Assessment (IGA) Mod 2011 Category at Week 12, (Induction)"
NCT01555125,Secukinumab,FEATURE,secondary,11,responder_rate,IGA,,,,,52w,,,,,0,,,,,,,,,,,,"Percentage of Participants in Each Investigator's Global Assessment (IGA) Mod 2011 Category Over Time up to Week 52, (Maintenance; Observed Data)"
NCT01555125,Secukinumab,FEATURE,secondary,12,change_from_baseline,EQ-5D,,,baseline,12w,,,,,,0,,,,,,,,,,,,Change From Baseline in EQ-5D at Week 12 (Induction)
NCT01555125,Secukinumab,FEATURE,secondary,13,change_from_baseline,EQ-5D,,,baseline,,52w,,,,,0,,,,,,,,,,,,"Change From Baseline in EuroQOL 5-Dimension Health Status Questionnaire (EQ-5D) Over Time up to Week 52, (Maintenance)"
NCT01555125,Secukinumab,FEATURE,secondary,14,other,DLQI,Total,,baseline,,,,,,,0,,,,,,,,,,,,"Median Percentage Change From Baseline in Dermatology Life Quality Index (DLQI) Total Score, (Induction)"
NCT01555125,Secukinumab,FEATURE,secondary,15,other,DLQI,,,baseline,,52w,,,,,0,,,,,,,,,,,,"Median Percentage Change From Baseline in Dermatology Life Quality Index (DLQI) Score Over Time up to Week 52, (Maintenance)"
NCT01555125,Secukinumab,FEATURE,secondary,16,responder_rate,DLQI,,,,12w,,,,,,1,responder,DLQI,,,absolute_score,in,"[0, 1]",score,,,,"Percentage of Participants Achieving a DLQI Score of 0 or 1 at Week 12, (Induction)"
NCT01555125,Secukinumab,FEATURE,secondary,17,responder_rate,DLQI,,,,,52w,,,,,1,responder,DLQI,,,absolute_score,in,"[0, 1]",score,,,,"Percentage of Participants Achieving a DLQI Score of 0 or 1 Over Time up to Week 52, (Maintenance)"
NCT01555125,Secukinumab,FEATURE,secondary,18,count,,,,,52w,,,,,,0,,,,,,,,,,,,"Number of Responders With PASI Equal to or Greater Than 50, PASI 75, PASI 90, PASI 100 After Week 52"
NCT01555125,Secukinumab,FEATURE,secondary,19,other,,,,baseline,52w,,,,,,0,,,,,,,,,,,,"Absolute Change From Baseline for PASI Score After Week 52, (Observed Data)"
NCT01555125,Secukinumab,FEATURE,secondary,20,count,IGA,,,,52w,,,,,,0,,,,,,,,,,,,Number of Participants in Each IGA Mod 2011 Category After Week 52 (Observed Data)
NCT01555125,Secukinumab,FEATURE,secondary,21,count,,,,,,,,,,,0,,,,,,,,,,,,"Number of Participants Developing Treatment Emergent Anti-secukinumab Antibodies, Immunogenicity"
NCT01597245,Ixekizumab,UNCOVER-2,primary,1,responder_rate,,,,,12w,,,,,,1,responder,sPGA,,,absolute_score,in,"[0, 1]",score,,,,"Percentage of Participants With a Static Physician Global Assessment (sPGA) of (0,1) (Efficacy of Ixekizumab in Participants With Moderate to Severe Chronic Plaque Psoriasis. Measure: Static Physician Global Assessment [sPGA]) (Time frame: Week 12)"
NCT01597245,Ixekizumab,UNCOVER-2,primary,2,responder_rate,,,,,12w,,,,,,0,,,,,,,,,,,,Percentage of Participants Achieving Psoriasis Area and Severity Index (PASI) ≥75% (PASI75) Improvement (Efficacy of Ixekizumab in Participants With Moderate to Severe Chronic Plaque Psoriasis. Measure: Psoriasis Area and Severity Index [PASI]) (Time frame: Week 12)
NCT01597245,Ixekizumab,UNCOVER-2,secondary,1,responder_rate,,,,,,,,,,,1,responder,sPGA,,,absolute_score,==,0,score,,,,Percentage of Participants Achieving an sPGA (0) (Efficacy of Ixekizumab in Participants With Moderate to Severe Chronic Plaque Psoriasis. Measure: [sPGA])
NCT01597245,Ixekizumab,UNCOVER-2,secondary,2,responder_rate,,,,,,,,,,,1,responder,PASI,,,percent_improvement_from_baseline,>=,90,percent,,,,Percentage of Participants Achieving PASI 90% (PASI90) (Efficacy of Ixekizumab in Participants With Moderate to Severe Chronic Plaque Psoriasis. Measure: [PASI])
NCT01597245,Ixekizumab,UNCOVER-2,secondary,3,responder_rate,,,,,,,,,,,1,responder,PASI,,,percent_improvement_from_baseline,>=,100,percent,,,,Percentage of Participants Achieving PASI 100% (PASI100)
NCT01597245,Ixekizumab,UNCOVER-2,secondary,4,responder_rate,,,,,12w;60w,,,,,,1,responder,sPGA,,,absolute_score,in,"[0, 1]",score,,,,"Percentage of Participants Maintaining an sPGA (0,1) From Week 12 After Re-randomization at Start of Maintenance Dosing Period to Week 60"
NCT01597245,Ixekizumab,UNCOVER-2,secondary,5,responder_rate,,,,baseline,,,,,,,1,responder,Pruritus NRS,,,point_reduction_from_baseline,>=,4,points,,,,Percentage of Participants With Itching Severity (Itch Numeric Rating Scale [NRI]) Score ≥4 Point Reduction From Baseline
NCT01597245,Ixekizumab,UNCOVER-2,secondary,6,change_from_baseline,DLQI,Total,,baseline,,,,,,,0,,,,,,,,,,,,Change From Baseline in Dermatology-Specific Quality of Life Index (DLQI) Total Score (Quality of Life and Outcome Assessments. Measures: Participant Reported Outcomes [PRO])
NCT01597245,Ixekizumab,UNCOVER-2,secondary,7,change_from_baseline,,,,baseline,,,,,,,0,,,,,,,,,,,,Change From Baseline in Nail Psoriasis Severity Index (NAPSI)
NCT01597245,Ixekizumab,UNCOVER-2,secondary,8,change_from_baseline,,,,baseline,,,,,,,0,,,,,,,,,,,,Change From Baseline Psoriasis Scalp Severity Index (PSSI) Score
NCT01597245,Ixekizumab,UNCOVER-2,secondary,9,change_from_baseline,BSA,,,baseline,,,,,,,0,,,,,,,,,,,,Change From Baseline in Percent of Body Surface Area (BSA) Involvement of Psoriasis
NCT01597245,Ixekizumab,UNCOVER-2,secondary,10,change_from_baseline,,,,baseline,,,,,,,0,,,,,,,,,,,,Change From Baseline in Quick Inventory of Depressive Symptomatology-Self Report 16 Items (QIDS-SR16) Total Score
NCT01597245,Ixekizumab,UNCOVER-2,secondary,11,change_from_baseline,,,,baseline,,,,,,,0,,,,,,,,,,,,Change From Baseline in All Scores of the Work Productivity Activity Impairment Questionnaire-Psoriasis (WPAI-PSO)
NCT01597245,Ixekizumab,UNCOVER-2,secondary,12,change_from_baseline,,,,baseline,,,,,,,0,,,,,,,,,,,,Change From Baseline in Medical Outcomes Study 36-Item Short Form Health Survey (SF-36) and Physical Component Summary (PCS) and Mental Component Summary (MCS) Scores
NCT01597245,Ixekizumab,UNCOVER-2,secondary,13,change_from_baseline,,,,baseline,,,,,,,0,,,,,,,,,,,,Change From Baseline in Patient's Global Assessment (PatGA) of Disease Severity
NCT01597245,Ixekizumab,UNCOVER-2,secondary,14,responder_rate,,,,,,,,,,,1,responder,PPASI,,,percent_improvement_from_baseline,>=,50,percent,,,,"Percentage of Participants Achieving Palmoplantar PASI (PPASI) of ≥50% (PPASI50), ≥75% (PPASI75) or 100% (PPASI100) Improvement"
NCT01597245,Ixekizumab,UNCOVER-2,secondary,15,responder_rate,,,,,,,,,,,0,,,,,,,,,,,,Percentage of Participants With Anti-Ixekizumab Antibodies
NCT01605136,Afamelanotide,,primary,1,other,,,,,,,,,,,0,,,,,,,,,,,,Duration of Direct Sunlight Exposure Between 10:00 and 18:00 Hours on Days When no Pain Was Experienced (Pain Score of 0). (Time frame: Daily for 6 months)
NCT01605136,Afamelanotide,,secondary,1,other,,,,,,,,,,,0,,,,,,,,,,,,Combined Sun Exposure and Phototoxic Pain
NCT01605136,Afamelanotide,,secondary,2,other,,,,,,,,,,,0,,,,,,,,,,,,Sun Exposure
NCT01605136,Afamelanotide,,secondary,3,other,,,,,,,,,,,0,,,,,,,,,,,,Quality of Life Score
NCT01605136,Afamelanotide,,secondary,4,other,,,,,,,,,,,0,,,,,,,,,,,,Photoprovocation
NCT01605136,Afamelanotide,,secondary,5,other,,,,,,,,,,,0,,,,,,,,,,,,Maximum Severity of Phototoxic Reaction Experienced by Participants
NCT01605136,Afamelanotide,,secondary,6,other,,,,,,,,,,,0,,,,,,,,,,,,Total Number Phototoxic Reactions Experienced by Participants
NCT01636687,Secukinumab,JUNCTURE,primary,1,other,IGA,,,,,,,,,,0,,,,,,,,,,,,Psoriasis Area and Severity Index (PASI) 75 Response and Investigators' Global Assessment (IGA) Mod 2011 0 or 1 Response (Time frame: 12 weeks)
NCT01636687,Secukinumab,JUNCTURE,secondary,1,absolute_value,,,,,1w,,,,,,0,,,,,,,,,,,,Percentages of Subjects With Successful Self-administration of Study Drug at Week 1
NCT01636687,Secukinumab,JUNCTURE,secondary,2,responder_rate,,,,,,,,,,,0,,,,,,,,,,,,Percentage of Subjects With Possible Use-related Hazards
NCT01636687,Secukinumab,JUNCTURE,secondary,3,absolute_value,,,,baseline,12w,,,,,,0,,,,,,,,,,,,Absolute Change From Baseline in Self-Injection Assessment Questionnaire (SIAQ) Domain Scores at Week 12
NCT01636687,Secukinumab,JUNCTURE,secondary,4,absolute_value,,,,baseline,48w,,,,,,0,,,,,,,,,,,,Absolute Change From Baseline in Self-Injection Assessment Questionnaire (SIAQ) Domain Scores at Week 48
NCT01636687,Secukinumab,JUNCTURE,secondary,5,other,IGA,,,,,,,,,,0,,,,,,,,,,,,"Percentages of Participants With PASI 50, PASI 75, PASI 90, PASI 100 and IGA Mod 2011 0 or 1 Response - Induction Period"
NCT01636687,Secukinumab,JUNCTURE,secondary,6,other,IGA,,,,,,,,,,0,,,,,,,,,,,,"Percentages of Participants With PASI 50, PASI 75, PASI 90, PASI 100 and IGA Mod 2011 0 or 1 Response - Maintenance Period (Observed Data)"
NCT01636687,Secukinumab,JUNCTURE,secondary,7,other,,,,baseline,,,,,,,0,,,,,,,,,,,,Absolute Change From Baseline for PASI Score - Induction Period
NCT01636687,Secukinumab,JUNCTURE,secondary,8,other,,,,baseline,,52w,,,,,0,,,,,,,,,,,,Absolute Change From Baseline for PASI Score Over Time up to Week 52 - Maintenance Period (Observed Data)
NCT01636687,Secukinumab,JUNCTURE,secondary,9,responder_rate,IGA,,,,,,,,,,0,,,,,,,,,,,,Percentage of Participants in Each IGA Mod 2011 Category - Induction Period
NCT01636687,Secukinumab,JUNCTURE,secondary,10,other,IGA,,,,,52w,,,,,0,,,,,,,,,,,,Percentages of Participants in Each IGA Mod 2011 Category Over Time up to Week 52 - Maintenance Period (Observed Data)
NCT01636687,Secukinumab,JUNCTURE,secondary,11,change_from_baseline,EQ-5D,,,baseline,,12w,,,,,0,,,,,,,,,,,,Change From Baseline in EQ-5D up to Week 12 - Induction Period
NCT01636687,Secukinumab,JUNCTURE,secondary,12,change_from_baseline,EQ-5D,,,baseline,,52w,,,,,0,,,,,,,,,,,,Change From Baseline in EQ-5D Over Time up to Week 52 - Maintenance Period
NCT01636687,Secukinumab,JUNCTURE,secondary,13,percent_change_from_baseline,DLQI,,,baseline,,,,,,,0,,,,,,,,,,,,Percentage Changes From Baseline in Dermatology Life Quality Index (DLQI) Score - Induction Period
NCT01636687,Secukinumab,JUNCTURE,secondary,14,percent_change_from_baseline,DLQI,,,baseline,,52w,,,,,0,,,,,,,,,,,,Percentage Changes From Baseline in Dermatology Life Quality Index (DLQI) Score Over Time up to Week 52 - Maintenance Period
NCT01636687,Secukinumab,JUNCTURE,secondary,15,responder_rate,DLQI,,,,12w,,,,,,1,responder,DLQI,,,absolute_score,in,"[0, 1]",score,,,,Percentage of Participants Achieving a DLQI Score of 0 or 1 at Week 12 - Induction Period
NCT01636687,Secukinumab,JUNCTURE,secondary,16,other,DLQI,,,,,52w,,,,,0,,,,,,,,,,,,Percentages of Participants Achieving a DLQI Score of 0 or 1 Over Time up to Week 52 - (Maintenance)
NCT01636687,Secukinumab,JUNCTURE,secondary,17,other,IGA,,,,52w,,,,,,0,,,,,,,,,,,,"Percentages of Participants With PASI 50, PASI 75, PASI 90, PASI 100 and IGA Mod 2011 0 or 1 Response After Week 52 (Observed Data)"
NCT01636687,Secukinumab,JUNCTURE,secondary,18,other,,,,baseline,52w,,,,,,0,,,,,,,,,,,,Absolute Change From Baseline for PASI Score After Week 52 (Observed Data)
NCT01636687,Secukinumab,JUNCTURE,secondary,19,other,IGA,,,,52w,,,,,,0,,,,,,,,,,,,Percentages of Participants in Each IGA Mod 2011 Category After Week 52 (Observed Data)
NCT01636687,Secukinumab,JUNCTURE,secondary,20,count,,,,,,,,,,,0,,,,,,,,,,,,Number of Participants Developing Treatment-emergent Anti-secukinumab Antibodies
NCT01646177,Ixekizumab,UNCOVER-3,primary,1,count,,,,,12w,,,,,,0,,,,,,,,,,,,"Number of Participants Achieving a Static Physician Global Assessment (sPGA) of (0, 1) (Efficacy of Ixekizumab in Participants With Moderate to Severe Chronic Plaque Psoriasis. Measure: sPGA) (Time frame: Week 12)"
NCT01646177,Ixekizumab,UNCOVER-3,primary,2,count,,,,,12w,,,,,,0,,,,,,,,,,,,Number of Participants Achieving Psoriasis Area and Severity Index ≥75% (PASI 75) Improvement (Efficacy of Ixekizumab in Participants With Moderate to Severe Chronic Plaque Psoriasis. Measure: PASI) (Time frame: Week 12)
NCT01646177,Ixekizumab,UNCOVER-3,secondary,1,count,,,,,,,,,,,0,,,,,,,,,,,,Number of Participants Achieving an sPGA (0) (Efficacy of Ixekizumab in Participants With Moderate to Severe Chronic Plaque Psoriasis. Measure: sPGA)
NCT01646177,Ixekizumab,UNCOVER-3,secondary,2,count,,,,,,,,,,,0,,,,,,,,,,,,Number of Participants Achieving ≥90% (PASI 90) Improvement (Efficacy of Ixekizumab in Participants With Moderate to Severe Chronic Plaque Psoriasis. Measure: PASI)
NCT01646177,Ixekizumab,UNCOVER-3,secondary,3,count,,,,,,,,,,,0,,,,,,,,,,,,Number of Participants Achieving 100% (PASI 100) Improvement (Efficacy of Ixekizumab in Participants With Moderate to Severe Chronic Plaque Psoriasis. Measure: PASI)
NCT01646177,Ixekizumab,UNCOVER-3,secondary,4,count,Pruritus NRS,,,,,,,,,,0,,,,,,,,,,,,Number of Participants Achieving an Itch Numeric Rating Scale (NRS) ≥4 Point Reduction [Quality of Life and Outcome Assessments. Measures: Patient Reported Outcomes (PRO)]
NCT01646177,Ixekizumab,UNCOVER-3,secondary,5,change_from_baseline,DLQI,Total,,baseline,,,,,,,0,,,,,,,,,,,,Change From Baseline in Dermatology Life Quality Index (DLQI) Total Score
NCT01646177,Ixekizumab,UNCOVER-3,secondary,6,change_from_baseline,,,,baseline,,,,,,,0,,,,,,,,,,,,Change From Baseline in Nail Psoriasis Severity Index (NAPSI) Score
NCT01646177,Ixekizumab,UNCOVER-3,secondary,7,other,BSA,,,,,,,,,,0,,,,,,,,,,,,Percent of Body Surface Area (BSA) Involvement of Psoriasis
NCT01646177,Ixekizumab,UNCOVER-3,secondary,8,change_from_baseline,,,,baseline,,,,,,,0,,,,,,,,,,,,Change From Baseline in Psoriasis Scalp Severity Index (PSSI) Score
NCT01646177,Ixekizumab,UNCOVER-3,secondary,9,change_from_baseline,,,,baseline,,,,,,,0,,,,,,,,,,,,Change From Baseline in Quick Inventory of Depressive Symptomatology-Self Report 16 Items (QIDS-SR16) Total Score [Quality of Life and Outcome Assessments. Measures: Patient Reported Outcomes (PRO)]
NCT01646177,Ixekizumab,UNCOVER-3,secondary,10,change_from_baseline,,,,baseline,,,,,,,0,,,,,,,,,,,,Change From Baseline in All Scores of the Work Productivity Activity Impairment Questionnaire-Psoriasis (WPAI-PSO)
NCT01646177,Ixekizumab,UNCOVER-3,secondary,11,change_from_baseline,,,,baseline,,,,,,,0,,,,,,,,,,,,"Change From Baseline in Medical Outcomes Study 36-Item Short Form (SF-36) Health Survey, Physical Component Summary (PCS) and Mental Component Summary (MCS) Scores"
NCT01646177,Ixekizumab,UNCOVER-3,secondary,12,change_from_baseline,,,,baseline,,,,,,,0,,,,,,,,,,,,Change From Baseline in Patient's Global Assessment of Disease Severity
NCT01646177,Ixekizumab,UNCOVER-3,secondary,13,count,,,,,,,,,,,0,,,,,,,,,,,,Number of Participants Achieving Palmoplantar PASI of ≥50% (PPASI 50) Improvement
NCT01646177,Ixekizumab,UNCOVER-3,secondary,14,count,,,,,,,,,,,0,,,,,,,,,,,,Number of Participants Achieving Palmoplantar PASI of ≥75% (PPASI 75) Improvement
NCT01646177,Ixekizumab,UNCOVER-3,secondary,15,count,,,,,,,,,,,0,,,,,,,,,,,,Number of Participants Achieving Palmoplantar PASI of 100% (PPASI 100) Improvement
NCT01646177,Ixekizumab,UNCOVER-3,secondary,16,count,,,,,,,,,,,0,,,,,,,,,,,,Number of Participants With Treatment-Emergent Anti-Ixekizumab Antibodies
NCT01690299,Apremilast,,primary,1,responder_rate,,,,baseline,16w,,,,,,0,,,,,,,,,,,,Percentage of Participants Who Achieved a 75% Improvement (Response) in the Psoriasis Area Severity Index (PASI-75) for the Comparison Between Apremilast and Placebo at Week 16 From Baseline (Time frame: Baseline to Week 16)
NCT01690299,Apremilast,,secondary,1,responder_rate,,,,,16w,,,,,,0,,,,,,,,,,,,Percentage of Participants Who Achieved a 75% Improvement (Response) in the Psoriasis Area and Severity Index (PASI) for the Comparison Between Etanercept 50mg SC QW and Placebo at Week 16
NCT01690299,Apremilast,,secondary,2,responder_rate,,,,,16w,,,,,,0,,,,,,,,,,,,Percentage of Participants Who Achieved a Static Physician Global Assessment (sPGA) Score of Clear (0) or Almost Clear (1) With at Least 2 Points Reduction for Comparison Between Apremilast and Placebo and Etanercept and Placebo at Week 16
NCT01690299,Apremilast,,secondary,3,percent_change_from_baseline,BSA,,,baseline,16w,,,,,,0,,,,,,,,,,,,Percent Change From Baseline in the Affected Body Surface Area (BSA) for Comparison Between Apremilast and Placebo and Etanercept and Placebo at Week 16
NCT01690299,Apremilast,,secondary,4,responder_rate,,,,,16w,,,,,,0,,,,,,,,,,,,Percentage of Participants Who Achieved a 50% Improvement (Response) in the Psoriasis Area Severity Index (PASI-50) for Comparison Between Apremilast and Placebo and Etanercept and Placebo at Week 16
NCT01690299,Apremilast,,secondary,5,change_from_baseline,DLQI,Total,,baseline,16w,,,,,,0,,,,,,,,,,,,Change From Baseline in Dermatology Life Quality Index (DLQI) Total Score In Comparison Between Apremilast and Placebo and Etanercept and Placebo at Week 16
NCT01690299,Apremilast,,secondary,6,change_from_baseline,,,,baseline,16w,,,,,,0,,,,,,,,,,,,Change From Baseline in the Mental Component Summary (MCS) Score of the Medical Outcome Study Short Form 36-item (SF-36) Health Survey Version 2.0 in Comparison Between Apremilast and Placebo and Etanercept and Placebo at Week 16
NCT01690299,Apremilast,,secondary,7,responder_rate,,,,,16w;16w,,,,,,0,,,,,,,,,,,,Percentage of Participants Who Achieved a Lattice System Physician's Global Assessment (LS-PGA) Score of Clear (0) or Almost Clear at Week 16 in Comparison Between Apremilast and Placebo and Etanercept and Placebo at Week 16
NCT01690299,Apremilast,,secondary,8,count,,,,,,,,,,TEAE,0,,,,,,,,,,,,Number of Participants With Treatment Emergent Adverse Events (TEAE) During the Placebo-Controlled Phase
NCT01690299,Apremilast,,secondary,9,count,,,,,,,,,,TEAE,0,,,,,,,,,,,,Number of Participants With Treatment Emergent Adverse Events (TEAE) During the Apremilast-exposure Period
NCT01690299,Apremilast,,secondary,10,other,,,,,,,,,,flare,0,,,,,,,,,,,,Psoriasis Flare/Rebound
NCT01690299,Apremilast,,secondary,11,other,,,,,,,,,,flare,0,,,,,,,,,,,,Psoriasis Flare/Rebound
NCT01708590,Brodalumab,AMAGINE-1,primary,1,responder_rate,,,,,12w,,,,,,1,responder,PASI,,,percent_improvement_from_baseline,>=,75,percent,,,,Percentage of Participants With Psoriasis Area and Severity Index (PASI) 75 at Week 12 (Time frame: 0-12 weeks)
NCT01708590,Brodalumab,AMAGINE-1,primary,2,responder_rate,,,,,12w,,,,,,0,,,,,,,,,,,,Percentage of Participants With Static Physician Global Assessment (sPGA) Score Success (Score of 0 or 1) at Week 12 (Time frame: 0 - 12 Weeks)
NCT01708590,Brodalumab,AMAGINE-1,secondary,1,responder_rate,,,,,52w,,,,,,1,responder,sPGA,,,absolute_score,in,"[0, 1]",score,,,,Percentage of Participants With Static Physicians Global Assessment (sPGA) Score Success (Score of 0 or 1) at Week 52
NCT01708603,Brodalumab,AMAGINE-2,primary,1,responder_rate,,,,,12w,,,,,,1,responder,sPGA,,,absolute_score,in,"[0, 1]",score,,,,Percentage of Participants With Static Physician Global Assessment (sPGA) Score Success (Score of 0 or 1) at Week 12 (Time frame: 12 weeks)
NCT01708603,Brodalumab,AMAGINE-2,primary,2,responder_rate,,,,,12w,,,,,,0,,,,,,,,,,,,Percentage of Participants With Psoriasis Area Severity Index (PASI) 75 at Week 12 (Time frame: 12 weeks)
NCT01708603,Brodalumab,AMAGINE-2,primary,3,responder_rate,,,,,12w,,,,,,0,,,,,,,,,,,,Percentage of Participants With Psoriasis Area Severity Index (PASI) 100 at Week 12 (Time frame: 12 Weeks)
NCT01708629,Brodalumab,AMAGINE-3,primary,1,responder_rate,,,,,12w,,,,,,1,responder,PASI,,,percent_improvement_from_baseline,>=,75,percent,,,,Percentage of Participants With Psoriasis Area Severity Index (PASI) 75 at Week 12 (Time frame: 12 weeks)
NCT01708629,Brodalumab,AMAGINE-3,primary,2,responder_rate,,,,,12w,,,,,,0,,,,,,,,,,,,Percentage of Participants With Static Physician Global Assessment (sPGA) Success Score (Score of 0 or 1) at Week 12 - Comparison to Placebo (Time frame: 12 weeks)
NCT01722331,Tildrakizumab,reSURFACE 1,primary,1,responder_rate,,,,,12w,,,,,,1,responder,PASI,,,percent_improvement_from_baseline,>=,75,percent,,,,Percentage of Participants With Psoriasis Area Sensitivity Index 75 (PASI-75) Response at Week 12 (Base Study) (Time frame: Week 12 (or end of trial if prior to Week 12))
NCT01722331,Tildrakizumab,reSURFACE 1,primary,2,responder_rate,,,,baseline,12w,,,,,,0,,,,,,,,,,,,Percentage of Participants With a Physician's Global Assessment (PGA) Score of Clear or Minimal With at Least a 2 Grade Reduction From Baseline at Week 12 (Base Study) (Time frame: Baseline and Week 12 (or end of trial if prior to Week 12))
NCT01722331,Tildrakizumab,reSURFACE 1,primary,3,count,,,,,,12w,,,,,0,,,,,,,,,,,,Number of Participants Experiencing an Adverse Event Up to Week 12 (Base Study) (Time frame: Up to 12 weeks)
NCT01722331,Tildrakizumab,reSURFACE 1,primary,4,count,,,,,,12w,,,,,0,,,,,,,,,,,,Number of Participants Discontinuing Study Drug Due to an Adverse Event Up to Week 12 (Base Study) (Time frame: Up to 12 weeks)
NCT01722331,Tildrakizumab,reSURFACE 1,primary,5,count,,,,,,,,,,,0,,,,,,,,,,,,Number of Participants Discontinuing Study Drug Due to a Drug-Related Adverse Event (Base Study) (Time frame: Up to 12 weeks)
NCT01722331,Tildrakizumab,reSURFACE 1,secondary,1,responder_rate,,,,,12w,,,,,,1,responder,PASI,,,percent_improvement_from_baseline,>=,90,percent,,,,Percentage of Participants With PASI-90 Response At Week 12
NCT01722331,Tildrakizumab,reSURFACE 1,secondary,2,responder_rate,,,,,12w,,,,,,1,responder,PASI,,,percent_improvement_from_baseline,>=,100,percent,,,,Percentage of Participants With PASI-100 Response at Week 12
NCT01722331,Tildrakizumab,reSURFACE 1,secondary,3,other,DLQI,,,baseline,,,,,,,0,,,,,,,,,,,,Baseline Dermatology Life Quality Index (DLQI) Score
NCT01722331,Tildrakizumab,reSURFACE 1,secondary,4,change_from_baseline,DLQI,,,baseline,12w,,,,,,0,,,,,,,,,,,,Change From Baseline in the Participant DLQI Score at Week 12
NCT01722331,Tildrakizumab,reSURFACE 1,secondary,5,responder_rate,DLQI,,,,12w,,,,,,1,responder,DLQI,,,absolute_score,in,"[0, 1]",score,,,,Percentage of Participants With DLQI Score of 0 or 1 at Week 12
NCT01723072,Omalizumab,X-ACT,primary,1,other,,,,baseline,,,,,,,0,,,,,,,,,,,,"Mean Change From Baseline Using Chronic Urticaria Quality of Life Questionnaire (CU-Q2oL) Total Scores During the Study: Unadjusted Analysis and ANCOVA (LOCF) (FAS) (Time frame: Baseline, 4, 12, 20, 28 and 36 weeks)"
NCT01723072,Omalizumab,X-ACT,secondary,1,count,,,,,,,,,,,0,,,,,,,,,,,,Number of Angioedema Burdened Days by Study Phase (Observed Cases With Imputation)
NCT01723072,Omalizumab,X-ACT,secondary,2,other,,,,,,,,,,,0,,,,,,,,,,,,Mean Time Interval Between Successive Angioedema Episodes of the First 15 Episodes
NCT01723072,Omalizumab,X-ACT,secondary,3,other,,,,,,,,,,,0,,,,,,,,,,,,Change of Angioedema Activity Score (AAS) Total Week Sum Scores: Unadjusted Analysis and ANCOVA (Observed Cases With Imputation)
NCT01723072,Omalizumab,X-ACT,secondary,4,other,,,,,,,,,,,0,,,,,,,,,,,,Diameter: Acute Swelling Episodes Within the Screening Period (Week -2 to -1)
NCT01723072,Omalizumab,X-ACT,secondary,5,other,,,,,25w,,,,,,0,,,,,,,,,,,,Diameter: Acute Swelling Episodes at End of Treatment (Weeks 25 to 28)
NCT01723072,Omalizumab,X-ACT,secondary,6,other,,,,,33w,,,,,,0,,,,,,,,,,,,Diameter: Acute Swelling Episodes at End of Follow-up(Weeks 33 to 36)
NCT01723072,Omalizumab,X-ACT,secondary,7,other,,,,,,,,,,,0,,,,,,,,,,,,Shortness of Breath: Acute Swelling Episodes Within the Screening Period (Weeks -2 to -1)
NCT01723072,Omalizumab,X-ACT,secondary,8,other,,,,,25w,,,,,,0,,,,,,,,,,,,Shortness of Breath: Acute Swelling Episodes at End of Treatment Period (Weeks 25 to 28)
NCT01723072,Omalizumab,X-ACT,secondary,9,other,,,,,33w,,,,,,0,,,,,,,,,,,,Shortness of Breath: Acute Swelling Episodes at End of Follow-up Period (Weeks 33 to 36)
NCT01723072,Omalizumab,X-ACT,secondary,10,other,,,,baseline,28w,,,,,,0,,,,,,,,,,,,Change of AE-Q2oL Scores From Baseline to Week 28: Unadjusted Analysis and ANCOVA (Observed Cases)
NCT01723072,Omalizumab,X-ACT,secondary,11,other,,,,,,,,,,,0,,,,,,,,,,,,Rescue Medication During the Treatment Period
NCT01723072,Omalizumab,X-ACT,secondary,12,other,,,,,,,,,,,0,,,,,,,,,,,,Days of Rescue Medication During the Treatment Period
NCT01723072,Omalizumab,X-ACT,secondary,13,other,,,,,,,,,,,0,,,,,,,,,,,,Days of Rescue Medication During the Follow-up Period
NCT01723072,Omalizumab,X-ACT,secondary,14,other,,,,baseline,28w,,,,,,0,,,,,,,,,,,,Change of UAS7 Total Scores From Baseline to Week 28: Unadjusted Analysis and ANCOVA (Observed Cases)
NCT01723072,Omalizumab,X-ACT,secondary,15,other,DLQI,,,baseline,28w,,,,,,0,,,,,,,,,,,,Change of DLQI Scores From Baseline to Week 28: Unadjusted Analysis and ANCOVA (Observed Cases)
NCT01729754,Tildrakizumab,reSURFACE 2,primary,1,responder_rate,,,,,12w,,,,,,1,responder,PASI,,,percent_improvement_from_baseline,>=,75,percent,,,,Percentage of Participants Achieving a Psoriasis Area Sensitivity Index 75% (PASI-75) Response at Week 12 (Part 1) (Time frame: Week 12)
NCT01729754,Tildrakizumab,reSURFACE 2,primary,2,responder_rate,,,,baseline,12w,,,,,,0,,,,,,,,,,,,Percentage of Participants With a Physician's Global Assessment (PGA) Score of Clear or Minimal With at Least a 2 Grade Reduction From Baseline at Week 12 (Part 1) (Time frame: Week 12)
NCT01729754,Tildrakizumab,reSURFACE 2,primary,3,safety_incidence,,,,,,12w,,,,,0,,,,,,,,,,,,Percentage of Participants Experiencing an Adverse Event (AE) Up to Week 12 (Part 1) (Time frame: Up to Week 12)
NCT01729754,Tildrakizumab,reSURFACE 2,primary,4,responder_rate,,,,,,12w,,,,,0,,,,,,,,,,,,Percentage of Participants Discontinuing Study Treatment Due to an AE Up to Week 12 (Part 1) (Time frame: Up to Week 12)
NCT01729754,Tildrakizumab,reSURFACE 2,secondary,1,responder_rate,,,,,28w,,,,,,1,responder,PASI,,,percent_improvement_from_baseline,>=,75,percent,,,,Percentage of Participants Achieving a PASI-75 Response at Week 28 (Part 2)
NCT01729754,Tildrakizumab,reSURFACE 2,secondary,2,responder_rate,,,,,40w,,,,,,1,responder,PASI,,,percent_improvement_from_baseline,>=,75,percent,,,,Percentage of Participants Achieving a PASI-75 Response at Week 40 (Part 3)
NCT01729754,Tildrakizumab,reSURFACE 2,secondary,3,responder_rate,,,,,52w,,,,,,1,responder,PASI,,,percent_improvement_from_baseline,>=,75,percent,,,,Percentage of Participants Achieving a PASI-75 Response at Week 52 (Part 3)
NCT01729754,Tildrakizumab,reSURFACE 2,secondary,4,responder_rate,,,,baseline,28w,,,,,,1,responder,PGA,,,point_reduction_from_baseline,>=,2,points,,,,Percentage of Participants With a PGA Score of Clear or Minimal With at Least a 2 Grade Reduction From Baseline at Week 28 (Part 2)
NCT01729754,Tildrakizumab,reSURFACE 2,secondary,5,responder_rate,,,,baseline,40w,,,,,,1,responder,PGA,,,point_reduction_from_baseline,>=,2,points,,,,Percentage of Participants With a PGA Score of Clear or Minimal With at Least a 2 Grade Reduction From Baseline at Week 40 (Part 3)
NCT01729754,Tildrakizumab,reSURFACE 2,secondary,6,responder_rate,,,,baseline,52w,,,,,,1,responder,PGA,,,point_reduction_from_baseline,>=,2,points,,,,Percentage of Participants With a PGA Score of Clear or Minimal With at Least a 2 Grade Reduction From Baseline at Week 52 (Part 3)
NCT01729754,Tildrakizumab,reSURFACE 2,secondary,7,responder_rate,,,,,12w,,,,,,1,responder,PASI,,,percent_improvement_from_baseline,>=,90,percent,,,,Percentage of Participants Achieving a PASI-90 Response at Week 12 (Part 1)
NCT01729754,Tildrakizumab,reSURFACE 2,secondary,8,responder_rate,,,,,28w,,,,,,1,responder,PASI,,,percent_improvement_from_baseline,>=,90,percent,,,,Percentage of Participants Achieving a PASI-90 Response at Week 28 (Part 2)
NCT01729754,Tildrakizumab,reSURFACE 2,secondary,9,responder_rate,,,,,40w,,,,,,1,responder,PASI,,,percent_improvement_from_baseline,>=,90,percent,,,,Percentage of Participants Achieving a PASI-90 Response at Week 40 (Part 3)
NCT01729754,Tildrakizumab,reSURFACE 2,secondary,10,responder_rate,,,,,52w,,,,,,1,responder,PASI,,,percent_improvement_from_baseline,>=,90,percent,,,,Percentage of Participants Achieving a PASI-90 Response at Week 52 (Part 3)
NCT01729754,Tildrakizumab,reSURFACE 2,secondary,11,responder_rate,,,,,12w,,,,,,1,responder,PASI,,,percent_improvement_from_baseline,>=,100,percent,,,,Percentage of Participants Achieving a PASI-100 Response at Week 12 (Part 1)
NCT01729754,Tildrakizumab,reSURFACE 2,secondary,12,responder_rate,,,,,28w,,,,,,1,responder,PASI,,,percent_improvement_from_baseline,>=,100,percent,,,,Percentage of Participants Achieving a PASI-100 Response at Week 28 (Part 2)
NCT01729754,Tildrakizumab,reSURFACE 2,secondary,13,responder_rate,,,,,40w,,,,,,1,responder,PASI,,,percent_improvement_from_baseline,>=,100,percent,,,,Percentage of Participants Achieving a PASI-100 Response at Week 40 (Part 3)
NCT01729754,Tildrakizumab,reSURFACE 2,secondary,14,responder_rate,,,,,52w,,,,,,1,responder,PASI,,,percent_improvement_from_baseline,>=,100,percent,,,,Percentage of Participants Achieving a PASI-100 Response at Week 52 (Part 3)
NCT01729754,Tildrakizumab,reSURFACE 2,secondary,15,other,DLQI,,,baseline,,,,,,,0,,,,,,,,,,,,Baseline Dermatology Life Quality Index (DLQI)
NCT01729754,Tildrakizumab,reSURFACE 2,secondary,16,change_from_baseline,DLQI,,,baseline,12w,,,,,,0,,,,,,,,,,,,Change From Baseline in the DLQI at Week 12 (Part 1)
NCT01729754,Tildrakizumab,reSURFACE 2,secondary,17,change_from_baseline,DLQI,,,baseline,28w,,,,,,0,,,,,,,,,,,,Change From Baseline in the DLQI at Week 28 (Part 2)
NCT01729754,Tildrakizumab,reSURFACE 2,secondary,18,change_from_baseline,DLQI,,,baseline,40w,,,,,,0,,,,,,,,,,,,Change From Baseline in the DLQI at Week 40 (Part 3)
NCT01729754,Tildrakizumab,reSURFACE 2,secondary,19,change_from_baseline,DLQI,,,baseline,52w,,,,,,0,,,,,,,,,,,,Change From Baseline in the DLQI at Week 52 (Part 3)
NCT01729754,Tildrakizumab,reSURFACE 2,secondary,20,responder_rate,DLQI,,,,12w,,,,,,1,responder,DLQI,,,absolute_score,in,"[0, 1]",score,,,,Percentage of Participants With a DLQI Score of 0 or 1 at Week 12 (Part 1)
NCT01729754,Tildrakizumab,reSURFACE 2,secondary,21,responder_rate,DLQI,,,,28w,,,,,,1,responder,DLQI,,,absolute_score,in,"[0, 1]",score,,,,Percentage of Participants With a DLQI Score of 0 or 1 at Week 28 (Part 2)
NCT01729754,Tildrakizumab,reSURFACE 2,secondary,22,responder_rate,DLQI,,,,40w,,,,,,1,responder,DLQI,,,absolute_score,in,"[0, 1]",score,,,,Percentage of Participants With a DLQI Score of 0 or 1 at Week 40 (Part 3)
NCT01729754,Tildrakizumab,reSURFACE 2,secondary,23,responder_rate,DLQI,,,,52w,,,,,,1,responder,DLQI,,,absolute_score,in,"[0, 1]",score,,,,Percentage of Participants With a DLQI Score of 0 or 1 at Week 52 (Part 3)
NCT01729754,Tildrakizumab,reSURFACE 2,secondary,24,other,,,,baseline,,,,,,,0,,,,,,,,,,,,Mean Change From Baseline in PASI Score Over Time (Part 1)
NCT01729754,Tildrakizumab,reSURFACE 2,secondary,25,other,,,,baseline,,,,,,,0,,,,,,,,,,,,Mean Change From Baseline in PASI Score Over Time (Part 2)
NCT01729754,Tildrakizumab,reSURFACE 2,secondary,26,other,,,,baseline,,,,,,,0,,,,,,,,,,,,Mean Change From Baseline in PASI Score Over Time (Part 3)
NCT01729754,Tildrakizumab,reSURFACE 2,secondary,27,other,,,,baseline,,,,,,,0,,,,,,,,,,,,Mean Percent Change From Baseline in PASI Score Over Time (Part 1)
NCT01729754,Tildrakizumab,reSURFACE 2,secondary,28,other,,,,baseline,,,,,,,0,,,,,,,,,,,,Mean Percent Change From Baseline in PASI Score Over Time (Part 2)
NCT01729754,Tildrakizumab,reSURFACE 2,secondary,29,other,,,,baseline,,,,,,,0,,,,,,,,,,,,Mean Percent Change From Baseline in PASI Score Over Time (Part 3)
NCT01806597,Secukinumab,GESTURE,primary,1,other,,,,,16w,,,,,,0,,,,,,,,,,,,Percentages of Participants With Palmoplantar Investigator Global Assessmnet (ppIGA) 0 or 1 Response After 16 Weeks of Treatment (Time frame: Week 16)
NCT01806597,Secukinumab,GESTURE,secondary,1,other,IGA,,,,,,,,,,0,,,,,,,,,,,,Percentages of Participants With Palmoplantar Investigator Global Assessment (ppIGA) 0 or 1 Response - Treatment Period I
NCT01806597,Secukinumab,GESTURE,secondary,2,other,,,,,,,,,,,0,,,,,,,,,,,,Percentages of Subjects With ppIGA 0 or 1 Response (Observed Cases) - Treatment Period II
NCT01806597,Secukinumab,GESTURE,secondary,3,other,,,,,,,,,,,0,,,,,,,,,,,,Percentages of Subjects With ppIGA 0 or 1 Response (Observed Cases) - Entire Treatment Period
NCT01806597,Secukinumab,GESTURE,secondary,4,other,,,,baseline,,,,,,,0,,,,,,,,,,,,Absolute Change From Baseline for Palmoplantar Psoriasis Area and Severity Index (ppPASI) Score -Treatment Period I
NCT01806597,Secukinumab,GESTURE,secondary,5,other,,,,baseline,,,,,,,0,,,,,,,,,,,,Absolute Change From Baseline for Palmoplantar Psoriasis Area and Severity Index (ppPASI) Score (Observed Cases) - Entire Treatment Set
NCT01806597,Secukinumab,GESTURE,secondary,6,count,,,,,,,,,,,0,,,,,,,,,,,,Number of Participants Developing Anti-secukinumab Antibodies
NCT01807520,Secukinumab,TRANSFIGURE,primary,1,percent_change_from_baseline,,,,baseline,,,,,,,0,,,,,,,,,,,,"Percentage Change From Baseline in Nail Psoriasis Severity Index (NAPSI) After 16 Weeks of Treatment (Time frame: Baseline, 16 weeks)"
NCT01807520,Secukinumab,TRANSFIGURE,secondary,1,percent_change_from_baseline,,,,baseline,,,,,,,0,,,,,,,,,,,,Percent Change From Baseline in NAPSI Score
NCT01807520,Secukinumab,TRANSFIGURE,secondary,2,responder_rate,IGA,,,,132w,16w,,,,,1,responder,IGA,,,absolute_score,in,"[0, 1]",score,,,,Percentage of Participants Achieving Psoriasis Area and Severity Index 75 (PASI75) and Investigator Global Assessment (IGA Mod 2011) Response 0 or 1 Over Time up to Week 16 of the Treatment Compared to Placebo and Over Time up to Week 132
NCT01807520,Secukinumab,TRANSFIGURE,secondary,3,count,,,,,,,,,,,0,,,,,,,,,,,,Number of Participants Who Develop Immunogenicity Against Secukinumab
NCT01936688,Tildrakizumab,,primary,1,responder_rate,,,,,12w,,,,,,0,,,,,,,,,,,,Proportion of Participants Achieving a Psoriasis Area Severity Index 75% (PASI-75) at Week 12 (Time frame: Week 12)
NCT01936688,Tildrakizumab,,primary,2,responder_rate,,,,baseline,12w,,,,,,0,,,,,,,,,,,,"Proportion of Participants With a Physician's Global Assessment (PGA) Score of Clear or Minimal With at Least a 2 Grade Reduction From Baseline at Week 12 (Time frame: Baseline, Week 12)"
NCT01936688,Tildrakizumab,,secondary,1,responder_rate,,,,,12w;28w,,,,,,0,,,,,,,,,,,,Proportion of Participants Achieving PASI-90 Response at Week 12 and 28
NCT01936688,Tildrakizumab,,secondary,2,absolute_value,DLQI,,,baseline,12w;28w,,,,,,0,,,,,,,,,,,,Mean Change From Baseline in the Dermatology Life Quality Index (DLQI) at Week 12 and Week 28
NCT01936688,Tildrakizumab,,secondary,3,responder_rate,DLQI,,,,12w;28w,,,,,,1,responder,DLQI,,,absolute_score,in,"[0, 1]",score,,,,Proportion of Participants With a DLQI Score of 0 or 1 at Week 12 and Week 28
NCT01936688,Tildrakizumab,,secondary,4,other,,,,baseline,,,,,,,0,,,,,,,,,,,,Mean Change and Mean Percent Change from Baseline in PASI Score Over Time
NCT01936688,Tildrakizumab,,secondary,5,absolute_value,,,,baseline,12w;28w,,,,,,0,,,,,,,,,,,,Mean Change From Baseline in the Nail Area Psoriasis Severity Index (NAPSI) at Week 12 and Week 28
NCT01936688,Tildrakizumab,,secondary,6,count,,,,,,,,,,,0,,,,,,,,,,,,Number of Participants Experiencing an Adverse Event (AE)
NCT01936688,Tildrakizumab,,secondary,7,count,,,,,,,,,,,0,,,,,,,,,,,,Number of Participants Discontinuing Study Treatment Due to an AE
NCT01936688,Tildrakizumab,,secondary,8,responder_rate,,,,,12w;28w,,,,,,0,,,,,,,,,,,,Proportion of Participants Achieving PASI-100 Response at Week 12 and 28
NCT02060903,Abametapir,,primary,1,responder_rate,,,,,1d;7d;14d,14d,full_analysis_set,,,,0,,,,,,,,,,,,Proportion of Index Subjects Who Are Lice-free at All Follow-up Visits Through to the Day 14 Visit. (Time frame: 14 days)
NCT02068352,Difamilast,Trial 1,primary,1,responder_rate,IGA,,,baseline,4w,,,,double_blind,,1,responder,IGA,,,absolute_score,<=,1,score,0,4,"[""week_4""]",Percentage of Participants With Success in the Overall Investigator's Global Assessment of Disease Severity (IGA) Score at Week 4 [Using Non-responder Imputation or Last Observation Carried Forward (LOCF)]
NCT02068352,Difamilast,Trial 1,primary,1,responder_rate,IGA,,,baseline,4w,,,,double_blind,,2,responder,IGA,,,point_improvement_from_baseline,>=,2,points,0,4,"[""week_4""]",Percentage of Participants With Success in the Overall Investigator's Global Assessment of Disease Severity (IGA) Score at Week 4 [Using Non-responder Imputation or Last Observation Carried Forward (LOCF)]
NCT02068352,Difamilast,Trial 1,secondary,1,change_from_baseline,IGA,,,baseline,4w,,,,double_blind,,0,,,,,,,,,,,,Change From Baseline in Overall IGA Score at Week 4 [Using Mixed Model Repeated Measures (MMRM) Analysis]
NCT02068352,Difamilast,Trial 1,secondary,2,change_from_baseline,IGA,,,baseline,4w,,,,double_blind,,0,,,,,,,,,,,,Change From Baseline in Overall IGA Score at Week 4 [Using Last Observation Carried Forward (LOCF) Analysis]
NCT02068352,Difamilast,Trial 1,secondary,3,safety_incidence,,,,,,8w,,,double_blind,AE_or_SAE,0,,,,,,,,,,,,Percentage of Participants With Adverse Events (AEs)
NCT02090764,Ozenoxacin,,primary,1,responder_rate,,,,,,,,,,,0,,,,,,,,,,,,Clinical Success (Time frame: Visit 3 (Day 6-7))
NCT02118766,Crisaborole,,primary,1,responder_rate,,,,,29d,,,,,,0,,,,,,,,,,,,Percentage of Participants Who Achieved Treatment Success Based on Investigator's Static Global Assessment (ISGA) at Day 29 (Time frame: Day 29)
NCT02118766,Crisaborole,,primary,2,count,,,,,1d;1d;36d,29d,,,,TEAE,0,,,,,,,,,,,,"Number of Participants With Treatment-Emergent Adverse Events (AEs) And Serious Adverse Events (SAEs) (Time frame: AEs: Baseline (Day 1) up to Day 29, SAEs: Baseline (Day 1) up to Day 36)"
NCT02118766,Crisaborole,,primary,3,count,,,,baseline,29d,,,,,,0,,,,,,,,,,,,"Number of Participants With Clinically Significant Change From Baseline in Vital Signs at Day 29 (Time frame: Baseline, Day 29)"
NCT02118766,Crisaborole,,primary,4,count,,,,baseline,29d,,,,,,0,,,,,,,,,,,,"Number of Participants With Clinically Significant Change From Baseline in Laboratory Values at Day 29 (Time frame: Baseline, Day 29)"
NCT02118766,Crisaborole,,secondary,1,responder_rate,,,,,29d,,,,,,1,responder,ISGA,,,absolute_score,in,"[0, 1]",score,,,,Percentage of Participants With an Investigator's Static Global Assessment (ISGA) Score of Clear (0) or Almost Clear (1) at Day 29
NCT02118766,Crisaborole,,secondary,2,time_to_event,,,,,,,,,,,0,,,,,,,,,,,,Time to Achieve Treatment Success Based on Investigator's Static Global Assessment (ISGA)
NCT02118766,Crisaborole,,secondary,3,change_from_baseline,,,,baseline,29d,,,,,,0,,,,,,,,,,,,Change From Baseline in Signs of Atopic Dermatitis (AD) at Day 29
NCT02118792,Crisaborole,,primary,1,responder_rate,,,,,29d,,,,,,0,,,,,,,,,,,,Percentage of Participants Who Achieved Success in Investigator's Static Global Assessment (ISGA) Score at Day 29 (Time frame: Day 29)
NCT02118792,Crisaborole,,primary,2,count,,,,,1d;1d;36d,29d,,,,TEAE,0,,,,,,,,,,,,"Number of Participants With Treatment-Emergent Adverse Events (AEs) And Serious Adverse Events (SAEs) (Time frame: AEs: Baseline (Day 1) up to Day 29, SAEs: Baseline (Day 1) up to Day 36)"
NCT02118792,Crisaborole,,primary,3,count,,,,baseline,8d,,,,,,0,,,,,,,,,,,,"Number of Participants With Clinically Significant Change From Baseline in Electrocardiogram (ECG) Findings at Day 8 (Time frame: Baseline, Day 8)"
NCT02118792,Crisaborole,,primary,4,count,,,,baseline,36d,,,,,,0,,,,,,,,,,,,"Number of Participants With Clinically Significant Change From Baseline in Vital Signs at Day 36 (Time frame: Baseline (Day 1), Day 36)"
NCT02118792,Crisaborole,,primary,5,count,,,,,,36d,,,,,0,,,,,,,,,,,,Number of Participants With Clinically Significant Laboratory Values (Time frame: Baseline up to Day 36)
NCT02118792,Crisaborole,,primary,6,responder_rate,,,,baseline,1d,,,,,,0,,,,,,,,,,,,Percentage of Participants With Local Tolerability Symptoms at Baseline (Time frame: Baseline (Day 1))
NCT02118792,Crisaborole,,primary,7,responder_rate,,,,,8d,,,,,,0,,,,,,,,,,,,Percentage of Participants With Local Tolerability Symptoms at Day 8 (Time frame: Day 8)
NCT02118792,Crisaborole,,primary,8,responder_rate,,,,,15d,,,,,,0,,,,,,,,,,,,Percentage of Participants With Local Tolerability Symptoms at Day 15 (Time frame: Day 15)
NCT02118792,Crisaborole,,primary,9,responder_rate,,,,,22d,,,,,,0,,,,,,,,,,,,Percentage of Participants With Local Tolerability Symptoms at Day 22 (Time frame: Day 22)
NCT02118792,Crisaborole,,primary,10,responder_rate,,,,,29d,,,,,,0,,,,,,,,,,,,Percentage of Participants With Local Tolerability Symptoms at Day 29 (Time frame: Day 29)
NCT02118792,Crisaborole,,primary,11,responder_rate,,,,,36d,,,,,,0,,,,,,,,,,,,Percentage of Participants With Local Tolerability Symptoms at Day 36 (Time frame: Day 36)
NCT02118792,Crisaborole,,secondary,1,responder_rate,,,,,29d,,,,,,1,responder,ISGA,,,absolute_score,in,"[0, 1]",score,,,,Percentage of Participants With an Investigator's Static Global Assessment (ISGA) Score of Clear (0) or Almost Clear (1) at Day 29
NCT02118792,Crisaborole,,secondary,2,time_to_event,,,,,,,,,,,0,,,,,,,,,,,,Time to Achieve Treatment Success Based on Investigator's Static Global Assessment (ISGA)
NCT02118792,Crisaborole,,secondary,3,change_from_baseline,,,,baseline,29d,,,,,,0,,,,,,,,,,,,Change From Baseline in Signs of Atopic Dermatitis at Day 29
NCT02131636,Oxymetazoline,,primary,1,other,,,,baseline,29d,,,,,,0,,,,,,,,,,,,"Percentage of Patients With at Least a 2-Grade Decrease From Baseline on Both Clinician Erythema Assessment (CEA) and Subject Satisfaction Assessment (SSA) 5-point Scales (Time frame: Baseline, Day 29 (Hours 3, 6, 9, and 12))"
NCT02131636,Oxymetazoline,,secondary,1,other,,,,baseline,,,,,,,0,,,,,,,,,,,,Percentage of Patients With at Least a 2-Grade Decrease From Baseline on the SSA 5-point Scale
NCT02131636,Oxymetazoline,,secondary,2,percent_change_from_baseline,,,,baseline,,,,,,,0,,,,,,,,,,,,Percent Change From Baseline in Rosacea Facial Redness as Measured by Digital Imaging Analysis (DIA)
NCT02131636,Oxymetazoline,,secondary,3,other,,,,,,,,,,,0,,,,,,,,,,,,Percentage of Patients Reporting Treatment Satisfaction on the Satisfaction Assessment for Rosacea Facial Redness (SA-RFR) Questionnaire Item 9
NCT02131636,Oxymetazoline,,secondary,4,change_from_baseline,,,,baseline,,,,,,,0,,,,,,,,,,,,Change From Baseline on the SA-RFR Questionnaire Item #4
NCT02131636,Oxymetazoline,,secondary,5,other,,,,baseline,,,,,,,0,,,,,,,,,,,,Percentage of Patients With at Least a 1-Grade Decrease From Baseline on the SSA 5-point Scale
NCT02132117,Oxymetazoline,,primary,1,responder_rate,,,,baseline,29d,,,,,,1,responder,CEA,,,point_reduction_from_baseline,>=,2,points,,,,"Percentage of Participants With at Least a 2-Grade Improvement (Decrease) From Baseline on Both Clinician Erythema Assessment (CEA) and Subject Self-Assessment for Rosacea Facial Redness (SSA) 5-point Scales (Time frame: Baseline, Day 29 (Hours 3, 6, 9 and 12))"
NCT02132117,Oxymetazoline,,secondary,1,responder_rate,,,,baseline,29d,,,,,,1,responder,SSA,,,point_reduction_from_baseline,>=,2,points,,,,"Percentage of Participants With at Least a 2-Grade Improvement (Decrease) From Baseline on SSA at Hours 3, 6, 9 and 12 on Day 29"
NCT02132117,Oxymetazoline,,secondary,2,percent_change_from_baseline,,,,baseline,29d,,,,,,0,,,,,,,,,,,,"Percent Change From Baseline on Rosacea Facial Redness as Measured by Digital Imaging Analysis (DIA) at Hours 3, 6, 9 and 12 on Day 29"
NCT02132117,Oxymetazoline,,secondary,3,responder_rate,,,,,29d,,,,,,0,,,,,,,,,,,,"Percentage of Participants Satisfied or Very Satisfied on Item #9 of Satisfaction Assessment for Rosacea Facial Redness (SAT-RFR) at Hours 3, 6, 9 and 12 on Day 29"
NCT02132117,Oxymetazoline,,secondary,4,change_from_baseline,,,,baseline,29d,,,,,,0,,,,,,,,,,,,"Change From Baseline on the Symptom Assessment for Rosacea Facial Redness (SA-RFR) Item # 4 at Hours 3, 6, 9 and 12 on Day 29"
NCT02132117,Oxymetazoline,,secondary,5,responder_rate,,,,baseline,1d,,,,,,1,responder,SSA,,,point_reduction_from_baseline,>=,1,points,,,,Percentage of Participants With at Least a 1-Grade Improvement (Decrease) From Baseline on SSA at Hour 1 on Day 1
NCT02207231,Guselkumab,VOYAGE 1,primary,1,responder_rate,IGA,,,,16w,,,,,,1,responder,IGA,,,absolute_score,in,"[0, 1]",score,,,,Percentage of Participants Who Achieved an Investigator's Global Assessment (IGA) Score of Cleared (0) or Minimal (1) in the Guselkumab Group Compared to the Placebo Group at Week 16 (Time frame: Week 16)
NCT02207231,Guselkumab,VOYAGE 1,primary,2,responder_rate,,,,,16w,,,,,,0,,,,,,,,,,,,Percentage of Participants Who Achieved Psoriasis Area and Severity Index (PASI) 90 Response in the Guselkumab Group Compared to the Placebo Group at Week 16 (Time frame: Week 16)
NCT02207231,Guselkumab,VOYAGE 1,secondary,1,responder_rate,IGA,,,,24w;48w,,,,,,1,responder,IGA,,,absolute_score,==,0,score,,,,Percentage of Participants Who Achieved an Investigator's Global Assessment (IGA) Score of Cleared (0) in the Guselkumab Group Compared to the Adalimumab Group at Week 24 and 48
NCT02207231,Guselkumab,VOYAGE 1,secondary,2,responder_rate,IGA,,,,24w;48w,,,,,,1,responder,IGA,,,absolute_score,in,"[0, 1]",score,,,,Percentage of Participants Who Achieved an Investigator's Global Assessment (IGA) Score of Cleared (0) or Minimal (1) in the Guselkumab Group Compared to the Adalimumab Group at Week 24 and 48
NCT02207231,Guselkumab,VOYAGE 1,secondary,3,responder_rate,,,,,24w;48w,,,,,,1,responder,PASI,,,percent_improvement_from_baseline,>=,90,percent,,,,Percentage of Participants Who Achieved Psoriasis Area and Severity Index (PASI) 90 Response in the Guselkumab Group Compared to the Adalimumab Group at Week 24 and 48
NCT02207231,Guselkumab,VOYAGE 1,secondary,4,change_from_baseline,DLQI,,,baseline,16w,,,,,,0,,,,,,,,,,,,Change From Baseline in Dermatology Life Quality Index (DLQI) Score at Week 16 in the Guselkumab Group Compared to the Placebo Group
NCT02207231,Guselkumab,VOYAGE 1,secondary,5,responder_rate,IGA,,,,16w,,,,,,1,responder,IGA,,,absolute_score,in,"[0, 1]",score,,,,Percentage of Participants Who Achieved an Investigator's Global Assessment (IGA) Score of Cleared (0) or Minimal (1) in the Guselkumab Group Compared to the Adalimumab Group at Week 16
NCT02207231,Guselkumab,VOYAGE 1,secondary,6,responder_rate,,,,,16w,,,,,,1,responder,PASI,,,percent_improvement_from_baseline,>=,90,percent,,,,Percentage of Participants Who Achieved Psoriasis Area and Severity Index (PASI) 90 Response in the Guselkumab Group Compared to the Adalimumab Group at Week 16
NCT02207231,Guselkumab,VOYAGE 1,secondary,7,responder_rate,,,,,16w,,,,,,1,responder,PASI,,,percent_improvement_from_baseline,>=,75,percent,,,,Percentage of Participants Who Achieved Psoriasis Area and Severity Index (PASI) 75 Response in the Guselkumab Group Compared to the Adalimumab Group at Week 16
NCT02207231,Guselkumab,VOYAGE 1,secondary,8,responder_rate,IGA,,,baseline,16w,,,,,,1,responder,IGA,,,absolute_score,in,"[0, 1]",score,,,,Percentage of Participants Who Achieved a Scalp-specific Investigator's Global Assessment (Ss-IGA) Score of 0 or 1 and at Least a 2-Grade Improvement From Baseline at Week 16 in the Guselkumab Group Compared to the Placebo Group
NCT02207231,Guselkumab,VOYAGE 1,secondary,9,change_from_baseline,,,,baseline,16w,,,,,,0,,,,,,,,,,,,Change From Baseline in Psoriasis Symptom and Sign Diary (PSSD) Symptom Score at Week 16 in the Guselkumab Group Compared to the Placebo Group
NCT02207231,Guselkumab,VOYAGE 1,secondary,10,responder_rate,,,,,24w,,,,,,1,responder,PSSD Symptom,,,absolute_score,==,0,score,,,,Percentage of Participants Who Achieved a Psoriasis Symptom and Sign Diary (PSSD) Symptom Score of 0 in the Guselkumab Group Compared to the Adalimumab Group at Week 24
NCT02207231,Guselkumab,VOYAGE 1,secondary,11,responder_rate,,,,,252w,,,,,,1,responder,PASI,,,percent_improvement_from_baseline,>=,90,percent,,,,Percentage of Participants Who Achieved PASI 90 Response at Week 252
NCT02207231,Guselkumab,VOYAGE 1,secondary,12,responder_rate,,,,,252w,,,,,,1,responder,PASI,,,percent_improvement_from_baseline,>=,75,percent,,,,Percentage of Participants Who Achieved PASI 75 Response at Week 252
NCT02207231,Guselkumab,VOYAGE 1,secondary,13,responder_rate,IGA,,,,252w,,,,,,1,responder,IGA,,,absolute_score,in,"[0, 1]",score,,,,Percentage of Participants Who Achieved an IGA Score of Cleared (0) or Minimal (1) at Week 252
NCT02207231,Guselkumab,VOYAGE 1,secondary,14,responder_rate,DLQI,,,,252w,,,,,,1,responder,DLQI,,,absolute_score,in,"[0, 1]",score,,,,Percentage of Participants With a DLQI Score of 0 or 1 at Week 252
NCT02207231,Guselkumab,VOYAGE 1,secondary,15,responder_rate,,,,,252w,,,,,,1,responder,PSSD Symptom,,,absolute_score,==,0,score,,,,Percentage of Participants Who Achieved a PSSD Symptom Score of 0 at Week 252
NCT02207231,Guselkumab,VOYAGE 1,secondary,16,responder_rate,,,,,252w,,,,,,1,responder,PSSD Sign,,,absolute_score,==,0,score,,,,Percentage of Participants Who Achieved a PSSD Sign Score of 0 at Week 252
NCT02207244,Guselkumab,VOYAGE 2,primary,1,responder_rate,IGA,,,,16w,,,,,,1,responder,IGA,,,absolute_score,in,"[0, 1]",score,,,,Percentage of Participants Who Achieved an Investigator's Global Assessment (IGA) Score of Cleared (0) or Minimal (1) in the Guselkumab Group Compared to the Placebo Group at Week 16 (Time frame: Week 16)
NCT02207244,Guselkumab,VOYAGE 2,primary,2,responder_rate,,,,,16w,,,,,,0,,,,,,,,,,,,Percentage of Participants Who Achieved Psoriasis Area and Severity Index (PASI) 90 Response in the Guselkumab Group Compared to the Placebo Group at Week 16 (Time frame: Week 16)
NCT02207244,Guselkumab,VOYAGE 2,secondary,1,responder_rate,IGA,,,,24w,,,,,,1,responder,IGA,,,absolute_score,==,0,score,,,,Percentage of Participants Who Achieved an Investigator's Global Assessment (IGA) Score of Cleared (0) in the Guselkumab Group Compared to the Adalimumab Group at Week 24
NCT02207244,Guselkumab,VOYAGE 2,secondary,2,responder_rate,IGA,,,,24w,,,,,,1,responder,IGA,,,absolute_score,in,"[0, 1]",score,,,,Percentage of Participants Who Achieved an Investigator's Global Assessment (IGA) Score of Cleared (0) or Minimal (1) in the Guselkumab Group Compared to the Adalimumab Group at Week 24
NCT02207244,Guselkumab,VOYAGE 2,secondary,3,responder_rate,,,,,24w,,,,,,1,responder,PASI,,,percent_improvement_from_baseline,>=,90,percent,,,,Percentage of Participants Who Achieved Psoriasis Area and Severity Index (PASI) 90 Response in the Guselkumab Group Compared to the Adalimumab Group at Week 24
NCT02207244,Guselkumab,VOYAGE 2,secondary,4,other,,,,,,48w,,,,,0,,,,,,,,,,,,Cumulative Maintenance Rate of Psoriasis Area and Severity Index (PASI) 90 Response in the Placebo Group Compared to the Guselkumab Group Through Week 48 to Evaluate Loss of a PASI 90 Response
NCT02207244,Guselkumab,VOYAGE 2,secondary,5,change_from_baseline,DLQI,,,baseline,16w,,,,,,0,,,,,,,,,,,,Change From Baseline in Dermatology Life Quality Index (DLQI) Score at Week 16 in the Guselkumab Group Compared to the Placebo Group
NCT02207244,Guselkumab,VOYAGE 2,secondary,6,responder_rate,IGA,,,,16w,,,,,,1,responder,IGA,,,absolute_score,in,"[0, 1]",score,,,,Percentage of Participants Who Achieved an Investigator's Global Assessment (IGA) Score of Cleared (0) or Minimal (1) in the Guselkumab Group Compared to the Adalimumab Group at Week 16
NCT02207244,Guselkumab,VOYAGE 2,secondary,7,responder_rate,,,,,16w,,,,,,1,responder,PASI,,,percent_improvement_from_baseline,>=,90,percent,,,,"Percentage of Participants Who Achieved Psoriasis Area and Severity Index (PASI) 90 Response, in the Guselkumab Group Compared to the Adalimumab Group at Week 16"
NCT02207244,Guselkumab,VOYAGE 2,secondary,8,responder_rate,,,,,16w,,,,,,1,responder,PASI,,,percent_improvement_from_baseline,>=,75,percent,,,,Percentage of Participants Who Achieved Psoriasis Area and Severity Index (PASI) 75 Response in the Guselkumab Group Compared to the Adalimumab Group at Week 16
NCT02207244,Guselkumab,VOYAGE 2,secondary,9,responder_rate,IGA,,,baseline,16w,,,,,,1,responder,IGA,,,absolute_score,in,"[0, 1]",score,,,,Percentage of Participants Who Achieved a Scalp-specific Investigator's Global Assessment (Ss-IGA) Score of 0 or 1 and at Least a 2-Grade Improvement From Baseline at Week 16 in the Guselkumab Group Compared to the Placebo Group
NCT02207244,Guselkumab,VOYAGE 2,secondary,10,change_from_baseline,,,,baseline,16w,,,,,,0,,,,,,,,,,,,Change From Baseline in Psoriasis Symptom and Sign Diary (PSSD) Symptom Score at Week 16 in the Guselkumab Group Compared to the Placebo Group
NCT02207244,Guselkumab,VOYAGE 2,secondary,11,responder_rate,,,,,24w,,,,,,1,responder,PSSD Symptom,,,absolute_score,==,0,score,,,,Percentage of Participants Who Achieved a Psoriasis Symptom and Sign Diary (PSSD) Symptom Score of 0 in the Guselkumab Group Compared to the Adalimumab Group at Week 24
NCT02207244,Guselkumab,VOYAGE 2,secondary,12,other,,,,,,72w,,,,,0,,,,,,,,,,,,Cumulative Maintenance Rate of PASI 90 Response in the Guselkumab Withdrawal Group Compared to the Guselkumab Maintenance Group Through Week 72 to Evaluate Loss of a PASI 90 Response
NCT02207244,Guselkumab,VOYAGE 2,secondary,13,responder_rate,,,,,252w,,,,,,1,responder,PASI,,,percent_improvement_from_baseline,>=,90,percent,,,,Percentage of Participants Who Achieved PASI 90 Response at Week 252
NCT02207244,Guselkumab,VOYAGE 2,secondary,14,responder_rate,,,,,252w,,,,,,1,responder,PASI,,,percent_improvement_from_baseline,>=,75,percent,,,,Percentage of Participants Who Achieved PASI 75 Response at Week 252
NCT02207244,Guselkumab,VOYAGE 2,secondary,15,responder_rate,IGA,,,,252w,,,,,,1,responder,IGA,,,absolute_score,in,"[0, 1]",score,,,,Percentage of Participants Who Achieved an IGA Score of Cleared (0) or Minimal (1) at Week 252
NCT02207244,Guselkumab,VOYAGE 2,secondary,16,responder_rate,DLQI,,,,252w,,,,,,1,responder,DLQI,,,absolute_score,in,"[0, 1]",score,,,,Percentage of Participants With a DLQI Score of 0 or 1 at Week 252
NCT02207244,Guselkumab,VOYAGE 2,secondary,17,responder_rate,,,,,252w,,,,,,1,responder,PSSD Symptom,,,absolute_score,==,0,score,,,,Percentage of Participants Who Achieved a PSSD Symptom Score of 0 at Week 252
NCT02207244,Guselkumab,VOYAGE 2,secondary,18,responder_rate,,,,,252w,,,,,,1,responder,PSSD Sign,,,absolute_score,==,0,score,,,,Percentage of Participants Who Achieved a PSSD Sign Score of 0 at Week 252
NCT02260986,Dupilumab,CHRONOS,primary,1,responder_rate,IGA,,,baseline,16w,,,,,,1,responder,IGA,,,absolute_score,in,"[0, 1]",score,,,,"Percentage of Participants With Investigator's Global Assessment (IGA) Score of ""0"" or ""1"" and Reduction From Baseline of ≥2 Points at Week 16 (Time frame: Baseline to Week 16)"
NCT02260986,Dupilumab,CHRONOS,primary,1,responder_rate,IGA,,,baseline,16w,,,,,,2,responder,IGA,,,point_reduction_from_baseline,>=,2,points,,,,"Percentage of Participants With Investigator's Global Assessment (IGA) Score of ""0"" or ""1"" and Reduction From Baseline of ≥2 Points at Week 16 (Time frame: Baseline to Week 16)"
NCT02260986,Dupilumab,CHRONOS,secondary,1,responder_rate,EASI,,,baseline,16w,,,,,,1,responder,EASI,,,percent_improvement_from_baseline,>=,75,percent,,,,Percentage of Participants With Eczema Area and Severity Index-75 (EASI-75) (≥75% Improvement From Baseline) at Week 16
NCT02260986,Dupilumab,CHRONOS,secondary,2,responder_rate,Pruritus NRS,,peak_daily_weekly_average,baseline,16w,,,,,,1,responder,Pruritus NRS,,peak_daily_weekly_average,point_reduction_from_baseline,>=,4,points,,,,Percentage of Participants With Improvement (Reduction ≥4 Points) of Weekly Average of Peak Daily Pruritus Numerical Rating Scale (NRS) Score From Baseline to Week 16
NCT02260986,Dupilumab,CHRONOS,secondary,3,responder_rate,Pruritus NRS,,peak_daily_weekly_average,baseline,16w,,,,,,1,responder,Pruritus NRS,,peak_daily_weekly_average,point_reduction_from_baseline,>=,3,points,,,,Percentage of Participants With Improvement (Reduction ≥3 Points) of Weekly Average of Peak Daily Pruritus Numerical Rating Scale (NRS) Score From Baseline to Week 16
NCT02260986,Dupilumab,CHRONOS,secondary,4,responder_rate,IGA,,,baseline,52w,,,,,,1,responder,IGA,,,absolute_score,in,"[0, 1]",score,,,,"Percentage of Participants With Investigator's Global Assessment (IGA) Score of ""0"" or ""1"" and Reduction From Baseline of ≥2 Points at Week 52"
NCT02260986,Dupilumab,CHRONOS,secondary,4,responder_rate,IGA,,,baseline,52w,,,,,,2,responder,IGA,,,point_reduction_from_baseline,>=,2,points,,,,"Percentage of Participants With Investigator's Global Assessment (IGA) Score of ""0"" or ""1"" and Reduction From Baseline of ≥2 Points at Week 52"
NCT02260986,Dupilumab,CHRONOS,secondary,5,responder_rate,EASI,,,baseline,52w,,,,,,1,responder,EASI,,,percent_improvement_from_baseline,>=,75,percent,,,,Percentage of Participants With Eczema Area and Severity Index-75 (EASI-75) (≥75% Improvement From Baseline) at Week 52
NCT02260986,Dupilumab,CHRONOS,secondary,6,percent_change_from_baseline,Pruritus NRS,,peak_daily_weekly_average,baseline,16w,,,,,,0,,,,,,,,,,,,Percent Change From Baseline in Weekly Average of Peak Daily Pruritus Numerical Rating Scale (NRS) Score to Week 16
NCT02260986,Dupilumab,CHRONOS,secondary,7,responder_rate,Pruritus NRS,,peak_daily_weekly_average,baseline,52w,,,,,,1,responder,Pruritus NRS,,peak_daily_weekly_average,point_reduction_from_baseline,>=,4,points,,,,Percentage of Participants With Improvement (Reduction ≥4 Points) of Weekly Average of Peak Daily Pruritus Numerical Rating Scale (NRS) Score From Baseline to Week 52
NCT02260986,Dupilumab,CHRONOS,secondary,8,responder_rate,Pruritus NRS,,peak_daily_weekly_average,baseline,52w,,,,,,1,responder,Pruritus NRS,,peak_daily_weekly_average,point_reduction_from_baseline,>=,3,points,,,,Percentage of Participants With Improvement (Reduction ≥3 Points) of Weekly Average of Peak Daily Pruritus Numerical Rating Scale (NRS) Score From Baseline to Week 52
NCT02260986,Dupilumab,CHRONOS,secondary,9,responder_rate,Pruritus NRS,,peak_daily_weekly_average,baseline,24w,,,,,,1,responder,Pruritus NRS,,peak_daily_weekly_average,point_reduction_from_baseline,>=,4,points,,,,Percentage of Participants With Improvement (Reduction ≥4 Points) of Weekly Average of Peak Daily Pruritus Numerical Rating Scale (NRS) Score From Baseline to Week 24
NCT02260986,Dupilumab,CHRONOS,secondary,10,responder_rate,Pruritus NRS,,peak_daily_weekly_average,baseline,4w,,,,,,1,responder,Pruritus NRS,,peak_daily_weekly_average,point_reduction_from_baseline,>=,4,points,,,,Percentage of Participants With Improvement (Reduction ≥4 Points) of Weekly Average of Peak Daily Pruritus Numerical Rating Scale (NRS) Score From Baseline to Week 4
NCT02260986,Dupilumab,CHRONOS,secondary,11,responder_rate,Pruritus NRS,,peak_daily_weekly_average,baseline,2w,,,,,,1,responder,Pruritus NRS,,peak_daily_weekly_average,point_reduction_from_baseline,>=,4,points,,,,Percentage of Participants With Improvement (Reduction ≥4 Points) of Weekly Average of Peak Daily Pruritus Numerical Rating Scale (NRS) Score From Baseline to Week 2
NCT02260986,Dupilumab,CHRONOS,secondary,12,change_from_baseline,Pruritus NRS,,peak_daily_weekly_average,baseline,16w,,,,,,0,,,,,,,,,,,,Change From Baseline in Weekly Average of Peak Daily Pruritus Numerical Rating Scale (NRS) Score to Week 16
NCT02260986,Dupilumab,CHRONOS,secondary,13,percent_change_from_baseline,EASI,,,baseline,16w,,,,,,0,,,,,,,,,,,,Percent Change From Baseline in Eczema Area and Severity Index (EASI) Score to Week 16
NCT02260986,Dupilumab,CHRONOS,secondary,14,change_from_baseline,BSA,,,baseline,16w,,,,,,0,,,,,,,,,,,,Change From Baseline in Percent Body Surface Area (BSA) Affected by Atopic Dermatitis to Week 16
NCT02260986,Dupilumab,CHRONOS,secondary,15,percent_change_from_baseline,SCORAD,,,baseline,16w,,,,,,0,,,,,,,,,,,,Percent Change From Baseline in the SCORing Atopic Dermatitis (SCORAD) Score to Week 16
NCT02260986,Dupilumab,CHRONOS,secondary,16,change_from_baseline,DLQI,,,baseline,16w,,,,,,0,,,,,,,,,,,,Change From Baseline in Dermatology Life Quality Index (DLQI) to Week 16
NCT02260986,Dupilumab,CHRONOS,secondary,17,change_from_baseline,POEM,,,baseline,16w,,,,,,0,,,,,,,,,,,,Change From Baseline in Patient Oriented Eczema Measure (POEM) to Week 16
NCT02260986,Dupilumab,CHRONOS,secondary,18,change_from_baseline,HADS,,,baseline,16w,,,,,,0,,,,,,,,,,,,Change From Baseline in Hospital Anxiety Depression Scale (HADS) to Week 16
NCT02260986,Dupilumab,CHRONOS,secondary,19,percent_change_from_baseline,GISS,,,baseline,16w,,,,,,0,,,,,,,,,,,,Percent Change From Baseline in Total Global Individual Signs Score (GISS) to Week 16
NCT02260986,Dupilumab,CHRONOS,secondary,20,drug_usage,,,,,,52w,,,,topical_medication_free_days,0,,,,,,,,,,,,Proportion of Topical Atopic Dermatitis Medication-Free Days Through Week 52
NCT02260986,Dupilumab,CHRONOS,secondary,21,percent_change_from_baseline,Pruritus NRS,,peak_daily_weekly_average,baseline,2w,,,,,,0,,,,,,,,,,,,Percent Change From Baseline in Weekly Average of Peak Daily Pruritus Numerical Rating Scale (NRS) Score to Week 2
NCT02260986,Dupilumab,CHRONOS,secondary,22,percent_change_from_baseline,EASI,,,baseline,52w,,,,,,0,,,,,,,,,,,,Percent Change From Baseline in Eczema Area and Severity Index (EASI) Score to Week 52
NCT02260986,Dupilumab,CHRONOS,secondary,23,change_from_baseline,BSA,,,baseline,52w,,,,,,0,,,,,,,,,,,,Change From Baseline in Percent Body Surface Area (BSA) Affected by Atopic Dermatitis to Week 52
NCT02260986,Dupilumab,CHRONOS,secondary,24,percent_change_from_baseline,SCORAD,,,baseline,52w,,,,,,0,,,,,,,,,,,,Percent Change From Baseline in the SCORing Atopic Dermatitis (SCORAD) Score to Week 52
NCT02260986,Dupilumab,CHRONOS,secondary,25,percent_change_from_baseline,GISS,,,baseline,52w,,,,,,0,,,,,,,,,,,,Percent Change From Baseline in Global Individual Signs Score (GISS) to Week 52
NCT02260986,Dupilumab,CHRONOS,secondary,26,change_from_baseline,DLQI,,,baseline,52w,,,,,,0,,,,,,,,,,,,Change From Baseline in Dermatology Life Quality Index (DLQI) to Week 52
NCT02260986,Dupilumab,CHRONOS,secondary,27,change_from_baseline,POEM,,,baseline,52w,,,,,,0,,,,,,,,,,,,Change From Baseline in Patient Oriented Eczema Measure (POEM) to Week 52
NCT02260986,Dupilumab,CHRONOS,secondary,28,change_from_baseline,HADS,,,baseline,52w,,,,,,0,,,,,,,,,,,,Change From Baseline in Hospital Anxiety Depression Scale (HADS) to Week 52
NCT02260986,Dupilumab,CHRONOS,secondary,29,count,,,,,,52w,,,,flare,0,,,,,,,,,,,,Number of Flares Through Week 52
NCT02260986,Dupilumab,CHRONOS,secondary,30,count,,,,,,52w,,,,serious_TEAE_leading_to_discontinuation,0,,,,,,,,,,,,Number of Serious Treatment Emergent Adverse Events (TEAEs) Leading to Study Drug Discontinuation Through Week 52
NCT02260986,Dupilumab,CHRONOS,secondary,31,safety_incidence,,,,baseline,,52w,,,,skin_infection_TEAE,0,,,,,,,,,,,,Percentage of Participants With Skin Infection Treatment Emergent Adverse Events (TEAEs) (Excluding Herpetic Infections) From Baseline Through Week 52
NCT02260986,Dupilumab,CHRONOS,secondary,32,count,,,,baseline,,52w,,,,skin_infection_TEAE,0,,,,,,,,,,,,Number of Skin Infection TEAEs (Excluding Herpetic Infections) From Baseline Through Week 52
NCT02260986,Dupilumab,CHRONOS,secondary,33,safety_incidence,,,,baseline,,52w,,,,skin_infection_TEAE,0,,,,,,,,,,,,Percentage of Participants With Skin Infection Treatment Emergent Adverse Events (TEAEs) (Excluding Herpetic Infections) Requiring Systemic Treatment From Baseline Through Week 52
NCT02260986,Dupilumab,CHRONOS,secondary,34,count,,,,baseline,,52w,,,,skin_infection_TEAE,0,,,,,,,,,,,,Number of Skin Infection Treatment Emergent Adverse Events (TEAEs) (Excluding Herpetic Infections) Requiring Systemic Treatment From Baseline Through Week 52
NCT02267135,Secukinumab,SCALP,primary,1,other,,,,,,,,,,,0,,,,,,,,,,,,Psoriasis Scalp Severity Index 90 (PSSI 90) (Time frame: 12 weeks)
NCT02267135,Secukinumab,SCALP,secondary,1,other,IGA,,,,,,,,,,0,,,,,,,,,,,,Secondary: Investigator's Global Assessment Model 2011 (IGA Mod 2011) Score of 0 or 1 (Scalp Only)
NCT02267135,Secukinumab,SCALP,secondary,2,change_from_baseline,,,,baseline,,,,,,,0,,,,,,,,,,,,Change From Baseline in PSSI Score
NCT02267135,Secukinumab,SCALP,secondary,3,other,,,,,,,,,,,0,,,,,,,,,,,,Psoriasis Scalp Severity Index 75 (PSSI 75) Response
NCT02267135,Secukinumab,SCALP,secondary,4,other,,,,,,,,,,,0,,,,,,,,,,,,Psoriasis Scalp Severity Index 100 (PSSI 100) Response
NCT02267135,Secukinumab,SCALP,secondary,5,time_to_event,,,,,,12w,,,,,0,,,,,,,,,,,,Time to 50% Reduction in PSSI Score up to Week 12
NCT02267135,Secukinumab,SCALP,secondary,6,other,,,,,,,,,,,0,,,,,,,,,,,,Psoriasis Area and Severity Index 75 (PASI 75)
NCT02267135,Secukinumab,SCALP,secondary,7,other,,,,,,,,,,,0,,,,,,,,,,,,Psoriasis Area and Severity Index 90 (PASI 90)
NCT02267135,Secukinumab,SCALP,secondary,8,other,,,,,,,,,,,0,,,,,,,,,,,,Psoriasis Area and Severity Index 100 (PASI 100)
NCT02267135,Secukinumab,SCALP,secondary,9,other,IGA,,,,,,,,,,0,,,,,,,,,,,,Investigator's Global Assessment Model 2011 (GA Mod 2011) Score of 0 or 1 (Entire Body Including Scalp)
NCT02267135,Secukinumab,SCALP,secondary,10,change_from_baseline,,,,baseline,,,,,,,0,,,,,,,,,,,,Change From Baseline in Subject Assessment of Pain
NCT02267135,Secukinumab,SCALP,secondary,11,change_from_baseline,,,,baseline,,,,,,,0,,,,,,,,,,,,Change From Baseline in Subject Assessment of Itching
NCT02267135,Secukinumab,SCALP,secondary,12,change_from_baseline,,,,baseline,,,,,,,0,,,,,,,,,,,,Change From Baseline in Subject Assessment of Scaling (Scalp Only)
NCT02277743,Dupilumab,SOLO 1,primary,1,responder_rate,IGA,,,baseline,16w,,,,,,1,responder,IGA,,,absolute_score,in,"[0, 1]",score,,,,"Percentage of Participants With Investigator's Global Assessment (IGA) Score of ""0"" or ""1"" and Reduction From Baseline of ≥2 Points at Week 16 (Time frame: Week 16)"
NCT02277743,Dupilumab,SOLO 1,primary,1,responder_rate,IGA,,,baseline,16w,,,,,,2,responder,IGA,,,point_reduction_from_baseline,>=,2,points,,,,"Percentage of Participants With Investigator's Global Assessment (IGA) Score of ""0"" or ""1"" and Reduction From Baseline of ≥2 Points at Week 16 (Time frame: Week 16)"
NCT02277743,Dupilumab,SOLO 1,secondary,1,responder_rate,EASI,,,baseline,16w,,,,,,1,responder,EASI,,,percent_improvement_from_baseline,>=,75,percent,,,,Percentage of Participants With Eczema Area and Severity Index-75 (EASI-75) (≥75% Improvement From Baseline) at Week 16
NCT02277743,Dupilumab,SOLO 1,secondary,2,responder_rate,Pruritus NRS,,,baseline,16w,,,,,,1,responder,Pruritus NRS,,,point_reduction_from_baseline,>=,4,points,,,,Percentage of Participants With Improvement (Reduction ≥4 Points) of Pruritus Numerical Rating Scale (NRS) Score From Baseline to Week 16
NCT02277743,Dupilumab,SOLO 1,secondary,3,responder_rate,Pruritus NRS,,,baseline,16w,,,,,,1,responder,Pruritus NRS,,,point_reduction_from_baseline,>=,3,points,,,,Percentage of Participants With Improvement (Reduction ≥3 Points) of Pruritus Numerical Rating Scale (NRS) Score From Baseline to Week 16
NCT02277743,Dupilumab,SOLO 1,secondary,4,percent_change_from_baseline,Pruritus NRS,,peak_daily,baseline,16w,,,,,,0,,,,,,,,,,,,Percent Change From Baseline in Peak Daily Pruritus Numerical Rating Scale (NRS) Score to Week 16
NCT02277743,Dupilumab,SOLO 1,secondary,5,responder_rate,Pruritus NRS,,,baseline,4w,,,,,,1,responder,Pruritus NRS,,,point_reduction_from_baseline,>=,4,points,,,,Percentage of Participants With Improvement (Reduction ≥4 Points) of Pruritus Numerical Rating Scale (NRS) Score From Baseline to Week 4
NCT02277743,Dupilumab,SOLO 1,secondary,6,responder_rate,Pruritus NRS,,,baseline,2w,,,,,,1,responder,Pruritus NRS,,,point_reduction_from_baseline,>=,4,points,,,,Percentage of Participants With Improvement (Reduction ≥4 Points) of Pruritus Numerical Rating Scale (NRS) Score From Baseline to Week 2
NCT02277743,Dupilumab,SOLO 1,secondary,7,change_from_baseline,Pruritus NRS,,peak_daily,baseline,16w,,,,,,0,,,,,,,,,,,,Change From Baseline in Peak Daily Pruritus Numerical Rating Scale (NRS) Score to Week 16
NCT02277743,Dupilumab,SOLO 1,secondary,8,percent_change_from_baseline,EASI,,,baseline,16w,,,,,,0,,,,,,,,,,,,Percent Change From Baseline in Eczema Area and Severity Index (EASI) Score to Week 16
NCT02277743,Dupilumab,SOLO 1,secondary,9,responder_rate,EASI,,,baseline,16w,,,,,,1,responder,EASI,,,percent_improvement_from_baseline,>=,50,percent,,,,Percentage of Participants With Eczema Area and Severity Index-50 (EASI-50) (≥50% Improvement From Baseline) at Week 16
NCT02277743,Dupilumab,SOLO 1,secondary,10,responder_rate,EASI,,,baseline,16w,,,,,,1,responder,EASI,,,percent_improvement_from_baseline,>=,90,percent,,,,Percentage of Participants With Eczema Area and Severity Index-90 (EASI-90) (≥90% Improvement From Baseline) at Week 16
NCT02277743,Dupilumab,SOLO 1,secondary,11,change_from_baseline,BSA,,,baseline,16w,,,,,,0,,,,,,,,,,,,Change From Baseline in Percent Body Surface Area (BSA) to Week 16
NCT02277743,Dupilumab,SOLO 1,secondary,12,percent_change_from_baseline,SCORAD,,,baseline,16w,,,,,,0,,,,,,,,,,,,Percent Change From Baseline in the SCORing Atopic Dermatitis (SCORAD) Score to Week 16
NCT02277743,Dupilumab,SOLO 1,secondary,13,change_from_baseline,DLQI,,,baseline,16w,,,,,,0,,,,,,,,,,,,Change From Baseline in Dermatology Life Quality Index (DLQI) to Week 16
NCT02277743,Dupilumab,SOLO 1,secondary,14,change_from_baseline,POEM,,,baseline,16w,,,,,,0,,,,,,,,,,,,Change From Baseline in Patient Oriented Eczema Measure (POEM) to Week 16
NCT02277743,Dupilumab,SOLO 1,secondary,15,change_from_baseline,HADS,,,baseline,16w,,,,,,0,,,,,,,,,,,,Change From Baseline in Hospital Anxiety Depression Scale (HADS) to Week 16
NCT02277743,Dupilumab,SOLO 1,secondary,16,percent_change_from_baseline,GISS,,,baseline,16w,,,,,,0,,,,,,,,,,,,Percent Change From Baseline in Global Individual Signs Score (GISS) to Week 16
NCT02277743,Dupilumab,SOLO 1,secondary,17,percent_change_from_baseline,Pruritus NRS,,peak_daily,baseline,2w,,,,,,0,,,,,,,,,,,,Percent Change From Baseline in Peak Daily Pruritus NRS Score to Week 2
NCT02277743,Dupilumab,SOLO 1,secondary,18,safety_incidence,,,,,,,,,,skin_infection_TEAE_requiring_systemic_treatment,0,,,,,,,,,,,,Percentage of Participants With Skin Infection Treatment Emergent Adverse Events (TEAEs) Requiring Systemic Treatment
NCT02277743,Dupilumab,SOLO 1,secondary,19,safety_incidence,,,,baseline,,16w,,,,serious_TEAE,0,,,,,,,,,,,,Percentage of Participants With Treatment Emergent Serious Adverse Events (TESAEs) From Baseline Through Week 16
NCT02277743,Dupilumab,SOLO 1,secondary,20,safety_incidence,,,,baseline,,16w,,,,TEAE_leading_to_discontinuation,0,,,,,,,,,,,,Percentage of Participants With Treatment Emergent Adverse Events (TEAEs) Leading to Treatment Discontinuation From Baseline Through Week 16
NCT02277769,Dupilumab,SOLO 2,primary,1,responder_rate,IGA,,,baseline,16w,,,,,,1,responder,IGA,,,absolute_score,in,"[0, 1]",score,,,,"Percentage of Participants With Investigator's Global Assessment (IGA) Score of ""0"" or ""1"" and Reduction From Baseline of ≥2 Points at Week 16 (Time frame: Week 16)"
NCT02277769,Dupilumab,SOLO 2,primary,1,responder_rate,IGA,,,baseline,16w,,,,,,2,responder,IGA,,,point_reduction_from_baseline,>=,2,points,,,,"Percentage of Participants With Investigator's Global Assessment (IGA) Score of ""0"" or ""1"" and Reduction From Baseline of ≥2 Points at Week 16 (Time frame: Week 16)"
NCT02277769,Dupilumab,SOLO 2,secondary,1,responder_rate,EASI,,,baseline,16w,,,,,,1,responder,EASI,,,percent_improvement_from_baseline,>=,75,percent,,,,Percentage of Participants With Eczema Area and Severity Index-75 (EASI-75) (≥75% Improvement From Baseline) at Week 16
NCT02277769,Dupilumab,SOLO 2,secondary,2,responder_rate,Pruritus NRS,,peak_daily_weekly_average,baseline,16w,,,,,,1,responder,Pruritus NRS,,peak_daily_weekly_average,point_reduction_from_baseline,>=,4,points,,,,Percentage of Participants With Improvement (Reduction ≥4 Points) of Weekly Average of Peak Daily Pruritus Numerical Rating Scale (NRS) Score From Baseline to Week 16
NCT02277769,Dupilumab,SOLO 2,secondary,3,responder_rate,Pruritus NRS,,peak_daily_weekly_average,baseline,16w,,,,,,1,responder,Pruritus NRS,,peak_daily_weekly_average,point_reduction_from_baseline,>=,3,points,,,,Percentage of Participants With Improvement (Reduction ≥3 Points) in Weekly Average of Peak Daily Pruritus Numerical Rating Scale (NRS) Score From Baseline to Week 16
NCT02277769,Dupilumab,SOLO 2,secondary,4,percent_change_from_baseline,Pruritus NRS,,peak_daily_weekly_average,baseline,16w,,,,,,0,,,,,,,,,,,,Percent Change From Baseline in Weekly Average of Peak Pruritus Numerical Rating Scale (NRS) Score to Week 16
NCT02277769,Dupilumab,SOLO 2,secondary,5,responder_rate,Pruritus NRS,,,baseline,4w,,,,,,1,responder,Pruritus NRS,,,point_reduction_from_baseline,>=,4,points,,,,Percentage of Participants With Improvement (Reduction ≥4 Points) of Pruritus Numerical Rating Scale (NRS) Score From Baseline to Week 4
NCT02277769,Dupilumab,SOLO 2,secondary,6,responder_rate,Pruritus NRS,,,baseline,2w,,,,,,1,responder,Pruritus NRS,,,point_reduction_from_baseline,>=,4,points,,,,Percentage of Participants With Improvement (Reduction ≥4 Points) of Pruritus Numerical Rating Scale (NRS) Score From Baseline to Week 2
NCT02277769,Dupilumab,SOLO 2,secondary,7,change_from_baseline,Pruritus NRS,,peak_daily,baseline,16w,,,,,,0,,,,,,,,,,,,Change From Baseline in Peak Daily Pruritus Numerical Rating Scale (NRS) Score to Week 16
NCT02277769,Dupilumab,SOLO 2,secondary,8,percent_change_from_baseline,EASI,,,baseline,16w,,,,,,0,,,,,,,,,,,,Percent Change From Baseline in Eczema Area and Severity Index (EASI) Score to Week 16
NCT02277769,Dupilumab,SOLO 2,secondary,9,responder_rate,EASI,,,baseline,16w,,,,,,1,responder,EASI,,,percent_improvement_from_baseline,>=,50,percent,,,,Percentage of Participants With Eczema Area and Severity Index-50 (EASI-50) (≥50% Improvement From Baseline) at Week 16
NCT02277769,Dupilumab,SOLO 2,secondary,10,responder_rate,EASI,,,baseline,16w,,,,,,1,responder,EASI,,,percent_improvement_from_baseline,>=,90,percent,,,,Percentage of Participants With Eczema Area and Severity Index-90 (EASI-90) (≥90% Improvement From Baseline) at Week 16
NCT02277769,Dupilumab,SOLO 2,secondary,11,change_from_baseline,BSA,,,baseline,16w,,,,,,0,,,,,,,,,,,,Change From Baseline in Percent Body Surface Area (BSA) to Week 16
NCT02277769,Dupilumab,SOLO 2,secondary,12,percent_change_from_baseline,SCORAD,,,baseline,16w,,,,,,0,,,,,,,,,,,,Percent Change From Baseline in the SCORing Atopic Dermatitis (SCORAD) Score to Week 16
NCT02277769,Dupilumab,SOLO 2,secondary,13,change_from_baseline,DLQI,,,baseline,16w,,,,,,0,,,,,,,,,,,,Change From Baseline in Dermatology Life Quality Index (DLQI) to Week 16
NCT02277769,Dupilumab,SOLO 2,secondary,14,change_from_baseline,POEM,,,baseline,16w,,,,,,0,,,,,,,,,,,,Change From Baseline in Patient Oriented Eczema Measure (POEM) to Week 16
NCT02277769,Dupilumab,SOLO 2,secondary,15,change_from_baseline,HADS,,,baseline,16w,,,,,,0,,,,,,,,,,,,Change From Baseline in Hospital Anxiety Depression Scale (HADS) to Week 16
NCT02277769,Dupilumab,SOLO 2,secondary,16,percent_change_from_baseline,GISS,,,baseline,16w,,,,,,0,,,,,,,,,,,,Percent Change From Baseline in Global Individual Signs Score (GISS) to Week 16
NCT02277769,Dupilumab,SOLO 2,secondary,17,percent_change_from_baseline,Pruritus NRS,,peak_daily_weekly_average,baseline,2w,,,,,,0,,,,,,,,,,,,Percent Change From Baseline in Weekly Average of Peak Daily Pruritus NRS Score to Week 2
NCT02277769,Dupilumab,SOLO 2,secondary,18,safety_incidence,,,,,,,,,,skin_infection_TEAE_requiring_systemic_treatment,0,,,,,,,,,,,,Percentage of Participants With Skin Infection Treatment Emergent Adverse Events (TEAEs) Requiring Systemic Treatment
NCT02277769,Dupilumab,SOLO 2,secondary,19,safety_incidence,,,,baseline,,16w,,,,serious_TEAE,0,,,,,,,,,,,,Percentage of Participants With Treatment Emergent Serious Adverse Events (TESAEs) From Baseline Through Week 16
NCT02277769,Dupilumab,SOLO 2,secondary,20,safety_incidence,,,,baseline,,16w,,,,TEAE_leading_to_discontinuation,0,,,,,,,,,,,,Percentage of Participants With Treatment Emergent Adverse Events (TEAEs) Leading to Treatment Discontinuation From Baseline Through Week 16
NCT02320149,Sarecycline,,primary,1,absolute_value,,,,,12w,,,,,,0,,,,,,,,,,,,Absolute Change in Facial Inflammatory Lesion Counts at Week 12 (Time frame: Baseline (Day 1) to Week 12)
NCT02320149,Sarecycline,,primary,2,responder_rate,IGA,,,,12w,,,,,,0,,,,,,,,,,,,Percentage of Participants With Investigator Global Assement (IGA) Success at Week 12 (Time frame: Baseline (Day 1) to Week 12)
NCT02320149,Sarecycline,,secondary,1,percent_change_from_baseline,,,,baseline,12w,,,,,,0,,,,,,,,,,,,Percent Change From Baseline in Facial Inflammatory Lesion Counts at Week 12
NCT02320149,Sarecycline,,secondary,2,percent_change_from_baseline,,,,baseline,9w,,,,,,0,,,,,,,,,,,,Percent Change From Baseline in Facial Inflammatory Lesion Counts at Week 9
NCT02320149,Sarecycline,,secondary,3,percent_change_from_baseline,,,,baseline,6w,,,,,,0,,,,,,,,,,,,Percent Change From Baseline in Facial Inflammatory Lesion Counts at Week 6
NCT02320149,Sarecycline,,secondary,4,percent_change_from_baseline,,,,baseline,3w,,,,,,0,,,,,,,,,,,,Percent Change From Baseline in Facial Inflammatory Lesion Counts at Week 3
NCT02320149,Sarecycline,,secondary,5,absolute_value,,,,baseline,9w,,,,,,0,,,,,,,,,,,,Absolute Change From Baseline in Facial Inflammatory Lesion Counts at Week 9
NCT02320149,Sarecycline,,secondary,6,absolute_value,,,,baseline,6w,,,,,,0,,,,,,,,,,,,Absolute Change From Baseline in Facial Inflammatory Lesion Counts at Week 6
NCT02320149,Sarecycline,,secondary,7,absolute_value,,,,baseline,3w,,,,,,0,,,,,,,,,,,,Absolute Change From Baseline in Facial Inflammatory Lesion Counts at Week 3
NCT02320149,Sarecycline,,secondary,8,percent_change_from_baseline,,,,baseline,12w,,,,,,0,,,,,,,,,,,,Percent Change From Baseline in Facial Noninflammatory Lesion Counts at Week 12
NCT02320149,Sarecycline,,secondary,9,percent_change_from_baseline,,,,baseline,9w,,,,,,0,,,,,,,,,,,,Percent Change From Baseline in Facial Noninflammatory Lesion Counts at Week 9
NCT02320149,Sarecycline,,secondary,10,percent_change_from_baseline,,,,baseline,6w,,,,,,0,,,,,,,,,,,,Percent Change From Baseline in Facial Noninflammatory Lesion Counts at Week 6
NCT02320149,Sarecycline,,secondary,11,percent_change_from_baseline,,,,baseline,3w,,,,,,0,,,,,,,,,,,,Percent Change From Baseline in Facial Noninflammatory Lesion Counts at Week 3
NCT02320149,Sarecycline,,secondary,12,absolute_value,,,,baseline,12w,,,,,,0,,,,,,,,,,,,Absolute Change From Baseline in Facial Noninflammatory Lesion Counts at Week 12
NCT02320149,Sarecycline,,secondary,13,absolute_value,,,,baseline,9w,,,,,,0,,,,,,,,,,,,Absolute Change From Baseline in Facial Noninflammatory Lesion Counts at Week 9
NCT02320149,Sarecycline,,secondary,14,absolute_value,,,,baseline,6w,,,,,,0,,,,,,,,,,,,Absolute Change From Baseline in Facial Noninflammatory Lesion Counts at Week 6
NCT02320149,Sarecycline,,secondary,15,absolute_value,,,,baseline,3w,,,,,,0,,,,,,,,,,,,Absolute Change From Baseline in Facial Noninflammatory Lesion Counts at Week 3
NCT02322866,Sarecycline,,primary,1,absolute_value,,,,baseline,12w,,,,,,0,,,,,,,,,,,,Absolute Change From Baseline in Facial Inflammatory Lesion Counts at Week 12 (Time frame: Baseline (Day 1) to Week 12)
NCT02322866,Sarecycline,,primary,2,responder_rate,IGA,,,,12w,,,,,,0,,,,,,,,,,,,Percentage of Participants With Investigator's Global Assessment (IGA) Scale Success at Week 12 (Time frame: Week 12)
NCT02322866,Sarecycline,,secondary,1,percent_change_from_baseline,,,,baseline,12w,,,,,,0,,,,,,,,,,,,Percent Change From Baseline in Facial Inflammatory Lesion Counts at Week 12
NCT02322866,Sarecycline,,secondary,2,percent_change_from_baseline,,,,baseline,9w,,,,,,0,,,,,,,,,,,,Percent Change From Baseline in Facial Inflammatory Lesion Counts at Week 9
NCT02322866,Sarecycline,,secondary,3,percent_change_from_baseline,,,,baseline,6w,,,,,,0,,,,,,,,,,,,Percent Change From Baseline in Facial Inflammatory Lesion Counts at Week 6
NCT02322866,Sarecycline,,secondary,4,percent_change_from_baseline,,,,baseline,3w,,,,,,0,,,,,,,,,,,,Percent Change From Baseline in Facial Inflammatory Lesion Counts at Week 3
NCT02322866,Sarecycline,,secondary,5,absolute_value,,,,baseline,9w,,,,,,0,,,,,,,,,,,,Absolute Change From Baseline in Facial Inflammatory Lesion Counts at Week 9
NCT02322866,Sarecycline,,secondary,6,absolute_value,,,,baseline,6w,,,,,,0,,,,,,,,,,,,Absolute Change From Baseline in Facial Inflammatory Lesion Counts at Week 6
NCT02322866,Sarecycline,,secondary,7,absolute_value,,,,baseline,3w,,,,,,0,,,,,,,,,,,,Absolute Change From Baseline in Facial Inflammatory Lesion Counts at Week 3
NCT02326272,Certolizumab,CIMPASI-2,primary,1,responder_rate,,,,,16w,,,,,,1,responder,PASI,,,percent_improvement_from_baseline,>=,75,percent,,,,Proportion of Participants Who Achieve a Psoriasis Activity and Severity Index (PASI75) Response at Week 16 (Time frame: Week 16)
NCT02326272,Certolizumab,CIMPASI-2,primary,2,responder_rate,,,,,16w,,,,,,0,,,,,,,,,,,,Proportion of Participants Who Achieve a Physician's Global Assessment (PGA) Clear or Almost Clear (With at Least 2-category Improvement) Response at Week 16 (Time frame: Week 16)
NCT02326272,Certolizumab,CIMPASI-2,secondary,1,responder_rate,,,,,16w,,,,,,1,responder,PASI,,,percent_improvement_from_baseline,>=,90,percent,,,,Proportion of Participants Who Achieve a Psoriasis Activity and Severity Index (PASI90) Response at Week 16
NCT02326272,Certolizumab,CIMPASI-2,secondary,2,responder_rate,,,,,48w,,,,,,0,,,,,,,,,,,,Proportion of Participants Who Achieve a Physician's Global Assessment (PGA) Clear or Almost Clear (With at Least 2-category Improvement) Response at Week 48
NCT02326272,Certolizumab,CIMPASI-2,secondary,3,responder_rate,,,,,48w,,,,,,1,responder,PASI,,,percent_improvement_from_baseline,>=,75,percent,,,,Proportion of Participants Who Achieve a Psoriasis Activity and Severity Index (PASI75) Response at Week 48
NCT02326272,Certolizumab,CIMPASI-2,secondary,4,change_from_baseline,DLQI,,,baseline,16w,,,,,,0,,,,,,,,,,,,Change From Baseline in Dermatology Life Quality Index (DLQI) at Week 16
NCT02326298,Certolizumab,CIMPASI-1,primary,1,responder_rate,,,,,16w,,,,,,1,responder,PASI,,,percent_improvement_from_baseline,>=,75,percent,,,,Proportion of Subjects Who Achieve a Psoriasis Activity and Severity Index (PASI75) Response at Week 16 (Time frame: At Week 16)
NCT02326298,Certolizumab,CIMPASI-1,primary,2,responder_rate,,,,,16w,,,,,,0,,,,,,,,,,,,Proportion of Subjects Who Achieve a Physician's Global Assessment (PGA) Clear or Almost Clear (With at Least 2-category Improvement) Response at Week 16 (Time frame: At Week 16)
NCT02326298,Certolizumab,CIMPASI-1,secondary,1,responder_rate,,,,,16w,,,,,,1,responder,PASI,,,percent_improvement_from_baseline,>=,90,percent,,,,Proportion of Subjects Who Achieve a Psoriasis Activity and Severity Index (PASI90) Response at Week 16
NCT02326298,Certolizumab,CIMPASI-1,secondary,2,change_from_baseline,DLQI,,,baseline,16w,,,,,,0,,,,,,,,,,,,Change From Baseline in Dermatology Life Quality Index (DLQI) at Week 16
NCT02326298,Certolizumab,CIMPASI-1,secondary,3,responder_rate,,,,,48w,,,,,,0,,,,,,,,,,,,Proportion of Subjects Who Achieve a Physician's Global Assessment (PGA) Clear or Almost Clear (With at Least 2-category Improvement) Response at Week 48
NCT02326298,Certolizumab,CIMPASI-1,secondary,4,responder_rate,,,,,48w,,,,,,1,responder,PASI,,,percent_improvement_from_baseline,>=,75,percent,,,,Proportion of Subjects Who Achieve a Psoriasis Activity and Severity Index (PASI75) Response at Week 48
NCT02346240,Certolizumab,CIMPACT,primary,1,responder_rate,,,,,12w,,,,,,1,responder,PASI,,,percent_improvement_from_baseline,>=,75,percent,,,,Proportion of Subjects Who Achieve a Psoriasis Activity and Severity Index (PASI75) Response at Week 12 (Time frame: Week 12)
NCT02346240,Certolizumab,CIMPACT,secondary,1,responder_rate,,,,,12w,,,,,,0,,,,,,,,,,,,Proportion of Subjects Who Achieve a Physician's Global Assessment (PGA) Clear or Almost Clear Response (With at Least 2 Category Improvement) at Week 12
NCT02346240,Certolizumab,CIMPACT,secondary,2,responder_rate,,,,,12w,,,,,,1,responder,PASI,,,percent_improvement_from_baseline,>=,90,percent,,,,Proportion of Subjects Who Achieve a Psoriasis Activity and Severity Index (PASI90) Response at Week 12
NCT02346240,Certolizumab,CIMPACT,secondary,3,responder_rate,,,,,16w,,,,,,1,responder,PASI,,,percent_improvement_from_baseline,>=,75,percent,,,,Proportion of Subjects Who Achieve a Psoriasis Activity and Severity Index (PASI75) Response at Week 16
NCT02346240,Certolizumab,CIMPACT,secondary,4,responder_rate,,,,,16w,,,,,,0,,,,,,,,,,,,Proportion of Subjects Who Achieve a Physician's Global Assessment (PGA) Clear or Almost Clear Response (With at Least 2 Category Improvement) at Week 16
NCT02346240,Certolizumab,CIMPACT,secondary,5,responder_rate,,,,,16w,,,,,,1,responder,PASI,,,percent_improvement_from_baseline,>=,90,percent,,,,Proportion of Subjects Who Achieve a Psoriasis Activity and Severity Index (PASI90) Response at Week 16
NCT02346240,Certolizumab,CIMPACT,secondary,6,responder_rate,,,,,48w;16w,,,,,,1,responder,PASI,,,percent_improvement_from_baseline,>=,75,percent,,,,Proportion of Subjects Who Achieve a Psoriasis Activity and Severity Index (PASI75) Response at Week 48 for Those Achieving PASI75 at Week 16
NCT02395133,Dupilumab,SOLO-CONTINUE,primary,1,other,EASI,,,baseline,36w,,,,,,0,,,,,,,,,,,,"Difference Between Current Study Baseline and Week 36 in Percent Change in EASI From Parent Study Baseline (NCT02277743 and NCT02277769) (Time frame: Baseline (Parent Study), Baseline (Current Study) and Week 36 (Current study))"
NCT02395133,Dupilumab,SOLO-CONTINUE,primary,2,responder_rate,EASI,,,baseline,36w,,,,,,1,responder,EASI,,,absolute_score,>=,75,percent,,,,Percentage of Participants With Eczema Area and Severity Index >= 75% [EASI-75] at Baseline of Current Study Maintaining EASI-75 at Week 36 (Time frame: Week 36)
NCT02395133,Dupilumab,SOLO-CONTINUE,secondary,1,responder_rate,IGA,,,baseline,36w,,,,,,0,,,,,,,,,,,,Percentage of Participants Maintaining Investigator Global Assessment (IGA) Response Within 1 Point of Baseline at Week 36
NCT02395133,Dupilumab,SOLO-CONTINUE,secondary,2,responder_rate,IGA,,,,36w,,,,,,1,responder,IGA,,,absolute_score,in,"[0, 1]",score,,,,Percentage of Participants Maintaining Investigator Global Assessment (IGA) Response at 0 or 1 Point at Week 36
NCT02395133,Dupilumab,SOLO-CONTINUE,secondary,3,responder_rate,Pruritus NRS,,peak_daily_weekly_average,baseline,35w,,,,,,0,,,,,,,,,,,,Percentage of Participants With Weekly Average of Peak Daily Pruritus Numerical Rating Scale (NRS) Score Increased by 3 or More Points From Baseline to Week 35
NCT02395133,Dupilumab,SOLO-CONTINUE,secondary,4,time_to_event,IGA,,,baseline,,,,,,,1,responder,IGA,,,absolute_score,in,"[0, 1]",score,,,,Time to First Event of Investigator's Global Assessment (IGA) >= 2 for Participants With IGA 0 or 1 at Baseline
NCT02395133,Dupilumab,SOLO-CONTINUE,secondary,5,responder_rate,IGA,,,,36w,,,,,,0,,,,,,,,,,,,Percentage of Participants With Increased Investigator's Global Assessment (IGA) Score 3 or 4 at Week 36
NCT02395133,Dupilumab,SOLO-CONTINUE,secondary,6,responder_rate,EASI,,,,36w,,,,,,1,responder,EASI,,,percent_improvement_from_baseline,>=,50,percent,,,,Percentage of Participants With Eczema Area and Severity Index-50 (EASI-50) (>= 50% Reduction in EASI Score) at Week 36
NCT02395133,Dupilumab,SOLO-CONTINUE,secondary,7,absolute_value,EASI,,,baseline,36w,,,,,,0,,,,,,,,,,,,Absolute Change From Baseline in Eczema Area and Severity Index (EASI) at Week 36
NCT02395133,Dupilumab,SOLO-CONTINUE,secondary,8,absolute_value,SCORAD,,,baseline,36w,,,,,,0,,,,,,,,,,,,Absolute Change From Baseline in SCORing Atopic Dermatitis (SCORAD) Score at Week 36
NCT02395133,Dupilumab,SOLO-CONTINUE,secondary,9,absolute_value,Pruritus NRS,,peak_daily,baseline,35w,,,,,,0,,,,,,,,,,,,Absolute Change From Baseline in Peak Daily Pruritus Numerical Rating Scale (NRS) Score at Week 35
NCT02395133,Dupilumab,SOLO-CONTINUE,secondary,10,other,BSA,,,baseline,,36w,,,,,0,,,,,,,,,,,,Absolute Change From Baseline in Body Surface Area (BSA) Through Week 36
NCT02395133,Dupilumab,SOLO-CONTINUE,secondary,11,other,POEM,,,baseline,,36w,,,,,0,,,,,,,,,,,,Absolute Change From Baseline Through in Patient Oriented Eczema Measure (POEM) Through Week 36
NCT02395133,Dupilumab,SOLO-CONTINUE,secondary,12,other,DLQI,,,baseline,,36w,,,,,0,,,,,,,,,,,,Absolute Change From Baseline in Dermatology Life Quality Index (DLQI) Through Week 36
NCT02395133,Dupilumab,SOLO-CONTINUE,secondary,13,other,HADS,,,baseline,,36w,,,,,0,,,,,,,,,,,,Absolute Change From Baseline in Hospital Anxiety Depression Scale (HADS) Through Week 36
NCT02395133,Dupilumab,SOLO-CONTINUE,secondary,14,other,SCORAD,,,baseline,36w,,,,,,0,,,,,,,,,,,,Difference Between Current Study Baseline and Week 36 in Percent Change in SCORAD From Parent Study Baseline
NCT02395133,Dupilumab,SOLO-CONTINUE,secondary,15,other,Pruritus NRS,,peak_daily,baseline,35w,,,,,,0,,,,,,,,,,,,Difference Between Current Study Baseline and Week 35 in Percent Change in Peak Weekly Pruritus NRS From Parent Study Baseline
NCT02395133,Dupilumab,SOLO-CONTINUE,secondary,16,safety_incidence,,,,,,,,,,skin_infection_TEAE,0,,,,,,,,,,,,Annualized Event Rate of Skin Infection Treatment- Emergent Adverse Events (TEAEs)
NCT02395133,Dupilumab,SOLO-CONTINUE,secondary,17,other,,,,,,,,,,flare,0,,,,,,,,,,,,Annualized Event Rate of Flares
NCT02395133,Dupilumab,SOLO-CONTINUE,secondary,18,other,,,,,,,,,,,0,,,,,,,,,,,,Percentage of Well-Controlled Weeks During the On-treatment Period
NCT02471144,Secukinumab,,primary,1,absolute_value,,,,baseline,12w,,,,,,0,,,,,,,,,,,,Number and Percentage of Participants Achieving a 75% Improvement From Baseline in PASI Score at Week 12 (Time frame: 12 weeks)
NCT02471144,Secukinumab,,primary,2,absolute_value,IGA,,,,12w,,,,,,0,,,,,,,,,,,,Number and Percentage of Participants Who Showed Investigator's Global Assessment (IGA) Mod 2011 Response of 0 or 1 at Week 12 (Time frame: 12 Weeks)
NCT02471144,Secukinumab,,secondary,1,absolute_value,,,,baseline,12w,,,,,,0,,,,,,,,,,,,Number and Percentage of Participants Achieving a 90% Improvement From Baseline in PASI Score at Week 12
NCT02471144,Secukinumab,,secondary,2,absolute_value,,,,baseline,12w,,,,,,0,,,,,,,,,,,,"Number and Percentage of Participants Achieving a 50%, 100% Improvement From Baseline in PASI Score at Week 12"
NCT02471144,Secukinumab,,secondary,3,other,IGA,,,baseline,,12w,,,,,0,,,,,,,,,,,,"Number and Percentage of Participants Achieving a 50%, 75%, 90% or 100% Improvement From Baseline in PASI Score and IGA Mod 2011 Score of 0 or 1 up to Week 12 (Induction)"
NCT02471144,Secukinumab,,secondary,4,other,IGA,,,baseline,,52w,,,,,0,,,,,,,,,,,,"Number and Percentage of Participants Achieving a 50%, 75%, 90% or 100% Improvement From Baseline in PASI Score and IGA Mod 2011 Score of 0 or 1 Up to Week 52 (Maintenance)"
NCT02471144,Secukinumab,,secondary,5,change_from_baseline,,,,baseline,12w,,,,,,0,,,,,,,,,,,,Change From Baseline in Psoriasis Area & Severity Index (PASI) Score at Week 12
NCT02471144,Secukinumab,,secondary,6,change_from_baseline,,,,baseline,52w,,,,,,0,,,,,,,,,,,,Change From Baseline in Psoriasis Area & Severity Index (PASI) Scores at Week 52
NCT02471144,Secukinumab,,secondary,7,responder_rate,IGA,,,,12w,,,,,,0,,,,,,,,,,,,Percentage of Participants in IGA Mod 2011 Score Categories at Week 12
NCT02471144,Secukinumab,,secondary,8,responder_rate,IGA,,,,52w,,,,,,0,,,,,,,,,,,,Percentage of Participants in IGA Mod 2011 Score Categories at Week 52
NCT02471144,Secukinumab,,secondary,9,percent_change_from_baseline,CDLQI,,,baseline,,12w,,,,,0,,,,,,,,,,,,Percentage Change From Baseline in Children's Dermatology Life Quality Index (cDLQI) Score Up to Week 12 (Induction)
NCT02471144,Secukinumab,,secondary,10,percent_change_from_baseline,CDLQI,,,baseline,,52w,,,,,0,,,,,,,,,,,,Percentage Change From Baseline in Children's Dermatology Life Quality Index (cDLQI) Score Up to Week 52 (Maintenance)
NCT02471144,Secukinumab,,secondary,11,other,DLQI,,,,,12w,,,,,0,,,,,,,,,,,,Number and Percentage of Participants Achieving a Children's DLQI Score of 0 or 1 Over Time up to Week 12 (Induction)
NCT02471144,Secukinumab,,secondary,12,other,DLQI,,,,,52w,,,,,0,,,,,,,,,,,,Number and Percentage of Participants Achieving a Children's DLQI Score of 0 or 1 Over Time up to Week 52 (Maintenance)
NCT02471144,Secukinumab,,secondary,13,absolute_value,,,,,12w,,,,,,0,,,,,,,,,,,,Number and Percentage of Participants With Clinically Important Reduction in Disability as Evaluated by CHAQ Questionnaire Over Time at Week 12
NCT02471144,Secukinumab,,secondary,14,absolute_value,,,,,52w,,,,,,0,,,,,,,,,,,,Number and Percentage of Participants With Clinically Important Reduction in Disability as Evaluated by CHAQ Questionnaire Over Time at Week 52
NCT02485704,Spinosad,,primary,1,count,,,,,,,,,,,0,,,,,,,,,,,,Number of Index Subjects Completely Cured of Scabies After a Single Treatment (Time frame: 28 days after treatment)
NCT02485717,Spinosad,,primary,1,count,,,,,,,,,,,0,,,,,,,,,,,,Number of Index Subjects Completely Cured of Scabies After a Single Treatment (Time frame: 28 days after treatment)
NCT02485717,Spinosad,,secondary,1,other,,,,,,,,,,,0,,,,,,,,,,,,This Assessment Includes Assessing the Cmax (μg/mL) of Benzyl Alcohol Pre-dose and During 12 Hours Post-dose of Natroba™ in Pediatric Subjects (Ages 4-16 Years).
NCT02485717,Spinosad,,secondary,2,other,,,,,,,,,,,0,,,,,,,,,,,,This Assessment Includes Assessing the Tmax (Hours) of Benzyl Alcohol Pre-dose and During 12 Hours Post-dose of Natroba™ in Pediatric Subjects (Ages 4-16 Years).
NCT02485717,Spinosad,,secondary,3,other,,,,,,,,,,,0,,,,,,,,,,,,This Assessment Includes Assessing the AUC 0-12h (μg•h/mL) of Benzyl Alcohol Pre-dose and During 12 Hours Post-dose of Natroba™ in Pediatric Subjects (Ages 4-16 Years).
NCT02485717,Spinosad,,secondary,4,other,,,,,,,,,,,0,,,,,,,,,,,,This Assessment Includes Assessing the Cmax (ng/mL) of Spinosad (Spinosyn A and Spinosyn D) Pre-dose and During 12 Hours Post-dose of Natroba™ in Pediatric Subjects (Ages 4-16 Years).
NCT02485717,Spinosad,,secondary,5,other,,,,,,,,,,,0,,,,,,,,,,,,This Assessment Includes Assessing the Tmax (Hours) of Spinosad (Spinosyn A and Spinosyn D) Pre-dose and During 12 Hours Post-dose of Natroba™ in Pediatric Subjects (Ages 4-16 Years).
NCT02485717,Spinosad,,secondary,6,other,,,,,,,,,,,0,,,,,,,,,,,,This Assessment Includes Assessing the AUC 0-12h (ng•h/mL) of Spinosad (Spinosyn A and Spinosyn D) Pre-dose and During 12 Hours Post-dose of Natroba™ in Pediatric Subjects (Ages 4-16 Years).
NCT02530281,Glycopyrronium,,primary,1,responder_rate,,,,baseline,4w,,,,,,0,,,,,,,,,,,,Percentage of Subjects Who Have a ≥4-point Improvement in the Weekly Mean Score of ASDD Item #2 From Baseline at Week 4 (Time frame: From Baseline to Week 4)
NCT02530281,Glycopyrronium,,primary,2,absolute_value,,,,baseline,4w,,,,,,0,,,,,,,,,,,,Mean Absolute Change From Baseline in Gravimetrically-measured Sweat Production at Week 4 (Time frame: From Baseline to Week 4)
NCT02530281,Glycopyrronium,,primary,3,absolute_value,,,,baseline,4w,,,,,,0,,,,,,,,,,,,Median Absolute Change From Baseline in Gravimetrically-measured Sweat Production at Week 4 (Time frame: From Baseline to Week 4)
NCT02530281,Glycopyrronium,,primary,4,absolute_value,,,,baseline,4w,,,,,,0,,,,,,,,,,,,"Mean Absolute Change From Baseline in Gravimetrically-measured Sweat Production at Week 4, Excluding Centers With Outlier Data (Time frame: Baseline - Week 4)"
NCT02530281,Glycopyrronium,,secondary,1,responder_rate,,,,baseline,4w,,,,,,0,,,,,,,,,,,,Percentage of Subjects Who Have a ≥2 Grade Improvement in Hyperhidrosis Disease Severity Scale (HDSS) From Baseline at Week 4
NCT02530281,Glycopyrronium,,secondary,2,responder_rate,,,,baseline,4w,,,,,,0,,,,,,,,,,,,Percentage of Subjects Who Have at Least a 50% Reduction in Gravimetrically Measured Sweat Production From Baseline at Week 4
NCT02530294,Glycopyrronium,,primary,1,responder_rate,,,,baseline,4w,,,,,,0,,,,,,,,,,,,Percentage of Subjects Who Have a ≥4-point Improvement in the Weekly Mean Score of Axillary Sweating Daily Diary (ASDD) Item #2 From Baseline at Week 4 (Time frame: From Baseline to Week 4)
NCT02530294,Glycopyrronium,,primary,2,absolute_value,,,,baseline,4w,,,,,,0,,,,,,,,,,,,Mean Absolute Change From Baseline in Gravimetrically-measured Sweat Production at Week 4 (Time frame: Baseline - Week 4)
NCT02530294,Glycopyrronium,,primary,3,absolute_value,,,,baseline,4w,,,,,,0,,,,,,,,,,,,Median Absolute Change From Baseline in Gravimetrically-measured Sweat Production at Week 4 (Time frame: From Baseline to Week 4)
NCT02530294,Glycopyrronium,,secondary,1,responder_rate,,,,baseline,4w,,,,,,0,,,,,,,,,,,,Percentage of Subjects Who Have a ≥2 Grade Improvement in Hyperhidrosis Disease Severity Scale (HDSS) From Baseline at Week 4
NCT02530294,Glycopyrronium,,secondary,2,responder_rate,,,,baseline,4w,,,,,,0,,,,,,,,,,,,Percentage of Subjects Who Have at Least a 50% Reduction in Gravimetrically Measured Sweat Production From Baseline at Week 4
NCT02556788,Trifarotene,,primary,1,other,IGA,,,,12w,,,,,,0,,,,,,,,,,,,Investigator Global Assessment (IGA) Score of 1 (Almost Clear) or 0 (Clear) (Time frame: From Baseline to Week 12)
NCT02566369,Trifarotene,,primary,1,absolute_value,IGA,,,,12w,,,,,,0,,,,,,,,,,,,Investigator Global Assessment (IGA) Success Rate at Week 12 (Time frame: From Baseline to Week 12)
NCT02608450,Clascoterone,,primary,1,responder_rate,IGA,,,,12w,,,,,,0,,,,,,,,,,,,Percentage of Participants Achieving Success in Investigator's Global Assessment (IGA) (Time frame: Week 12)
NCT02608450,Clascoterone,,primary,2,change_from_baseline,,,,baseline,12w,,,,,,0,,,,,,,,,,,,Change From Baseline in Non-inflammatory Lesion Counts (Time frame: Baseline and Week 12)
NCT02608450,Clascoterone,,primary,3,change_from_baseline,,,,baseline,12w,,,,,,0,,,,,,,,,,,,Change From Baseline in Inflammatory Lesion Counts (Time frame: Baseline and Week 12)
NCT02608450,Clascoterone,,secondary,1,change_from_baseline,,,,baseline,,,,,,,0,,,,,,,,,,,,Change From Baseline in Total Lesion Counts
NCT02608450,Clascoterone,,secondary,2,percent_change_from_baseline,,,,baseline,,,,,,,0,,,,,,,,,,,,Percent Change From Baseline in Total Lesion Counts
NCT02608450,Clascoterone,,secondary,3,percent_change_from_baseline,,,,baseline,,,,,,,0,,,,,,,,,,,,Percent Change From Baseline in Non-inflammatory Lesion (NIL) Counts
NCT02608450,Clascoterone,,secondary,4,percent_change_from_baseline,,,,baseline,,,,,,,0,,,,,,,,,,,,Percent Change From Baseline in Inflammatory Lesion (IL) Counts
NCT02608476,Clascoterone,,primary,1,responder_rate,IGA,,,,12w,,,,,,0,,,,,,,,,,,,Percentage of Participants Achieving Success in Investigator's Global Assessment (IGA) (Time frame: Week 12)
NCT02608476,Clascoterone,,primary,2,change_from_baseline,,,,baseline,12w,,,,,,0,,,,,,,,,,,,Change From Baseline in Non-inflammatory Lesion (NIL) Counts (Time frame: Baseline and Week 12)
NCT02608476,Clascoterone,,primary,3,change_from_baseline,,,,baseline,12w,,,,,,0,,,,,,,,,,,,Change From Baseline in Inflammatory Lesion (IL) Counts (Time frame: Baseline and Week 12)
NCT02608476,Clascoterone,,secondary,1,change_from_baseline,,,,baseline,,,,,,,0,,,,,,,,,,,,Change From Baseline in Total Lesion Counts
NCT02608476,Clascoterone,,secondary,2,percent_change_from_baseline,,,,baseline,,,,,,,0,,,,,,,,,,,,Percent Change From Baseline in Total Lesion Counts
NCT02608476,Clascoterone,,secondary,3,percent_change_from_baseline,,,,baseline,,,,,,,0,,,,,,,,,,,,Percent Change From Baseline in Non-inflammatory Lesion Counts
NCT02608476,Clascoterone,,secondary,4,percent_change_from_baseline,,,,baseline,,,,,,,0,,,,,,,,,,,,Percent Change From Baseline in Inflammatory Lesion Counts
NCT02667236,Hydrogen Peroxide,,primary,1,responder_rate,,,,,,,,,,,0,,,,,,,,,,,,Proportion of Subjects With Target Lesion Clearance as Assessed by the Physician Lesion Assessment (Time frame: Day 106 of the study)
NCT02667236,Hydrogen Peroxide,,secondary,1,responder_rate,,,,,,,,,,,0,,,,,,,,,,,,Proportion of Subjects With 3 of 4 Target Lesion Clearance
NCT02667275,Hydrogen Peroxide,SK,primary,1,responder_rate,,,,,,,,,,,0,,,,,,,,,,,,Proportion of Subjects With All Target Lesions Cleared According to Physician Lesion Assessment Scale (Time frame: Study day 106)
NCT02667275,Hydrogen Peroxide,SK,secondary,1,responder_rate,,,,,,,,,,,0,,,,,,,,,,,,Percent of Lesions Cleared Scale
NCT02672852,Risankizumab,,primary,1,responder_rate,,,,baseline,16w,,,,,,0,,,,,,,,,,,,"Percentage of Participants Achieving 90% Improvement Psoriasis Area and Severity Index (PASI) Score (PASI90) From Baseline to Week 16 (Time frame: Baseline, Week 16)"
NCT02672852,Risankizumab,,primary,2,responder_rate,,,,,16w,,,,,,0,,,,,,,,,,,,Percentage of Participants Achieving Static Physician Global Assessment (sPGA) Score of Clear or Almost Clear at Week 16 (Time frame: Week 16)
NCT02672852,Risankizumab,,primary,3,responder_rate,,,,,52w,,,,,,0,,,,,,,,,,,,Percentage of Participants Achieving sPGA Score of Clear or Almost Clear at Week 52 (Time frame: Week 52)
NCT02672852,Risankizumab,,secondary,1,responder_rate,,,,,16w,,,,,,0,,,,,,,,,,,,Percentage of Participants Achieving 75% Improvement in PASI Score (PASI75) at Week 16
NCT02672852,Risankizumab,,secondary,2,responder_rate,,,,,16w,,,,,,0,,,,,,,,,,,,Percentage of Participants Achieving 100% Improvement in PASI Score (PASI100) at Week 16
NCT02672852,Risankizumab,,secondary,3,responder_rate,,,,,16w,,,,,,0,,,,,,,,,,,,Percentage of Participants Achieving an sPGA Score of Clear at Week 16
NCT02672852,Risankizumab,,secondary,4,responder_rate,DLQI,,,,16w,,,,,,1,responder,DLQI,,,absolute_score,in,"[0, 1]",score,,,,Percentage of Participants Achieving a Dermatology Life Quality Index (DLQI) Score of 0 or 1 at Week 16
NCT02672852,Risankizumab,,secondary,5,responder_rate,,,,,104w,,,,,,0,,,,,,,,,,,,Percentage of Participants Achieving an sPGA Score of Clear or Almost Clear at Week 104
NCT02672852,Risankizumab,,secondary,6,responder_rate,,,,,52w,,,,,,0,,,,,,,,,,,,Percentage of Participants Achieving 75% Improvement in PASI Score (PASI75) at Week 52
NCT02672852,Risankizumab,,secondary,7,responder_rate,,,,,52w,,,,,,0,,,,,,,,,,,,Percentage of Participants Achieving 90% Improvement in PASI Score (PASI90) at Week 52
NCT02672852,Risankizumab,,secondary,8,responder_rate,,,,,52w,,,,,,0,,,,,,,,,,,,Percentage of Participants Achieving 100% Improvement in PASI Score (PASI100) at Week 52
NCT02684357,Risankizumab,,primary,1,responder_rate,,,,,16w,,,,,,1,responder,PASI,,,percent_improvement_from_baseline,>=,90,percent,,,,Percentage of Participants Achieving 90% Improvement in Psoriasis Area and Severity Index (PASI) Score (PASI90) at Week 16 in Participants Who Received Risankizumab Compared With Placebo (Part A) (Time frame: Week 16)
NCT02684357,Risankizumab,,primary,2,responder_rate,,,,,16w,,,,,,0,,,,,,,,,,,,Percentage of Participants Achieving a Static Physician Global Assessment (sPGA) Score of Clear or Almost Clear at Week 16 in Participants Who Received Risankizumab Compared With Placebo (Part A) (Time frame: Week 16)
NCT02684357,Risankizumab,,secondary,1,responder_rate,,,,,16w,,,,,,0,,,,,,,,,,,,Percentage of Participants Achieving sPGA Score of Clear at Week 16 in Participants Who Received Risankizumab Compared With Placebo (Part A)
NCT02684357,Risankizumab,,secondary,2,responder_rate,,,,,16w,,,,,,1,responder,PASI,,,percent_improvement_from_baseline,>=,100,percent,,,,Percentage of Participants Achieving PASI100 at Week 16 in Participants Who Received Risankizumab Compared With Placebo (Part A)
NCT02684357,Risankizumab,,secondary,3,responder_rate,DLQI,,,,16w,,,,,,1,responder,DLQI,,,absolute_score,in,"[0, 1]",score,,,,Percentage of Participants Achieving a Dermatology Life Quality Index (DLQI) Score of 0 or 1 at Week 16 in Participants Who Received Risankizumab Compared With Placebo (Part A)
NCT02684357,Risankizumab,,secondary,4,responder_rate,,,,,16w,,,,,,0,,,,,,,,,,,,Percentage of Participants Achieving a Psoriasis Symptom Scale (PSS) Score of 0 at Week 16 in Participants Who Received Risankizumab Compared With Placebo (Part A)
NCT02684357,Risankizumab,,secondary,5,responder_rate,,,,,16w,,,,,,1,responder,PASI,,,percent_improvement_from_baseline,>=,90,percent,,,,Percentage of Participants Achieving PASI90 at Week 16 in Participants Who Received Risankizumab Compared With Ustekinumab (Part A)
NCT02684357,Risankizumab,,secondary,6,responder_rate,,,,,16w,,,,,,0,,,,,,,,,,,,Percentage of Participants Achieving sPGA Score of Clear or Almost Clear at Week 16 in Participants Who Received Risankizumab Compared With Ustekinumab (Part A)
NCT02684357,Risankizumab,,secondary,7,responder_rate,,,,,16w,,,,,,1,responder,PASI,,,percent_improvement_from_baseline,>=,100,percent,,,,Percentage of Participants Achieving PASI100 at Week 16 in Participants Who Received Risankizumab Compared With Ustekinumab (Part A)
NCT02684357,Risankizumab,,secondary,8,responder_rate,,,,,16w,,,,,,0,,,,,,,,,,,,Percentage of Participants Achieving sPGA Score of Clear at Week 16 in Participants Who Received Risankizumab Compared With Ustekinumab (Part A)
NCT02684357,Risankizumab,,secondary,9,responder_rate,,,,,52w,,,,,,1,responder,PASI,,,percent_improvement_from_baseline,>=,90,percent,,,,Percentage of Participants Achieving PASI90 at Week 52 in Participants Who Received Risankizumab Compared With Ustekinumab (Part B)
NCT02684357,Risankizumab,,secondary,10,responder_rate,,,,,52w,,,,,,1,responder,PASI,,,percent_improvement_from_baseline,>=,100,percent,,,,Percentage of Participants Achieving PASI100 at Week 52 in Participants Who Received Risankizumab Compared With Ustekinumab (Part B)
NCT02684357,Risankizumab,,secondary,11,responder_rate,,,,,52w,,,,,,0,,,,,,,,,,,,Percentage of Participants Achieving sPGA Score of Clear at Week 52 in Participants Who Received Risankizumab Compared With Ustekinumab (Part B)
NCT02684357,Risankizumab,,secondary,12,responder_rate,,,,,12w,,,,,,1,responder,PASI,,,percent_improvement_from_baseline,>=,75,percent,,,,Percentage of Participants Achieving PASI75 at Week 12 in Participants Who Received Risankizumab Compared With Ustekinumab (Part A)
NCT02684357,Risankizumab,,secondary,13,responder_rate,,,,,12w,,,,,,0,,,,,,,,,,,,Percentage of Participants Achieving sPGA Score of Clear or Almost Clear at Week 12 in Participants Who Received Risankizumab Compared With Ustekinumab (Part A)
NCT02684357,Risankizumab,,secondary,14,responder_rate,DLQI,,,,16w,,,,,,1,responder,DLQI,,,absolute_score,in,"[0, 1]",score,,,,Percentage of Participants Achieving a DLQI Score of 0 or 1 at Week 16 in Participants Who Received Risankizumab Compared With Ustekinumab (Part A)
NCT02684357,Risankizumab,,secondary,15,change_from_baseline,,,,baseline,16w,,,,,,0,,,,,,,,,,,,Change From Baseline to Week 16 in PSS Total Score in Participants Who Received Risankizumab Compared With Placebo (Part A)
NCT02684357,Risankizumab,,secondary,16,responder_rate,,,,,16w,,,,,,1,responder,PASI,,,percent_improvement_from_baseline,>=,75,percent,,,,Percentage of Participants Achieving PASI75 at Week 16 in Participants Who Received Risankizumab Compared With Placebo (Part A)
NCT02684357,Risankizumab,,secondary,17,responder_rate,,,,,52w,,,,,,0,,,,,,,,,,,,Percentage of Participants Achieving sPGA Score of Clear or Almost Clear at Week 52 in Participants Who Received Risankizumab Compared With Ustekinumab (Part B)
NCT02684357,Risankizumab,,secondary,18,responder_rate,,,,,52w,,,,,,1,responder,PASI,,,percent_improvement_from_baseline,>=,75,percent,,,,Percentage of Participants Achieving PASI75 at Week 52 in Participants Who Received Risankizumab Compared With Ustekinumab (Part B)
NCT02684370,Risankizumab,,primary,1,responder_rate,,,,,16w,,,,,,1,responder,PASI,,,percent_improvement_from_baseline,>=,90,percent,,,,Percentage of Participants Achieving 90% Improvement in Psoriasis Area and Severity Index (PASI) Score (PASI90) at Week 16 in Participants Who Received Risankizumab Compared With Placebo (Part A) (Time frame: Week 16)
NCT02684370,Risankizumab,,primary,2,responder_rate,,,,,16w,,,,,,0,,,,,,,,,,,,Percentage of Participants Achieving Static Physician Global Assessment (sPGA) Score of Clear or Almost Clear at Week 16 in Participants Who Received Risankizumab Compared With Placebo (Part A) (Time frame: Week 16)
NCT02684370,Risankizumab,,secondary,1,responder_rate,,,,,16w,,,,,,0,,,,,,,,,,,,Percentage of Participants Achieving sPGA Score of Clear at Week 16 in Participants Who Received Risankizumab Compared With Placebo (Part A)
NCT02684370,Risankizumab,,secondary,2,responder_rate,,,,,16w,,,,,,1,responder,PASI,,,percent_improvement_from_baseline,>=,100,percent,,,,Percentage of Participants Achieving PASI100 at Week 16 in Participants Who Received Risankizumab Compared With Placebo (Part A)
NCT02684370,Risankizumab,,secondary,3,responder_rate,DLQI,,,,16w,,,,,,1,responder,DLQI,,,absolute_score,in,"[0, 1]",score,,,,Percentage of Participants Achieving Dermatology Life Quality Index (DLQI) Score of 0 or 1 at Week 16 in Participants Who Received Risankizumab Compared With Placebo (Part A)
NCT02684370,Risankizumab,,secondary,4,responder_rate,,,,,16w,,,,,,0,,,,,,,,,,,,Percentage of Participants Achieving Psoriasis Symptoms Scale (PSS) Total Score of 0 at Week 16 in Participants Who Received Risankizumab Compared With Placebo (Part A)
NCT02684370,Risankizumab,,secondary,5,responder_rate,,,,,16w,,,,,,1,responder,PASI,,,percent_improvement_from_baseline,>=,90,percent,,,,Percentage of Participants Achieving PASI90 at Week 16 in Participants Who Received Risankizumab Compared With Ustekinumab (Part A)
NCT02684370,Risankizumab,,secondary,6,responder_rate,,,,,16w,,,,,,0,,,,,,,,,,,,Percentage of Participants Achieving sPGA Score of Clear or Almost Clear at Week 16 in Participants Who Received Risankizumab Compared With Ustekinumab (Part A)
NCT02684370,Risankizumab,,secondary,7,responder_rate,,,,,16w,,,,,,1,responder,PASI,,,percent_improvement_from_baseline,>=,100,percent,,,,Percentage of Participants Achieving PASI100 at Week 16 in Participants Who Received Risankizumab Compared With Ustekinumab (Part A)
NCT02684370,Risankizumab,,secondary,8,responder_rate,,,,,16w,,,,,,0,,,,,,,,,,,,Percentage of Participants Achieving sPGA Score of Clear at Week 16 in Participants Who Received Risankizumab Compared With Ustekinumab (Part A)
NCT02684370,Risankizumab,,secondary,9,responder_rate,,,,,52w,,,,,,1,responder,PASI,,,percent_improvement_from_baseline,>=,90,percent,,,,Percentage of Participants Achieving PASI90 at Week 52 in Participants Who Received Risankizumab Compared With Ustekinumab (Part B)
NCT02684370,Risankizumab,,secondary,10,responder_rate,,,,,52w,,,,,,1,responder,PASI,,,percent_improvement_from_baseline,>=,100,percent,,,,Percentage of Participants Achieving PASI100 at Week 52 in Participants Who Received Risankizumab Compared With Ustekinumab (Part B)
NCT02684370,Risankizumab,,secondary,11,responder_rate,,,,,52w,,,,,,0,,,,,,,,,,,,Percentage of Participants Achieving sPGA Score of Clear at Week 52 in Participants Who Received Risankizumab Compared With Ustekinumab (Part B)
NCT02684370,Risankizumab,,secondary,12,responder_rate,,,,,12w,,,,,,1,responder,PASI,,,percent_improvement_from_baseline,>=,75,percent,,,,Percentage of Participants Achieving PASI75 at Week 12 in Participants Who Received Risankizumab Compared With Ustekinumab (Part A)
NCT02684370,Risankizumab,,secondary,13,responder_rate,,,,,12w,,,,,,0,,,,,,,,,,,,Percentage of Participants Achieving sPGA Score of Clear or Almost Clear at Week 12 in Participants Who Received Risankizumab Compared With Ustekinumab (Part A)
NCT02684370,Risankizumab,,secondary,14,responder_rate,DLQI,,,,16w,,,,,,1,responder,DLQI,,,absolute_score,in,"[0, 1]",score,,,,Percentage of Participants Achieving DLQI Score of 0 or 1 at Week 16 in Participants Who Received Risankizumab Compared With Ustekinumab (Part A)
NCT02684370,Risankizumab,,secondary,15,other,,,,baseline,16w,,,,,,0,,,,,,,,,,,,PSS Total Score: Change From Baseline to Week 16 in Participants Who Received Risankizumab Compared With Placebo (Part A)
NCT02718898,Ixekizumab,IXORA-Q,primary,1,count,,,,,12w,,,,,,0,,,,,,,,,,,,"Number of Participants Achieving Static Physician Global Assessment (sPGA) of Genitalia (0,1) (Time frame: Week 12)"
NCT02718898,Ixekizumab,IXORA-Q,secondary,1,count,,,,,,,,,,,0,,,,,,,,,,,,"Number of Participants Achieving Overall sPGA (0,1)"
NCT02718898,Ixekizumab,IXORA-Q,secondary,2,count,Pruritus NRS,,,,,,,,,,0,,,,,,,,,,,,Number of Participants With at Least a 3 Point Improvement in Genital Psoriasis Itch Numeric Rating Scale (NRS) Item Within the Genital Psoriasis Symptom Scale (GPSS)
NCT02718898,Ixekizumab,IXORA-Q,secondary,3,count,,,,,,,,,,,0,,,,,,,,,,,,"Number of Participants Whose Frequency of Sexual Activity is Never or Rarely Limited by Genital Psoriasis, Utilizing the Genital Psoriasis Sexual Frequency Questionnaire (SFQ) Item 2"
NCT02718898,Ixekizumab,IXORA-Q,secondary,4,count,,,,,,,,,,,0,,,,,,,,,,,,Number of Participants Whose Frequency of Avoiding Sexual Activity is Either Never or Rarely Limited by Genital Psoriasis in the Sexual Activity Avoidance Subscale Score of the Genital Psoriasis Sexual Impact Scale (GPSIS)
NCT02718898,Ixekizumab,IXORA-Q,secondary,5,change_from_baseline,DLQI,Total,,baseline,,,,,,,0,,,,,,,,,,,,Change From Baseline in Dermatology Life Quality Index (DLQI) Total Score
NCT02718898,Ixekizumab,IXORA-Q,secondary,6,change_from_baseline,,,,baseline,,,,,,,0,,,,,,,,,,,,Change From Baseline in Modified Genital Psoriasis Area and Severity Index (mGPASI) Score
NCT02718898,Ixekizumab,IXORA-Q,secondary,7,count,,,,,,,,,,,0,,,,,,,,,,,,Number of Participants With at Least a 2-Point Change in Patient's Global Assessment of Genital Psoriasis (PatGA-Genital)
NCT02718898,Ixekizumab,IXORA-Q,secondary,8,change_from_baseline,,,,baseline,,,,,,,0,,,,,,,,,,,,Change From Baseline on the Short-Form Health Survey (SF-36) Physical Component Summary (PCS)
NCT02718898,Ixekizumab,IXORA-Q,secondary,9,change_from_baseline,,,,baseline,,,,,,,0,,,,,,,,,,,,Change From Baseline on the Short-Form Health Survey (SF-36) Mental Component Summary (MCS)
NCT02718898,Ixekizumab,IXORA-Q,secondary,10,change_from_baseline,,,,baseline,,,,,,,0,,,,,,,,,,,,Change From Baseline in Genital Psoriasis Symptom Scale (GPSS) Total Score and Individual Items
NCT02718898,Ixekizumab,IXORA-Q,secondary,11,count,,,,,12w,,,,,,0,,,,,,,,,,,,"Number of Participants Achieving sPGA of Genitalia (0,1) at Week 12 by Treatment-Emergent Anti-Drug Antibody (TE-ADA) Status and by Neutralizing Antibody (NAb) Status"
NCT02728752,Immune Globulin Intravenous (Human) (Octagam 10%),ProDERM,primary,1,responder_rate,TIS,,,baseline,16w,,full_analysis_set,,double_blind,,1,responder,TIS,,,point_improvement_from_baseline,>=,20,points,0,100,,Measure the Number of Patients Who Had an Increase of >=20 Points on the Total Improvement Score (TIS) (Time frame: At week 16)
NCT02728752,Immune Globulin Intravenous (Human) (Octagam 10%),ProDERM,secondary,1,responder_rate,TIS,,,baseline,16w,,,,double_blind,,0,,,,,,,,,,,,Proportion of TIS Responders by Improvement Category at Week 16
NCT02728752,Immune Globulin Intravenous (Human) (Octagam 10%),ProDERM,secondary,2,responder_rate,TIS,,,baseline,40w,,,,maintenance,,0,,,,,,,,,,,,Proportion of TIS Responders by Improvement Category at Week 40
NCT02728752,Immune Globulin Intravenous (Human) (Octagam 10%),ProDERM,secondary,3,change_from_baseline,CDASI,activity,,baseline,16w,,,,double_blind,,0,,,,,,,,,,,,Mean Change From Baseline (Week 0) to End of First Period (Week 16) in the Modified Cutaneous Dermatomyositis Disease Area and Severity Index (CDASI)
NCT02728752,Immune Globulin Intravenous (Human) (Octagam 10%),ProDERM,secondary,4,change_from_baseline,CDASI,activity,,baseline,40w,,,,maintenance,,0,,,,,,,,,,,,Mean Change From End of First Period (Week 16) to End of Extension Period (Week 40) in the Modified Cutaneous Dermatomyositis Disease Area and Severity Index (CDASI)
NCT02728752,Immune Globulin Intravenous (Human) (Octagam 10%),ProDERM,secondary,5,change_from_baseline,CDASI,activity,,baseline,40w,,,,maintenance,,0,,,,,,,,,,,,Mean Change From Baseline (Week 0) to End of Extension Period (Week 40) in the Modified Cutaneous Dermatomyositis Disease Area and Severity Index (CDASI)
NCT02728752,Immune Globulin Intravenous (Human) (Octagam 10%),ProDERM,secondary,6,change_from_baseline,SF-36v2,,,baseline,16w;40w,,,,,,0,,,,,,,,,,,,Mean Change From Baseline (Week 0) to End of First Period (Week 16) and Extension Period (Week 40) in: SF-36v2 Health Survey
NCT02728752,Immune Globulin Intravenous (Human) (Octagam 10%),ProDERM,secondary,7,change_from_baseline,Physician Global Disease Activity VAS,,,baseline,16w;40w,,,,,,0,,,,,,,,,,,,Mean Change From Baseline (Week 0) to End of First Period (Week 16) and Extension Period (Week 40) in Physician's Global Disease Activity
NCT02728752,Immune Globulin Intravenous (Human) (Octagam 10%),ProDERM,secondary,8,change_from_baseline,Patient Global Disease Activity VAS,,,baseline,16w;40w,,,,,,0,,,,,,,,,,,,Mean Change From Baseline (Week 0) to End of First Period (Week 16) and Extension Period (Week 40) in: Patient Global Disease Activity
NCT02728752,Immune Globulin Intravenous (Human) (Octagam 10%),ProDERM,secondary,9,change_from_baseline,MMT-8,,,baseline,16w;40w,,,,,,0,,,,,,,,,,,,Mean Change From Baseline (Week 0) to End of First Period (Week 16) and Extension Period (Week 40) in: MMT-8
NCT02728752,Immune Globulin Intravenous (Human) (Octagam 10%),ProDERM,secondary,10,change_from_baseline,HAQ-DI,,,baseline,16w;40w,,,,,,0,,,,,,,,,,,,Mean Change From Baseline (Week 0) to End of First Period (Week 16) and Extension Period (Week 40) in: Health Assessment Questionnaire
NCT02728752,Immune Globulin Intravenous (Human) (Octagam 10%),ProDERM,secondary,11,time_to_event,TIS,,,baseline,,40w,,,,,0,,,,,,,,,,,,"Time to Minimal, Moderate and Major Improvement in TIS"
NCT02728752,Immune Globulin Intravenous (Human) (Octagam 10%),ProDERM,secondary,12,time_to_event,,,,,,40w,,,,flare,0,,,,,,,,,,,,Time to Confirmed Deterioration in the First Period and Overall
NCT02748863,Secukinumab,ALLURE,primary,1,responder_rate,,,,,,,,,,,0,,,,,,,,,,,,Participants With Psoriasis Area and Severity Index (PASI) 75 Response After 12 Weeks of Treatment (Time frame: 12 weeks)
NCT02748863,Secukinumab,ALLURE,primary,2,responder_rate,IGA,,,,,,,,,,1,responder,IGA,,,absolute_score,in,"[0, 1]",score,,,,Participants With IGA Mod 2011 0 or 1 After 12 Weeks of Treatment (Time frame: 12 weeks)
NCT02748863,Secukinumab,ALLURE,secondary,1,responder_rate,,,,,,,,,,,0,,,,,,,,,,,,Participants With PASI 90 After 12 Weeks of Treatment
NCT02748863,Secukinumab,ALLURE,secondary,2,count,,,,,,,,,,,0,,,,,,,,,,,,Number of Participants With PASI 100 Response After 12 Weeks of Treatment
NCT02748863,Secukinumab,ALLURE,secondary,3,count,IGA,,,,,,,,,,0,,,,,,,,,,,,Number of Participants Achieving PASI 50/75/90/100 Response or IGA 0 or 1 Response
NCT02755649,Dupilumab,,primary,1,responder_rate,EASI,,,baseline,16w,,,,,,1,responder,EASI,,,percent_improvement_from_baseline,>=,75,percent,,,,"Percentage of Participants With Eczema Area and Severity Index (EASI) 75 (≥75% Improvement From Baseline) at Week 16 (Time frame: Baseline, Week 16)"
NCT02755649,Dupilumab,,secondary,1,percent_change_from_baseline,EASI,,,baseline,16w,,,,,,0,,,,,,,,,,,,Percent Change From Baseline in Eczema Area and Severity Index (EASI) Score at Week 16
NCT02755649,Dupilumab,,secondary,2,percent_change_from_baseline,Pruritus NRS,,peak_daily_weekly_average,baseline,16w,,,,,,0,,,,,,,,,,,,Percent Change From Baseline in Weekly Average of Peak Pruritus Numerical Rating Scale (NRS) at Week 16
NCT02755649,Dupilumab,,secondary,3,percent_change_from_baseline,SCORAD,,,baseline,16w,,,,,,0,,,,,,,,,,,,Percent Change From Baseline in SCORing Atopic Dermatitis (SCORAD) Score at Week 16
NCT02755649,Dupilumab,,secondary,4,responder_rate,Pruritus NRS,,peak_daily_weekly_average,baseline,16w,,,,,,1,responder,Pruritus NRS,,peak_daily_weekly_average,point_reduction_from_baseline,>=,4,points,,,,Percentage of Participants With Improvement (Reduction ≥4 Points) of Weekly Average of Peak Daily Pruritus NRS From Baseline to Week 16
NCT02755649,Dupilumab,,secondary,5,change_from_baseline,BSA,,,baseline,16w,,,,,,0,,,,,,,,,,,,Change From Baseline in Percent Body Surface Area (BSA) Involvement With Atopic Dermatitis (AD) at Week 16
NCT02755649,Dupilumab,,secondary,6,responder_rate,IGA,,,baseline,16w,,,,,,1,responder,IGA,,,absolute_score,in,"[0, 1]",score,,,,Percentage of Participants With Investigator Global Assessment (IGA) 0 or 1 (on the 0 to 4 IGA Scale) and a Reduction From Baseline of ≥2 Points at Week 16
NCT02755649,Dupilumab,,secondary,6,responder_rate,IGA,,,baseline,16w,,,,,,2,responder,IGA,,,point_reduction_from_baseline,>=,2,points,,,,Percentage of Participants With Investigator Global Assessment (IGA) 0 or 1 (on the 0 to 4 IGA Scale) and a Reduction From Baseline of ≥2 Points at Week 16
NCT02755649,Dupilumab,,secondary,7,change_from_baseline,DLQI,,,baseline,16w,,,,,,0,,,,,,,,,,,,Change From Baseline in the Dermatology Life Quality Index (DLQI) at Week 16
NCT02755649,Dupilumab,,secondary,8,change_from_baseline,POEM,,,baseline,16w,,,,,,0,,,,,,,,,,,,Change From Baseline in the Patient Oriented Eczema Measure (POEM) at Week 16
NCT02755649,Dupilumab,,secondary,9,responder_rate,EASI,,,baseline,16w,,prior_cyclosporine_use,,,,1,responder,EASI,,,percent_improvement_from_baseline,>=,75,percent,,,,Percentage of Participants With Eczema Area and Severity Index (EASI) Score (≥75% Improvement From Baseline) at Week 16 for Participants With Prior CSA Use
NCT02755649,Dupilumab,,secondary,10,drug_usage,,,,baseline,,,,,treatment_period,TCS_use,0,,,,,,,,,,,,Change From Baseline in Mean Weekly Dose of Topical Corticosteroid (TCS) Use During Treatment Period
NCT02755649,Dupilumab,,secondary,11,change_from_baseline,HADS,Total,,baseline,16w,,,,,,0,,,,,,,,,,,,Change From Baseline in Total Hospital Anxiety and Depression Scale (HADS) Score at Week 16
NCT02755649,Dupilumab,,secondary,12,responder_rate,SCORAD,,,baseline,16w,,,,,,1,responder,SCORAD,,,percent_improvement_from_baseline,>=,50,percent,,,,Percentage of Participants Achieving SCORAD 50 (≥50% Improvement From Baseline) at Week 16
NCT02755649,Dupilumab,,secondary,13,percent_change_from_baseline,GISS,,,baseline,16w,,,,,,0,,,,,,,,,,,,"Percent Change From Baseline in the Total Global Individual Signs Score (GISS) at Week 16 (Erythema, Infiltration/ Papulation, Excoriations, Lichenification)"
NCT02755649,Dupilumab,,secondary,14,percent_change_from_baseline,Pruritus NRS,,peak_daily_weekly_average,baseline,2w,,,,,,0,,,,,,,,,,,,Percent Change From Baseline in Weekly Average of Peak Pruritus Numerical Rating Scale (NRS) Score at Week 2
NCT02755649,Dupilumab,,secondary,15,safety_incidence,,,,baseline,,,,,treatment_period,skin_infection_TEAE,0,,,,,,,,,,,,Percentage of Participants With Skin Infection Treatment Emergent Adverse Events (TEAEs) (Excluding Herpetic Infections) From Baseline Through Treatment Period
NCT02755649,Dupilumab,,secondary,16,safety_incidence,,,,,,,,,treatment_period,serious_TEAE,0,,,,,,,,,,,,Percentage of Participants Having at Least One Serious Treatment Emergent Adverse Event (TEAE) Through Treatment Period
NCT02755649,Dupilumab,,secondary,17,safety_incidence,,,,,,,,,treatment_period,TEAE_leading_to_discontinuation,0,,,,,,,,,,,,Percentage of Participants Having at Least One Treatment-Emergent Adverse Event (TEAE) Leading to Treatment Discontinuation Through Treatment Period
NCT02755649,Dupilumab,,secondary,18,safety_incidence,,,,,,,,,treatment_period,TEAE,0,,,,,,,,,,,,Percentage of Participants With Treatment-Emergent Adverse Events Through Treatment Period
NCT02815267,Minocycline,Study 1,primary,1,change_from_baseline,Inflammatory Lesion Count,,,baseline,12w,,,,double_blind,,0,,,,,,,,,,,,Absolute Change From Baseline in the Inflammatory Lesion Count at Week 12
NCT02815267,Minocycline,Study 1,primary,2,responder_rate,IGA,,,baseline,12w,,,,double_blind,,1,responder,IGA,,,absolute_score,<=,1,score,0,5,"[""week_12""]",Percentage of Participants Achieving Investigator's Global Assessments (IGA) Treatment Success at Week 12
NCT02815267,Minocycline,Study 1,primary,2,responder_rate,IGA,,,baseline,12w,,,,double_blind,,2,responder,IGA,,,point_improvement_from_baseline,>=,2,points,0,5,"[""week_12""]",Percentage of Participants Achieving Investigator's Global Assessments (IGA) Treatment Success at Week 12
NCT02815267,Minocycline,Study 1,secondary,1,percent_change_from_baseline,Noninflammatory Lesion Count,,,baseline,12w,,,,double_blind,,0,,,,,,,,,,,,Percent Change From Baseline in the Non-inflammatory Lesion Count at Week 12
NCT02815267,Minocycline,Study 1,secondary,2,change_from_baseline,Inflammatory Lesion Count,,,baseline,6w;9w,,,,double_blind,,0,,,,,,,,,,,,Absolute Change From Baseline in the Inflammatory Lesion Count at Week 6 and Week 9
NCT02815267,Minocycline,Study 1,secondary,3,responder_rate,IGA,,,baseline,6w;9w,,,,double_blind,,1,responder,IGA,,,absolute_score,<=,1,score,0,5,"[""week_6"", ""week_9""]",Percentage of Participants Achieving IGA Treatment Success at Week 6 and Week 9
NCT02815267,Minocycline,Study 1,secondary,3,responder_rate,IGA,,,baseline,6w;9w,,,,double_blind,,2,responder,IGA,,,point_improvement_from_baseline,>=,2,points,0,5,"[""week_6"", ""week_9""]",Percentage of Participants Achieving IGA Treatment Success at Week 6 and Week 9
NCT02815267,Minocycline,Study 1,secondary,4,safety_incidence,,,,,,,,,,AE_or_SAE,0,,,,,,,,,,,,Number of Participants With Treatment-emergent Adverse Events (TEAEs) and Treatment-emergent Serious Adverse Events (TESAEs)
NCT02815280,Minocycline,Study 2,primary,1,change_from_baseline,Inflammatory Lesion Count,,,baseline,12w,,,,double_blind,,0,,,,,,,,,,,,Absolute Change From Baseline in the Inflammatory Lesion Count at Week 12
NCT02815280,Minocycline,Study 2,primary,2,responder_rate,IGA,,,baseline,12w,,,,double_blind,,1,responder,IGA,,,absolute_score,<=,1,score,0,5,"[""week_12""]",Percentage of Participants Achieving Investigator's Global Assessments (IGA) Treatment Success at Week 12
NCT02815280,Minocycline,Study 2,primary,2,responder_rate,IGA,,,baseline,12w,,,,double_blind,,2,responder,IGA,,,point_improvement_from_baseline,>=,2,points,0,5,"[""week_12""]",Percentage of Participants Achieving Investigator's Global Assessments (IGA) Treatment Success at Week 12
NCT02815280,Minocycline,Study 2,secondary,1,percent_change_from_baseline,Noninflammatory Lesion Count,,,baseline,12w,,,,double_blind,,0,,,,,,,,,,,,Percent Change From Baseline in the Non-inflammatory Lesion Count at Week 12
NCT02815280,Minocycline,Study 2,secondary,2,change_from_baseline,Inflammatory Lesion Count,,,baseline,6w;9w,,,,double_blind,,0,,,,,,,,,,,,Absolute Change From Baseline in the Inflammatory Lesion Count at Week 6 and Week 9
NCT02815280,Minocycline,Study 2,secondary,3,responder_rate,IGA,,,baseline,6w;9w,,,,double_blind,,1,responder,IGA,,,absolute_score,<=,1,score,0,5,"[""week_6"", ""week_9""]",Percentage of Participants Achieving IGA Treatment Success at Week 6 and Week 9
NCT02815280,Minocycline,Study 2,secondary,3,responder_rate,IGA,,,baseline,6w;9w,,,,double_blind,,2,responder,IGA,,,point_improvement_from_baseline,>=,2,points,0,5,"[""week_6"", ""week_9""]",Percentage of Participants Achieving IGA Treatment Success at Week 6 and Week 9
NCT02815280,Minocycline,Study 2,secondary,4,safety_incidence,,,,,,,,,,AE_or_SAE,0,,,,,,,,,,,,Number of Participants With Treatment-emergent Adverse Events (TEAEs) and Treatment-emergent Serious Adverse Events (TESAEs)
NCT02905331,Guselkumab,,primary,1,responder_rate,IGA,,,,16w,,,,,,0,,,,,,,,,,,,Percentage of Participants Who Achieved an Investigator's Global Assessment (IGA) Score of Cleared (0) or Minimal (1) at Week 16 (Time frame: Week 16)
NCT02905331,Guselkumab,,primary,2,responder_rate,,,,,16w,,,,,,0,,,,,,,,,,,,Percentage of Participants Who Achieved a Psoriasis Area and Severity Index (PASI) 90 Response at Week 16 (Time frame: Week 16)
NCT02905331,Guselkumab,,secondary,1,responder_rate,IGA,,,,16w,,,,,,0,,,,,,,,,,,,Percentage of Participants Who Achieve an IGA Score of Cleared (0) at Week 16
NCT02905331,Guselkumab,,secondary,2,responder_rate,,,,,16w,,,,,,0,,,,,,,,,,,,Percentage of Participants Who Achieve a PASI 100 Response at Week 16
NCT02905331,Guselkumab,,secondary,3,responder_rate,IGA,,,,16w,,,,,,0,,,,,,,,,,,,Percentage of Participants Who Achieved an IGA Score of Mild or Better (Less Than or Equal to [<=] 2) at Week 16
NCT02905331,Guselkumab,,secondary,4,responder_rate,,,,,16w,,,,,,0,,,,,,,,,,,,Percentage of Participants Who Achieve a PASI 50 Response and a PASI 75 Response at Week 16
NCT02905331,Guselkumab,,secondary,5,absolute_value,,,,baseline,16w,,,,,,0,,,,,,,,,,,,Percent Improvement From Baseline in PASI Score at Week 16
NCT02905331,Guselkumab,,secondary,6,other,,,,baseline,,40w,,,,,0,,,,,,,,,,,,Percent Improvement From Baseline in PASI Score Through Week 40
NCT02905331,Guselkumab,,secondary,7,responder_rate,IGA,,,,,40w,,,,,0,,,,,,,,,,,,"Percentage of Participants Who Achieved an IGA Score of Cleared (0), Cleared (0) or Minimal (1) and Mild or Better (<=2) Through Week 40"
NCT02905331,Guselkumab,,secondary,8,responder_rate,,,,,,,,,,,0,,,,,,,,,,,,"Percentage of Participants Who Achieved PASI 100 Responses, PASI 90 Responses, PASI 75 Responses, and PASI 50 Responses"
NCT03054428,Dupilumab,,primary,1,responder_rate,IGA,,,baseline,16w,,,,,,1,responder,IGA,,,absolute_score,in,"[0, 1]",score,,,,Percentage of Participants With Investigator's Global Assessment (IGA) 0 or 1 (and Reduction From Baseline of ≥2 Points) at Week 16 (Time frame: Baseline and Week 16)
NCT03054428,Dupilumab,,primary,1,responder_rate,IGA,,,baseline,16w,,,,,,2,responder,IGA,,,point_reduction_from_baseline,>=,2,points,,,,Percentage of Participants With Investigator's Global Assessment (IGA) 0 or 1 (and Reduction From Baseline of ≥2 Points) at Week 16 (Time frame: Baseline and Week 16)
NCT03054428,Dupilumab,,primary,2,responder_rate,EASI,,,baseline,16w,,,,,,1,responder,EASI,,,percent_improvement_from_baseline,>=,75,percent,,,,Percentage of Participants With Eczema Area and Severity Index (EASI)-75 (≥75% Improvement From Baseline) at Week 16 (Time frame: Baseline and Week 16)
NCT03054428,Dupilumab,,secondary,1,percent_change_from_baseline,EASI,,,baseline,16w,,,,,,0,,,,,,,,,,,,Percent Change From Baseline in EASI Score at Week 16
NCT03054428,Dupilumab,,secondary,2,percent_change_from_baseline,Pruritus NRS,,peak_daily_weekly_average,baseline,16w,,,,,,0,,,,,,,,,,,,Percent Change From Baseline in Weekly Average of Daily Peak Pruritus Numerical Rating Scale (NRS) Score at Week 16
NCT03054428,Dupilumab,,secondary,3,responder_rate,Pruritus NRS,,peak_daily_weekly_average,baseline,16w,,,,,,1,responder,Pruritus NRS,,peak_daily_weekly_average,point_reduction_from_baseline,>=,3,points,,,,Percentage of Participants With Improvement (Reduction ≥3 Points) of Weekly Average of Daily Peak Pruritus NRS From Baseline to Week 16
NCT03054428,Dupilumab,,secondary,4,responder_rate,Pruritus NRS,,peak_daily_weekly_average,baseline,16w,,,,,,1,responder,Pruritus NRS,,peak_daily_weekly_average,point_reduction_from_baseline,>=,4,points,,,,Percentage of Participants With Improvement (Reduction ≥4 Points) of Weekly Average of Daily Peak Pruritus NRS From Baseline to Week 16
NCT03054428,Dupilumab,,secondary,5,responder_rate,EASI,,,baseline,16w,,,,,,1,responder,EASI,,,percent_improvement_from_baseline,>=,50,percent,,,,Percentage of Participants With EASI-50 (≥50% Improvement From Baseline) at Week 16
NCT03054428,Dupilumab,,secondary,6,responder_rate,EASI,,,baseline,16w,,,,,,1,responder,EASI,,,percent_improvement_from_baseline,>=,90,percent,,,,Percentage of Participants With EASI-90 (≥90% Improvement From Baseline) at Week 16
NCT03054428,Dupilumab,,secondary,7,time_to_event,Pruritus NRS,,peak_daily_weekly_average,baseline,,,,,,,1,responder,Pruritus NRS,,peak_daily_weekly_average,point_reduction_from_baseline,>=,3,points,,,,Time to Onset of Effect on Pruritus as Measured by Percentage of Participants With Improvement (Reduction ≥3 Points) of Weekly Average of Daily Peak Pruritus NRS From Baseline
NCT03054428,Dupilumab,,secondary,8,time_to_event,Pruritus NRS,,peak_daily_weekly_average,baseline,,,,,,,1,responder,Pruritus NRS,,peak_daily_weekly_average,point_reduction_from_baseline,>=,4,points,,,,Time to Onset of Effect on Pruritus as Measured by Percentage of Participants With Improvement (Reduction ≥4 Points) of Weekly Average of Daily Peak Pruritus NRS From Baseline
NCT03054428,Dupilumab,,secondary,9,change_from_baseline,BSA,,,baseline,16w,,,,,,0,,,,,,,,,,,,Change From Baseline in Percent Body Surface Area (BSA) at Week 16
NCT03054428,Dupilumab,,secondary,10,percent_change_from_baseline,SCORAD,,,baseline,16w,,,,,,0,,,,,,,,,,,,Percent Change From Baseline in Scoring Atopic Dermatitis (SCORAD) Score at Week 16
NCT03054428,Dupilumab,,secondary,11,change_from_baseline,CDLQI,Total,,baseline,16w,,,,,,0,,,,,,,,,,,,Change From Baseline in Children's Dermatology Life Quality Index (CDLQI) Total Score at Week 16
NCT03054428,Dupilumab,,secondary,12,change_from_baseline,POEM,,,baseline,16w,,,,,,0,,,,,,,,,,,,Change From Baseline in Patient Oriented Eczema Measure (POEM) at Week 16
NCT03054428,Dupilumab,,secondary,13,change_from_baseline,Pruritus NRS,,peak_daily_weekly_average,baseline,16w,,,,,,0,,,,,,,,,,,,Change From Baseline in Weekly Average of Daily Peak Pruritus NRS at Week 16
NCT03054428,Dupilumab,,secondary,14,percent_change_from_baseline,Pruritus NRS,,peak_daily_weekly_average,baseline,4w,,,,,,0,,,,,,,,,,,,Percent Change From Baseline in Weekly Average of Daily Peak Pruritus NRS at Week 4
NCT03054428,Dupilumab,,secondary,15,change_from_baseline,HADS,Total,,baseline,16w,,,,,,0,,,,,,,,,,,,Change From Baseline in Total Hospital Anxiety and Depression Scale (HADS) at Week 16
NCT03054428,Dupilumab,,secondary,16,responder_rate,Pruritus NRS,,peak_daily_weekly_average,baseline,4w,,,,,,1,responder,Pruritus NRS,,peak_daily_weekly_average,point_reduction_from_baseline,>=,4,points,,,,Percentage of Participants With Improvement (Reduction ≥4 Points) of Weekly Average of Daily Peak Pruritus NRS From Baseline at Week 4
NCT03054428,Dupilumab,,secondary,17,safety_incidence,,,,,,16w,,,,TEAE,0,,,,,,,,,,,,Percentage of Participants With Skin-infection Treatment Emergent Adverse Events (TEAEs) (Excluding Herpetic Infections) Through Week 16
NCT03054428,Dupilumab,,secondary,18,safety_incidence,,,,,,16w,,,,,0,,,,,,,,,,,,Percentage of Participants With Serious TEAEs Through Week 16
NCT03066609,Secukinumab,,primary,1,other,,,,,12w,,,,,,0,,,,,,,,,,,,Psoriasis Area and Severity Index (PASI) 75 (Multiple Imputation) (Time frame: Week 12)
NCT03066609,Secukinumab,,primary,2,other,IGA,,,,12w,,,,,,0,,,,,,,,,,,,Investigator's Global Assessment (IGA) Mod 2011 0/1 (Multiple Imputation) (Time frame: Week 12)
NCT03066609,Secukinumab,,secondary,1,other,,,,,,,,,,,0,,,,,,,,,,,,Psoriasis Area and Severity Index (PASI) 90 (Multiple Imputation)
NCT03066609,Secukinumab,,secondary,2,absolute_value,,,,,52w;12w,,,,,,0,,,,,,,,,,,,Efficacy of Secukinumab in Maintaining PASI 75 Response at Week 52 in Subjects Who Were PASI 75 Responders at Week 12 (Multiple Imputation)
NCT03066609,Secukinumab,,secondary,3,absolute_value,IGA,,,,52w;12w,,,,,,0,,,,,,,,,,,,Efficacy of Secukinumab in Maintaining IGA Mod 2011 0 or 1 Response at Week 52 in Subjects Who Were IGA Mod 2011 0 or 1 Responders at Week 12 (Multiple Imputation)
NCT03066609,Secukinumab,,secondary,4,other,IGA,,,,,,,,,,0,,,,,,,,,,,,PASI 50/75/90/100 and IGA Mod 2011 0 or 1 Response Over Time (Multiple Imputation)
NCT03066609,Secukinumab,,secondary,5,other,,,,,,,,,,,0,,,,,,,,,,,,American Collage of Rheumatology (ACR) Response 20/50/70
NCT03066609,Secukinumab,,secondary,6,time_to_event,,,,,,12w,,,,,0,,,,,,,,,,,,Time to PASI 75 Response up to Week 12
NCT03068780,Birch Triterpenes,EASE,primary,1,other,,,,,,,,,,,0,,,,,,,,,,,,Proportion of Patients With First Complete Closure of the EB Target Wound Within 45 Days of Treatment (Time frame: 45±7 days)
NCT03068780,Birch Triterpenes,EASE,secondary,1,time_to_event,,,,,,90d,,,,,0,,,,,,,,,,,,Time to First Complete Closure of the EB Target Wound as Evidenced by Clinical Assessment Until Day 90 (D90) or End of Double-blind Phase (EDBP)
NCT03068780,Birch Triterpenes,EASE,secondary,2,other,,,,,,,,,,,0,,,,,,,,,,,,Proportion of Patients With First Complete Closure of the EB Target Wound at D90 or EDBP Based on Clinical Assessment by the Investigator Until D90 or EDBP
NCT03068780,Birch Triterpenes,EASE,secondary,3,safety_incidence,,,,baseline,,,,,,,0,,,,,,,,,,,,The Incidence of EB Target Wound Infection Between Baseline (DBP D0) and D90 or EDBP as Evidenced by Adverse Events (AEs) and/or Use of Topical and/or Systemic Antibiotics (Related to Wound Infection)
NCT03068780,Birch Triterpenes,EASE,secondary,4,other,,,,baseline,,,,,,,0,,,,,,,,,,,,The Maximum Severity of EB Target Wound Infection Between Baseline (DBP D0) and D90 or EDBP as Evidenced by AEs
NCT03068780,Birch Triterpenes,EASE,secondary,5,change_from_baseline,,,,baseline,,,,,,,0,,,,,,,,,,,,"Change From Baseline (DBP D0) in Total Body Wound Burden as Evidenced by Clinical Assessment Using Section I (Assessment of the Skin Except for the Anogenital Region) of the 'EB Disease Activity and Scarring Index' (EBDASI), at D90 or EDBP"
NCT03068780,Birch Triterpenes,EASE,secondary,6,change_from_baseline,,,,baseline,,,,,,,0,,,,,,,,,,,,Change From Baseline (DBP D0) in Itching Using the 'Itch Man Scale' in Patients ≥ 4 Years and up to 13 Years of Age Before Wound Dressing Changes at D90 or EDBP
NCT03068780,Birch Triterpenes,EASE,secondary,7,change_from_baseline,,,,baseline,,,,,,,0,,,,,,,,,,,,Change From Baseline (DBP D0) in Itching Using the 'Leuven Itch Scale' in Patients ≥ 14 Years of Age Before Wound Dressing Changes at D90 or End of Double Blind Phase (EDBP)
NCT03073200,Ixekizumab,Ixora-peds,primary,1,responder_rate,,,,,12w,,,,,,0,,,,,,,,,,,,Percentage of Participants With a ≥75% Improvement in Psoriasis Area and Severity Index (PASI 75) (Placebo and Ixekizumab) (Time frame: Week 12)
NCT03073200,Ixekizumab,Ixora-peds,primary,2,responder_rate,,,,,12w,,,,,,0,,,,,,,,,,,,"Percentage of Participants With a Static Physician Global Assessment (sPGA) (0,1) (Placebo and Ixekizumab) (Time frame: Week 12)"
NCT03073200,Ixekizumab,Ixora-peds,secondary,1,responder_rate,,,,,,,,,,,0,,,,,,,,,,,,Percentage of Participants With a ≥90% Improvement in Psoriasis Area and Severity Index (PASI 90)
NCT03073200,Ixekizumab,Ixora-peds,secondary,2,responder_rate,,,,,,,,,,,0,,,,,,,,,,,,Percentage of Participants With a sPGA (0)
NCT03073200,Ixekizumab,Ixora-peds,secondary,3,responder_rate,,,,,,,,,,,0,,,,,,,,,,,,Percentage of Participants With a 100% Improvement in Psoriasis Area and Severity Index (PASI 100)
NCT03073200,Ixekizumab,Ixora-peds,secondary,4,responder_rate,,,,,,,,,,,0,,,,,,,,,,,,Percentage of Participants With a ≥75% Improvement in Psoriasis Area and Severity Index (PASI 75)
NCT03073200,Ixekizumab,Ixora-peds,secondary,5,responder_rate,,,,,,,,,,,0,,,,,,,,,,,,"Percentage of Participants With a Static Physician Global Assessment (sPGA) (0,1)"
NCT03073200,Ixekizumab,Ixora-peds,secondary,6,responder_rate,Pruritus NRS,,,baseline,,,,,,,1,responder,Pruritus NRS,,,point_reduction_from_baseline,>=,4,points,,,,Percentage of Participants With an Improvement of ≥4 in Those Who Had a Baseline Itch Numeric Rating Scale (NRS) Score of ≥4
NCT03073200,Ixekizumab,Ixora-peds,secondary,7,responder_rate,CDLQI,,,,,,,,,,0,,,,,,,,,,,,Percentage of Participants Achieving Children's Dermatology Life Quality Index (CDLQI)/Dermatology Life Quality Index (DLQI) (0/1)
NCT03073200,Ixekizumab,Ixora-peds,secondary,8,change_from_baseline,,,,baseline,,,,,,,0,,,,,,,,,,,,Change From Baseline on the Nail Psoriasis Severity Index (NAPSI)
NCT03073200,Ixekizumab,Ixora-peds,secondary,9,change_from_baseline,,,,baseline,,,,,,,0,,,,,,,,,,,,Change From Baseline on the Psoriasis Scalp Severity Index (PSSI)
NCT03073200,Ixekizumab,Ixora-peds,secondary,10,change_from_baseline,,,,baseline,,,,,,,0,,,,,,,,,,,,Change From Baseline on the Palmoplantar Psoriasis Severity Index (PPASI)
NCT03073200,Ixekizumab,Ixora-peds,secondary,11,count,,,,,,,,,,,0,,,,,,,,,,,,Number of Participants With Anti-Ixekizumab Antibodies
NCT03073200,Ixekizumab,Ixora-peds,secondary,12,pharmacokinetics,,,,,,,,,,,0,,,,,,,,,,,,Pharmacokinetics (PK): Trough Ixekizumab Concentration at Steady State (Ctrough ss)
NCT03073200,Ixekizumab,Ixora-peds,secondary,13,responder_rate,,,,,,,,,,,0,,,,,,,,,,,,Percentage of Participants With a ≥75% Improvement in Psoriasis Area and Severity Index (PASI 75) (Etanercept Approved Countries)
NCT03073200,Ixekizumab,Ixora-peds,secondary,14,responder_rate,,,,,,,,,,,0,,,,,,,,,,,,"Percentage of Participants With a Static Physician Global Assessment (sPGA) (0,1) (Etanercept Approved Countries)"
NCT03123471,Apremilast,STYLE,primary,1,responder_rate,,,,baseline,16w,,,,,,0,,,,,,,,,,,,Percentage of Participants With Scalp Physician Global Assessment (ScPGA) Score of Clear (0) or Almost Clear (1) With at Least a 2-Point Reduction From Baseline (Time frame: Baseline to Week 16)
NCT03123471,Apremilast,STYLE,secondary,1,responder_rate,,,,baseline,16w,,,,,,0,,,,,,,,,,,,Percentage of Participants With ≥ 4-Point Reduction (Improvement) From Baseline in the Whole Body Itch Numeric Rating Score at Week 16
NCT03123471,Apremilast,STYLE,secondary,2,responder_rate,Pruritus NRS,,,baseline,16w,,,,,,1,responder,Pruritus NRS,,,point_reduction_from_baseline,>=,4,points,,,,Percentage of Participants With ≥ 4-Point Reduction (Improvement) From Baseline in the Scalp Itch Numeric Rating Score (NRS) at Week 16
NCT03123471,Apremilast,STYLE,secondary,3,responder_rate,Pruritus NRS,,,baseline,,,,,,,1,responder,Pruritus NRS,,,point_reduction_from_baseline,>=,4,points,,,,Percentage of Participants With ≥ 4-Point Reduction (Improvement) From Baseline in the Whole Body Itch NRS Score by Visit in the Placebo-Controlled Phase
NCT03123471,Apremilast,STYLE,secondary,4,responder_rate,Pruritus NRS,,,baseline,,,,,,,1,responder,Pruritus NRS,,,point_reduction_from_baseline,>=,4,points,,,,Percentage of Participants With ≥ 4-Point Reduction (Improvement) From Baseline in the Scalp Itch NRS Score by Visit in the Placebo-Controlled Phase
NCT03123471,Apremilast,STYLE,secondary,5,change_from_baseline,DLQI,Total,,baseline,16w,,,,,,0,,,,,,,,,,,,Change From Baseline in Dermatological Life Quality Index (DLQI) Total Score at Week 16
NCT03123471,Apremilast,STYLE,secondary,6,count,,,,,,,,,,TEAE,0,,,,,,,,,,,,Number of Participants With Treatment Emergent Adverse Events (TEAE) During the Placebo-Controlled Phase
NCT03123471,Apremilast,STYLE,secondary,7,count,,,,,,,,,,TEAE,0,,,,,,,,,,,,Number of Participants With Treatment Emergent Adverse Events During the Apremilast-Extension Phase
NCT03123471,Apremilast,STYLE,secondary,8,count,,,,,,,,,,TEAE,0,,,,,,,,,,,,Number of Participants With Treatment Emergent Adverse Events During the Apremilast-Exposure Period
NCT03131648,Tralokinumab,ECZTRA 1,primary,1,responder_rate,IGA,,,,16w,,,,,,1,responder,IGA,,,absolute_score,in,"[0, 1]",score,,,,Subjects With Investigator's Global Assessment (IGA) Score of 0 (Clear) or 1 (Almost Clear) at Week 16 (Time frame: At Week 16)
NCT03131648,Tralokinumab,ECZTRA 1,primary,2,responder_rate,EASI,,,,16w,,,,,,1,responder,EASI,,,percent_improvement_from_baseline,>=,75,percent,,,,Subjects Achieving at Least 75% Reduction in Eczema Area and Severity Index [EASI] at Week 16 (Time frame: At Week 16)
NCT03131648,Tralokinumab,ECZTRA 1,secondary,1,responder_rate,Pruritus NRS,,worst_daily_weekly_average,baseline,16w,,,,,,1,responder,Pruritus NRS,,worst_daily_weekly_average,point_reduction_from_baseline,>=,4,points,,,,Reduction of Worst Daily Pruritus Numeric Rating Scale (Weekly Average) of at Least 4 From Baseline to Week 16.
NCT03131648,Tralokinumab,ECZTRA 1,secondary,2,change_from_baseline,SCORAD,,,baseline,16w,,,,,,0,,,,,,,,,,,,Change in Scoring Atopic Dermatitis (SCORAD) From Baseline to Week 16
NCT03131648,Tralokinumab,ECZTRA 1,secondary,3,change_from_baseline,DLQI,,,baseline,16w,,,,,,0,,,,,,,,,,,,Change in Dermatology Life Quality Index (DLQI) Score From Baseline to Week 16
NCT03131648,Tralokinumab,ECZTRA 1,secondary,4,responder_rate,IGA,,,,52w,,,,,,1,responder,IGA,,,absolute_score,in,"[0, 1]",score,,,,Subjects With Investigator's Global Assessment (IGA) Score of 0 (Clear) or 1 (Almost Clear) at Week 52 Among Subjects With IGA of 0/1 at Week 16
NCT03131648,Tralokinumab,ECZTRA 1,secondary,4,responder_rate,IGA,,,,52w,,,,,,2,subgroup,IGA,,,absolute_score,in,"[0, 1]",score,,,"[""week_16""]",Subjects With Investigator's Global Assessment (IGA) Score of 0 (Clear) or 1 (Almost Clear) at Week 52 Among Subjects With IGA of 0/1 at Week 16
NCT03131648,Tralokinumab,ECZTRA 1,secondary,5,responder_rate,EASI,,,,52w,,,,,,1,responder,EASI,,,percent_improvement_from_baseline,>=,75,percent,,,,Subjects With at Least 75% Reduction in Eczema Area and Severity Index [EASI] at Week 52 Among Subjects With EASI75 at Week 16
NCT03131648,Tralokinumab,ECZTRA 1,secondary,5,responder_rate,EASI,,,,52w,,,,,,2,subgroup,EASI,,,percent_improvement_from_baseline,>=,75,percent,,,"[""week_16""]",Subjects With at Least 75% Reduction in Eczema Area and Severity Index [EASI] at Week 52 Among Subjects With EASI75 at Week 16
NCT03131648,Tralokinumab,ECZTRA 1,secondary,6,safety_incidence,,,,,,,,,,AE_or_SAE,0,,,,,,,,,,,,Safety and Tolerability: Adverse Event (AE) /Serious Adverse Event (SAE) Frequency
NCT03131648,Tralokinumab,ECZTRA 1,secondary,7,immunogenicity,,,,,,,,,,anti_drug_antibodies,0,,,,,,,,,,,,Frequency of Anti-drug Antibodies
NCT03131648,Tralokinumab,ECZTRA 1,secondary,8,responder_rate,EASI,,,,16w,,,,,,1,responder,EASI,,,percent_improvement_from_baseline,>=,50,percent,,,,Subjects Achieving at Least 50% Reduction in Eczema Area and Severity Index [EASI] at Week 16
NCT03131648,Tralokinumab,ECZTRA 1,secondary,9,responder_rate,EASI,,,,16w,,,,,,1,responder,EASI,,,percent_improvement_from_baseline,>=,90,percent,,,,Subjects Achieving at Least 90% Reduction in Eczema Area and Severity Index [EASI] at Week 16
NCT03131648,Tralokinumab,ECZTRA 1,secondary,10,change_from_baseline,EASI,,,baseline,16w,,,,,,0,,,,,,,,,,,,Change From Baseline to Week 16 in Eczema Area and Severity Index [EASI] Score
NCT03131648,Tralokinumab,ECZTRA 1,secondary,11,responder_rate,SCORAD,,,,16w,,,,,,1,responder,SCORAD,,,percent_improvement_from_baseline,>=,75,percent,,,,Subjects Achieving at Least 75% Reduction in Scoring Atopic Dermatitis (SCORAD) at Week 16
NCT03131648,Tralokinumab,ECZTRA 1,secondary,12,responder_rate,SCORAD,,,,16w,,,,,,1,responder,SCORAD,,,percent_improvement_from_baseline,>=,50,percent,,,,Subjects Achieving at Least 50% Reduction in Scoring Atopic Dermatitis (SCORAD) at Week 16
NCT03131648,Tralokinumab,ECZTRA 1,secondary,13,change_from_baseline,Pruritus NRS,,worst_daily_weekly_average,baseline,16w,,,,,,0,,,,,,,,,,,,Change From Baseline to Week 16 in Worst Daily Pruritus NRS (Weekly Average)
NCT03131648,Tralokinumab,ECZTRA 1,secondary,14,responder_rate,Pruritus NRS,,worst_daily_weekly_average,baseline,16w,,,,,,1,responder,Pruritus NRS,,worst_daily_weekly_average,point_reduction_from_baseline,>=,3,points,,,,Reduction of Worst Daily Pruritus NRS (Weekly Average) ≥3 From Baseline to Week 16
NCT03131648,Tralokinumab,ECZTRA 1,secondary,15,responder_rate,DLQI,,,baseline,16w,,,,,,1,responder,DLQI,,,point_reduction_from_baseline,>=,4,points,,,,Reduction From Baseline to Week 16 of Dermatology Life Quality Index (DLQI) of ≥4 Points Among Subjects With Baseline DLQI ≥4
NCT03131648,Tralokinumab,ECZTRA 1,secondary,15,responder_rate,DLQI,,,baseline,16w,,,,,,2,subgroup,DLQI,,,absolute_score,>=,4,score,,,"[""baseline""]",Reduction From Baseline to Week 16 of Dermatology Life Quality Index (DLQI) of ≥4 Points Among Subjects With Baseline DLQI ≥4
NCT03142451,Minocycline,,primary,1,change_from_baseline,Inflammatory Lesion Count,,,baseline,12w,,,,double_blind,,0,,,,,,,,,,,,The Absolute Change From Day 0/Baseline in the Inflammatory Lesion Count at Week 12
NCT03142451,Minocycline,,primary,2,responder_rate,IGA,,,baseline,12w,,,,double_blind,,1,responder,IGA,,,absolute_score,<=,1,score,0,4,"[""week_12""]",Percentage of Participants Achieving Investigator Global Assessments (IGA) Treatment Success at Week 12
NCT03142451,Minocycline,,primary,2,responder_rate,IGA,,,baseline,12w,,,,double_blind,,2,responder,IGA,,,point_improvement_from_baseline,>=,2,points,0,4,"[""week_12""]",Percentage of Participants Achieving Investigator Global Assessments (IGA) Treatment Success at Week 12
NCT03142451,Minocycline,,secondary,1,responder_rate,IGA,,,baseline,12w,,,,double_blind,,1,responder,IGA,,,point_improvement_from_baseline,>=,2,points,0,4,"[""week_12""]",Percentage of Participants Achieving IGA Treatment Success of at Least 2 Grades at Week 12
NCT03142451,Minocycline,,secondary,2,percent_change_from_baseline,Inflammatory Lesion Count,,,baseline,12w,,,,double_blind,,0,,,,,,,,,,,,The Percent Change From Day 0/Baseline in Inflammatory Lesion Count at Week 12
NCT03142451,Minocycline,,secondary,3,change_from_baseline,Inflammatory Lesion Count,,,baseline,4w;8w,,,,double_blind,,0,,,,,,,,,,,,The Absolute Change From Day 0/Baseline in the Inflammatory Lesion Counts at Week 4 and Week 8
NCT03142451,Minocycline,,secondary,4,responder_rate,IGA,,,baseline,4w;8w,,,,double_blind,,1,responder,IGA,,,absolute_score,<=,1,score,0,4,"[""week_4"", ""week_8""]",Percentage of Participants Achieving IGA Treatment Success at Week 4 and Week 8
NCT03142451,Minocycline,,secondary,4,responder_rate,IGA,,,baseline,4w;8w,,,,double_blind,,2,responder,IGA,,,point_improvement_from_baseline,>=,2,points,0,4,"[""week_4"", ""week_8""]",Percentage of Participants Achieving IGA Treatment Success at Week 4 and Week 8
NCT03142451,Minocycline,,secondary,5,other,,,,,,,,,double_blind,AE_or_SAE,0,,,,,,,,,,,,Number of Participants With Adverse Events (AEs)
NCT03160885,Tralokinumab,ECZTRA 2,primary,1,responder_rate,IGA,,,,16w,,,,,,1,responder,IGA,,,absolute_score,in,"[0, 1]",score,,,,Subjects With Investigator's Global Assessment (IGA) Score of 0 (Clear) or 1 (Almost Clear) at Week 16. (Time frame: At Week 16)
NCT03160885,Tralokinumab,ECZTRA 2,primary,2,responder_rate,EASI,,,,16w,,,,,,1,responder,EASI,,,percent_improvement_from_baseline,>=,75,percent,,,,Subjects Achieving at Least 75% Reduction in Eczema Area and Severity Index [EASI]. (Time frame: At Week 16)
NCT03160885,Tralokinumab,ECZTRA 2,secondary,1,responder_rate,Pruritus NRS,,worst_daily_weekly_average,baseline,16w,,,,,,1,responder,Pruritus NRS,,worst_daily_weekly_average,point_reduction_from_baseline,>=,4,points,,,,Reduction of Worst Daily Pruritus Numeric Rating Scale (Weekly Average) of at Least 4 From Baseline to Week 16.
NCT03160885,Tralokinumab,ECZTRA 2,secondary,2,change_from_baseline,SCORAD,,,baseline,16w,,,,,,0,,,,,,,,,,,,Change in Scoring Atopic Dermatitis (SCORAD) From Baseline to Week 16.
NCT03160885,Tralokinumab,ECZTRA 2,secondary,3,change_from_baseline,DLQI,,,baseline,16w,,,,,,0,,,,,,,,,,,,Change in Dermatology Life Quality Index (DLQI) Score From Baseline to Week 16.
NCT03160885,Tralokinumab,ECZTRA 2,secondary,4,responder_rate,IGA,,,,52w,,,,,,1,responder,IGA,,,absolute_score,in,"[0, 1]",score,,,,Subjects With Investigator's Global Assessment (IGA) Score of 0 (Clear) or 1 (Almost Clear) at Week 52 Among Subjects With IGA of 0/1 at Week 16
NCT03160885,Tralokinumab,ECZTRA 2,secondary,4,responder_rate,IGA,,,,52w,,,,,,2,subgroup,IGA,,,absolute_score,in,"[0, 1]",score,,,"[""week_16""]",Subjects With Investigator's Global Assessment (IGA) Score of 0 (Clear) or 1 (Almost Clear) at Week 52 Among Subjects With IGA of 0/1 at Week 16
NCT03160885,Tralokinumab,ECZTRA 2,secondary,5,responder_rate,EASI,,,,52w,,,,,,1,responder,EASI,,,percent_improvement_from_baseline,>=,75,percent,,,,Subjects With at Least 75% Reduction in Eczema Area and Severity Index [EASI] at Week 52 Among Subjects With EASI75 at Week 16
NCT03160885,Tralokinumab,ECZTRA 2,secondary,5,responder_rate,EASI,,,,52w,,,,,,2,subgroup,EASI,,,percent_improvement_from_baseline,>=,75,percent,,,"[""week_16""]",Subjects With at Least 75% Reduction in Eczema Area and Severity Index [EASI] at Week 52 Among Subjects With EASI75 at Week 16
NCT03160885,Tralokinumab,ECZTRA 2,secondary,6,safety_incidence,,,,,,,,,,AE_or_SAE,0,,,,,,,,,,,,Safety and Tolerability: Adverse Event (AE) /Serious Adverse Event (SAE) Frequency
NCT03160885,Tralokinumab,ECZTRA 2,secondary,7,immunogenicity,,,,,,,,,,anti_drug_antibodies,0,,,,,,,,,,,,Frequency of Anti-drug Antibodies
NCT03160885,Tralokinumab,ECZTRA 2,secondary,8,responder_rate,EASI,,,,16w,,,,,,1,responder,EASI,,,percent_improvement_from_baseline,>=,50,percent,,,,Subjects Achieving at Least 50% Reduction in Eczema Area and Severity Index [EASI] at Week 16
NCT03160885,Tralokinumab,ECZTRA 2,secondary,9,responder_rate,EASI,,,,16w,,,,,,1,responder,EASI,,,percent_improvement_from_baseline,>=,90,percent,,,,Subjects Achieving at Least 90% Reduction in Eczema Area and Severity Index [EASI] at Week 16.
NCT03160885,Tralokinumab,ECZTRA 2,secondary,10,change_from_baseline,EASI,,,baseline,16w,,,,,,0,,,,,,,,,,,,Change From Baseline to Week 16 in Eczema Area and Severity Index [EASI] Score
NCT03160885,Tralokinumab,ECZTRA 2,secondary,11,responder_rate,SCORAD,,,,16w,,,,,,1,responder,SCORAD,,,percent_improvement_from_baseline,>=,75,percent,,,,Subjects Achieving at Least 75% Reduction in Scoring Atopic Dermatitis (SCORAD) at Week 16.
NCT03160885,Tralokinumab,ECZTRA 2,secondary,12,responder_rate,SCORAD,,,,16w,,,,,,1,responder,SCORAD,,,percent_improvement_from_baseline,>=,50,percent,,,,Subjects Achieving at Least 50% Reduction in Scoring Atopic Dermatitis (SCORAD) at Week 16.
NCT03160885,Tralokinumab,ECZTRA 2,secondary,13,change_from_baseline,Pruritus NRS,,worst_daily_weekly_average,baseline,16w,,,,,,0,,,,,,,,,,,,Change From Baseline to Week 16 in Worst Daily Pruritus NRS (Weekly Average).
NCT03160885,Tralokinumab,ECZTRA 2,secondary,14,responder_rate,Pruritus NRS,,worst_daily_weekly_average,baseline,16w,,,,,,1,responder,Pruritus NRS,,worst_daily_weekly_average,point_reduction_from_baseline,>=,3,points,,,,Reduction of Worst Daily Pruritus NRS (Weekly Average) ≥3 From Baseline to Week 16.
NCT03160885,Tralokinumab,ECZTRA 2,secondary,15,responder_rate,DLQI,,,baseline,16w,,,,,,1,responder,DLQI,,,point_reduction_from_baseline,>=,4,points,,,,Reduction From Baseline to Week 16 of Dermatology Life Quality Index (DLQI) of ≥4 Points Among Subjects With Baseline DLQI ≥4.
NCT03160885,Tralokinumab,ECZTRA 2,secondary,15,responder_rate,DLQI,,,baseline,16w,,,,,,2,subgroup,DLQI,,,absolute_score,>=,4,score,,,"[""baseline""]",Reduction From Baseline to Week 16 of Dermatology Life Quality Index (DLQI) of ≥4 Points Among Subjects With Baseline DLQI ≥4.
NCT03271021,Minocycline,Study 3,primary,1,change_from_baseline,Inflammatory Lesion Count,,,baseline,12w,,,,double_blind,,0,,,,,,,,,,,,The Absolute Change From Baseline in the Inflammatory Lesion Count at Week 12.
NCT03271021,Minocycline,Study 3,primary,2,responder_rate,IGA,,,baseline,12w,,,,double_blind,,1,responder,IGA,,,absolute_score,<=,1,score,0,5,"[""week_12""]","Investigator Global Assessment (IGA) Treatment Success (Dichotomized as Yes/no) at Week 12, Where Success is Defined as an IGA Score of 0 or 1, and at Least a 2-grade Improvement (Decrease) From Baseline"
NCT03271021,Minocycline,Study 3,primary,2,responder_rate,IGA,,,baseline,12w,,,,double_blind,,2,responder,IGA,,,point_improvement_from_baseline,>=,2,points,0,5,"[""week_12""]","Investigator Global Assessment (IGA) Treatment Success (Dichotomized as Yes/no) at Week 12, Where Success is Defined as an IGA Score of 0 or 1, and at Least a 2-grade Improvement (Decrease) From Baseline"
NCT03271021,Minocycline,Study 3,secondary,1,change_from_baseline,Noninflammatory Lesion Count,,,baseline,12w,,,,double_blind,,0,,,,,,,,,,,,The Absolute Change From Baseline in the Non-inflammatory Lesion Count at Week 12
NCT03271021,Minocycline,Study 3,secondary,2,change_from_baseline,Inflammatory Lesion Count,,,baseline,9w,,,,double_blind,,0,,,,,,,,,,,,The Absolute Change From Baseline in the Inflammatory Lesion Count at Week 9
NCT03271021,Minocycline,Study 3,secondary,3,change_from_baseline,Inflammatory Lesion Count,,,baseline,6w,,,,double_blind,,0,,,,,,,,,,,,The Absolute Change From Baseline in the Inflammatory Lesion Count at the Interim Visit at Week 6
NCT03271021,Minocycline,Study 3,secondary,4,responder_rate,IGA,,,baseline,6w,,,,double_blind,,1,responder,IGA,,,absolute_score,<=,1,score,0,5,"[""week_6""]","IGA Treatment Success (Dichotomized as Yes/no) at Week 6, Where Success is Defined as an IGA Score of 0 or 1, and at Least a 2-grade Improvement (Decrease) From Baseline at the Interim Visit at Week 6"
NCT03271021,Minocycline,Study 3,secondary,4,responder_rate,IGA,,,baseline,6w,,,,double_blind,,2,responder,IGA,,,point_improvement_from_baseline,>=,2,points,0,5,"[""week_6""]","IGA Treatment Success (Dichotomized as Yes/no) at Week 6, Where Success is Defined as an IGA Score of 0 or 1, and at Least a 2-grade Improvement (Decrease) From Baseline at the Interim Visit at Week 6"
NCT03271021,Minocycline,Study 3,secondary,5,responder_rate,IGA,,,baseline,9w,,,,double_blind,,1,responder,IGA,,,absolute_score,<=,1,score,0,5,"[""week_9""]","IGA Treatment Success (Dichotomized as Yes/no) at Week 9, Where Success is Defined as an IGA Score of 0 or 1, and at Least a 2-grade Improvement (Decrease) From Baseline at the Interim Visit at Week 9"
NCT03271021,Minocycline,Study 3,secondary,5,responder_rate,IGA,,,baseline,9w,,,,double_blind,,2,responder,IGA,,,point_improvement_from_baseline,>=,2,points,0,5,"[""week_9""]","IGA Treatment Success (Dichotomized as Yes/no) at Week 9, Where Success is Defined as an IGA Score of 0 or 1, and at Least a 2-grade Improvement (Decrease) From Baseline at the Interim Visit at Week 9"
NCT03285477,Tirbanibulin,AK003,primary,1,responder_rate,,,,,57d,,,,,,0,,,,,,,,,,,,Percentage of Participants With Complete (100%) Clearance of Actinic Keratosis (AK) Lesions (Time frame: Day 57)
NCT03285477,Tirbanibulin,AK003,secondary,1,responder_rate,,,,,57d,,,,,,0,,,,,,,,,,,,Percentage of Participants With Partial Clearance Rate of Actinic Keratosis Lesions at Day 57
NCT03285477,Tirbanibulin,AK003,secondary,2,other,,,,baseline,8d;15d;29d;57d,,,,,,0,,,,,,,,,,,,"Overall Change From Baseline in Actinic Keratosis Lesion Counts at Days 8, 15, 29 and 57"
NCT03285477,Tirbanibulin,AK003,secondary,3,responder_rate,,,,,57d,,,,,,0,,,,,,,,,,,,Percentage of Participants With Recurrence of Actinic Keratosis Lesions Who Achieved Complete Clearance at Day 57
NCT03285477,Tirbanibulin,AK003,secondary,4,count,,,,baseline,,,,,,,0,,,,,,,,,,,,Number of Participants With Maximal Post Baseline Local Skin Reaction (LSR)
NCT03285477,Tirbanibulin,AK003,secondary,5,count,,,,,,,,,,,0,,,,,,,,,,,,Number of Participants With Pigmentation and Scarring in the Treatment Area
NCT03285477,Tirbanibulin,AK003,secondary,6,count,,,,,,,,,,,0,,,,,,,,,,,,"Number of Participants With Adverse Event (AE), Treatment-emergent Adverse Events (TEAEs), Serious Adverse Events (SAEs), Events of Special Interests"
NCT03285477,Tirbanibulin,AK003,secondary,7,count,,,,,57d;57d,,,,,,0,,,,,,,,,,,,"Number of Participants With Adverse Events, Serious Adverse Events, Events of Special Interests Within the Treatment Area After Day 57 and up to 12 Months Post-Day 57"
NCT03285477,Tirbanibulin,AK003,secondary,8,count,,,,,,,,,,,0,,,,,,,,,,,,"Number of Participants With Clinically Significant Safety Observations- Hematology, Blood Chemistry, Urinalysis"
NCT03285477,Tirbanibulin,AK003,secondary,9,count,,,,,,,,,,,0,,,,,,,,,,,,Number of Participants With Clinically Significant Safety Observations- Vital Signs
NCT03285477,Tirbanibulin,AK003,secondary,10,count,,,,,,,,,,,0,,,,,,,,,,,,Number of Participants With Clinically Significant Safety Observations- Physical Examination
NCT03285477,Tirbanibulin,AK003,secondary,11,count,,,,,,,,,,,0,,,,,,,,,,,,Number of Participants With Clinically Significant Safety Observations- Electrocardiograms (ECGs)
NCT03285490,Tirbanibulin,,primary,1,responder_rate,,,,,57d,,,,,,0,,,,,,,,,,,,Percentage of Participants With Complete (100%) Clearance of Actinic Keratosis (AK) Lesions (Time frame: Day 57)
NCT03285490,Tirbanibulin,,secondary,1,responder_rate,,,,,57d,,,,,,0,,,,,,,,,,,,Percentage of Participants With Partial Clearance Rate of Actinic Keratosis Lesions at Day 57
NCT03285490,Tirbanibulin,,secondary,2,other,,,,baseline,8d;15d;29d;57d,,,,,,0,,,,,,,,,,,,"Overall Change From Baseline in Actinic Keratosis Lesion Counts at Days 8, 15, 29 and 57"
NCT03285490,Tirbanibulin,,secondary,3,responder_rate,,,,,57d,,,,,,0,,,,,,,,,,,,Percentage of Participants With Recurrence of Actinic Keratosis Lesions Who Achieved Complete Clearance at Day 57
NCT03285490,Tirbanibulin,,secondary,4,count,,,,baseline,,,,,,,0,,,,,,,,,,,,Number of Participants With Maximal Post Baseline Local Skin Reaction (LSR)
NCT03285490,Tirbanibulin,,secondary,5,count,,,,,,,,,,,0,,,,,,,,,,,,Number of Participants With Pigmentation and Scarring in the Treatment Area
NCT03285490,Tirbanibulin,,secondary,6,count,,,,,,,,,,,0,,,,,,,,,,,,"Number of Participants With Adverse Event (AE), Treatment-emergent Adverse Events (TEAEs), Serious Adverse Events (SAEs), Events of Special Interests"
NCT03285490,Tirbanibulin,,secondary,7,count,,,,,57d;57d,,,,,,0,,,,,,,,,,,,"Number of Participants With Adverse Events, Serious Adverse Events, Events of Special Interests Within the Treatment Area After Day 57 and up to 12 Months Post-Day 57"
NCT03285490,Tirbanibulin,,secondary,8,count,,,,,,,,,,,0,,,,,,,,,,,,"Number of Participants With Clinically Significant Safety Observations- Hematology, Blood Chemistry, Urinalysis"
NCT03285490,Tirbanibulin,,secondary,9,count,,,,,,,,,,,0,,,,,,,,,,,,Number of Participants With Clinically Significant Safety Observations- Vital Signs
NCT03285490,Tirbanibulin,,secondary,10,count,,,,,,,,,,,0,,,,,,,,,,,,Number of Participants With Clinically Significant Safety Observations- Physical Examination
NCT03285490,Tirbanibulin,,secondary,11,count,,,,,,,,,,,0,,,,,,,,,,,,Number of Participants With Clinically Significant Safety Observations- Electrocardiograms (ECGs)
NCT03345914,Dupilumab,,primary,1,responder_rate,IGA,,,,16w,,,,,,1,responder,IGA,,,absolute_score,in,"[0, 1]",score,,,,Percentage of Participants With Investigator's Global Assessment (IGA) 0 or 1 at Week 16 (Time frame: Week 16)
NCT03345914,Dupilumab,,secondary,1,responder_rate,EASI,,,baseline,16w,,,,,,1,responder,EASI,,,absolute_score,>=,75,score,,,,Percentage of Participants With Eczema Area and Severity Index -75 (EASI-75) (≥ 75 Percent (%) Improvement From Baseline) at Week 16
NCT03345914,Dupilumab,,secondary,2,percent_change_from_baseline,EASI,,,baseline,16w,,,,,,0,,,,,,,,,,,,Percent Change From Baseline in Eczema Area and Severity Index (EASI) Score at Week 16
NCT03345914,Dupilumab,,secondary,3,percent_change_from_baseline,,,,baseline,16w,,,,,,0,,,,,,,,,,,,Percent Change From Baseline in Weekly Average of Daily Worst Itch Score at Week 16
NCT03345914,Dupilumab,,secondary,4,responder_rate,,,,baseline,16w,,,,,,0,,,,,,,,,,,,Percentage of Participants With Improvement (Reduction From Baseline) of Weekly Average of Daily Worst Itch Score ≥3 Points at Week 16
NCT03345914,Dupilumab,,secondary,5,responder_rate,,,,baseline,16w,,,,,,0,,,,,,,,,,,,Percentage of Participants With Improvement (Reduction From Baseline) of Weekly Average of Daily Worst Itch Score ≥4 Points at Week 16
NCT03345914,Dupilumab,,secondary,6,responder_rate,EASI,,,baseline,16w,,,,,,1,responder,EASI,,,percent_improvement_from_baseline,>=,50,percent,,,,Percentage of Participants Achieving Eczema Area and Severity Index - 50 (EASI-50) (≥ 50% Improvement From Baseline) at Week 16
NCT03345914,Dupilumab,,secondary,7,responder_rate,EASI,,,baseline,16w,,,,,,1,responder,EASI,,,percent_improvement_from_baseline,>=,90,percent,,,,Percentage of Participants Achieving Eczema Area and Severity Index - 90 (EASI - 90) (≥ 90% Improvement From Baseline) at Week 16
NCT03345914,Dupilumab,,secondary,8,time_to_event,,,,baseline,,,,,,,0,,,,,,,,,,,,Time to Achieve ≥ 4 Point Reduction of Weekly Average of Daily Worst Itch Score From Baseline During the 16-week Treatment Period
NCT03345914,Dupilumab,,secondary,9,time_to_event,,,,baseline,,,,,,,0,,,,,,,,,,,,Time to Achieve ≥ 3 Point Reduction of Weekly Average of Daily Worst Itch Score From Baseline During the 16-week Treatment Period
NCT03345914,Dupilumab,,secondary,10,change_from_baseline,BSA,,,baseline,16w,,,,,,0,,,,,,,,,,,,Change From Baseline in Percent Body Surface Area (BSA) Affected by Atopic Dermatitis (AD) at Week 16
NCT03345914,Dupilumab,,secondary,11,percent_change_from_baseline,SCORAD,,,baseline,16w,,,,,,0,,,,,,,,,,,,Percent Change From Baseline in SCORing Atopic Dermatitis (SCORAD) at Week 16
NCT03345914,Dupilumab,,secondary,12,change_from_baseline,CDLQI,,,baseline,16w,,,,,,0,,,,,,,,,,,,Change From Baseline in Children's Dermatology Life Quality Index (CDLQI) at Week 16
NCT03345914,Dupilumab,,secondary,13,change_from_baseline,POEM,,,baseline,16w,,,,,,0,,,,,,,,,,,,Change From Baseline in Patient Oriented Eczema Measure (POEM) at Week 16
NCT03345914,Dupilumab,,secondary,14,change_from_baseline,,,,baseline,16w,,,,,,0,,,,,,,,,,,,Change From Baseline in Weekly Average of Daily Worst Itch Score at Week 16
NCT03345914,Dupilumab,,secondary,15,change_from_baseline,,,,baseline,16w,,,,,,0,,,,,,,,,,,,Change From Baseline in Dermatitis Family Index (DFI) at Week 16
NCT03345914,Dupilumab,,secondary,16,change_from_baseline,PROMIS,Total,,baseline,16w,,,,,,0,,,,,,,,,,,,Change From Baseline in Patient Reported Outcomes Measurements Information Systems (PROMIS) Pediatric Anxiety Short Form Scale Total Score at Week 16
NCT03345914,Dupilumab,,secondary,17,change_from_baseline,PROMIS,,,baseline,16w,,,,,,0,,,,,,,,,,,,Change From Baseline in Patient Reported Outcomes Measurements Information Systems (PROMIS) Pediatric Depressive Symptoms Short Form Scale Score at Week 16
NCT03345914,Dupilumab,,secondary,18,safety_incidence,,,,,,16w,,,,skin_infection_TEAE,0,,,,,,,,,,,,Percentage of Participants Having at Least One Skin Infection Treatment Emergent Adverse Event (TEAE) (Excluding Herpetic Infections) Through Week 16
NCT03345914,Dupilumab,,secondary,19,safety_incidence,,,,,,16w,,,,serious_TEAE,0,,,,,,,,,,,,Percentage of Participants Having at Least One Serious Treatment Emergent Adverse Event (TEAE) Through Week 16
NCT03345914,Dupilumab,,secondary,20,other,,,,baseline,16w,,,,,,0,,,,,,,,,,,,Proportion of Topical Corticosteroid (TCS) Medication-free Days From Baseline to Week 16
NCT03345914,Dupilumab,,secondary,21,drug_usage,,,,baseline,16w,,,,,TCS_use,0,,,,,,,,,,,,Mean Weekly Dose of Topical Corticosteroid (TCS) in Grams for Low or Medium Potency TCS From Baseline to Week 16
NCT03346434,Dupilumab,Liberty AD,primary,1,pharmacokinetics,,,,,1d;3d;8d;18d;29d,,,,,serum_concentration,0,,,,,,,,,,,,"Part A: Maximum Observed Serum Concentration (Cmax) of Functional Dupilumab (Time frame: Post-dose on Days 1, 3, 8, 18, and 29)"
NCT03346434,Dupilumab,Liberty AD,primary,2,pharmacokinetics,,,,,1d;3d;8d;18d;29d,,,,,serum_concentration,0,,,,,,,,,,,,"Part A: Dose Normalized Maximum Observed Serum Concentration (Cmax/Dose) of Dupilumab (Time frame: Post-dose on Days 1, 3, 8, 18, and 29)"
NCT03346434,Dupilumab,Liberty AD,primary,3,pharmacokinetics,,,,,1d;3d;8d;18d;29d,,,,,serum_concentration,0,,,,,,,,,,,,"Part A: Time to Reach the Maximum Serum Concentration (Tmax) of Dupilumab (Time frame: Post-dose on Days 1, 3, 8, 18, and 29)"
NCT03346434,Dupilumab,Liberty AD,primary,4,pharmacokinetics,,,,,1d;3d;8d;18d;29d,,,,,serum_concentration,0,,,,,,,,,,,,"Part A: Last Quantifiable Serum Concentration (Clast) of Dupilumab (Time frame: Post-dose on Days 1, 3, 8, 18, and 29)"
NCT03346434,Dupilumab,Liberty AD,primary,5,pharmacokinetics,,,,,1d;3d;8d;18d;29d,,,,,serum_concentration,0,,,,,,,,,,,,"Part A: Time of the Last Quantifiable Serum Concentration (Tlast) of Dupilumab (Time frame: Post-dose on Days 1, 3, 8, 18, and 29)"
NCT03346434,Dupilumab,Liberty AD,primary,6,pharmacokinetics,,,,,1d;3d;8d;18d;29d,,,,,serum_concentration,0,,,,,,,,,,,,"Part A: Area Under the Serum Concentration-Time Curve From Time Zero to the Time of the Last Measurable Concentration (AUClast) of Dupilumab (Time frame: Post-dose on Days 1, 3, 8, 18, and 29)"
NCT03346434,Dupilumab,Liberty AD,primary,7,pharmacokinetics,,,,,1d;3d;8d;18d;29d,,,,,serum_concentration,0,,,,,,,,,,,,"Part A: Dose Normalized Area Under the Serum Concentration-Time Curve From Time Zero to the Time of the Last Measurable Concentration (AUClast/Dose) of Dupilumab (Time frame: Post-dose on Days 1, 3, 8, 18, and 29)"
NCT03346434,Dupilumab,Liberty AD,primary,8,safety_incidence,,,,,,4w,,,,TEAE,0,,,,,,,,,,,,Part A: Number of Participants With at Least One Treatment-Emergent Adverse Event (TEAE) (Time frame: Baseline up to Week 4)
NCT03346434,Dupilumab,Liberty AD,primary,9,safety_incidence,,,,,,4w,,,,,0,,,,,,,,,,,,Part A: Number of Participants With TEAEs by Severity According to Qualitative Toxicity Scale (Time frame: Baseline up to Week 4)
NCT03346434,Dupilumab,Liberty AD,primary,10,absolute_value,IGA,,,,16w,,,,,,0,,,,,,,,,,,,Part B: Percentage of Participants With Investigator's Global Assessment (IGA) Score 0 or 1 at Week 16 (Time frame: Week 16)
NCT03346434,Dupilumab,Liberty AD,primary,11,absolute_value,EASI,,,baseline,16w,,,,,,0,,,,,,,,,,,,Part B: Percentage of Participants With Eczema Area and Severity Index (EASI) -75 (EASI-75) (≥75% Improvement From Baseline) at Week 16 (Time frame: Week 16)
NCT03346434,Dupilumab,Liberty AD,secondary,1,safety_incidence,,,,,,,,,,,0,,,,,,,,,,,,Part A: Number of Participants With Serious TEAEs and Severe TEAEs
NCT03346434,Dupilumab,Liberty AD,secondary,2,absolute_value,EASI,,,baseline,4w,,,,,,0,,,,,,,,,,,,Part A: Percent Change From Baseline in EASI Score at Week 4
NCT03346434,Dupilumab,Liberty AD,secondary,3,absolute_value,SCORAD,,,baseline,4w,,,,,,0,,,,,,,,,,,,Part A: Percent Change From Baseline in SCORing Atopic Dermatitis (SCORAD) Score at Week 4
NCT03346434,Dupilumab,Liberty AD,secondary,4,absolute_value,IGA,,,,4w,,,,,,0,,,,,,,,,,,,Part A: Percentage of Participants With IGA Score 0 or 1 at Week 4
NCT03346434,Dupilumab,Liberty AD,secondary,5,other,,,,,,,,,,,0,,,,,,,,,,,,Part A: Number of Participants With at Least One Positive Treatment-Emergent Anti-Drug Antibodies (ADA)
NCT03346434,Dupilumab,Liberty AD,secondary,6,safety_incidence,,,,,,16w,,,,,0,,,,,,,,,,,,Part B: Number of Participants With at Least One Serious Adverse Event (SAE) Through Week 16
NCT03346434,Dupilumab,Liberty AD,secondary,7,safety_incidence,,,,,,16w,,,,skin_infection_TEAE,0,,,,,,,,,,,,Part B: Number of Participants With at Least One Skin Infection Treatment Emergent Adverse Event (TEAE) (Excluding Herpetic Infection) Through Week 16
NCT03346434,Dupilumab,Liberty AD,secondary,8,other,,,,,,,,,,,0,,,,,,,,,,,,Part B: Number of Participants With at Least One Positive Treatment-Emergent ADA
NCT03346434,Dupilumab,Liberty AD,secondary,9,absolute_value,EASI,,,baseline,16w,,,,,,0,,,,,,,,,,,,Part B: Percent Change From Baseline in EASI Score at Week 16
NCT03346434,Dupilumab,Liberty AD,secondary,10,absolute_value,Pruritus NRS,,worst_daily_weekly_average,baseline,16w,,,,,,0,,,,,,,,,,,,Part B: Percent Change From Baseline in Weekly Average of Daily Worst Scratch/Itch/Numerical Rating Scale (NRS) at Week 16
NCT03346434,Dupilumab,Liberty AD,secondary,11,absolute_value,Pruritus NRS,,worst_daily_weekly_average,baseline,16w,,,,,,0,,,,,,,,,,,,Part B: Percentage of Participants With Improvement (Reduction From Baseline) of Weekly Average of Daily Worst Scratch/Itch/NRS ≥4 Points at Week 16
NCT03346434,Dupilumab,Liberty AD,secondary,12,absolute_value,Pruritus NRS,,worst_daily_weekly_average,baseline,16w,,,,,,0,,,,,,,,,,,,Part B: Percentage of Participants With Improvement (Reduction From Baseline) of Weekly Average of Daily Worst Scratch/Itch/NRS ≥3 Points at Week 16
NCT03346434,Dupilumab,Liberty AD,secondary,13,absolute_value,EASI,,,baseline,16w,,,,,,0,,,,,,,,,,,,Part B: Percentage of Participants Who Achieved EASI-50 (≥50% Improvement From Baseline) at Week 16
NCT03346434,Dupilumab,Liberty AD,secondary,14,absolute_value,EASI,,,baseline,16w,,,,,,0,,,,,,,,,,,,Part B: Percentage of Participants Who Achieved EASI-90 (≥90% Improvement From Baseline) at Week 16
NCT03346434,Dupilumab,Liberty AD,secondary,15,absolute_value,BSA,,,baseline,16w,,,,,,0,,,,,,,,,,,,Part B: Change From Baseline in Percent Body Surface Area (BSA) Affected by Atopic Dermatitis (AD) at Week 16
NCT03346434,Dupilumab,Liberty AD,secondary,16,absolute_value,POEM,,,baseline,16w,,,,,,0,,,,,,,,,,,,Part B: Change From Baseline in Patient Oriented Eczema Measure (POEM) at Week 16
NCT03346434,Dupilumab,Liberty AD,secondary,17,absolute_value,SCORAD,,,baseline,16w,,,,,,0,,,,,,,,,,,,Part B: Percent Change From Baseline in SCORing Atopic Dermatitis (SCORAD) at Week 16
NCT03346434,Dupilumab,Liberty AD,secondary,18,absolute_value,Pruritus NRS,,,baseline,16w,,,,,,0,,,,,,,,,,,,Part B: Change From Baseline in Participant's Sleep Quality NRS at Week 16
NCT03346434,Dupilumab,Liberty AD,secondary,19,absolute_value,Pruritus NRS,Skin Pain,,baseline,16w,,,,,,0,,,,,,,,,,,,Part B: Change From Baseline in Participant's Skin Pain NRS at Week 16
NCT03346434,Dupilumab,Liberty AD,secondary,20,absolute_value,,,,baseline,16w,,,,,,0,,,,,,,,,,,,Part B: Change From Baseline in Dermatitis Family Index (DFI) at Week 16
NCT03346434,Dupilumab,Liberty AD,secondary,21,absolute_value,CDLQI,,,baseline,16w,,,,,,0,,,,,,,,,,,,Part B: Change From Baseline in Children's Dermatology Life Quality Index (CDLQI) at Week 16
NCT03346434,Dupilumab,Liberty AD,secondary,22,absolute_value,,,,baseline,16w,,,,,,0,,,,,,,,,,,,Part B: Change From Baseline in Infants' Dermatology Quality of Life Index (IDQOL) at Week 16
NCT03346434,Dupilumab,Liberty AD,secondary,23,other,,,,baseline,16w,,,,,,0,,,,,,,,,,,,Part B: Percentage of Topical Corticosteroid (TCS) Medication-free Days From Baseline to Week 16
NCT03346434,Dupilumab,Liberty AD,secondary,24,other,,,,baseline,16w,,,,,,0,,,,,,,,,,,,Part B: Mean Weekly Dose of Low Potency TCS in Grams From Baseline to Week 16
NCT03346434,Dupilumab,Liberty AD,secondary,25,other,,,,baseline,16w,,,,,,0,,,,,,,,,,,,Part B: Mean Weekly Dose of TCS in Grams for Medium or High Potency TCS From Baseline to Week 16
NCT03346434,Dupilumab,Liberty AD,secondary,26,other,,,,,,16w,,,,,0,,,,,,,,,,,,Part B: Mean Number of Caregiver Missed Work Days Through Week 16
NCT03349060,Abrocitinib,JADE Mono-1,primary,1,responder_rate,IGA,,,baseline,12w,,,,,,1,responder,IGA,,,absolute_score,in,"[0, 1]",score,,,,"Percentage of Participants Achieving Investigator's Global Assessment (IGA) Response of Clear (0) or Almost Clear (1) and Greater Than or Equal to 2 Points Improvement From Baseline at Week 12 (Time frame: Baseline, Week 12)"
NCT03349060,Abrocitinib,JADE Mono-1,primary,1,responder_rate,IGA,,,baseline,12w,,,,,,2,responder,IGA,,,point_reduction_from_baseline,>=,2,points,,,,"Percentage of Participants Achieving Investigator's Global Assessment (IGA) Response of Clear (0) or Almost Clear (1) and Greater Than or Equal to 2 Points Improvement From Baseline at Week 12 (Time frame: Baseline, Week 12)"
NCT03349060,Abrocitinib,JADE Mono-1,primary,2,responder_rate,EASI,,,baseline,12w,,,,,,1,responder,EASI,,,absolute_score,>=,75,score,,,,"Percentage of Participants Achieving Eczema Area and Severity Index (EASI) Response of >=75 Percent (%) Improvement From Baseline at Week 12 (Time frame: Baseline, Week 12)"
NCT03349060,Abrocitinib,JADE Mono-1,secondary,1,responder_rate,Pruritus NRS,,severity,baseline,2w;4w;8w;12w,,full_analysis_set,,,,1,responder,Pruritus NRS,,severity,point_reduction_from_baseline,>=,4,points,,,,"Percentage of Participants With at Least 4 Points Improvement From Baseline in the Numerical Rating Scale (NRS) for Severity of Pruritus at Week 2, 4, 8 and 12: Full Analysis Set (FAS)"
NCT03349060,Abrocitinib,JADE Mono-1,secondary,2,responder_rate,Pruritus NRS,,severity,baseline,2w;4w;12w,,per_protocol,,,,1,responder,Pruritus NRS,,severity,point_reduction_from_baseline,>=,4,points,,,,"Percentage of Participants With at Least 4 Points Improvement From Baseline in the Numerical Rating Scale for Severity of Pruritus at Week 2, 4 and 12: Per Protocol Analysis Set (PPAS)"
NCT03349060,Abrocitinib,JADE Mono-1,secondary,3,change_from_baseline,PSAAD,Total,,baseline,2w;4w;8w;12w,,full_analysis_set,,,,0,,,,,,,,,,,,"Change From Baseline in Pruritus and Symptoms Assessment for Atopic Dermatitis (PSAAD) Total Score at Week 2, 4, 8 and 12: Full Analysis Set"
NCT03349060,Abrocitinib,JADE Mono-1,secondary,4,change_from_baseline,PSAAD,Total,,baseline,12w,,per_protocol,,,,0,,,,,,,,,,,,Change From Baseline in Pruritus and Symptoms Assessment for Atopic Dermatitis Total Score at Week 12: Per Protocol Analysis Set
NCT03349060,Abrocitinib,JADE Mono-1,secondary,5,time_to_event,Pruritus NRS,,severity,baseline,,,,,,,1,responder,Pruritus NRS,,severity,point_reduction_from_baseline,>=,4,points,,,,Time to Achieve >=4 Points Improvement From Baseline in Numerical Rating Scale for Severity of Pruritus
NCT03349060,Abrocitinib,JADE Mono-1,secondary,6,responder_rate,EASI,,,baseline,2w;4w;8w,,,,,,1,responder,EASI,,,percent_improvement_from_baseline,>=,75,percent,,,,"Percentage of Participants Achieving Eczema Area and Severity Index Response of >=75% Improvement From Baseline at Week 2, 4 and 8"
NCT03349060,Abrocitinib,JADE Mono-1,secondary,7,responder_rate,IGA,,,baseline,2w;4w;8w,,,,,,1,responder,IGA,,,absolute_score,in,"[0, 1]",score,,,,"Percentage of Participants Achieving Investigator's Global Assessment Response of Clear (0) or Almost Clear (1) and >=2 Points Improvement From Baseline at Week 2, 4 and 8"
NCT03349060,Abrocitinib,JADE Mono-1,secondary,7,responder_rate,IGA,,,baseline,2w;4w;8w,,,,,,2,responder,IGA,,,point_reduction_from_baseline,>=,2,points,,,,"Percentage of Participants Achieving Investigator's Global Assessment Response of Clear (0) or Almost Clear (1) and >=2 Points Improvement From Baseline at Week 2, 4 and 8"
NCT03349060,Abrocitinib,JADE Mono-1,secondary,8,responder_rate,IGA,,,,2w;4w;8w;12w,,,,,,1,responder,IGA,,,absolute_score,in,[0],score,,,,"Percentage of Participants Achieving Investigator's Global Assessment Response of Clear (0) at Week 2, 4, 8 and 12"
NCT03349060,Abrocitinib,JADE Mono-1,secondary,9,responder_rate,EASI,,,baseline,2w;4w;8w;12w,,,,,,1,responder,EASI,,,percent_improvement_from_baseline,>=,50,percent,,,,"Percentage of Participants Achieving Eczema Area and Severity Index Response of >=50% Improvement From Baseline at Week 2, 4, 8 and 12"
NCT03349060,Abrocitinib,JADE Mono-1,secondary,10,responder_rate,EASI,,,baseline,2w;4w;8w;12w,,,,,,1,responder,EASI,,,percent_improvement_from_baseline,>=,90,percent,,,,"Percentage of Participants Achieving Eczema Area and Severity Index Response of >=90% Improvement From Baseline at Week 2, 4, 8 and 12"
NCT03349060,Abrocitinib,JADE Mono-1,secondary,11,responder_rate,EASI,,,baseline,2w;4w;8w;12w,,,,,,1,responder,EASI,,,percent_improvement_from_baseline,>=,100,percent,,,,"Percentage of Participants Achieving Eczema Area and Severity Index Response of 100% Improvement From Baseline at Week 2, 4, 8 and 12"
NCT03349060,Abrocitinib,JADE Mono-1,secondary,12,change_from_baseline,EASI,Total,,baseline,2w;4w;8w;12w,,,,,,0,,,,,,,,,,,,"Change From Baseline in Eczema Area and Severity Index Total Score at Week 2, 4, 8 and 12"
NCT03349060,Abrocitinib,JADE Mono-1,secondary,13,change_from_baseline,BSA,,,baseline,2w;4w;8w;12w,,,,,,0,,,,,,,,,,,,"Change From Baseline in Percentage Body Surface Area at Week 2, 4, 8 and 12"
NCT03349060,Abrocitinib,JADE Mono-1,secondary,14,responder_rate,BSA,,,,2w;4w;8w;12w,,,,,,1,responder,BSA,,,percent_bsa,<,5,percent,,,,"Percentage of Participants With Percentage Body Surface Area Less Than (<) 5% at Week 2, 4, 8 and 12"
NCT03349060,Abrocitinib,JADE Mono-1,secondary,15,responder_rate,SCORAD,,,baseline,2w;4w;8w;12w,,,,,,1,responder,SCORAD,,,percent_improvement_from_baseline,>=,50,percent,,,,"Percentage of Participants With Scoring Atopic Dermatitis (SCORAD) Response of >=50% Improvement From Baseline at Week 2, 4, 8 and 12"
NCT03349060,Abrocitinib,JADE Mono-1,secondary,16,responder_rate,SCORAD,,,baseline,2w;4w;8w;12w,,,,,,1,responder,SCORAD,,,percent_improvement_from_baseline,>=,75,percent,,,,"Percentage of Participants With Scoring Atopic Dermatitis Response of >=75% Improvement From Baseline at Week 2, 4, 8 and 12"
NCT03349060,Abrocitinib,JADE Mono-1,secondary,17,change_from_baseline,SCORAD,VAS Sleep Loss,,baseline,2w;4w;8w;12w,,,,,,0,,,,,,,,,,,,"Change From Baseline in Scoring Atopic Dermatitis: Visual Analogue Scale of Sleep Loss at Week 2, 4, 8 and 12"
NCT03349060,Abrocitinib,JADE Mono-1,secondary,18,change_from_baseline,SCORAD,Total,,baseline,2w;4w;8w;12w,,,,,,0,,,,,,,,,,,,"Change From Baseline in Scoring Atopic Dermatitis: Total Score at Week 2, 4, 8 and 12"
NCT03349060,Abrocitinib,JADE Mono-1,secondary,19,responder_rate,PSAAD,,,baseline,2w;4w;8w;12w,,,,,,1,responder,PSAAD,,,point_reduction_from_baseline,>=,1,points,,,,"Percentage of Participants Achieving >=1 Point Improvement From Baseline in Pruritus and Symptoms Assessment for Atopic Dermatitis at Week 2, 4, 8 and 12"
NCT03349060,Abrocitinib,JADE Mono-1,secondary,20,change_from_baseline,DLQI,,,baseline,2w;4w;8w;12w,,,,,,0,,,,,,,,,,,,"Change From Baseline in Dermatology Life Quality Index (DLQI) at Week 2, 4, 8 and 12"
NCT03349060,Abrocitinib,JADE Mono-1,secondary,21,change_from_baseline,CDLQI,,,baseline,2w;4w;8w;12w,,,,,,0,,,,,,,,,,,,"Change From Baseline in Children's Dermatology Life Quality Index (CDLQI) at Week 2, 4, 8 and 12"
NCT03349060,Abrocitinib,JADE Mono-1,secondary,22,responder_rate,DLQI,,,baseline,2w;4w;8w;12w,,,,,,1,responder,DLQI,,,absolute_score,<,2,score,,,,"Percentage of Participants With Baseline Dermatology Life Quality Index Score >=2 and Achieving <2 DLQI Score at Week 2, 4, 8 and 12"
NCT03349060,Abrocitinib,JADE Mono-1,secondary,22,responder_rate,DLQI,,,baseline,2w;4w;8w;12w,,,,,,2,subgroup,DLQI,,,absolute_score,>=,2,score,,,"[""baseline""]","Percentage of Participants With Baseline Dermatology Life Quality Index Score >=2 and Achieving <2 DLQI Score at Week 2, 4, 8 and 12"
NCT03349060,Abrocitinib,JADE Mono-1,secondary,23,responder_rate,CDLQI,,,baseline,2w;4w;8w;12w,,,,,,1,responder,CDLQI,,,absolute_score,<,2,score,,,,"Percentage of Participants With Baseline Children's Dermatology Life Quality Index Score >=2 and Achieving <2 CDLQI Score at Week 2, 4, 8 and 12"
NCT03349060,Abrocitinib,JADE Mono-1,secondary,23,responder_rate,CDLQI,,,baseline,2w;4w;8w;12w,,,,,,2,subgroup,CDLQI,,,absolute_score,>=,2,score,,,"[""baseline""]","Percentage of Participants With Baseline Children's Dermatology Life Quality Index Score >=2 and Achieving <2 CDLQI Score at Week 2, 4, 8 and 12"
NCT03349060,Abrocitinib,JADE Mono-1,secondary,24,responder_rate,DLQI,,,baseline,2w;4w;8w;12w,,,,,,1,responder,DLQI,,,point_reduction_from_baseline,>=,4,points,,,,"Percentage of Participants With Baseline Dermatology Life Quality Index Score >=4 and Achieving >=4 Point Improvement From Baseline in DLQI Score at Week 2, 4, 8 and 12"
NCT03349060,Abrocitinib,JADE Mono-1,secondary,24,responder_rate,DLQI,,,baseline,2w;4w;8w;12w,,,,,,2,subgroup,DLQI,,,absolute_score,>=,4,score,,,"[""baseline""]","Percentage of Participants With Baseline Dermatology Life Quality Index Score >=4 and Achieving >=4 Point Improvement From Baseline in DLQI Score at Week 2, 4, 8 and 12"
NCT03349060,Abrocitinib,JADE Mono-1,secondary,25,responder_rate,CDLQI,,,baseline,2w;4w;8w;12w,,,,,,1,responder,CDLQI,,,point_reduction_from_baseline,>=,2.5,points,,,,"Percentage of Participants With Baseline Children's Dermatology Life Quality Index Score >=2.5 and Achieving >=2.5 Point Improvement From Baseline in CDLQI Score at Week 2, 4, 8 and 12"
NCT03349060,Abrocitinib,JADE Mono-1,secondary,25,responder_rate,CDLQI,,,baseline,2w;4w;8w;12w,,,,,,2,subgroup,CDLQI,,,absolute_score,>=,2.5,score,,,"[""baseline""]","Percentage of Participants With Baseline Children's Dermatology Life Quality Index Score >=2.5 and Achieving >=2.5 Point Improvement From Baseline in CDLQI Score at Week 2, 4, 8 and 12"
NCT03349060,Abrocitinib,JADE Mono-1,secondary,26,change_from_baseline,HADS,Depression,,baseline,2w;4w;8w;12w,,,,,,0,,,,,,,,,,,,"Change From Baseline in Hospital Anxiety and Depression Scale (HADS): Depression Subscale at Week 2, 4, 8 and 12"
NCT03349060,Abrocitinib,JADE Mono-1,secondary,27,change_from_baseline,HADS,Anxiety,,baseline,2w;4w;8w;12w,,,,,,0,,,,,,,,,,,,"Change From Baseline in Hospital Anxiety and Depression Scale: Anxiety Subscale at Week 2, 4, 8 and 12"
NCT03349060,Abrocitinib,JADE Mono-1,secondary,28,responder_rate,HADS,Anxiety,,baseline,2w;4w;8w;12w,,,,,,1,responder,HADS,Anxiety,,absolute_score,<,8,score,,,,"Percentage of Participants With >=8 Points at Baseline and Achieving Score of <8 Points in Hospital Anxiety and Depression Scale: Anxiety Subscale at Week 2, 4, 8 and 12"
NCT03349060,Abrocitinib,JADE Mono-1,secondary,28,responder_rate,HADS,Anxiety,,baseline,2w;4w;8w;12w,,,,,,2,subgroup,HADS,Anxiety,,absolute_score,>=,8,score,,,"[""baseline""]","Percentage of Participants With >=8 Points at Baseline and Achieving Score of <8 Points in Hospital Anxiety and Depression Scale: Anxiety Subscale at Week 2, 4, 8 and 12"
NCT03349060,Abrocitinib,JADE Mono-1,secondary,29,responder_rate,HADS,Depression,,baseline,2w;4w;8w;12w,,,,,,1,responder,HADS,Depression,,absolute_score,<,8,score,,,,"Percentage of Participants With >=8 Points at Baseline and Achieving Score of <8 Points in Hospital Anxiety and Depression Scale: Depression Subscale at Week 2, 4, 8 and 12"
NCT03349060,Abrocitinib,JADE Mono-1,secondary,29,responder_rate,HADS,Depression,,baseline,2w;4w;8w;12w,,,,,,2,subgroup,HADS,Depression,,absolute_score,>=,8,score,,,"[""baseline""]","Percentage of Participants With >=8 Points at Baseline and Achieving Score of <8 Points in Hospital Anxiety and Depression Scale: Depression Subscale at Week 2, 4, 8 and 12"
NCT03349060,Abrocitinib,JADE Mono-1,secondary,30,responder_rate,HADS,Anxiety,,baseline,2w;4w;8w;12w,,,,,,1,responder,HADS,Anxiety,,absolute_score,<,11,score,,,,"Percentage of Participants With >=11 Points at Baseline and Achieving Score of <11 Points in Hospital Anxiety and Depression Scale: Anxiety Subscale at Week 2, 4, 8 and 12"
NCT03349060,Abrocitinib,JADE Mono-1,secondary,30,responder_rate,HADS,Anxiety,,baseline,2w;4w;8w;12w,,,,,,2,subgroup,HADS,Anxiety,,absolute_score,>=,11,score,,,"[""baseline""]","Percentage of Participants With >=11 Points at Baseline and Achieving Score of <11 Points in Hospital Anxiety and Depression Scale: Anxiety Subscale at Week 2, 4, 8 and 12"
NCT03349060,Abrocitinib,JADE Mono-1,secondary,31,responder_rate,HADS,Depression,,baseline,2w;4w;8w;12w,,,,,,1,responder,HADS,Depression,,absolute_score,<,11,score,,,,"Percentage of Participants With >=11 Points at Baseline and Achieving Score of <11 Points in Hospital Anxiety and Depression Scale: Depression Subscale at Week 2, 4, 8 and 12"
NCT03349060,Abrocitinib,JADE Mono-1,secondary,31,responder_rate,HADS,Depression,,baseline,2w;4w;8w;12w,,,,,,2,subgroup,HADS,Depression,,absolute_score,>=,11,score,,,"[""baseline""]","Percentage of Participants With >=11 Points at Baseline and Achieving Score of <11 Points in Hospital Anxiety and Depression Scale: Depression Subscale at Week 2, 4, 8 and 12"
NCT03349060,Abrocitinib,JADE Mono-1,secondary,32,change_from_baseline,POEM,,,baseline,2w;4w;8w;12w,,,,,,0,,,,,,,,,,,,"Change From Baseline in Patient-Oriented Eczema Measure (POEM) at Week 2, 4, 8 and 12"
NCT03349060,Abrocitinib,JADE Mono-1,secondary,33,change_from_baseline,PtGA,,,baseline,2w;4w;8w;12w,,,,,,0,,,,,,,,,,,,"Change From Baseline in Patient Global Assessment (PtGA) at Week 2, 4, 8 and 12"
NCT03349060,Abrocitinib,JADE Mono-1,secondary,34,responder_rate,PtGA,,,baseline,2w;4w;8w;12w,,,,,,1,responder,PtGA,,,absolute_score,in,"[0, 1]",score,,,,"Percentage of Participants Achieving 'Clear' or 'Almost Clear' and >=2 Points Improvement From Baseline in Patient Global Assessment (PtGA) at Week 2, 4, 8 and 12"
NCT03349060,Abrocitinib,JADE Mono-1,secondary,34,responder_rate,PtGA,,,baseline,2w;4w;8w;12w,,,,,,2,responder,PtGA,,,point_reduction_from_baseline,>=,2,points,,,,"Percentage of Participants Achieving 'Clear' or 'Almost Clear' and >=2 Points Improvement From Baseline in Patient Global Assessment (PtGA) at Week 2, 4, 8 and 12"
NCT03349060,Abrocitinib,JADE Mono-1,secondary,35,change_from_baseline,EQ-5D-5L,Index,,baseline,2w;4w;8w;12w,,,,,,0,,,,,,,,,,,,"Change From Baseline in EuroQol Quality of Life 5-Dimension 5-Level Scale (EQ-5D-5L): Index Value at Week 2, 4, 8 and 12"
NCT03349060,Abrocitinib,JADE Mono-1,secondary,36,change_from_baseline,EQ-5D-5L,VAS,,baseline,2w;4w;8w;12w,,,,,,0,,,,,,,,,,,,"Change From Baseline in EuroQol Quality of Life 5-Dimension 5-Level Scale (EQ-5D-5L)- Visual Analogue Scale Score at Week 2, 4, 8 and 12"
NCT03349060,Abrocitinib,JADE Mono-1,secondary,37,change_from_baseline,EQ-5D-Y,Index,,baseline,2w;4w;8w;12w,,,,,,0,,,,,,,,,,,,"Change From Baseline in EuroQol Quality of Life 5-Dimension Youth Scale (EQ-5D-Y): Index Value at Week 2, 4, 8 and 12"
NCT03349060,Abrocitinib,JADE Mono-1,secondary,38,change_from_baseline,EQ-5D-Y,VAS,,baseline,2w;4w;8w;12w,,,,,,0,,,,,,,,,,,,"Change From Baseline in EuroQol Quality of Life 5-Dimension Youth Scale (EQ-5D-Y): Visual Analogue Scale Score at Week 2, 4, 8 and 12"
NCT03349060,Abrocitinib,JADE Mono-1,secondary,39,change_from_baseline,FACIT-F,,,baseline,12w,,,,,,0,,,,,,,,,,,,Change From Baseline in Functional Assessment of Chronic Illness Therapy Fatigue Scale (FACIT-F) at Week 12
NCT03349060,Abrocitinib,JADE Mono-1,secondary,40,change_from_baseline,Peds-FACIT-F,,,baseline,12w,,,,,,0,,,,,,,,,,,,Change From Baseline in Pediatric Functional Assessment of Chronic Illness Therapy Fatigue Scale (Peds-FACIT-F) at Week 12
NCT03349060,Abrocitinib,JADE Mono-1,secondary,41,change_from_baseline,SF-36v2,Physical Component Summary,,baseline,12w,,,,,,0,,,,,,,,,,,,Change From Baseline in Short Form-36v2 (SF-36v2) Acute Summary Score at Week 12: Physical Component Summary
NCT03349060,Abrocitinib,JADE Mono-1,secondary,42,change_from_baseline,SF-36v2,Mental Component Summary,,baseline,12w,,,,,,0,,,,,,,,,,,,Change From Baseline in Short Form-36v2 Acute Summary Score at Week 12: Mental Component Summary
NCT03349060,Abrocitinib,JADE Mono-1,secondary,43,pharmacokinetics,,,,,,,,,,plasma_concentration,0,,,,,,,,,,,,Plasma Concentration Versus Time Summary of PF-04965842
NCT03363854,Tralokinumab,,primary,1,responder_rate,IGA,,,,16w,,,,,,1,responder,IGA,,,absolute_score,in,"[0, 1]",score,,,,Participants With Investigator's Global Assessment (IGA) Score of 0 (Clear) or 1 (Almost Clear) at Week 16 (Time frame: Week 16)
NCT03363854,Tralokinumab,,primary,2,responder_rate,EASI,,,,16w,,,,,,1,responder,EASI,,,percent_improvement_from_baseline,>=,75,percent,,,,Participants Achieving at Least 75% Reduction in Eczema Area and Severity Index (EASI) at Week 16 (Time frame: Week 16)
NCT03363854,Tralokinumab,,secondary,1,responder_rate,Pruritus NRS,,worst_daily_weekly_average,baseline,16w,,,,,,1,responder,Pruritus NRS,,worst_daily_weekly_average,point_reduction_from_baseline,>=,4,points,,,,Reduction of Worst Daily Pruritus Numeric Rating Scale (NRS) (Weekly Average) of at Least 4 From Baseline to Week 16
NCT03363854,Tralokinumab,,secondary,2,change_from_baseline,SCORAD,,,baseline,16w,,,,,,0,,,,,,,,,,,,Change in Scoring Atopic Dermatitis (SCORAD) From Baseline to Week 16
NCT03363854,Tralokinumab,,secondary,3,change_from_baseline,DLQI,,,baseline,16w,,,,,,0,,,,,,,,,,,,Change in Dermatology Life Quality Index (DLQI) Score From Baseline to Week 16
NCT03363854,Tralokinumab,,secondary,4,immunogenicity,,,,,,,,,,anti_drug_antibodies,0,,,,,,,,,,,,Frequency of Anti-drug Antibodies (ADA)
NCT03363854,Tralokinumab,,secondary,5,drug_usage,,,,,,16w,,,,TCS_use,0,,,,,,,,,,,,Amount of Topical Corticosteroid (TCS) Used Through Week 16 Assuming no TCS Used From the Non-returned Tubes
NCT03363854,Tralokinumab,,secondary,6,drug_usage,,,,,,16w,,,,TCS_use,0,,,,,,,,,,,,Amount of Topical Corticosteroid (TCS) Used Through Week 16 Assuming All TCS Used From the Non-returned Tubes
NCT03363854,Tralokinumab,,secondary,7,count,,,,,,16w,,,,flare,0,,,,,,,,,,,,Number of Atopic Dermatitis Flares Through Week 16
NCT03363854,Tralokinumab,,secondary,8,count,,,,baseline,16w,,,,,topical_medication_free_days,0,,,,,,,,,,,,Number of Days Without Topical Treatment Use From Baseline to Week 16
NCT03363854,Tralokinumab,,secondary,9,responder_rate,EASI,,,,16w,,,,,,1,responder,EASI,,,percent_improvement_from_baseline,>=,50,percent,,,,Participants Achieving at Least 50% Reduction in Eczema Area and Severity Index (EASI) at Week 16
NCT03363854,Tralokinumab,,secondary,10,responder_rate,EASI,,,,16w,,,,,,1,responder,EASI,,,percent_improvement_from_baseline,>=,90,percent,,,,Participants Achieving at Least 90% Reduction in Eczema Area and Severity Index (EASI) at Week 16
NCT03363854,Tralokinumab,,secondary,11,change_from_baseline,EASI,,,baseline,16w,,,,,,0,,,,,,,,,,,,Change From Baseline to Week 16 in Eczema Area and Severity Index (EASI) Score
NCT03363854,Tralokinumab,,secondary,12,responder_rate,SCORAD,,,,16w,,,,,,1,responder,SCORAD,,,percent_improvement_from_baseline,>=,50,percent,,,,Participants Achieving at Least 50% Reduction in Scoring Atopic Dermatitis (SCORAD) at Week 16
NCT03363854,Tralokinumab,,secondary,13,responder_rate,SCORAD,,,,16w,,,,,,1,responder,SCORAD,,,percent_improvement_from_baseline,>=,75,percent,,,,Participants Achieving at Least 75% Reduction in Scoring Atopic Dermatitis (SCORAD) at Week 16
NCT03363854,Tralokinumab,,secondary,14,change_from_baseline,Pruritus NRS,,worst_daily_weekly_average,baseline,16w,,,,,,0,,,,,,,,,,,,Change From Baseline to Week 16 in Worst Daily Pruritus Numeric Rating Scale (NRS) (Weekly Average)
NCT03363854,Tralokinumab,,secondary,15,responder_rate,DLQI,,,baseline,16w,,,,,,1,responder,DLQI,,,point_reduction_from_baseline,>=,4,points,,,,Reduction From Baseline to Week 16 of Dermatology Life Quality Index (DLQI) of at Least 4 Points Among Participants With Baseline DLQI ≥4
NCT03363854,Tralokinumab,,secondary,15,responder_rate,DLQI,,,baseline,16w,,,,,,2,subgroup,DLQI,,,absolute_score,>=,4,score,,,"[""baseline""]",Reduction From Baseline to Week 16 of Dermatology Life Quality Index (DLQI) of at Least 4 Points Among Participants With Baseline DLQI ≥4
NCT03363854,Tralokinumab,,secondary,16,responder_rate,IGA,,,,32w,,,initially_randomized_to_active,,,1,responder,IGA,,,absolute_score,in,"[0, 1]",score,,,,Participants With Investigator's Global Assessment (IGA) Score of 0 (Clear) or 1 (Almost Clear) at Week 32 Among Participants With IGA Score of 0 or 1 at Week 16 After Initial Randomisation to Tralokinumab
NCT03363854,Tralokinumab,,secondary,16,responder_rate,IGA,,,,32w,,,initially_randomized_to_active,,,2,subgroup,IGA,,,absolute_score,in,"[0, 1]",score,,,"[""week_16""]",Participants With Investigator's Global Assessment (IGA) Score of 0 (Clear) or 1 (Almost Clear) at Week 32 Among Participants With IGA Score of 0 or 1 at Week 16 After Initial Randomisation to Tralokinumab
NCT03363854,Tralokinumab,,secondary,17,responder_rate,EASI,,,,32w,,,initially_randomized_to_active,,,1,responder,EASI,,,percent_improvement_from_baseline,>=,75,percent,,,,Participants Achieving at Least 75% Reduction in Eczema Area and Severity Index (EASI) at Week 32 Among Participants Who Had Achieved at Least 75% Reduction in EASI at Week 16 After Initial Randomisation to Tralokinumab
NCT03363854,Tralokinumab,,secondary,17,responder_rate,EASI,,,,32w,,,initially_randomized_to_active,,,2,subgroup,EASI,,,percent_improvement_from_baseline,>=,75,percent,,,"[""week_16""]",Participants Achieving at Least 75% Reduction in Eczema Area and Severity Index (EASI) at Week 32 Among Participants Who Had Achieved at Least 75% Reduction in EASI at Week 16 After Initial Randomisation to Tralokinumab
NCT03370133,Bimekizumab,BE VIVID,primary,1,responder_rate,,,,,16w,,,,,,1,responder,PASI,,,percent_improvement_from_baseline,>=,90,percent,,,,Percentage of Participants With a Psoriasis Area and Severity Index 90 (PASI90) Response at Week 16 (Time frame: Week 16)
NCT03370133,Bimekizumab,BE VIVID,primary,2,responder_rate,IGA,,,baseline,16w,,,,,,0,,,,,,,,,,,,Percentage of Participants With an Investigator's Global Assessment (IGA) (Clear or Almost Clear With at Least a 2-category Improvement From Baseline) Response at Week 16 (Time frame: Week 16)
NCT03370133,Bimekizumab,BE VIVID,secondary,1,responder_rate,,,,,16w,,,,,,1,responder,PASI,,,percent_improvement_from_baseline,>=,100,percent,,,,Percentage of Participants With a PASI100 Response at Week 16
NCT03370133,Bimekizumab,BE VIVID,secondary,2,responder_rate,IGA,,,,16w,,,,,,0,,,,,,,,,,,,Percentage of Participants With an IGA 0 Response at Week 16
NCT03370133,Bimekizumab,BE VIVID,secondary,3,responder_rate,,,,,4w,,,,,,1,responder,PASI,,,percent_improvement_from_baseline,>=,75,percent,,,,Percentage of Participants With a PASI75 Response at Week 4
NCT03370133,Bimekizumab,BE VIVID,secondary,4,responder_rate,,,,,16w,,,,,,0,,,,,,,,,,,,Percentage of Participants With a Patient Symptom Diary Response for Pain at Week 16
NCT03370133,Bimekizumab,BE VIVID,secondary,5,responder_rate,,,,,16w,,,,,,0,,,,,,,,,,,,Percentage of Participants With a Patient Symptom Diary Response for Itch at Week 16
NCT03370133,Bimekizumab,BE VIVID,secondary,6,responder_rate,,,,,16w,,,,,,0,,,,,,,,,,,,Percentage of Participants With a Patient Symptom Diary Response for Scaling at Week 16
NCT03370133,Bimekizumab,BE VIVID,secondary,7,responder_rate,IGA,,,baseline,16w,,,,,,0,,,,,,,,,,,,Percentage of Participants With a Scalp IGA Response (Clear or Almost Clear) at Week 16 for Participants With Scalp Psoriasis (PSO) >=2 at Baseline
NCT03370133,Bimekizumab,BE VIVID,secondary,8,responder_rate,,,,,12w,,,,,,1,responder,PASI,,,percent_improvement_from_baseline,>=,90,percent,,,,Percentage of Participants With a PASI90 Response at Week 12
NCT03370133,Bimekizumab,BE VIVID,secondary,9,responder_rate,,,,,52w,,,,,,1,responder,PASI,,,percent_improvement_from_baseline,>=,90,percent,,,,Percentage of Participants With a PASI90 Response at Week 52
NCT03370133,Bimekizumab,BE VIVID,secondary,10,responder_rate,IGA,,,baseline,12w,,,,,,0,,,,,,,,,,,,Percentage of Participants With an IGA (Clear or Almost Clear With at Least a 2-category Improvement From Baseline) Response at Week 12
NCT03370133,Bimekizumab,BE VIVID,secondary,11,responder_rate,IGA,,,baseline,52w,,,,,,0,,,,,,,,,,,,Percentage of Participants With an IGA (Clear or Almost Clear With at Least a 2-category Improvement From Baseline) Response at Week 52
NCT03370133,Bimekizumab,BE VIVID,secondary,12,count,,,,,,,,,,TEAE,0,,,,,,,,,,,,Number of Treatment Emergent Adverse Events (TEAEs) Adjusted by Duration of Subject Exposure to Study Treatment During the Initial Treatment Period
NCT03370133,Bimekizumab,BE VIVID,secondary,13,count,,,,,,,,,,,0,,,,,,,,,,,,Number of Serious Adverse Events (SAEs) Adjusted by Duration of Subject Exposure to Study Treatment During the Initial Treatment Period
NCT03370133,Bimekizumab,BE VIVID,secondary,14,count,,,,,,,,,,,0,,,,,,,,,,,,Number of TEAEs Leading to Withdrawal Adjusted by Duration of Subject Exposure to Study Treatment During the Initial Treatment Period
NCT03370133,Bimekizumab,BE VIVID,secondary,15,count,,,,,,,,,,TEAE,0,,,,,,,,,,,,Number of Treatment Emergent Adverse Events (TEAEs) Adjusted by Duration of Subject Exposure to Study Treatment During the Maintenance Treatment Period
NCT03370133,Bimekizumab,BE VIVID,secondary,16,count,,,,,,,,,,,0,,,,,,,,,,,,Number of Serious Adverse Events (SAEs) Adjusted by Duration of Subject Exposure to Study Treatment During the Maintenance Treatment Period
NCT03370133,Bimekizumab,BE VIVID,secondary,17,count,,,,,,,,,,,0,,,,,,,,,,,,Number of TEAEs Leading to Withdrawal Adjusted by Duration of Subject Exposure to Study Treatment During the Maintenance Treatment Period
NCT03410992,Bimekizumab,BE READY,primary,1,responder_rate,,,,,16w,,,,,,0,,,,,,,,,,,,Percentage of Participants With a Psoriasis Area and Severity Index 90 (PASI90) Response at Week 16 (Time frame: At Week 16)
NCT03410992,Bimekizumab,BE READY,primary,2,responder_rate,IGA,,,,16w,,,,,,0,,,,,,,,,,,,Percentage of Participants With an Investigator's Global Assessment (IGA) Response at Week 16 (Time frame: At Week 16)
NCT03410992,Bimekizumab,BE READY,secondary,1,responder_rate,,,,,16w,,,,,,0,,,,,,,,,,,,Percentage of Participants With a PASI100 Response at Week 16
NCT03410992,Bimekizumab,BE READY,secondary,2,responder_rate,IGA,,,,16w,,,,,,0,,,,,,,,,,,,Percentage of Participants With a IGA Clear Response at Week 16
NCT03410992,Bimekizumab,BE READY,secondary,3,responder_rate,,,,,4w,,,,,,0,,,,,,,,,,,,Percentage of Participants With a PASI75 Response at Week 4
NCT03410992,Bimekizumab,BE READY,secondary,4,responder_rate,,,,,16w,,,,,,0,,,,,,,,,,,,Percentage of Participants With a Patient Symptom Diary Response for Pain at Week 16
NCT03410992,Bimekizumab,BE READY,secondary,5,responder_rate,,,,,16w,,,,,,0,,,,,,,,,,,,Percentage of Participants With a Patient Symptom Diary Response for Itch at Week 16
NCT03410992,Bimekizumab,BE READY,secondary,6,responder_rate,,,,,16w,,,,,,0,,,,,,,,,,,,Percentage of Participants With a Patient Symptom Diary Response for Scaling at Week 16
NCT03410992,Bimekizumab,BE READY,secondary,7,responder_rate,IGA,,,baseline,16w,,,,,,0,,,,,,,,,,,,Percentage of Participants With Scalp IGA Response (Clear or Almost Clear) at Week 16 for Participants With Scalp Psoriasis (PSO) at Baseline
NCT03410992,Bimekizumab,BE READY,secondary,8,responder_rate,,,,,56w;16w,,,,,,0,,,,,,,,,,,,Percentage of Participants With a PASI90 Response at Week 56 Among Week 16 PASI90 Responders
NCT03410992,Bimekizumab,BE READY,secondary,9,count,,,,,,,,,,,0,,,,,,,,,,,,Number of Treatment-emergent Adverse Events (TEAEs) Adjusted by Duration of Participant Exposure to Study Treatment During the Initial Treatment Period
NCT03410992,Bimekizumab,BE READY,secondary,10,count,,,,,,,,,,,0,,,,,,,,,,,,Number of Serious Adverse Events (SAEs) Adjusted by Duration of Participant Exposure to Study Treatment During the Initial Treatment Period
NCT03410992,Bimekizumab,BE READY,secondary,11,count,,,,,,,,,,,0,,,,,,,,,,,,Number of TEAEs Leading to Withdrawal Adjusted by Duration of Participant Exposure to Study Treatment During the Initial Treatment Period
NCT03410992,Bimekizumab,BE READY,secondary,12,count,,,,,,,,,,,0,,,,,,,,,,,,Number of Treatment-emergent Adverse Events (TEAEs) Adjusted by Duration of Participant Exposure to Study Treatment During the Randomized-Withdrawal Period
NCT03410992,Bimekizumab,BE READY,secondary,13,count,,,,,,,,,,,0,,,,,,,,,,,,Number of Serious Adverse Events (SAEs) Adjusted by Duration of Participant Exposure to Study Treatment During the Randomized-Withdrawal Period
NCT03410992,Bimekizumab,BE READY,secondary,14,count,,,,,,,,,,,0,,,,,,,,,,,,Number of TEAEs Leading to Withdrawal Adjusted by Duration of Participant Exposure to Study Treatment During the Randomized-Withdrawal Period
NCT03410992,Bimekizumab,BE READY,secondary,15,count,,,,,,,,,,,0,,,,,,,,,,,,Number of Treatment-emergent Adverse Events (TEAEs) Adjusted by Duration of Participant Exposure to Study Treatment During the Escape Treatment
NCT03410992,Bimekizumab,BE READY,secondary,16,count,,,,,,,,,,,0,,,,,,,,,,,,Number of Serious Adverse Events (SAEs) Adjusted by Duration of Participant Exposure to Study Treatment During the Escape Treatment
NCT03410992,Bimekizumab,BE READY,secondary,17,count,,,,,,,,,,,0,,,,,,,,,,,,Number of TEAEs Leading to Withdrawal Adjusted by Duration of Participant Exposure to Study Treatment During the Escape Treatment
NCT03412747,Bimekizumab,BE SURE,primary,1,responder_rate,,,,,16w,,,,,,1,responder,PASI,,,percent_improvement_from_baseline,>=,90,percent,,,,Percentage of Participants With a Psoriasis Area and Severity Index 90 (PASI90) Response at Week 16 (Time frame: Week 16)
NCT03412747,Bimekizumab,BE SURE,primary,2,responder_rate,IGA,,,baseline,16w,,,,,,0,,,,,,,,,,,,Percentage of Participants With an Investigator's Global Assessment (IGA) Response (Clear or Almost Clear With at Least 2-Category Improvement Relative to Baseline) at Week 16 (Time frame: Week 16)
NCT03412747,Bimekizumab,BE SURE,secondary,1,responder_rate,,,,,24w,,,,,,1,responder,PASI,,,percent_improvement_from_baseline,>=,90,percent,,,,Percentage of Participants With a PASI90 Response at Week 24
NCT03412747,Bimekizumab,BE SURE,secondary,2,responder_rate,IGA,,,baseline,24w,,,,,,0,,,,,,,,,,,,Percentage of Participants With an IGA Response (Clear or Almost Clear With at Least 2-category Improvement Relative to Baseline) at Week 24
NCT03412747,Bimekizumab,BE SURE,secondary,3,responder_rate,,,,,4w,,,,,,1,responder,PASI,,,percent_improvement_from_baseline,>=,75,percent,,,,Percentage of Participants With a PASI75 Response at Week 4
NCT03412747,Bimekizumab,BE SURE,secondary,4,responder_rate,,,,,16w,,,,,,1,responder,PASI,,,percent_improvement_from_baseline,>=,100,percent,,,,Percentage of Participants With a PASI100 Response at Week 16
NCT03412747,Bimekizumab,BE SURE,secondary,5,responder_rate,,,,,24w,,,,,,1,responder,PASI,,,percent_improvement_from_baseline,>=,100,percent,,,,Percentage of Participants With a PASI100 Response at Week 24
NCT03412747,Bimekizumab,BE SURE,secondary,6,responder_rate,,,,,56w,,,,,,1,responder,PASI,,,percent_improvement_from_baseline,>=,90,percent,,,,Percentage of Participants With a PASI90 Response at Week 56
NCT03412747,Bimekizumab,BE SURE,secondary,7,responder_rate,IGA,,,baseline,56w,,,,,,0,,,,,,,,,,,,Percentage of Participants With an IGA Response (Clear or Almost Clear With at Least 2-category Improvement Relative to Baseline) at Week 56
NCT03412747,Bimekizumab,BE SURE,secondary,8,count,,,,baseline,24w,,,,,,0,,,,,,,,,,,,Number of Treatment-emergent Adverse Events (TEAEs) Adjusted by Duration of Participant Exposure to Study Treatment From Baseline to Week 24
NCT03412747,Bimekizumab,BE SURE,secondary,9,count,,,,baseline,24w,,,,,,0,,,,,,,,,,,,Number of Serious Adverse Events (SAEs) Adjusted by Duration of Participant Exposure to Study Treatment From Baseline to Week 24
NCT03412747,Bimekizumab,BE SURE,secondary,10,count,,,,baseline,24w,,,,,,0,,,,,,,,,,,,Number of Treatment-emergent Adverse Events (TEAEs) Leading to Withdrawal Adjusted by Duration of Participant Exposure to Study Treatment From Baseline to Week 24
NCT03412747,Bimekizumab,BE SURE,secondary,11,count,,,,baseline,,72w,,,,,0,,,,,,,,,,,,Number of Treatment-emergent Adverse Events (TEAEs) Adjusted by Duration of Participant Exposure to Study Treatment From Baseline to Safety Follow-Up Visit (up to Week 72)
NCT03412747,Bimekizumab,BE SURE,secondary,12,count,,,,baseline,,72w,,,,,0,,,,,,,,,,,,Number of Serious Adverse Events (SAEs) Adjusted by Duration of Participant Exposure to Study Treatment From Baseline to Safety Follow-Up Visit (up to Week 72)
NCT03412747,Bimekizumab,BE SURE,secondary,13,count,,,,baseline,,72w,,,,,0,,,,,,,,,,,,Number of Treatment-emergent Adverse Events (TEAEs) Leading to Withdrawal Adjusted by Duration of Participant Exposure to Study Treatment From Baseline to Safety Follow-Up Visit (up to Week 72)
NCT03448939,Benzoyl Peroxide,,primary,1,responder_rate,IGA,,,baseline,12w,,,,double_blind,,1,responder,IGA,,,absolute_score,<=,1,score,0,4,"[""week_12""]",Percentage of Participants Achieving an IGA Score of Clear or Almost Clear From Baseline at Week 12
NCT03448939,Benzoyl Peroxide,,primary,1,responder_rate,IGA,,,baseline,12w,,,,double_blind,,2,responder,IGA,,,point_improvement_from_baseline,>=,2,points,0,4,"[""week_12""]",Percentage of Participants Achieving an IGA Score of Clear or Almost Clear From Baseline at Week 12
NCT03448939,Benzoyl Peroxide,,primary,2,change_from_baseline,Inflammatory Lesion Count,,,baseline,12w,,,,double_blind,,0,,,,,,,,,,,,Change From Baseline in Inflammatory Lesion Counts at Week 12
NCT03448939,Benzoyl Peroxide,,secondary,1,percent_change_from_baseline,Inflammatory Lesion Count,,,baseline,12w,,,,double_blind,,0,,,,,,,,,,,,Percent Change From Baseline in Inflammatory Lesion Counts at Week 12
NCT03451851,Guselkumab,PROTOSTAR,primary,1,absolute_value,IGA,,,,16w,,,,,,0,,,,,,,,,,,,Part 1: Percentage of Participants Who Achieved an Investigator's Global Assessment (IGA) Score of Cleared (0) or Minimal (1) at Week 16 (Time frame: At Week 16)
NCT03451851,Guselkumab,PROTOSTAR,primary,2,absolute_value,,,,,16w,,,,,,0,,,,,,,,,,,,Part 1: Percentage of Participants Who Achieved Psoriasis Area and Severity Index (PASI) 75 Response at Week 16 (Time frame: At Week 16)
NCT03451851,Guselkumab,PROTOSTAR,secondary,1,absolute_value,,,,,16w,,,,,,0,,,,,,,,,,,,Part 1: Percentage of Participants Who Achieve PASI 90 Response at Week 16
NCT03451851,Guselkumab,PROTOSTAR,secondary,2,absolute_value,IGA,,,,16w,,,,,,0,,,,,,,,,,,,Part 1: Percentage of Participants Who Achieved an IGA Score of Cleared (0) at Week 16
NCT03451851,Guselkumab,PROTOSTAR,secondary,3,absolute_value,,,,,16w,,,,,,0,,,,,,,,,,,,Part 1: Percentage of Participants Who Achieved PASI 100 Response at Week 16
NCT03451851,Guselkumab,PROTOSTAR,secondary,4,absolute_value,CDLQI,,,baseline,16w,,,,,,0,,,,,,,,,,,,Part 1: Change From Baseline in Children's Dermatology Life Quality Index (CDLQI) Score at Week 16
NCT03451851,Guselkumab,PROTOSTAR,secondary,5,other,,,,,,,,,,,0,,,,,,,,,,,,Part 1: Percentage of Retreated Participants Who Achieved a PASI 90 Response Over Time After Retreatment
NCT03451851,Guselkumab,PROTOSTAR,secondary,6,other,,,,,,,,,,,0,,,,,,,,,,,,"Part 1: Percentage of Retreated Participants Who Achieved PASI Responses (PASI 50, 75, 90, and 100) Over Time After Retreatment"
NCT03451851,Guselkumab,PROTOSTAR,secondary,7,other,IGA,,,,,,,,,,0,,,,,,,,,,,,"Part 1: Percentage of Retreated Participants Who Achieved IGA Responses (IGA of Cleared [0], Minimal [1], or Mild [2], IGA of Cleared [0] or Minimal [1], and IGA of Cleared [0]) Over Time After Retreatment"
NCT03451851,Guselkumab,PROTOSTAR,secondary,8,absolute_value,,,,,16w;16w,52w,,,,,0,,,,,,,,,,,,Part 1: Cumulative Rate of Loss of at Least 50% of Week 16 PASI Improvement Through Week 52 Among Guselkumab PASI 90 Responders at Week 16
NCT03451851,Guselkumab,PROTOSTAR,secondary,9,absolute_value,,,,,16w,52w,,,,,0,,,,,,,,,,,,Part 1: Cumulative Maintenance Rate of PASI 90 Response Through Week 52 Among Guselkumab PASI 90 Responders at Week 16
NCT03451851,Guselkumab,PROTOSTAR,secondary,10,absolute_value,,,,,16w,,,,,,0,,,,,,,,,,,,Part 1: Percentage of Participants Who Achieved a PASI 50 Response at Week 16
NCT03451851,Guselkumab,PROTOSTAR,secondary,11,other,,,,baseline,,16w,,,,,0,,,,,,,,,,,,Part 1: Percent Improvement From Baseline in PASI Through Week 16
NCT03451851,Guselkumab,PROTOSTAR,secondary,12,other,,,,baseline,,52w,,,,,0,,,,,,,,,,,,Part 2: Percent Improvement From Baseline in PASI Through Week 52
NCT03451851,Guselkumab,PROTOSTAR,secondary,13,other,,,,,,16w,,,,,0,,,,,,,,,,,,"Part 1: Percentage of Participants With PASI Responses (PASI 50, 75, 90, and 100) Through Week 16"
NCT03451851,Guselkumab,PROTOSTAR,secondary,14,other,,,,,,52w,,,,,0,,,,,,,,,,,,"Part 2: Percentage of Participants With PASI Responses (PASI 50, 75, 90, and 100) Through Week 52"
NCT03451851,Guselkumab,PROTOSTAR,secondary,15,other,IGA,,,,,16w,,,,,0,,,,,,,,,,,,"Part 1: Percentage of Participants With IGA of Cleared (0), Cleared (0) or Minimal (1), Mild or Better (<=2) Through Week 16"
NCT03451851,Guselkumab,PROTOSTAR,secondary,16,other,IGA,,,,,52w,,,,,0,,,,,,,,,,,,"Part 2: Percentage of Participants With IGA of Cleared (0), Cleared (0) or Minimal (1), Mild or Better (<=2) Through Week 52"
NCT03451851,Guselkumab,PROTOSTAR,secondary,17,other,CDLQI,,,baseline,,52w,,,,,0,,,,,,,,,,,,Part 2: Change From Baseline in CDLQI Score Through Week 52
NCT03451851,Guselkumab,PROTOSTAR,secondary,18,absolute_value,CDLQI,,,baseline,16w,,,,,,0,,,,,,,,,,,,Part 1: Percentage of Participants With CDLQI Score Equal to 0 or 1 at Week 16 Among Participants With a Baseline CDLQI Score Greater Than (>) 1
NCT03451851,Guselkumab,PROTOSTAR,secondary,19,other,CDLQI,,,baseline,,52w,,,,,0,,,,,,,,,,,,Part 2: Percentage of Participants With CDLQI Score Equal to of 0 or 1 Through Week 52 Among Participants With a Baseline CDLQI Score > 1
NCT03451851,Guselkumab,PROTOSTAR,secondary,20,absolute_value,DLQI,,,baseline,16w,,,,,,0,,,,,,,,,,,,Part 1: Percentage of Participants With Family Dermatology Life Quality Index (FDLQI) of 0 or 1 at Week 16 Among Participants With a Baseline FDLQI >1
NCT03451851,Guselkumab,PROTOSTAR,secondary,21,other,DLQI,,,baseline,,52w,,,,,0,,,,,,,,,,,,Part 2: Percentage of Participants With Family Dermatology Life Quality Index (FDLQI) of 0 or 1 Through Week 52 Among Participants With a Baseline FDLQI >1
NCT03451851,Guselkumab,PROTOSTAR,secondary,22,absolute_value,,,,baseline,16w,,,,,,0,,,,,,,,,,,,Part 1: Change From Baseline in FDLQI Score at Week 16
NCT03451851,Guselkumab,PROTOSTAR,secondary,23,other,,,,baseline,,52w,,,,,0,,,,,,,,,,,,Part 2: Change From Baseline in FDLQI Score Through Week 52
NCT03451851,Guselkumab,PROTOSTAR,secondary,24,absolute_value,BSA,,,baseline,16w,,,,,,0,,,,,,,,,,,,Part 1: Change From Baseline in Body Surface Area (BSA) With Psoriasis Skin Involvement at Week 16
NCT03451851,Guselkumab,PROTOSTAR,secondary,25,other,BSA,,,baseline,,52w,,,,,0,,,,,,,,,,,,Parts 2: Change From Baseline in BSA With Psoriasis Skin Involvement Over Time Through Week 52
NCT03451851,Guselkumab,PROTOSTAR,secondary,26,other,,,,,,,,,,,0,,,,,,,,,,,,"LTE Phase: Percentage of Participants Who Achieved PASI Responses (PASI 50, 75, 90, and 100) Over Time"
NCT03451851,Guselkumab,PROTOSTAR,secondary,27,other,IGA,,,,,,,,,,0,,,,,,,,,,,,"LTE Phase: Percentage of Participants Who Achieved IGA Score of (Cleared [0], Cleared [0] or Minimal [1], Mild or Better [<=2] Over Time"
NCT03451851,Guselkumab,PROTOSTAR,secondary,28,other,,,,baseline,,,,,,,0,,,,,,,,,,,,LTE Phase: Percent Improvement From Baseline in PASI Over Time
NCT03451851,Guselkumab,PROTOSTAR,secondary,29,other,BSA,,,baseline,,,,,,,0,,,,,,,,,,,,LTE Phase: Change From Baseline in BSA With Psoriasis Skin Involvement Over Time
NCT03451851,Guselkumab,PROTOSTAR,secondary,30,loss_of_response,,,,,60w;84w;16w;52w,,,,,,0,,,,,,,,,,,,"LTE Phase: Percentage of Participants Who Achieved PASI Responses (PASI 50, 75, 90,and 100) at Weeks 60 and 84 After Retreatment Among Guselkumab Participants Who Were Withdrawn From Guselkumab at Week 16 and Retreated Upon Loss of Response or at Week 52"
NCT03451851,Guselkumab,PROTOSTAR,secondary,31,absolute_value,IGA,,,,60w;84w,,,,,,0,,,,,,,,,,,,"LTE Phase: Percentage of Participants Who Achieved IGA Score of (Cleared [0], Cleared [0] or Minimal [1], Mild or Better [<=2] at Weeks 60 and 84 After Retreatment"
NCT03451851,Guselkumab,PROTOSTAR,secondary,32,loss_of_response,,,,,60w;84w;16w;52w,,,,,,0,,,,,,,,,,,,"LTE Phase: Percent Improvement in PASI Responses (PASI 50, 75, 90, and 100) at Weeks 60 and 84 After Retreatment Among Guselkumab Subjects Who Were Withdrawn From Guselkumab at Week 16 and Subsequently Retreated Upon Loss of Response or at Week 52"
NCT03451851,Guselkumab,PROTOSTAR,secondary,33,loss_of_response,BSA,,,baseline,60w;84w;16w;52w,,,,,,0,,,,,,,,,,,,LTE Phase: Change From Baseline in BSA at Weeks 60 and 84 After Retreatment Among Guselkumab Subjects Who Were Withdrawn From Guselkumab at Week 16 and Subsequently Retreated Upon Loss of Response or at Week 52
NCT03526861,Tralokinumab,,primary,1,responder_rate,IGA,,,,16w,,,,,,1,responder,IGA,,,absolute_score,in,"[0, 1]",score,,,,Subjects With Investigator's Global Assessment (IGA) Score of 0 (Clear) or 1 (Almost Clear) at Week 16 (Time frame: At Week 16)
NCT03526861,Tralokinumab,,primary,2,responder_rate,EASI,,,,16w,,,,,,1,responder,EASI,,,percent_improvement_from_baseline,>=,75,percent,,,,Subjects With at Least 75% Reduction in Eczema Area and Severity Index (EASI75) at Week 16 (Time frame: At Week 16)
NCT03526861,Tralokinumab,,secondary,1,responder_rate,Pruritus NRS,,worst_daily_weekly_average,baseline,16w,,,,,,1,responder,Pruritus NRS,,worst_daily_weekly_average,point_reduction_from_baseline,>=,4,points,,,,Subjects With Reduction of Adolescent Worst Pruritus Numeric Rating Scale (NRS) (Weekly Average) of at Least 4 From Baseline to Week 16
NCT03526861,Tralokinumab,,secondary,2,change_from_baseline,SCORAD,,,baseline,16w,,,,,,0,,,,,,,,,,,,Change in Scoring Atopic Dermatitis (SCORAD) From Baseline to Week 16
NCT03526861,Tralokinumab,,secondary,3,change_from_baseline,CDLQI,,,baseline,16w,,,,,,0,,,,,,,,,,,,Change in Children's Dermatology Life Quality Index (CDLQI) Score From Baseline to Week 16
NCT03526861,Tralokinumab,,secondary,4,count,,,,,,,,,,,0,,,,,,,,,,,,Number of Adverse Events
NCT03526861,Tralokinumab,,secondary,5,immunogenicity,,,,,,,,,,anti_drug_antibodies,0,,,,,,,,,,,,Presence of Anti-drug Antibodies
NCT03526861,Tralokinumab,,secondary,6,responder_rate,EASI,,,,16w,,,,,,1,responder,EASI,,,percent_improvement_from_baseline,>=,50,percent,,,,Subjects With at Least 50% Reduction in Eczema Area and Severity Index (EASI50) at Week 16.
NCT03526861,Tralokinumab,,secondary,7,responder_rate,EASI,,,,16w,,,,,,1,responder,EASI,,,percent_improvement_from_baseline,>=,90,percent,,,,Subjects With at Least 90% Reduction in Eczema Area and Severity Index (EASI90) at Week 16.
NCT03526861,Tralokinumab,,secondary,8,change_from_baseline,EASI,,,baseline,16w,,,,,,0,,,,,,,,,,,,Change in Eczema Area and Severity Index (EASI) Score From Baseline to Week 16
NCT03526861,Tralokinumab,,secondary,9,responder_rate,SCORAD,,,,16w,,,,,,1,responder,SCORAD,,,percent_improvement_from_baseline,>=,75,percent,,,,Subjects With at Least 75% Reduction in Scoring Atopic Dermatitis (SCORAD75) at Week 16
NCT03526861,Tralokinumab,,secondary,10,responder_rate,SCORAD,,,,16w,,,,,,1,responder,SCORAD,,,percent_improvement_from_baseline,>=,50,percent,,,,Subjects With at Least 50% Reduction in Scoring Atopic Dermatitis (SCORAD50) at Week 16
NCT03526861,Tralokinumab,,secondary,11,change_from_baseline,Pruritus NRS,,worst_daily_weekly_average,baseline,16w,,,,,,0,,,,,,,,,,,,Change in Adolescent Worst Pruritus Numeric Rating Scale (NRS) (Weekly Average) From Baseline to Week 16
NCT03526861,Tralokinumab,,secondary,12,responder_rate,Pruritus NRS,,worst_daily_weekly_average,baseline,16w,,,,,,1,responder,Pruritus NRS,,worst_daily_weekly_average,point_reduction_from_baseline,>=,3,points,,,,Participants With Reduction of Adolescent Worst Pruritus Numeric Rating Scale (NRS) (Weekly Average) of at Least 3 From Baseline to Week 16
NCT03526861,Tralokinumab,,secondary,13,change_from_baseline,POEM,,,baseline,16w,,,,,,0,,,,,,,,,,,,Change in Patient Oriented Eczema Measure (POEM) From Baseline to Week 16
NCT03526861,Tralokinumab,,secondary,14,absolute_value,,,,,16w,,,,,,0,,,,,,,,,,,,Tralokinumab Serum Trough Concentration at Week 16
NCT03526861,Tralokinumab,,secondary,15,responder_rate,IGA,,,,52w,,,initially_randomized_to_active,,,1,responder,IGA,,,absolute_score,in,"[0, 1]",score,,,,Subjects With Investigator's Global Assessment (IGA) Score of 0 (Clear) or 1 (Almost Clear) at Week 52 Among Subjects With IGA Score of 0 or 1 at Week 16 After Initial Randomisation to Tralokinumab and Without Use of Rescue From Week 2 to Week 16
NCT03526861,Tralokinumab,,secondary,15,responder_rate,IGA,,,,52w,,,initially_randomized_to_active,,,2,subgroup,IGA,,,absolute_score,in,"[0, 1]",score,,,"[""week_16""]",Subjects With Investigator's Global Assessment (IGA) Score of 0 (Clear) or 1 (Almost Clear) at Week 52 Among Subjects With IGA Score of 0 or 1 at Week 16 After Initial Randomisation to Tralokinumab and Without Use of Rescue From Week 2 to Week 16
NCT03526861,Tralokinumab,,secondary,16,responder_rate,EASI,,,,52w,,,initially_randomized_to_active,,,1,responder,EASI,,,percent_improvement_from_baseline,>=,75,percent,,,,Subjects With at Least 75% Reduction in Eczema Area and Severity Index (EASI75) at Week 52 Among Subjects With at Least 75% Reduction in EASI at Week 16 After Initial Randomisation to Tralokinumab and Without Use of Rescue From Week 2 to Week 16
NCT03526861,Tralokinumab,,secondary,16,responder_rate,EASI,,,,52w,,,initially_randomized_to_active,,,2,subgroup,EASI,,,percent_improvement_from_baseline,>=,75,percent,,,"[""week_16""]",Subjects With at Least 75% Reduction in Eczema Area and Severity Index (EASI75) at Week 52 Among Subjects With at Least 75% Reduction in EASI at Week 16 After Initial Randomisation to Tralokinumab and Without Use of Rescue From Week 2 to Week 16
NCT03526861,Tralokinumab,,secondary,17,absolute_value,,,,,66w,,,,,,0,,,,,,,,,,,,Tralokinumab Serum Trough Concentration at Week 66
NCT03536884,Bimekizumab,BE RADIANT,primary,1,responder_rate,,,,,16w,,,,,,1,responder,PASI,,,percent_improvement_from_baseline,>=,100,percent,,,,Percentage of Participants With a Psoriasis Area and Severity Index 100 (PASI100) Response at Week 16 (Time frame: Week 16)
NCT03536884,Bimekizumab,BE RADIANT,secondary,1,responder_rate,,,,,4w,,,,,,1,responder,PASI,,,percent_improvement_from_baseline,>=,75,percent,,,,Percentage of Participants With a PASI75 Response at Week 4
NCT03536884,Bimekizumab,BE RADIANT,secondary,2,responder_rate,,,,,16w,,,,,,1,responder,PASI,,,percent_improvement_from_baseline,>=,90,percent,,,,Percentage of Participants With a PASI90 Response at Week 16
NCT03536884,Bimekizumab,BE RADIANT,secondary,3,responder_rate,,,,,48w,,,,,,1,responder,PASI,,,percent_improvement_from_baseline,>=,100,percent,,,,Percentage of Participants With a PASI100 Response at Week 48
NCT03536884,Bimekizumab,BE RADIANT,secondary,4,responder_rate,IGA,,,,16w,,,,,,1,responder,IGA,,,absolute_score,in,"[0, 1]",score,,,,Percentage of Participants With a Investigator´s Global Assessment (IGA) Response (0/1) at Week 16
NCT03536884,Bimekizumab,BE RADIANT,secondary,5,count,,,,baseline,,225w,,,,,0,,,,,,,,,,,,Number of Treatment-emergent Adverse Events (TEAEs) Adjusted by Duration of Participant Exposure to Investigational Medicinal Product (IMP) From Baseline up to Week 225
NCT03536884,Bimekizumab,BE RADIANT,secondary,6,count,,,,baseline,,225w,,,,,0,,,,,,,,,,,,Number of Serious Adverse Events (SAEs) Adjusted by Duration of Participant Exposure to IMP From Baseline up to Week 225
NCT03536884,Bimekizumab,BE RADIANT,secondary,7,count,,,,baseline,,225w,,,,,0,,,,,,,,,,,,Number of TEAEs Leading to Withdrawal Adjusted by Duration of Participant Exposure to IMP From Baseline up to Week 225
NCT03564119,Benzoyl Peroxide,,primary,1,responder_rate,IGA,,,baseline,12w,,,,double_blind,,1,responder,IGA,,,absolute_score,<=,1,score,0,4,"[""week_12""]",Percentage of Participants Achieving an IGA Score of Clear or Almost Clear From Baseline at Week 12
NCT03564119,Benzoyl Peroxide,,primary,1,responder_rate,IGA,,,baseline,12w,,,,double_blind,,2,responder,IGA,,,point_improvement_from_baseline,>=,2,points,0,4,"[""week_12""]",Percentage of Participants Achieving an IGA Score of Clear or Almost Clear From Baseline at Week 12
NCT03564119,Benzoyl Peroxide,,primary,2,change_from_baseline,Inflammatory Lesion Count,,,baseline,12w,,,,double_blind,,0,,,,,,,,,,,,Change From Baseline in Inflammatory Lesion Counts at Week 12
NCT03564119,Benzoyl Peroxide,,secondary,1,percent_change_from_baseline,Inflammatory Lesion Count,,,baseline,12w,,,,double_blind,,0,,,,,,,,,,,,Percent Change From Baseline in Inflammatory Lesion Counts at Week 12
NCT03568318,Upadacitinib,AD Up,primary,1,responder_rate,EASI,,,baseline,16w,,main_study,,,,1,responder,EASI,,,percent_improvement_from_baseline,>=,75,percent,,,,Main Study: Percentage of Participants Achieving at Least a 75% Reduction in Eczema Area and Severity Index Score (EASI 75) From Baseline at Week 16 (Time frame: Baseline and Week 16)
NCT03568318,Upadacitinib,AD Up,primary,2,responder_rate,IGA,,,baseline,16w,,main_study,,,,1,responder,IGA,,,absolute_score,in,"[0, 1]",score,,,,Main Study: Percentage of Participants Achieving Validated Investigator Global Assessment for Atopic Dermatitis (vIGA-AD) of 0 or 1 With a Reduction From Baseline of ≥ 2 Points at Week 16 (Time frame: Baseline and Week 16)
NCT03568318,Upadacitinib,AD Up,primary,2,responder_rate,IGA,,,baseline,16w,,main_study,,,,2,responder,IGA,,,point_reduction_from_baseline,>=,2,points,,,,Main Study: Percentage of Participants Achieving Validated Investigator Global Assessment for Atopic Dermatitis (vIGA-AD) of 0 or 1 With a Reduction From Baseline of ≥ 2 Points at Week 16 (Time frame: Baseline and Week 16)
NCT03568318,Upadacitinib,AD Up,secondary,1,responder_rate,Pruritus NRS,,worst_daily,baseline,16w,,main_study,,,,1,responder,Pruritus NRS,,worst_daily,point_reduction_from_baseline,>=,4,points,,,,Main Study: Percentage of Participants Achieving a Reduction of ≥ 4 Points From Baseline in Worst Pruritus Numerical Rating Scale (NRS) at Week 16
NCT03568318,Upadacitinib,AD Up,secondary,2,responder_rate,EASI,,,baseline,16w,,main_study,,,,1,responder,EASI,,,percent_improvement_from_baseline,>=,90,percent,,,,Main Study: Percentage of Participants Achieving a 90% Reduction From Baseline in EASI Score (EASI 90) at Week 16
NCT03568318,Upadacitinib,AD Up,secondary,3,responder_rate,Pruritus NRS,,worst_daily,baseline,4w,,main_study,,,,1,responder,Pruritus NRS,,worst_daily,point_reduction_from_baseline,>=,4,points,,,,Main Study: Percentage of Participants Achieving a Reduction of ≥ 4 Points From Baseline in Worst Pruritus NRS at Week 4
NCT03568318,Upadacitinib,AD Up,secondary,4,responder_rate,EASI,,,,4w,,main_study,,,,1,responder,EASI,,,percent_improvement_from_baseline,>=,75,percent,,,,Main Study: Percentage of Participants Achieving an EASI 75 Response at Week 4
NCT03568318,Upadacitinib,AD Up,secondary,5,responder_rate,EASI,,,,2w,,main_study,,,,1,responder,EASI,,,percent_improvement_from_baseline,>=,75,percent,,,,Main Study: Percentage of Participants Achieving an EASI 75 Response at Week 2
NCT03568318,Upadacitinib,AD Up,secondary,6,responder_rate,EASI,,,,4w,,main_study,,,,1,responder,EASI,,,percent_improvement_from_baseline,>=,90,percent,,,,Main Study: Percentage of Participants Achieving an EASI 90 Response at Week 4
NCT03568318,Upadacitinib,AD Up,secondary,7,responder_rate,EASI,,,baseline,16w,,main_study,,,,1,responder,EASI,,,percent_improvement_from_baseline,>=,100,percent,,,,Main Study: Percentage of Participants Achieving a 100% Reduction From Baseline in EASI Score (EASI 100) at Week 16
NCT03568318,Upadacitinib,AD Up,secondary,8,responder_rate,Pruritus NRS,,worst_daily,baseline,1w,,main_study,,,,1,responder,Pruritus NRS,,worst_daily,point_reduction_from_baseline,>=,4,points,,,,Main Study: Percentage of Participants Achieving a Reduction of ≥ 4 Points From Baseline in Worst Pruritus NRS at Week 1
NCT03568318,Upadacitinib,AD Up,secondary,9,percent_change_from_baseline,Pruritus NRS,,worst_daily,baseline,16w,,main_study,,,,0,,,,,,,,,,,,Main Study: Percent Change From Baseline in Worst Pruritus NRS at Week 16
NCT03568318,Upadacitinib,AD Up,secondary,10,percent_change_from_baseline,EASI,,,baseline,16w,,main_study,,,,0,,,,,,,,,,,,Main Study: Percent Change From Baseline in EASI Score at Week 16
NCT03568318,Upadacitinib,AD Up,secondary,11,responder_rate,EASI,,,,16w,,adolescents,,,,1,responder,EASI,,,percent_improvement_from_baseline,>=,75,percent,,,,Adolescents: Percentage of Participants Achieving an EASI 75 Response at Week 16
NCT03568318,Upadacitinib,AD Up,secondary,12,responder_rate,vIGA-AD,,,baseline,16w,,adolescents,,,,1,responder,vIGA-AD,,,absolute_score,in,"[0, 1]",score,,,,Adolescents: Percentage of Participants Achieving a vIGA-AD of 0 or 1 With a Reduction From Baseline of ≥ 2 Points at Week 16
NCT03568318,Upadacitinib,AD Up,secondary,12,responder_rate,vIGA-AD,,,baseline,16w,,adolescents,,,,2,responder,vIGA-AD,,,point_reduction_from_baseline,>=,2,points,,,,Adolescents: Percentage of Participants Achieving a vIGA-AD of 0 or 1 With a Reduction From Baseline of ≥ 2 Points at Week 16
NCT03568318,Upadacitinib,AD Up,secondary,13,responder_rate,Pruritus NRS,,worst_daily,baseline,16w,,adolescents,,,,1,responder,Pruritus NRS,,worst_daily,point_reduction_from_baseline,>=,4,points,,,,Adolescents: Percentage of Participants Achieving a Reduction of ≥ 4 Points From Baseline in Worst Pruritus NRS at Week 16
NCT03568318,Upadacitinib,AD Up,secondary,14,responder_rate,EASI,,,,16w,,adolescents,,,,1,responder,EASI,,,percent_improvement_from_baseline,>=,90,percent,,,,Adolescents: Percentage of Participants Achieving an EASI 90 Response at Week 16
NCT03568318,Upadacitinib,AD Up,secondary,15,responder_rate,Pruritus NRS,,worst_daily,baseline,4w,,adolescents,,,,1,responder,Pruritus NRS,,worst_daily,point_reduction_from_baseline,>=,4,points,,,,Adolescents: Percentage of Participants Achieving a Reduction of ≥ 4 Points From Baseline in Worst Pruritus NRS at Week 4
NCT03568318,Upadacitinib,AD Up,secondary,16,responder_rate,EASI,,,,4w,,adolescents,,,,1,responder,EASI,,,percent_improvement_from_baseline,>=,75,percent,,,,Adolescents: Percentage of Participants Achieving an EASI 75 Response at Week 4
NCT03568318,Upadacitinib,AD Up,secondary,17,responder_rate,EASI,,,,2w,,adolescents,,,,1,responder,EASI,,,percent_improvement_from_baseline,>=,75,percent,,,,Adolescents: Percentage of Participants Achieving an EASI 75 Response at Week 2
NCT03568318,Upadacitinib,AD Up,secondary,18,responder_rate,EASI,,,,4w,,adolescents,,,,1,responder,EASI,,,percent_improvement_from_baseline,>=,90,percent,,,,Adolescents: Percentage of Participants Achieving an EASI 90 Response at Week 4
NCT03568318,Upadacitinib,AD Up,secondary,19,responder_rate,EASI,,,,16w,,adolescents,,,,1,responder,EASI,,,percent_improvement_from_baseline,>=,100,percent,,,,Adolescents: Percentage of Participants Achieving an EASI 100 Response at Week 16
NCT03568318,Upadacitinib,AD Up,secondary,20,responder_rate,Pruritus NRS,,worst_daily,baseline,1w,,adolescents,,,,1,responder,Pruritus NRS,,worst_daily,point_reduction_from_baseline,>=,4,points,,,,Adolescents: Percentage of Participants Achieving a Reduction of ≥ 4 Points From Baseline in Worst Pruritus NRS at Week 1
NCT03568318,Upadacitinib,AD Up,secondary,21,percent_change_from_baseline,Pruritus NRS,,worst_daily,baseline,16w,,adolescents,,,,0,,,,,,,,,,,,Adolescents: Percent Change From Baseline in Worst Pruritus NRS at Week 16
NCT03568318,Upadacitinib,AD Up,secondary,22,percent_change_from_baseline,EASI,,,baseline,16w,,adolescents,,,,0,,,,,,,,,,,,Adolescents: Percent Change From Baseline in EASI Score at Week 16
NCT03569293,Upadacitinib,Measure Up 1,primary,1,responder_rate,EASI,,,baseline,16w,,main_study,,,,1,responder,EASI,,,percent_improvement_from_baseline,>=,75,percent,,,,Main Study: Percentage of Participants Achieving at Least a 75% Reduction in Eczema Area and Severity Index Score (EASI 75) From Baseline at Week 16 (Time frame: Baseline and Week 16)
NCT03569293,Upadacitinib,Measure Up 1,primary,2,responder_rate,IGA,,,baseline,16w,,main_study,,,,1,responder,IGA,,,absolute_score,in,"[0, 1]",score,,,,Main Study: Percentage of Participants Achieving Validated Investigator Global Assessment for Atopic Dermatitis (vIGA-AD) of 0 or 1 With a Reduction From Baseline of ≥ 2 Points at Week 16 (Time frame: Baseline and Week 16)
NCT03569293,Upadacitinib,Measure Up 1,primary,2,responder_rate,IGA,,,baseline,16w,,main_study,,,,2,responder,IGA,,,point_reduction_from_baseline,>=,2,points,,,,Main Study: Percentage of Participants Achieving Validated Investigator Global Assessment for Atopic Dermatitis (vIGA-AD) of 0 or 1 With a Reduction From Baseline of ≥ 2 Points at Week 16 (Time frame: Baseline and Week 16)
NCT03569293,Upadacitinib,Measure Up 1,secondary,1,responder_rate,Pruritus NRS,,worst_daily,baseline,16w,,main_study,,,,1,responder,Pruritus NRS,,worst_daily,point_reduction_from_baseline,>=,4,points,,,,Main Study: Percentage of Participants Achieving a Reduction of ≥ 4 Points From Baseline in Worst Pruritus Numerical Rating Scale (NRS) at Week 16
NCT03569293,Upadacitinib,Measure Up 1,secondary,2,responder_rate,EASI,,,baseline,16w,,main_study,,,,1,responder,EASI,,,percent_improvement_from_baseline,>=,90,percent,,,,Main Study: Percentage of Participants Achieving a 90% Reduction From Baseline in EASI Score (EASI 90) at Week 16
NCT03569293,Upadacitinib,Measure Up 1,secondary,3,responder_rate,Pruritus NRS,,worst_daily,baseline,4w,,main_study,,,,1,responder,Pruritus NRS,,worst_daily,point_reduction_from_baseline,>=,4,points,,,,Main Study: Percentage of Participants Achieving a Reduction of ≥ 4 Points From Baseline in Worst Pruritus NRS at Week 4
NCT03569293,Upadacitinib,Measure Up 1,secondary,4,responder_rate,EASI,,,,2w,,main_study,,,,1,responder,EASI,,,percent_improvement_from_baseline,>=,75,percent,,,,Main Study: Percentage of Participants Achieving an EASI 75 Response at Week 2
NCT03569293,Upadacitinib,Measure Up 1,secondary,5,responder_rate,Pruritus NRS,,worst_daily,baseline,1w,,main_study,,,,1,responder,Pruritus NRS,,worst_daily,point_reduction_from_baseline,>=,4,points,,,,Main Study: Percentage of Participants Achieving a Reduction of ≥ 4 Points From Baseline in Worst Pruritus NRS at Week 1
NCT03569293,Upadacitinib,Measure Up 1,secondary,6,responder_rate,Pruritus NRS,,worst_daily,baseline,2d,,main_study,,,,1,responder,Pruritus NRS,,worst_daily,point_reduction_from_baseline,>=,4,points,,,,Main Study: Percentage of Participants Achieving a Reduction of ≥ 4 Points From Baseline in Worst Pruritus NRS at Day 2
NCT03569293,Upadacitinib,Measure Up 1,secondary,7,responder_rate,Pruritus NRS,,worst_daily,baseline,3d,,main_study,,,,1,responder,Pruritus NRS,,worst_daily,point_reduction_from_baseline,>=,4,points,,,,Main Study: Percentage of Participants Achieving a Reduction of ≥ 4 Points From Baseline in Worst Pruritus NRS at Day 3
NCT03569293,Upadacitinib,Measure Up 1,secondary,8,flare_incidence,,,,,,,main_study,,double_blind,flare,0,,,,,,,,,,,,Main Study: Percentage of Participants Experiencing a Flare During the Double-blind Treatment Period
NCT03569293,Upadacitinib,Measure Up 1,secondary,9,responder_rate,ADerm-IS,Sleep domain,,baseline,16w,,main_study,,,,1,responder,ADerm-IS,Sleep domain,,point_reduction_from_baseline,>=,12,points,,,,Main Study: Percentage of Participants Achieving a Reduction of ≥ 12 Points From Baseline in Atopic Dermatitis Impact Scale (ADerm-IS) Sleep Domain Score at Week 16
NCT03569293,Upadacitinib,Measure Up 1,secondary,10,responder_rate,ADerm-SS,Skin Pain,,baseline,16w,,main_study,,,,1,responder,ADerm-SS,Skin Pain,,point_reduction_from_baseline,>=,4,points,,,,Main Study: Percentage of Participants Achieving a Reduction of ≥ 4 Points From Baseline in Atopic Dermatitis Symptom Scale (ADerm-SS) Skin Pain Score at Week 16
NCT03569293,Upadacitinib,Measure Up 1,secondary,11,responder_rate,ADerm-SS,TSS-7,,baseline,16w,,main_study,,,,1,responder,ADerm-SS,TSS-7,,point_reduction_from_baseline,>=,28,points,,,,Main Study: Percentage of Participants Achieving a Reduction of ≥ 28 Points From Baseline in ADerm-SS 7-Item Total Symptom Score (TSS-7) at Week 16
NCT03569293,Upadacitinib,Measure Up 1,secondary,12,responder_rate,ADerm-IS,Emotional State domain,,baseline,16w,,main_study,,,,1,responder,ADerm-IS,Emotional State domain,,point_reduction_from_baseline,>=,11,points,,,,Main Study: Percentage of Participants Achieving a Reduction of ≥ 11 Points From Baseline in ADerm-IS Emotional State Domain Score at Week 16
NCT03569293,Upadacitinib,Measure Up 1,secondary,13,responder_rate,ADerm-IS,Daily Activities domain,,baseline,16w,,main_study,,,,1,responder,ADerm-IS,Daily Activities domain,,point_reduction_from_baseline,>=,14,points,,,,Main Study: Percentage of Participants Achieving a Reduction of ≥ 14 Points From Baseline in in ADerm-IS Daily Activities Domain Score at Week 16
NCT03569293,Upadacitinib,Measure Up 1,secondary,14,responder_rate,EASI,,,baseline,16w,,main_study,,,,1,responder,EASI,,,percent_improvement_from_baseline,>=,100,percent,,,,Main Study: Percentage of Participants Achieving a 100% Reduction From Baseline in EASI Score (EASI 100) at Week 16
NCT03569293,Upadacitinib,Measure Up 1,secondary,15,percent_change_from_baseline,Pruritus NRS,,worst_daily,baseline,16w,,main_study,,,,0,,,,,,,,,,,,Main Study: Percent Change From Baseline in Worst Pruritus NRS at Week 16
NCT03569293,Upadacitinib,Measure Up 1,secondary,16,percent_change_from_baseline,EASI,,,baseline,16w,,main_study,,,,0,,,,,,,,,,,,Main Study: Percent Change From Baseline in EASI Score at Week 16
NCT03569293,Upadacitinib,Measure Up 1,secondary,17,responder_rate,POEM,Total,,baseline,16w,,main_study,,,,1,responder,POEM,Total,,point_reduction_from_baseline,>=,4,points,,,,Main Study: Percentage of Participants Achieving a Reduction of ≥ 4 Points From Baseline in Patient Oriented Eczema Measure (POEM) Total Score at Week 16
NCT03569293,Upadacitinib,Measure Up 1,secondary,18,responder_rate,DLQI,,,baseline,16w,,main_study,,,,1,responder,DLQI,,,point_reduction_from_baseline,>=,4,points,,,,Main Study: Percentage of Participants Achieving a Reduction of ≥ 4 Points From Baseline in Dermatology Life Quality Index (DLQI) at Week 16
NCT03569293,Upadacitinib,Measure Up 1,secondary,19,percent_change_from_baseline,SCORAD,,,baseline,16w,,main_study,,,,0,,,,,,,,,,,,Main Study: Percent Change From Baseline in Scoring Atopic Dermatitis (SCORAD) Score at Week 16
NCT03569293,Upadacitinib,Measure Up 1,secondary,20,responder_rate,HADS,Anxiety,,,16w,,main_study,,,,1,responder,HADS,Anxiety,,absolute_score,<,8,score,,,,Main Study: Percentage of Participants Achieving a Hospital Anxiety and Depression Scale-Anxiety (HADS-A) Score and Hospital Anxiety and Depression Scale-Depression (HADS-D) Score of < 8 at Week 16
NCT03569293,Upadacitinib,Measure Up 1,secondary,20,responder_rate,HADS,Anxiety,,,16w,,main_study,,,,2,responder,HADS,Depression,,absolute_score,<,8,score,,,,Main Study: Percentage of Participants Achieving a Hospital Anxiety and Depression Scale-Anxiety (HADS-A) Score and Hospital Anxiety and Depression Scale-Depression (HADS-D) Score of < 8 at Week 16
NCT03569293,Upadacitinib,Measure Up 1,secondary,21,responder_rate,DLQI,,,,16w,,main_study,,,,1,responder,DLQI,,,absolute_score,in,"[0, 1]",score,,,,Main Study: Percentage of Participants Achieving a DLQI Score of 0 or 1 at Week 16
NCT03569293,Upadacitinib,Measure Up 1,secondary,22,responder_rate,EASI,,,,16w,,adolescents,,,,1,responder,EASI,,,percent_improvement_from_baseline,>=,75,percent,,,,Adolescents: Percentage of Participants Achieving an EASI 75 Response at Week 16
NCT03569293,Upadacitinib,Measure Up 1,secondary,23,responder_rate,vIGA-AD,,,baseline,16w,,adolescents,,,,1,responder,vIGA-AD,,,absolute_score,in,"[0, 1]",score,,,,Adolescents: Percentage of Participants Achieving a vIGA-AD of 0 or 1 With a Reduction From Baseline of ≥ 2 Points at Week 16
NCT03569293,Upadacitinib,Measure Up 1,secondary,23,responder_rate,vIGA-AD,,,baseline,16w,,adolescents,,,,2,responder,vIGA-AD,,,point_reduction_from_baseline,>=,2,points,,,,Adolescents: Percentage of Participants Achieving a vIGA-AD of 0 or 1 With a Reduction From Baseline of ≥ 2 Points at Week 16
NCT03569293,Upadacitinib,Measure Up 1,secondary,24,responder_rate,Pruritus NRS,,worst_daily,baseline,16w,,adolescents,,,,1,responder,Pruritus NRS,,worst_daily,point_reduction_from_baseline,>=,4,points,,,,Adolescents: Percentage of Participants Achieving a Reduction of ≥ 4 Points From Baseline in Worst Pruritus NRS at Week 16
NCT03569293,Upadacitinib,Measure Up 1,secondary,25,responder_rate,EASI,,,,16w,,adolescents,,,,1,responder,EASI,,,percent_improvement_from_baseline,>=,90,percent,,,,Adolescents: Percentage of Participants Achieving an EASI 90 Response at Week 16
NCT03569293,Upadacitinib,Measure Up 1,secondary,26,responder_rate,Pruritus NRS,,worst_daily,baseline,4w,,adolescents,,,,1,responder,Pruritus NRS,,worst_daily,point_reduction_from_baseline,>=,4,points,,,,Adolescents: Percentage of Participants Achieving a Reduction of ≥ 4 Points From Baseline in Worst Pruritus NRS at Week 4
NCT03569293,Upadacitinib,Measure Up 1,secondary,27,responder_rate,EASI,,,,2w,,adolescents,,,,1,responder,EASI,,,percent_improvement_from_baseline,>=,75,percent,,,,Adolescents: Percentage of Participants Achieving an EASI 75 Response at Week 2
NCT03569293,Upadacitinib,Measure Up 1,secondary,28,responder_rate,Pruritus NRS,,worst_daily,baseline,1w,,adolescents,,,,1,responder,Pruritus NRS,,worst_daily,point_reduction_from_baseline,>=,4,points,,,,Adolescents: Percentage of Participants Achieving a Reduction of ≥ 4 Points From Baseline in Worst Pruritus NRS at Week 1
NCT03569293,Upadacitinib,Measure Up 1,secondary,29,responder_rate,Pruritus NRS,,worst_daily,baseline,2d,,adolescents,,,,1,responder,Pruritus NRS,,worst_daily,point_reduction_from_baseline,>=,4,points,,,,Adolescents: Percentage of Participants Achieving a Reduction of ≥ 4 Points From Baseline in Worst Pruritus NRS at Day 2
NCT03569293,Upadacitinib,Measure Up 1,secondary,30,responder_rate,Pruritus NRS,,worst_daily,baseline,3d,,adolescents,,,,1,responder,Pruritus NRS,,worst_daily,point_reduction_from_baseline,>=,4,points,,,,Adolescents: Percentage of Participants Achieving a Reduction of ≥ 4 Points From Baseline in Worst Pruritus NRS at Day 3
NCT03569293,Upadacitinib,Measure Up 1,secondary,31,flare_incidence,,,,,,,adolescents,,double_blind,flare,0,,,,,,,,,,,,Adolescents: Percentage of Participants Experiencing a Flare During the Double-blind Treatment Period
NCT03569293,Upadacitinib,Measure Up 1,secondary,32,responder_rate,ADerm-IS,Sleep domain,,baseline,16w,,adolescents,,,,1,responder,ADerm-IS,Sleep domain,,point_reduction_from_baseline,>=,12,points,,,,Adolescents: Percentage of Participants Achieving a Reduction of ≥ 12 Points From Baseline in ADerm-IS Sleep Domain Score at Week 16
NCT03569293,Upadacitinib,Measure Up 1,secondary,33,responder_rate,ADerm-SS,Skin Pain,,baseline,16w,,adolescents,,,,1,responder,ADerm-SS,Skin Pain,,point_reduction_from_baseline,>=,4,points,,,,Adolescents: Percentage of Participants Achieving a Reduction of ≥ 4 Points From Baseline in ADerm-SS Skin Pain Score at Week 16
NCT03569293,Upadacitinib,Measure Up 1,secondary,34,responder_rate,ADerm-SS,TSS-7,,baseline,16w,,adolescents,,,,1,responder,ADerm-SS,TSS-7,,point_reduction_from_baseline,>=,28,points,,,,Adolescents: Percentage of Participants Achieving a Reduction of ≥ 28 Points From Baseline in ADerm-SS TSS-7 at Week 16
NCT03569293,Upadacitinib,Measure Up 1,secondary,35,responder_rate,ADerm-IS,Emotional State domain,,baseline,16w,,adolescents,,,,1,responder,ADerm-IS,Emotional State domain,,point_reduction_from_baseline,>=,11,points,,,,Adolescents: Percentage of Participants Achieving a Reduction of ≥ 11 Points From Baseline in ADerm-IS Emotional State Domain Score at Week 16
NCT03569293,Upadacitinib,Measure Up 1,secondary,36,responder_rate,ADerm-IS,Daily Activities domain,,baseline,16w,,adolescents,,,,1,responder,ADerm-IS,Daily Activities domain,,point_reduction_from_baseline,>=,14,points,,,,Adolescents: Percentage of Participants Achieving a Reduction of ≥ 14 Points From Baseline in ADerm-IS Daily Activities Domain Score at Week 16
NCT03569293,Upadacitinib,Measure Up 1,secondary,37,responder_rate,EASI,,,,16w,,adolescents,,,,1,responder,EASI,,,percent_improvement_from_baseline,>=,100,percent,,,,Adolescents: Percentage of Participants Achieving an EASI 100 Response at Week 16
NCT03569293,Upadacitinib,Measure Up 1,secondary,38,percent_change_from_baseline,Pruritus NRS,,worst_daily,baseline,16w,,adolescents,,,,0,,,,,,,,,,,,Adolescents: Percent Change From Baseline in Worst Pruritus NRS at Week 16
NCT03569293,Upadacitinib,Measure Up 1,secondary,39,percent_change_from_baseline,EASI,,,baseline,16w,,adolescents,,,,0,,,,,,,,,,,,Adolescents: Percent Change From Baseline in EASI Score at Week 16
NCT03569293,Upadacitinib,Measure Up 1,secondary,40,responder_rate,POEM,Total,,baseline,16w,,adolescents,,,,1,responder,POEM,Total,,point_reduction_from_baseline,>=,4,points,,,,Adolescents: Percentage of Participants Achieving a Reduction of ≥ 4 Points From Baseline in POEM Total Score at Week 16
NCT03569293,Upadacitinib,Measure Up 1,secondary,41,responder_rate,DLQI,,,baseline,16w,,adolescents,,,,1,responder,DLQI,,,point_reduction_from_baseline,>=,4,points,,,,Adolescents: Percentage of Participants Achieving a Reduction of ≥ 4 Points From Baseline in DLQI Score at Week 16
NCT03569293,Upadacitinib,Measure Up 1,secondary,42,percent_change_from_baseline,SCORAD,,,baseline,16w,,adolescents,,,,0,,,,,,,,,,,,Adolescents: Percent Change From Baseline in SCORAD Score at Week 16
NCT03569293,Upadacitinib,Measure Up 1,secondary,43,responder_rate,HADS,Anxiety,,,16w,,adolescents,,,,1,responder,HADS,Anxiety,,absolute_score,<,8,score,,,,Adolescents: Percentage of Participants Achieving HADS-A Score and HADS-D Score of < 8 at Week 16
NCT03569293,Upadacitinib,Measure Up 1,secondary,43,responder_rate,HADS,Anxiety,,,16w,,adolescents,,,,2,responder,HADS,Depression,,absolute_score,<,8,score,,,,Adolescents: Percentage of Participants Achieving HADS-A Score and HADS-D Score of < 8 at Week 16
NCT03569293,Upadacitinib,Measure Up 1,secondary,44,responder_rate,DLQI,,,,16w,,adolescents,,,,1,responder,DLQI,,,absolute_score,in,"[0, 1]",score,,,,Adolescents: Percentage of Participants Achieving a DLQI Score of 0 or 1 at Week 16
NCT03570749,Baricitinib,BRAVE-AA1,primary,1,responder_rate,,,,,36w,,,,,,0,,,,,,,,,,,,Percentage of Participants Achieving Severity of Alopecia Tool (SALT) ≤ 20 - Phase 3 (Time frame: Week 36)
NCT03570749,Baricitinib,BRAVE-AA1,primary,2,percent_change_from_baseline,,,,baseline,52w,,,,,,0,,,,,,,,,,,,"Percent Change From Baseline in SALT Score - Phase 3 Open-Label Addendum (Time frame: Baseline, Week 52)"
NCT03570749,Baricitinib,BRAVE-AA1,secondary,1,percent_change_from_baseline,,,,baseline,,,,,,,0,,,,,,,,,,,,Percent Change From Baseline in SALT Score - Phase 3
NCT03570749,Baricitinib,BRAVE-AA1,secondary,2,responder_rate,,,,,,,,,,,0,,,,,,,,,,,,Percentage of Participants Achieving 50% Improvement of SALT (SALT50) - Phase 3
NCT03570749,Baricitinib,BRAVE-AA1,secondary,3,absolute_value,,,,,36w,,,,,,0,,,,,,,,,,,,Time for Participants to Achieve SALT ≤ 20 at Week 36 - Phase 3
NCT03570749,Baricitinib,BRAVE-AA1,secondary,4,responder_rate,,,,baseline,,,,,,,0,,,,,,,,,,,,Percentage of Participants Achieving Clinician Reported Outcome (ClinRO) Measure for Eyebrow (EB) Hair Loss 0 or 1 With ≥ 2-point Improvement From Baseline (Among Participants With ClinRO Measure for EB Hair Loss ≥ 2 at Baseline) - Phase 3
NCT03570749,Baricitinib,BRAVE-AA1,secondary,5,responder_rate,,,,baseline,,,,,,,0,,,,,,,,,,,,Percentage of Participants Achieving ClinRO Measure for Eyelash (EL) Hair Loss 0 or 1 With ≥ 2-point Improvement From Baseline (Among Participants With ClinRO Measure for EL Hair Loss ≥ 2 at Baseline) - Phase 3
NCT03570749,Baricitinib,BRAVE-AA1,secondary,6,responder_rate,,,,baseline,,,,,,,1,subgroup,,,,absolute_score,>=,3,score,,,"[""baseline""]",Percentage of Participants With Patient Reported Outcome (PRO) for Scalp Hair Assessment Score of 0 or 1 With a ≥ 2 Point Improvement From Baseline Among Participants With a Score of ≥ 3 at Baseline - Phase 3
NCT03570749,Baricitinib,BRAVE-AA1,secondary,7,responder_rate,,,,baseline,,,,,,,0,,,,,,,,,,,,Percentage of Participants Achieving PRO Measure for EB 0 or 1 With ≥ 2-point Improvement From Baseline (Among Participants With PRO Measure for EB ≥ 2 at Baseline) - Phase 3
NCT03570749,Baricitinib,BRAVE-AA1,secondary,8,responder_rate,,,,baseline,,,,,,,0,,,,,,,,,,,,Percentage of Participants Achieving PRO Measure for EL 0 or 1 With ≥ 2-point Improvement From Baseline (Among Participants With PRO Measure EL ≥2 at Baseline) - Phase 3
NCT03570749,Baricitinib,BRAVE-AA1,secondary,9,other,HADS,,,baseline,,,,,,,0,,,,,,,,,,,,Mean Change From Baseline in Hospital Anxiety Depression Scale (HADS) Anxiety Score - Phase 3
NCT03570749,Baricitinib,BRAVE-AA1,secondary,10,other,HADS,,,baseline,,,,,,,0,,,,,,,,,,,,Mean Change From Baseline in HADS Depression Score - Phase 3
NCT03570749,Baricitinib,BRAVE-AA1,secondary,11,responder_rate,,,,,,,,,,,0,,,,,,,,,,,,Percentage of Participants Achieving SALT ≤ 20 - Phase 3 Open-Label Addendum
NCT03570749,Baricitinib,BRAVE-AA1,secondary,12,responder_rate,,,,,,,,,,,0,,,,,,,,,,,,Percentage of Participants Achieving 50% Improvement of SALT (SALT50) - Phase 3 Open-Label Addendum
NCT03570749,Baricitinib,BRAVE-AA1,secondary,13,responder_rate,,,,baseline,,,,,,,0,,,,,,,,,,,,Percentage of Participants Achieving ClinRO Measure for Eyebrow (EB) Hair Loss 0 or 1 With ≥ 2-point Improvement From Baseline (Among Participants With ClinRO Measure for EB Hair Loss ≥ 2 at Baseline) - Phase 3 Open-Label Addendum
NCT03570749,Baricitinib,BRAVE-AA1,secondary,14,responder_rate,,,,baseline,,,,,,,0,,,,,,,,,,,,Percentage of Participants Achieving ClinRO Measure for Eyelash (EL) Hair Loss 0 or 1 With ≥ 2-point Improvement From Baseline (Among Participants With ClinRO Measure for EL Hair Loss ≥ 2 at Baseline) - Phase 3 Open-Label Addendum
NCT03570749,Baricitinib,BRAVE-AA1,secondary,15,responder_rate,,,,baseline,,,,,,,1,subgroup,,,,absolute_score,>=,3,score,,,"[""baseline""]",Percentage of Participants With Patient Reported Outcome (PRO) for Scalp Hair Assessment Score of 0 or 1 With a ≥ 2 Point Improvement From Baseline Among Participants With a Score of ≥ 3 at Baseline - Phase 3 Open-Label Addendum
NCT03575871,Abrocitinib,JADE Mono-2,primary,1,responder_rate,IGA,,,baseline,12w,,,,,,1,responder,IGA,,,absolute_score,in,"[0, 1]",score,,,,"Percentage of Participants Achieving Investigator's Global Assessment (IGA) Response of Clear (0) or Almost Clear (1) and Greater Than or Equal to (>=) 2 Points Improvement From Baseline at Week 12 (Time frame: Baseline, Week 12)"
NCT03575871,Abrocitinib,JADE Mono-2,primary,1,responder_rate,IGA,,,baseline,12w,,,,,,2,responder,IGA,,,point_reduction_from_baseline,>=,2,points,,,,"Percentage of Participants Achieving Investigator's Global Assessment (IGA) Response of Clear (0) or Almost Clear (1) and Greater Than or Equal to (>=) 2 Points Improvement From Baseline at Week 12 (Time frame: Baseline, Week 12)"
NCT03575871,Abrocitinib,JADE Mono-2,primary,2,responder_rate,EASI,,,baseline,12w,,,,,,1,responder,EASI,,,absolute_score,>=,75,score,,,,"Percentage of Participants Achieving Eczema Area and Severity Index Response of >=75 Percent (%) Improvement (EASI-75) From Baseline at Week 12 (Time frame: Baseline, Week 12)"
NCT03575871,Abrocitinib,JADE Mono-2,secondary,1,responder_rate,Pruritus NRS,,severity,baseline,2w;4w;8w;12w,,,,,,1,responder,Pruritus NRS,,severity,point_reduction_from_baseline,>=,4,points,,,,"Percentage of Participants Who Achieved at Least 4-Points Improvement From Baseline in the Numerical Rating Scale (NRS) for Severity of Pruritus at Weeks 2, 4, 8 and 12"
NCT03575871,Abrocitinib,JADE Mono-2,secondary,2,change_from_baseline,PSAAD,Total,,baseline,12w,,,,,,0,,,,,,,,,,,,Change From Baseline in Pruritus and Symptoms Assessment for Atopic Dermatitis (PSAAD) Total Score at Week 12
NCT03575871,Abrocitinib,JADE Mono-2,secondary,3,time_to_event,Pruritus NRS,,severity,baseline,,,,,,,1,responder,Pruritus NRS,,severity,point_reduction_from_baseline,>=,4,points,,,,Time to Achieve >=4 Points Improvement From Baseline in Numerical Rating Scale (NRS) for Severity of Pruritus
NCT03575871,Abrocitinib,JADE Mono-2,secondary,4,responder_rate,EASI,,,baseline,2w;4w;8w,,,,,,1,responder,EASI,,,percent_improvement_from_baseline,>=,75,percent,,,,"Percentage of Participants Achieving Eczema Area and Severity Index Response of >=75% Improvement (EASI-75) From Baseline at Weeks 2, 4 and 8"
NCT03575871,Abrocitinib,JADE Mono-2,secondary,5,responder_rate,IGA,,,baseline,2w;4w;8w,,,,,,1,responder,IGA,,,absolute_score,in,"[0, 1]",score,,,,"Percentage of Participants Achieving IGA Response of Clear (0) or Almost Clear (1) and >=2 Points Improvement From Baseline at Weeks 2, 4 and 8"
NCT03575871,Abrocitinib,JADE Mono-2,secondary,5,responder_rate,IGA,,,baseline,2w;4w;8w,,,,,,2,responder,IGA,,,point_reduction_from_baseline,>=,2,points,,,,"Percentage of Participants Achieving IGA Response of Clear (0) or Almost Clear (1) and >=2 Points Improvement From Baseline at Weeks 2, 4 and 8"
NCT03575871,Abrocitinib,JADE Mono-2,secondary,6,responder_rate,IGA,,,,2w;4w;8w;12w,,,,,,1,responder,IGA,,,absolute_score,in,[0],score,,,,"Percentage of Participants Achieving Investigator's Global Assessment (IGA) Response of Clear (0) at Week 2, 4, 8 and 12"
NCT03575871,Abrocitinib,JADE Mono-2,secondary,7,responder_rate,EASI,,,baseline,2w;4w;8w;12w,,,,,,1,responder,EASI,,,percent_improvement_from_baseline,>=,50,percent,,,,"Percentage of Participants Achieving Eczema Area and Severity Index Response of >=50% Improvement (EASI-50) From Baseline at Weeks 2, 4, 8 and 12"
NCT03575871,Abrocitinib,JADE Mono-2,secondary,8,responder_rate,EASI,,,baseline,2w;4w;8w;12w,,,,,,1,responder,EASI,,,percent_improvement_from_baseline,>=,90,percent,,,,"Percentage of Participants Achieving Eczema Area and Severity Index Response of >=90% Improvement (EASI-90) From Baseline at Weeks 2, 4, 8 and 12"
NCT03575871,Abrocitinib,JADE Mono-2,secondary,9,responder_rate,EASI,,,baseline,2w;4w;8w;12w,,,,,,1,responder,EASI,,,percent_improvement_from_baseline,>=,100,percent,,,,"Percentage of Participants Achieving Eczema Area and Severity Index Response of 100% Improvement (EASI-100) From Baseline at Weeks 2, 4, 8 and 12"
NCT03575871,Abrocitinib,JADE Mono-2,secondary,10,percent_change_from_baseline,EASI,Total,,baseline,2w;4w;8w;12w,,,,,,0,,,,,,,,,,,,"Percent Change From Baseline in Eczema Area and Severity Index (EASI) Total Score at Week 2, 4, 8 and 12"
NCT03575871,Abrocitinib,JADE Mono-2,secondary,11,change_from_baseline,BSA,,,baseline,2w;4w;8w;12w,,,,,,0,,,,,,,,,,,,"Change From Baseline in the Percentage Body Surface Area (%BSA) Affected at Week 2, 4, 8, and 12"
NCT03575871,Abrocitinib,JADE Mono-2,secondary,12,responder_rate,BSA,,,,2w;4w;8w;12w,,,,,,1,responder,BSA,,,percent_bsa,<,5,percent,,,,"Percentage of Participants With Percentage Body Surface Area (%BSA) (From EASI) < 5% at Weeks 2, 4, 8 and 12"
NCT03575871,Abrocitinib,JADE Mono-2,secondary,13,responder_rate,SCORAD,,,baseline,2w;4w;8w;12w,,,,,,1,responder,SCORAD,,,percent_improvement_from_baseline,>=,50,percent,,,,"Percentage of Participants Achieving Scoring Atopic Dermatitis (SCORAD) Response >=50% Improvement From Baseline at Week 2, 4, 8 and 12"
NCT03575871,Abrocitinib,JADE Mono-2,secondary,14,responder_rate,SCORAD,,,baseline,2w;4w;8w;12w,,,,,,1,responder,SCORAD,,,percent_improvement_from_baseline,>=,75,percent,,,,"Percentage of Participants Achieving Scoring Atopic Dermatitis (SCORAD) Response >=75% Improvement From Baseline at Week 2, 4, 8 and 12"
NCT03575871,Abrocitinib,JADE Mono-2,secondary,15,change_from_baseline,SCORAD,VAS Itch,,baseline,2w;4w;8w;12w,,,,,,0,,,,,,,,,,,,"Change From Baseline in Scoring Atopic Dermatitis (SCORAD) Visual Analogue Scale (VAS) of Itch at Weeks 2, 4, 8 and 12"
NCT03575871,Abrocitinib,JADE Mono-2,secondary,16,change_from_baseline,SCORAD,VAS Sleep Loss,,baseline,2w;4w;8w;12w,,,,,,0,,,,,,,,,,,,"Change From Baseline in Scoring Atopic Dermatitis (SCORAD) Visual Analogue Scale (VAS) Sleep Loss at Weeks 2, 4, 8 and 12"
NCT03575871,Abrocitinib,JADE Mono-2,secondary,17,percent_change_from_baseline,SCORAD,Total,,baseline,2w;4w;8w;12w,,,,,,0,,,,,,,,,,,,"Percent Change From Baseline in Scoring Atopic Dermatitis (SCORAD) Total Score at Week 2, 4, 8 and 12"
NCT03589885,Secukinumab,MATURE,primary,1,other,,,,,,,,,,,0,,,,,,,,,,,,PASI 75 Response After 12 Weeks of Treatment (Time frame: 12 weeks)
NCT03589885,Secukinumab,MATURE,primary,2,other,IGA,,,,,,,,,,0,,,,,,,,,,,,IGA Mod 2011 0 or 1 Response After 12 Weeks of Treatment (Time frame: 12 weeks)
NCT03589885,Secukinumab,MATURE,secondary,1,other,,,,,,,,,,,0,,,,,,,,,,,,PASI 90 Response
NCT03589885,Secukinumab,MATURE,secondary,2,other,IGA,,,,,,,,,,0,,,,,,,,,,,,"PASI 50, 75, 90 and 100 and IGA Mod 2011 0 or 1 Response"
NCT03589885,Secukinumab,MATURE,secondary,3,other,,,,,,,,,,,0,,,,,,,,,,,,Successful Self-injection
NCT03589885,Secukinumab,MATURE,secondary,4,other,DLQI,Total,,,,,,,,,0,,,,,,,,,,,,"Dermatology Life Quality Index, (DLQI) 0 or 1 Score (Total Score)"
NCT03607422,Upadacitinib,,primary,1,responder_rate,EASI,,,baseline,16w,,main_study,,,,1,responder,EASI,,,percent_improvement_from_baseline,>=,75,percent,,,,Main Study: Percentage of Participants Achieving at Least a 75% Reduction in Eczema Area and Severity Index Score (EASI 75) From Baseline at Week 16 (Time frame: Baseline and Week 16)
NCT03607422,Upadacitinib,,primary,2,responder_rate,IGA,,,baseline,16w,,main_study,,,,1,responder,IGA,,,absolute_score,in,"[0, 1]",score,,,,Main Study: Percentage of Participants Achieving Validated Investigator Global Assessment for Atopic Dermatitis (vIGA-AD) of 0 or 1 With a Reduction From Baseline of ≥ 2 Points at Week 16 (Time frame: Baseline and Week 16)
NCT03607422,Upadacitinib,,primary,2,responder_rate,IGA,,,baseline,16w,,main_study,,,,2,responder,IGA,,,point_reduction_from_baseline,>=,2,points,,,,Main Study: Percentage of Participants Achieving Validated Investigator Global Assessment for Atopic Dermatitis (vIGA-AD) of 0 or 1 With a Reduction From Baseline of ≥ 2 Points at Week 16 (Time frame: Baseline and Week 16)
NCT03607422,Upadacitinib,,secondary,1,responder_rate,Pruritus NRS,,worst_daily,baseline,16w,,main_study,,,,1,responder,Pruritus NRS,,worst_daily,point_reduction_from_baseline,>=,4,points,,,,Main Study: Percentage of Participants Achieving a Reduction of ≥ 4 Points From Baseline in Worst Pruritus Numerical Rating Scale (NRS) at Week 16
NCT03607422,Upadacitinib,,secondary,2,responder_rate,EASI,,,baseline,16w,,main_study,,,,1,responder,EASI,,,percent_improvement_from_baseline,>=,90,percent,,,,Main Study: Percentage of Participants Achieving a 90% Reduction From Baseline in EASI Score (EASI 90) at Week 16
NCT03607422,Upadacitinib,,secondary,3,responder_rate,Pruritus NRS,,worst_daily,baseline,4w,,main_study,,,,1,responder,Pruritus NRS,,worst_daily,point_reduction_from_baseline,>=,4,points,,,,Main Study: Percentage of Participants Achieving a Reduction of ≥ 4 Points From Baseline in Worst Pruritus NRS at Week 4
NCT03607422,Upadacitinib,,secondary,4,responder_rate,EASI,,,,2w,,main_study,,,,1,responder,EASI,,,percent_improvement_from_baseline,>=,75,percent,,,,Main Study: Percentage of Participants Achieving an EASI 75 Response at Week 2
NCT03607422,Upadacitinib,,secondary,5,responder_rate,Pruritus NRS,,worst_daily,baseline,1w,,main_study,,,,1,responder,Pruritus NRS,,worst_daily,point_reduction_from_baseline,>=,4,points,,,,Main Study: Percentage of Participants Achieving a Reduction of ≥ 4 Points From Baseline in Worst Pruritus NRS at Week 1
NCT03607422,Upadacitinib,,secondary,6,responder_rate,Pruritus NRS,,worst_daily,baseline,2d,,main_study,,,,1,responder,Pruritus NRS,,worst_daily,point_reduction_from_baseline,>=,4,points,,,,Main Study: Percentage of Participants Achieving a Reduction of ≥ 4 Points From Baseline in Worst Pruritus NRS at Day 2
NCT03607422,Upadacitinib,,secondary,7,responder_rate,Pruritus NRS,,worst_daily,baseline,3d,,main_study,,,,1,responder,Pruritus NRS,,worst_daily,point_reduction_from_baseline,>=,4,points,,,,Main Study: Percentage of Participants Achieving a Reduction of ≥ 4 Points From Baseline in Worst Pruritus NRS at Day 3
NCT03607422,Upadacitinib,,secondary,8,flare_incidence,,,,,,,main_study,,double_blind,flare,0,,,,,,,,,,,,Main Study: Percentage of Participants Experiencing a Flare During the Double-blind Treatment Period
NCT03607422,Upadacitinib,,secondary,9,responder_rate,ADerm-IS,Sleep domain,,baseline,16w,,main_study,,,,1,responder,ADerm-IS,Sleep domain,,point_reduction_from_baseline,>=,12,points,,,,Main Study: Percentage of Participants Achieving a Reduction of ≥ 12 Points From Baseline in Atopic Dermatitis Impact Scale (ADerm-IS) Sleep Domain Score at Week 16
NCT03607422,Upadacitinib,,secondary,10,responder_rate,ADerm-SS,Skin Pain,,baseline,16w,,main_study,,,,1,responder,ADerm-SS,Skin Pain,,point_reduction_from_baseline,>=,4,points,,,,Main Study: Percentage of Participants Achieving a Reduction of ≥ 4 Points From Baseline in Atopic Dermatitis Symptom Scale (ADerm-SS) Skin Pain Score at Week 16
NCT03607422,Upadacitinib,,secondary,11,responder_rate,ADerm-SS,TSS-7,,baseline,16w,,main_study,,,,1,responder,ADerm-SS,TSS-7,,point_reduction_from_baseline,>=,28,points,,,,Main Study: Percentage of Participants Achieving a Reduction of ≥ 28 Points From Baseline in ADerm-SS 7-Item Total Symptom Score (TSS-7) at Week 16
NCT03607422,Upadacitinib,,secondary,12,responder_rate,ADerm-IS,Emotional State domain,,baseline,16w,,main_study,,,,1,responder,ADerm-IS,Emotional State domain,,point_reduction_from_baseline,>=,11,points,,,,Main Study: Percentage of Participants Achieving a Reduction of ≥ 11 Points From Baseline in ADerm-IS Emotional State Domain Score at Week 16
NCT03607422,Upadacitinib,,secondary,13,responder_rate,ADerm-IS,Daily Activities domain,,baseline,16w,,main_study,,,,1,responder,ADerm-IS,Daily Activities domain,,point_reduction_from_baseline,>=,14,points,,,,Main Study: Percentage of Participants Achieving a Reduction of ≥ 14 Points From Baseline in ADerm-IS Daily Activities Domain Score at Week 16
NCT03607422,Upadacitinib,,secondary,14,responder_rate,EASI,,,baseline,16w,,main_study,,,,1,responder,EASI,,,percent_improvement_from_baseline,>=,100,percent,,,,Main Study: Percentage of Participants Achieving a 100% Reduction From Baseline in EASI Score (EASI 100) at Week 16
NCT03607422,Upadacitinib,,secondary,15,percent_change_from_baseline,Pruritus NRS,,worst_daily,baseline,16w,,main_study,,,,0,,,,,,,,,,,,Main Study: Percent Change From Baseline in Worst Pruritus NRS at Week 16
NCT03607422,Upadacitinib,,secondary,16,percent_change_from_baseline,EASI,,,baseline,16w,,main_study,,,,0,,,,,,,,,,,,Main Study: Percent Change From Baseline in EASI Score at Week 16
NCT03607422,Upadacitinib,,secondary,17,responder_rate,POEM,Total,,baseline,16w,,main_study,,,,1,responder,POEM,Total,,point_reduction_from_baseline,>=,4,points,,,,Main Study: Percentage of Participants Achieving a Reduction of ≥ 4 Points From Baseline in Patient Oriented Eczema Measure (POEM) Total Score at Week 16
NCT03607422,Upadacitinib,,secondary,18,responder_rate,DLQI,,,baseline,16w,,main_study,,,,1,responder,DLQI,,,point_reduction_from_baseline,>=,4,points,,,,Main Study: Percentage of Participants Achieving a Reduction of ≥ 4 Points From Baseline in Dermatology Life Quality Index (DLQI) at Week 16
NCT03607422,Upadacitinib,,secondary,19,percent_change_from_baseline,SCORAD,,,baseline,16w,,main_study,,,,0,,,,,,,,,,,,Main Study: Percent Change From Baseline in Scoring Atopic Dermatitis (SCORAD) Score at Week 16
NCT03607422,Upadacitinib,,secondary,20,responder_rate,HADS,Anxiety,,,16w,,main_study,,,,1,responder,HADS,Anxiety,,absolute_score,<,8,score,,,,Main Study: Percentage of Participants Achieving a Hospital Anxiety and Depression Scale-Anxiety (HADS-A) Score and Hospital Anxiety and Depression Scale-Depression (HADS-D) Score of < 8 at Week 16
NCT03607422,Upadacitinib,,secondary,20,responder_rate,HADS,Anxiety,,,16w,,main_study,,,,2,responder,HADS,Depression,,absolute_score,<,8,score,,,,Main Study: Percentage of Participants Achieving a Hospital Anxiety and Depression Scale-Anxiety (HADS-A) Score and Hospital Anxiety and Depression Scale-Depression (HADS-D) Score of < 8 at Week 16
NCT03607422,Upadacitinib,,secondary,21,responder_rate,DLQI,,,,16w,,main_study,,,,1,responder,DLQI,,,absolute_score,in,"[0, 1]",score,,,,Main Study: Percentage of Participants Achieving a DLQI Score of 0 or 1 at Week 16
NCT03607422,Upadacitinib,,secondary,22,responder_rate,EASI,,,,16w,,adolescents,,,,1,responder,EASI,,,percent_improvement_from_baseline,>=,75,percent,,,,Adolescents: Percentage of Participants Achieving an EASI 75 Response at Week 16
NCT03607422,Upadacitinib,,secondary,23,responder_rate,vIGA-AD,,,baseline,16w,,adolescents,,,,1,responder,vIGA-AD,,,absolute_score,in,"[0, 1]",score,,,,Adolescents: Percentage of Participants Achieving a vIGA-AD of 0 or 1 With a Reduction From Baseline of ≥ 2 Points at Week 16
NCT03607422,Upadacitinib,,secondary,23,responder_rate,vIGA-AD,,,baseline,16w,,adolescents,,,,2,responder,vIGA-AD,,,point_reduction_from_baseline,>=,2,points,,,,Adolescents: Percentage of Participants Achieving a vIGA-AD of 0 or 1 With a Reduction From Baseline of ≥ 2 Points at Week 16
NCT03607422,Upadacitinib,,secondary,24,responder_rate,Pruritus NRS,,worst_daily,baseline,16w,,adolescents,,,,1,responder,Pruritus NRS,,worst_daily,point_reduction_from_baseline,>=,4,points,,,,Adolescents: Percentage of Participants Achieving a Reduction of ≥ 4 Points From Baseline in Worst Pruritus NRS at Week 16
NCT03607422,Upadacitinib,,secondary,25,responder_rate,EASI,,,,16w,,adolescents,,,,1,responder,EASI,,,percent_improvement_from_baseline,>=,90,percent,,,,Adolescents: Percentage of Participants Achieving an EASI 90 Response at Week 16
NCT03607422,Upadacitinib,,secondary,26,responder_rate,Pruritus NRS,,worst_daily,baseline,4w,,adolescents,,,,1,responder,Pruritus NRS,,worst_daily,point_reduction_from_baseline,>=,4,points,,,,Adolescents: Percentage of Participants Achieving a Reduction of ≥ 4 Points From Baseline in Worst Pruritus NRS at Week 4
NCT03607422,Upadacitinib,,secondary,27,responder_rate,EASI,,,,2w,,adolescents,,,,1,responder,EASI,,,percent_improvement_from_baseline,>=,75,percent,,,,Adolescents: Percentage of Participants Achieving an EASI 75 Response at Week 2
NCT03607422,Upadacitinib,,secondary,28,responder_rate,Pruritus NRS,,worst_daily,baseline,1w,,adolescents,,,,1,responder,Pruritus NRS,,worst_daily,point_reduction_from_baseline,>=,4,points,,,,Adolescents: Percentage of Participants Achieving a Reduction of ≥ 4 Points From Baseline in Worst Pruritus NRS at Week 1
NCT03607422,Upadacitinib,,secondary,29,responder_rate,Pruritus NRS,,worst_daily,baseline,2d,,adolescents,,,,1,responder,Pruritus NRS,,worst_daily,point_reduction_from_baseline,>=,4,points,,,,Adolescents: Percentage of Participants Achieving a Reduction of ≥ 4 Points From Baseline in Worst Pruritus NRS at Day 2
NCT03607422,Upadacitinib,,secondary,30,responder_rate,Pruritus NRS,,worst_daily,baseline,3d,,adolescents,,,,1,responder,Pruritus NRS,,worst_daily,point_reduction_from_baseline,>=,4,points,,,,Adolescents: Percentage of Participants Achieving a Reduction of ≥ 4 Points From Baseline in Worst Pruritus NRS at Day 3
NCT03607422,Upadacitinib,,secondary,31,flare_incidence,,,,,,,adolescents,,double_blind,flare,0,,,,,,,,,,,,Adolescents: Percentage of Participants Experiencing a Flare During the Double-blind Treatment Period
NCT03607422,Upadacitinib,,secondary,32,responder_rate,ADerm-IS,Sleep domain,,baseline,16w,,adolescents,,,,1,responder,ADerm-IS,Sleep domain,,point_reduction_from_baseline,>=,12,points,,,,Adolescents: Percentage of Participants Achieving a Reduction of ≥ 12 Points From Baseline in ADerm-IS Sleep Domain Score at Week 16
NCT03607422,Upadacitinib,,secondary,33,responder_rate,ADerm-SS,Skin Pain,,baseline,16w,,adolescents,,,,1,responder,ADerm-SS,Skin Pain,,point_reduction_from_baseline,>=,4,points,,,,Adolescents: Percentage of Participants Achieving a Reduction of ≥ 4 Points From Baseline in ADerm-SS Skin Pain Score at Week 16
NCT03607422,Upadacitinib,,secondary,34,responder_rate,ADerm-SS,TSS-7,,baseline,16w,,adolescents,,,,1,responder,ADerm-SS,TSS-7,,point_reduction_from_baseline,>=,28,points,,,,Adolescents: Percentage of Participants Achieving a Reduction of ≥ 28 Points From Baseline in ADerm-SS TSS-7 at Week 16
NCT03607422,Upadacitinib,,secondary,35,responder_rate,ADerm-IS,Emotional State domain,,baseline,16w,,adolescents,,,,1,responder,ADerm-IS,Emotional State domain,,point_reduction_from_baseline,>=,11,points,,,,Adolescents: Percentage of Participants Achieving a Reduction of ≥ 11 Points From Baseline in ADerm-IS Emotional State Domain Score at Week 16
NCT03607422,Upadacitinib,,secondary,36,responder_rate,ADerm-IS,Daily Activities domain,,baseline,16w,,adolescents,,,,1,responder,ADerm-IS,Daily Activities domain,,point_reduction_from_baseline,>=,14,points,,,,Adolescents: Percentage of Participants Achieving a Reduction of ≥ 14 Points From Baseline in ADerm-IS Daily Activities Domain Score at Week 16
NCT03607422,Upadacitinib,,secondary,37,responder_rate,EASI,,,,16w,,adolescents,,,,1,responder,EASI,,,percent_improvement_from_baseline,>=,100,percent,,,,Adolescents: Percentage of Participants Achieving an EASI 100 Response at Week 16
NCT03607422,Upadacitinib,,secondary,38,percent_change_from_baseline,Pruritus NRS,,worst_daily,baseline,16w,,adolescents,,,,0,,,,,,,,,,,,Adolescents: Percent Change From Baseline in Worst Pruritus NRS at Week 16
NCT03607422,Upadacitinib,,secondary,39,percent_change_from_baseline,EASI,,,baseline,16w,,adolescents,,,,0,,,,,,,,,,,,Adolescents: Percent Change From Baseline in EASI Score at Week 16
NCT03607422,Upadacitinib,,secondary,40,responder_rate,POEM,Total,,baseline,16w,,adolescents,,,,1,responder,POEM,Total,,point_reduction_from_baseline,>=,4,points,,,,Adolescents: Percentage of Participants Achieving a Reduction of ≥ 4 Points From Baseline in POEM Total Score at Week 16
NCT03607422,Upadacitinib,,secondary,41,responder_rate,DLQI,,,baseline,16w,,adolescents,,,,1,responder,DLQI,,,point_reduction_from_baseline,>=,4,points,,,,Adolescents: Percentage of Participants Achieving a Reduction of ≥ 4 Points From Baseline in DLQI Score at Week 16
NCT03607422,Upadacitinib,,secondary,42,percent_change_from_baseline,SCORAD,,,baseline,16w,,adolescents,,,,0,,,,,,,,,,,,Adolescents: Percent Change From Baseline in SCORAD Score at Week 16
NCT03607422,Upadacitinib,,secondary,43,responder_rate,HADS,Anxiety,,,16w,,adolescents,,,,1,responder,HADS,Anxiety,,absolute_score,<,8,score,,,,Adolescents: Percentage of Participants Achieving HADS-A Score and HADS-D Score of < 8 at Week 16
NCT03607422,Upadacitinib,,secondary,43,responder_rate,HADS,Anxiety,,,16w,,adolescents,,,,2,responder,HADS,Depression,,absolute_score,<,8,score,,,,Adolescents: Percentage of Participants Achieving HADS-A Score and HADS-D Score of < 8 at Week 16
NCT03607422,Upadacitinib,,secondary,44,responder_rate,DLQI,,,,16w,,adolescents,,,,1,responder,DLQI,,,absolute_score,in,"[0, 1]",score,,,,Adolescents: Percentage of Participants Achieving a DLQI Score of 0 or 1 at Week 16
NCT03611751,Deucravacitinib,POETYK-PSO-2,primary,1,absolute_value,,,,,16w,,,,,,0,,,,,,,,,,,,The Number of Participants With a Static Physician's Global Assessment (sPGA) Score of 0 or 1 in Participants Receiving BMS-986165 Compared to Placebo at Week 16 (sPGA 0/1) (Time frame: Week 16)
NCT03611751,Deucravacitinib,POETYK-PSO-2,primary,2,absolute_value,,,,baseline,16w,,,,,,0,,,,,,,,,,,,The Number of Participants Who Achieve a 75% Improvement From Baseline in the Psoriasis Area and Severity Index (PASI) Score in Participants Receiving BMS-986165 Compared to Placebo at Week 16 (PASI 75) (Time frame: Baseline and Week 16)
NCT03611751,Deucravacitinib,POETYK-PSO-2,secondary,1,absolute_value,,,,baseline,16w,,,,,,0,,,,,,,,,,,,The Number of Participants Who Achieve a 90% Improvement From Baseline in the Psoriasis Area and Severity Index Score at Week 16 (PASI 90)
NCT03611751,Deucravacitinib,POETYK-PSO-2,secondary,2,absolute_value,,,,baseline,16w,,,,,,0,,,,,,,,,,,,The Number of Participants Who Achieve a 100% Improvement From Baseline in the Psoriasis Area and Severity Index Score at Week 16 (PASI 100)
NCT03611751,Deucravacitinib,POETYK-PSO-2,secondary,3,absolute_value,,,,,16w,,,,,,0,,,,,,,,,,,,The Number of Participants With a Static Physician Global Assessment Score of 0 at Week 16 (sPGA 0)
NCT03611751,Deucravacitinib,POETYK-PSO-2,secondary,4,change_from_baseline,,,,baseline,16w,,,,,,0,,,,,,,,,,,,Change From Baseline in Psoriasis Symptoms and Signs Diary (PSSD) Symptom Score at Week 16
NCT03611751,Deucravacitinib,POETYK-PSO-2,secondary,5,absolute_value,,,,,16w,,,,,,0,,,,,,,,,,,,Psoriasis Symptoms and Signs Diary (PSSD) Symptom Score of 0 at Week 16
NCT03611751,Deucravacitinib,POETYK-PSO-2,secondary,6,absolute_value,,,,,16w,,,,,,0,,,,,,,,,,,,The Number of Participants With a Scalp Specific Physician's Global Assessment (Ss-PGA) Score 0 or 1 at Week 16 (Ss-PGA 0/1)
NCT03611751,Deucravacitinib,POETYK-PSO-2,secondary,7,absolute_value,DLQI,,,,16w,,,,,,0,,,,,,,,,,,,The Number of Participants With a Dermatology Life Quality Index (DLQI) Score of 0 or 1 in Participants Receiving BMS-986165 Compared to Placebo at Week 16 (DLQI 0/1)
NCT03611751,Deucravacitinib,POETYK-PSO-2,secondary,8,absolute_value,,,,,16w,,,,,,0,,,,,,,,,,,,The Number of Participants With a Physician Global Assessment- Fingernails (PGA-F) Score of 0 or 1 in Participants Receiving BMS-986165 Compared to Placebo at Week 16 (PGA-F 0/1)
NCT03611751,Deucravacitinib,POETYK-PSO-2,secondary,9,absolute_value,,,,,16w,,,,,,0,,,,,,,,,,,,The Number of Participants With a Palmoplantar Physician's Global Assessment (Pp-PGA) Score of 0 or 1 at Week 16 (Pp-PGA 0/1)
NCT03611751,Deucravacitinib,POETYK-PSO-2,secondary,10,absolute_value,,,,baseline,16w,,,,,,0,,,,,,,,,,,,The Number of Participants Who Achieve a 75% Improvement From Baseline in the Psoriasis Area and Severity Index (PASI) Score in Participants Receiving BMS-986165 Compared to Apremilast at Week 16 (PASI 75)
NCT03611751,Deucravacitinib,POETYK-PSO-2,secondary,11,absolute_value,,,,,16w,,,,,,0,,,,,,,,,,,,The Number of Participants With a Static Physician Global Assessment (sPGA) Score of 0 or 1 in Participants Receiving BMS-986165 Compared to Apremilast at Week 16 (sPGA 0/1)
NCT03611751,Deucravacitinib,POETYK-PSO-2,secondary,12,time_to_event,,,,,24w,52w,,,,,0,,,,,,,,,,,,Time to Relapse Until Week 52 Among Week 24 PASI 75 Responders
NCT03611751,Deucravacitinib,POETYK-PSO-2,secondary,13,absolute_value,,,,,24w,,,,,,0,,,,,,,,,,,,The Number of Participants With a Static Physician Global Assessment (sPGA) Score of 0 or 1 in Participants Receiving BMS-986165 Compared to Apremalist at Week 24 (sPGA 0/1)
NCT03611751,Deucravacitinib,POETYK-PSO-2,secondary,14,absolute_value,,,,baseline,24w,,,,,,0,,,,,,,,,,,,The Number of Participants Who Achieve a 75% Improvement From Baseline in the Psoriasis Area and Severity Index (PASI) Score in Participants Receiving BMS-986165 Compared to Apremalist at Week 24 (PASI 75)
NCT03611751,Deucravacitinib,POETYK-PSO-2,secondary,15,absolute_value,,,,baseline,24w,,,,,,0,,,,,,,,,,,,The Number of Participants Who Achieve a 90% Improvement From Baseline in the Psoriasis Area and Severity Index Score in Participants Receiving BMS-986165 Compared to Apremilast at Week 24 (PASI 90)
NCT03624127,Deucravacitinib,POETYK-PSO-1,primary,1,absolute_value,,,,,16w,,,,,,0,,,,,,,,,,,,The Number of Participants With a Static Physician's Global Assessment (sPGA) Score of 0 or 1 in Participants Receiving BMS-986165 Compared to Placebo at Week 16 (sPGA 0/1) (Time frame: Week 16)
NCT03624127,Deucravacitinib,POETYK-PSO-1,primary,2,absolute_value,,,,baseline,16w,,,,,,0,,,,,,,,,,,,The Number of Participants Who Achieve a 75% Improvement From Baseline in the Psoriasis Area and Severity Index (PASI) Score in Participants Receiving BMS-986165 Compared to Placebo at Week 16 (PASI 75) (Time frame: Baseline and Week 16)
NCT03624127,Deucravacitinib,POETYK-PSO-1,secondary,1,absolute_value,,,,baseline,16w,,,,,,0,,,,,,,,,,,,The Number of Participants Who Achieve a 90% Improvement From Baseline in the Psoriasis Area and Severity Index (PASI) Score at Week 16 (PASI 90)
NCT03624127,Deucravacitinib,POETYK-PSO-1,secondary,2,absolute_value,,,,baseline,16w,,,,,,0,,,,,,,,,,,,The Number of Participants Who Achieve a 100% Improvement From Baseline in the Psoriasis Area and Severity Index (PASI) Score in Participants Receiving BMS-986165 Compared to Placebo at Week 16 (PASI 100)
NCT03624127,Deucravacitinib,POETYK-PSO-1,secondary,3,absolute_value,,,,,16w,,,,,,0,,,,,,,,,,,,The Number of Participants With a Static Physician's Global Assessment Score of 0 at Week 16 (sPGA 0)
NCT03624127,Deucravacitinib,POETYK-PSO-1,secondary,4,change_from_baseline,,,,baseline,16w,,,,,,0,,,,,,,,,,,,Change From Baseline in Psoriasis Symptoms and Signs Diary (PSSD) Symptom Score in Participants Receiving BMS-986165 Compared to Apremilast at Week 16
NCT03624127,Deucravacitinib,POETYK-PSO-1,secondary,5,absolute_value,,,,,16w,,,,,,0,,,,,,,,,,,,Psoriasis Symptoms and Signs Diary (PSSD) Symptom Score 0 at Week 16
NCT03624127,Deucravacitinib,POETYK-PSO-1,secondary,6,absolute_value,DLQI,,,,16w,,,,,,0,,,,,,,,,,,,The Number of Participants With a Dermatology Life Quality Index (DLQI) Score of 0 or 1 in Participants Receiving BMS-986165 Compared to Placebo at Week 16 (DLQI 0/1)
NCT03624127,Deucravacitinib,POETYK-PSO-1,secondary,7,count,,,,,16w,,,,,,0,,,,,,,,,,,,Number of Participants With a Physician's Global Assessment-Fingernails (PGA-F) Score of 0 or 1 in Participants Receiving BMS-986165 Compared to Placebo at Week 16
NCT03624127,Deucravacitinib,POETYK-PSO-1,secondary,8,absolute_value,,,,baseline,16w,,,,,,0,,,,,,,,,,,,The Number of Participants Who Achieve a 75% Improvement From Baseline in the Psoriasis Area and Severity Index (PASI) Score in Participants Receiving BMS-986165 Compared to Apremilast at Week 16 (PASI 75)
NCT03624127,Deucravacitinib,POETYK-PSO-1,secondary,9,absolute_value,,,,,16w,,,,,,0,,,,,,,,,,,,The Number of Participants With a Static Physician's Global Assessment (sPGA) Score of 0 or 1 in Participants Receiving BMS-986165 Compared to Apremilast at Week 16 (sPGA 0/1)
NCT03624127,Deucravacitinib,POETYK-PSO-1,secondary,10,absolute_value,,,,,16w,,,,,,0,,,,,,,,,,,,The Number of Participants With a Scalp Specific Physician's Global Assessment (Ss-PGA) Score 0 or 1 at Week 16 (Ss-PGA 0/1)
NCT03624127,Deucravacitinib,POETYK-PSO-1,secondary,11,absolute_value,,,,,24w,,,,,,0,,,,,,,,,,,,The Number of Participants With a Static Physician's Global Assessment (sPGA) Score of 0 or 1 in Participants Receiving BMS-986165 Compared to Apremilast at Week 24 (sPGA 0/1)
NCT03624127,Deucravacitinib,POETYK-PSO-1,secondary,12,absolute_value,,,,baseline,24w,,,,,,0,,,,,,,,,,,,The Number of Participants Who Achieve a 75% Improvement From Baseline in the Psoriasis Area and Severity Index (PASI) Score in Participants Receiving BMS-986165 Compared to Apremilast at Week 24 (PASI 75)
NCT03624127,Deucravacitinib,POETYK-PSO-1,secondary,13,absolute_value,,,,baseline,24w,,,,,,0,,,,,,,,,,,,The Number of Participants Who Achieve a 90% Improvement From Baseline in the Psoriasis Area and Severity Index (PASI) Score in Participants Receiving BMS-986165 Compared to Apremilast at Week 24 (PASI 90)
NCT03624127,Deucravacitinib,POETYK-PSO-1,secondary,14,absolute_value,,,,,52w;24w,,,,,,0,,,,,,,,,,,,The Number of Participants With a Static Physician's Global Assessment (sPGA) Score of 0 or 1 in Participants Receiving BMS-986165 Compared to Apremilast at Week 52 and at Week 24 (sPGA 0/1)
NCT03624127,Deucravacitinib,POETYK-PSO-1,secondary,15,absolute_value,,,,baseline,52w;24w,,,,,,0,,,,,,,,,,,,The Number of Participants Who Achieve a 75% Improvement From Baseline in the Psoriasis Area and Severity Index (PASI) Score in Participants Receiving BMS-986165 Compared to Apremilast at Week 52 and at Week 24 (PASI 75)
NCT03624127,Deucravacitinib,POETYK-PSO-1,secondary,16,absolute_value,,,,baseline,52w;24w,,,,,,0,,,,,,,,,,,,The Number of Participants Who Achieve a 90% Improvement From Baseline in the Psoriasis Area and Severity Index (PASI) Score in Participants Receiving BMS-986165 Compared to Apremilast at Week 52 and at Week 24 (PASI 90)
NCT03627767,Abrocitinib,,primary,1,loss_of_response,,,,,1d,40w,,,double_blind,,0,,,,,,,,,,,,Percentage of Participants With Loss of Response: Double-blind (DB) Period (Time frame: From Day 1 of up to Week 40 of double blind period)
NCT03627767,Abrocitinib,,primary,2,time_to_event,,,,,,40w,,,double_blind,,0,,,,,,,,,,,,"Time to Loss of Response: Double-blind Period (Time frame: From date of first dose of randomized treatment until the last dose of randomized treatment (if not entered rescue) or first day of rescue treatment (if entered rescue) (maximum up to Week 40, visit window was extended +/- 45 Days due to COVID 19))"
NCT03627767,Abrocitinib,,secondary,1,time_to_event,IGA,,,,,,,,double_blind,,1,responder,IGA,,,absolute_score,>=,2,score,,,,Time to First Loss of Response Based on Investigator's Global Assessment (IGA) Score of 2 or Higher: Double-blind Period
NCT03627767,Abrocitinib,,secondary,2,responder_rate,IGA,,,baseline,12w;16w;28w;40w;52w,,,,double_blind,,1,responder,IGA,,,absolute_score,in,"[0, 1]",score,,,,"Percentage of Participants Achieving Investigator's Global Assessment (IGA) Response of Clear (0) or Almost Clear (1) and a Reduction of Greater Than or Equal to (>=) 2 Points From Baseline at Weeks 12, 16, 28, 40, and 52: Double-blind Period"
NCT03627767,Abrocitinib,,secondary,2,responder_rate,IGA,,,baseline,12w;16w;28w;40w;52w,,,,double_blind,,2,responder,IGA,,,point_reduction_from_baseline,>=,2,points,,,,"Percentage of Participants Achieving Investigator's Global Assessment (IGA) Response of Clear (0) or Almost Clear (1) and a Reduction of Greater Than or Equal to (>=) 2 Points From Baseline at Weeks 12, 16, 28, 40, and 52: Double-blind Period"
NCT03627767,Abrocitinib,,secondary,3,responder_rate,EASI,,,baseline,12w;16w;28w;40w;52w,,,,double_blind,,1,responder,EASI,,,percent_improvement_from_baseline,>=,50,percent,,,,"Percentage of Participants Achieving Eczema Area and Severity Index (EASI) Response >=50% Improvement From Baseline at Weeks 12, 16, 28, 40 and 52: Double-blind Period"
NCT03627767,Abrocitinib,,secondary,4,responder_rate,EASI,,,baseline,12w;16w;28w;40w;52w,,,,double_blind,,1,responder,EASI,,,percent_improvement_from_baseline,>=,75,percent,,,,"Percentage of Participants Achieving Eczema Area and Severity Index (EASI) Response >=75% Improvement From Baseline at Weeks 12, 16, 28, 40 and 52: Double-blind Period"
NCT03627767,Abrocitinib,,secondary,5,responder_rate,EASI,,,baseline,12w;16w;28w;40w;52w,,,,double_blind,,1,responder,EASI,,,percent_improvement_from_baseline,>=,90,percent,,,,"Percentage of Participants Achieving Eczema Area and Severity Index (EASI) Response >=90% Improvement From Baseline at Weeks 12, 16, 28, 40 and 52: Double-blind Period"
NCT03627767,Abrocitinib,,secondary,6,responder_rate,EASI,,,baseline,12w;16w;28w;40w;52w,,,,double_blind,,1,responder,EASI,,,percent_improvement_from_baseline,>=,100,percent,,,,"Percentage of Participants Achieving Eczema Area and Severity Index (EASI) Response >=100% Improvement From Baseline at Weeks 12, 16, 28, 40 and 52: Double-blind Period"
NCT03627767,Abrocitinib,,secondary,7,responder_rate,Pruritus NRS,,severity,baseline,12w;16w;28w;40w;52w,,,,double_blind,,1,responder,Pruritus NRS,,severity,point_reduction_from_baseline,>=,4,points,,,,"Percentage of Participants With Greater Than or Equal 4 Points Improvement in the Numerical Rating Scale (NRS) for Severity of Pruritus From Baseline at Weeks 12, 16, 28, 40 and 52: Double-blind Period"
NCT03627767,Abrocitinib,,secondary,8,percent_change_from_baseline,BSA,,,baseline,12w;16w;28w;40w;52w,,,,double_blind,,0,,,,,,,,,,,,"Percent Change From Baseline in Body Surface Area (BSA) at Weeks 12, 16, 28, 40 and 52: Double-blind Period"
NCT03627767,Abrocitinib,,secondary,9,percent_change_from_baseline,SCORAD,Total,,baseline,12w;16w;28w;40w;52w,,,,double_blind,,0,,,,,,,,,,,,"Percent Change From Baseline in Scoring Atopic Dermatitis (SCORAD) Total Score at Weeks 12, 16, 28, 40 and 52: Double-blind Period"
NCT03627767,Abrocitinib,,secondary,10,change_from_baseline,SCORAD,VAS Itch and Sleep Loss,,baseline,12w;16w;28w;40w;52w,,,,double_blind,,0,,,,,,,,,,,,"Change From Baseline in Scoring Atopic Dermatitis (SCORAD) Visual Analogue Scale (VAS) of Itch and Sleep Loss at Weeks 12, 16, 28, 40 and 52: Double-blind Period"
NCT03627767,Abrocitinib,,secondary,11,responder_rate,SCORAD,,,baseline,12w;16w;28w;40w;52w,,,,double_blind,,1,responder,SCORAD,,,percent_improvement_from_baseline,>=,50,percent,,,,"Percentage of Participants With >=50% Improvement From Baseline in Scoring Atopic Dermatitis (SCORAD) Response at Weeks 12, 16, 28, 40 and 52: Double-blind Period"
NCT03627767,Abrocitinib,,secondary,12,responder_rate,SCORAD,,,baseline,12w;16w;28w;40w;52w,,,,double_blind,,1,responder,SCORAD,,,percent_improvement_from_baseline,>=,75,percent,,,,"Percentage of Participants With >=75% Improvement From Baseline in Scoring Atopic Dermatitis (SCORAD) Response at Weeks 12, 16, 28, 40 and 52: Double-blind Period"
NCT03627767,Abrocitinib,,secondary,13,responder_rate,IGA,,,rescue_baseline,2w;4w;8w;12w,,,,rescue,,1,responder,IGA,,,absolute_score,in,"[0, 1]",score,,,,"Percentage of Participants Achieving IGA Response of Clear (0) or Almost Clear (1) and Greater Than or Equal to (>=) 2 Points Improvement From Rescue Baseline at Rescue Weeks 2, 4, 8 and 12: Rescue Period"
NCT03627767,Abrocitinib,,secondary,13,responder_rate,IGA,,,rescue_baseline,2w;4w;8w;12w,,,,rescue,,2,responder,IGA,,,point_reduction_from_baseline,>=,2,points,,,,"Percentage of Participants Achieving IGA Response of Clear (0) or Almost Clear (1) and Greater Than or Equal to (>=) 2 Points Improvement From Rescue Baseline at Rescue Weeks 2, 4, 8 and 12: Rescue Period"
NCT03627767,Abrocitinib,,secondary,14,percent_change_from_baseline,EASI,,,rescue_baseline,2w;4w;8w;12w,,,,rescue,,0,,,,,,,,,,,,"Percent Change From Rescue Baseline in Total Eczema Area and Severity Index (EASI) Score at Rescue Weeks 2, 4, 8 and 12: Rescue Period"
NCT03627767,Abrocitinib,,secondary,15,responder_rate,Pruritus NRS,,peak_daily,rescue_baseline,2w;4w;8w;12w,,,,rescue,,1,responder,Pruritus NRS,,peak_daily,point_reduction_from_baseline,>=,4,points,,,,"Percentage of Participants Achieving Greater Than or Equal to 4 Points Improvement From Rescue Baseline in Peak Pruritus Numeric Rating Scale (PP-NRS) at Rescue Weeks 2, 4, 8 and 12: Rescue Period"
NCT03627767,Abrocitinib,,secondary,16,percent_change_from_baseline,BSA,,,rescue_baseline,2w;4w;8w;12w,,,,rescue,,0,,,,,,,,,,,,"Percent Change From Rescue Baseline in Percent Body Surface Area (BSA) at Rescue Weeks 2, 4, 8 and 12: Rescue Period"
NCT03627767,Abrocitinib,,secondary,17,percent_change_from_baseline,SCORAD,VAS Itch and Sleep Loss,,rescue_baseline,2w;4w;8w;12w,,,,rescue,,0,,,,,,,,,,,,"Percent Change From Rescue Baseline in Scoring Atopic Dermatitis (SCORAD) Visual Analog Scale (VAS) Score of Itch and Sleep Loss at Rescue Weeks 2, 4, 8 and 12: Rescue Period"
NCT03627767,Abrocitinib,,secondary,18,responder_rate,SCORAD,,,rescue_baseline,2w;4w;8w;12w,,,,rescue,,1,responder,SCORAD,,,percent_improvement_from_baseline,>=,50,percent,,,,"Percentage of Participants With 50% Improvement in Scoring Atopic Dermatitis (SCORAD) From Rescue Baseline at Rescue Weeks 2, 4, 8 and 12: Rescue Period"
NCT03627767,Abrocitinib,,secondary,19,responder_rate,SCORAD,,,rescue_baseline,2w;4w;8w;12w,,,,rescue,,1,responder,SCORAD,,,percent_improvement_from_baseline,>=,75,percent,,,,"Percentage of Participants With 75% Improvement in Scoring Atopic Dermatitis (SCORAD) From Rescue Baseline at Rescue Weeks 2, 4, 8 and 12: Rescue Period"
NCT03627767,Abrocitinib,,secondary,20,responder_rate,PtGA,,,baseline,12w;16w;28w;40w;52w,,,,double_blind,,1,responder,PtGA,,,absolute_score,in,"[0, 1]",score,,,,"Percentage of Participants Achieving Patient Global Assessment (PtGA) Response of 'Clear (0)' or 'Almost Clear (1)' and Greater Than or Equal to 2 Points Improvement From Baseline at Weeks 12, 16, 28, 40 and 52: Double-blind Period"
NCT03627767,Abrocitinib,,secondary,20,responder_rate,PtGA,,,baseline,12w;16w;28w;40w;52w,,,,double_blind,,2,responder,PtGA,,,point_reduction_from_baseline,>=,2,points,,,,"Percentage of Participants Achieving Patient Global Assessment (PtGA) Response of 'Clear (0)' or 'Almost Clear (1)' and Greater Than or Equal to 2 Points Improvement From Baseline at Weeks 12, 16, 28, 40 and 52: Double-blind Period"
NCT03627767,Abrocitinib,,secondary,21,change_from_baseline,DLQI,,,baseline,12w;16w;28w;40w;52w,,adults,,double_blind,,0,,,,,,,,,,,,"Change From Baseline in Dermatology Life Quality Index (DLQI) Score for Adults at Weeks 12, 16, 28, 40 and 52: Double-blind Period"
NCT03627767,Abrocitinib,,secondary,22,change_from_baseline,CDLQI,,,baseline,12w;16w;28w;40w;52w,,adolescents,,double_blind,,0,,,,,,,,,,,,"Change From Baseline in Children's Dermatology Life Quality Index (CDLQI) Score for Adolescents at Weeks 12, 16, 28, 40 and 52: Double-blind Period"
NCT03627767,Abrocitinib,,secondary,23,change_from_baseline,HADS,Anxiety,,baseline,12w;16w;28w;40w;52w,,,,double_blind,,0,,,,,,,,,,,,"Change From Baseline in Hospital Anxiety and Depression Scale (HADS) - Anxiety Scale at Weeks 12, 16, 28, 40 and 52: Double-blind Period"
NCT03627767,Abrocitinib,,secondary,24,change_from_baseline,HADS,Depression,,baseline,12w;16w;28w;40w;52w,,,,double_blind,,0,,,,,,,,,,,,"Change From Baseline in Hospital Anxiety and Depression Scale (HADS) - Depression Scale at Weeks 12, 16, 28, 40 and 52: Double-blind Period"
NCT03627767,Abrocitinib,,secondary,25,change_from_baseline,POEM,,,baseline,12w;16w;28w;40w;52w,,,,double_blind,,0,,,,,,,,,,,,"Change From Baseline in Patient Oriented Eczema Measure (POEM) Score at Weeks 12, 16, 28, 40 and 52: Double-blind Period"
NCT03627767,Abrocitinib,,secondary,26,change_from_baseline,PSAAD,,,baseline,12w;16w;28w;40w;52w,,,,double_blind,,0,,,,,,,,,,,,"Change From Baseline in Pruritus and Symptoms Assessment for Atopic Dermatitis (PSAAD) Score at Weeks 12, 16, 28, 40 and 52: Double-blind Period"
NCT03701763,Apremilast,,primary,1,responder_rate,,,,,16w,,,,,,0,,,,,,,,,,,,Percentage of Participants With a Static Physician Global Assessment (sPGA) Response at Week 16 (Time frame: Baseline to Week 16)
NCT03701763,Apremilast,,secondary,1,responder_rate,,,,baseline,16w,,,,,,0,,,,,,,,,,,,Percentage of Participants Who Achieved At Least 75% Reduction in Psoriasis Area Severity Index (PASI-75) From Baseline at Week 16
NCT03701763,Apremilast,,secondary,2,responder_rate,,,,baseline,16w,,,,,,0,,,,,,,,,,,,Percentage of Participants Who Achieved At Least 50% Reduction in Psoriasis Area Severity Index (PASI-50) From Baseline at Week 16
NCT03701763,Apremilast,,secondary,3,percent_change_from_baseline,,,,baseline,16w,,,,,,0,,,,,,,,,,,,Percentage Change From Baseline in Total PASI Score at Week 16
NCT03701763,Apremilast,,secondary,4,percent_change_from_baseline,BSA,,,baseline,16w,,,,,,0,,,,,,,,,,,,Percentage Change From Baseline in Body Surface Area (BSA) Affected by Psoriasis at Week 16
NCT03701763,Apremilast,,secondary,5,responder_rate,CDLQI,,,,16w,,,,,,1,responder,CDLQI,,,absolute_score,in,"[0, 1]",score,,,,Percentage of Participants Who Achieved a Children's Dermatology Life Quality Index (CDLQI) Score of 0 or 1 at Week 16
NCT03701763,Apremilast,,secondary,6,change_from_baseline,CDLQI,,,baseline,16w,,,,,,0,,,,,,,,,,,,Change From Baseline in CDLQI Score at Week 16
NCT03701763,Apremilast,,secondary,7,count,,,,,,,,,,,0,,,,,,,,,,,,Number of Participants Who Experienced a Treatment-emergent Adverse Event (TEAE) During the Placebo-controlled Phase
NCT03701763,Apremilast,,secondary,8,count,,,,,,,,,,,0,,,,,,,,,,,,Number of Participants Who Experienced a TEAE During the Apremilast Exposure Period
NCT03701763,Apremilast,,secondary,9,count,,,,,,,,,,,0,,,,,,,,,,,,Number of Participants Who Experienced a Treatment-emergent Serious Adverse Event (TESAE) During the Placebo-controlled Phase
NCT03701763,Apremilast,,secondary,10,count,,,,,,,,,,,0,,,,,,,,,,,,Number of Participants Who Experienced a TESAE During the Apremilast Exposure Period
NCT03701763,Apremilast,,secondary,11,count,,,,,,,,,,,0,,,,,,,,,,,,Number of Participants Who Experienced a Treatment-related Adverse Event (TRAE) During the Placebo-controlled Phase
NCT03701763,Apremilast,,secondary,12,count,,,,,,,,,,,0,,,,,,,,,,,,Number of Participants Who Experienced a TRAE During the Apremilast Exposure Period
NCT03701763,Apremilast,,secondary,13,count,,,,,,,,,,,0,,,,,,,,,,,,Number of Participants With Diarrhea During the Placebo-controlled Phase
NCT03701763,Apremilast,,secondary,14,count,,,,,,,,,,,0,,,,,,,,,,,,Number of Participants With Diarrhea During the Apremilast Exposure Period
NCT03701763,Apremilast,,secondary,15,count,,,,,,,,,,,0,,,,,,,,,,,,Number of Participants With Diarrhea Symptoms During the Placebo-controlled Phase
NCT03701763,Apremilast,,secondary,16,count,,,,,,,,,,,0,,,,,,,,,,,,Number of Participants With Diarrhea Symptoms During the Apremilast Exposure Period
NCT03701763,Apremilast,,secondary,17,count,,,,,,,,,,,0,,,,,,,,,,,,Number of Participants With Suicidal Ideation or Behavior Per the Columbia-Suicide Severity Rating Scale (C-SSRS) During the Placebo-controlled Phase
NCT03701763,Apremilast,,secondary,18,count,,,,,,,,,,,0,,,,,,,,,,,,Number of Participants With Suicidal Ideation or Behavior Per the C-SSRS During the Apremilast-extension Phase
NCT03701763,Apremilast,,secondary,19,count,,,,,,,,,,,0,,,,,,,,,,,,Number of Female Participants at Stage I-V of Sexual Development Per Tanner Staging of Sexual Development
NCT03701763,Apremilast,,secondary,20,count,,,,,,,,,,,0,,,,,,,,,,,,Number of Male Participants at Stage I-V of Sexual Development Per Tanner Staging of Sexual Development
NCT03701763,Apremilast,,secondary,21,other,,,,,,,,,,,0,,,,,,,,,,,,Mean Body Weight of Participants During the Placebo-controlled Phase
NCT03701763,Apremilast,,secondary,22,other,,,,,,,,,,,0,,,,,,,,,,,,Mean Body Weight of Participants During the Apremilast Exposure Period
NCT03701763,Apremilast,,secondary,23,other,,,,,,,,,,,0,,,,,,,,,,,,Mean Height of Participants During the Placebo-controlled Phase
NCT03701763,Apremilast,,secondary,24,other,,,,,,,,,,,0,,,,,,,,,,,,Mean Height of Participants During the Apremilast Exposure Period
NCT03701763,Apremilast,,secondary,25,other,,,,,,,,,,,0,,,,,,,,,,,,Mean Body Mass Index (BMI) of Participants During the Placebo-controlled Phase
NCT03701763,Apremilast,,secondary,26,other,,,,,,,,,,,0,,,,,,,,,,,,Mean BMI of Participants During the Apremilast Exposure Period
NCT03701763,Apremilast,,secondary,27,count,,,,,,,,,,flare,0,,,,,,,,,,,,Number of Participants Who Experienced a Psoriasis Flare During the Placebo-controlled Phase
NCT03701763,Apremilast,,secondary,28,count,,,,,,,,,,flare,0,,,,,,,,,,,,Number of Participants Who Experienced a Psoriasis Flare During the Apremilast Exposure Period
NCT03701763,Apremilast,,secondary,29,count,,,,,,,,,,,0,,,,,,,,,,,,Number of Participants Who Experienced a Psoriasis Rebound
NCT03713619,Secukinumab,SUNSHINE,primary,1,responder_rate,,,,,,,,,,,1,responder,AN Count,,,percent_improvement_from_baseline,>=,50,percent,,,,Percentage of Participants With Hidradenitis Suppurativa Clinical Response (HiSCR50) (Time frame: 16 weeks)
NCT03713619,Secukinumab,SUNSHINE,secondary,1,percent_change_from_baseline,,,,baseline,16w,,,,,,0,,,,,,,,,,,,Percentage Change From Baseline in AN50 Count at Week 16
NCT03713619,Secukinumab,SUNSHINE,secondary,2,responder_rate,,,,,,,,,,flare,0,,,,,,,,,,,,Percentage of Participants With Hidradenitis Suppurativa (HS) Flares
NCT03713619,Secukinumab,SUNSHINE,secondary,3,responder_rate,,,,,,,,,,,0,,,,,,,,,,,,Percentage of Participants Achieving NRS30
NCT03713632,Secukinumab,SUNRISE,primary,1,responder_rate,,,,,,,,,,,1,responder,AN Count,,,percent_improvement_from_baseline,>=,50,percent,,,,Percentage of Participants With Hidradenitis Suppurativa Clinical Response (HiSCR50) (Time frame: 16 weeks)
NCT03713632,Secukinumab,SUNRISE,secondary,1,percent_change_from_baseline,,,,baseline,,,,,,,0,,,,,,,,,,,,Percentage Change From Baseline in AN Count
NCT03713632,Secukinumab,SUNRISE,secondary,2,responder_rate,,,,,,,,,,flare,0,,,,,,,,,,,,Percentage of Participants With Hidradenitis Suppurativa (HS) Flares
NCT03713632,Secukinumab,SUNRISE,secondary,3,responder_rate,,,,,,,,,,,0,,,,,,,,,,,,Percentage of Participants Achieving NRS30
NCT03720470,Abrocitinib,JADE Compare,primary,1,responder_rate,IGA,,,baseline,12w,,,,,,1,responder,IGA,,,absolute_score,in,"[0, 1]",score,,,,"Percentage of Participants Achieving Investigator's Global Assessment (IGA) Response of Clear (0) or Almost Clear (1) and a Reduction of Greater Than or Equal to (>=) 2 Points From Baseline at Week 12 (Time frame: Baseline (the last measurement prior to first dosing on Day 1), Week 12)"
NCT03720470,Abrocitinib,JADE Compare,primary,1,responder_rate,IGA,,,baseline,12w,,,,,,2,responder,IGA,,,point_reduction_from_baseline,>=,2,points,,,,"Percentage of Participants Achieving Investigator's Global Assessment (IGA) Response of Clear (0) or Almost Clear (1) and a Reduction of Greater Than or Equal to (>=) 2 Points From Baseline at Week 12 (Time frame: Baseline (the last measurement prior to first dosing on Day 1), Week 12)"
NCT03720470,Abrocitinib,JADE Compare,primary,2,responder_rate,EASI,,,baseline,12w,,,,,,1,responder,EASI,,,absolute_score,>=,75,score,,,,"Percentage of Participants Achieving Eczema Area and Severity Index (EASI) Response >=75 Percent (%) Improvement From Baseline at Week 12 (Time frame: Baseline, Week 12)"
NCT03720470,Abrocitinib,JADE Compare,secondary,1,responder_rate,Pruritus NRS,,severity,baseline,2-15d;2w;4w;8w;12w;16w,,,,,,1,responder,Pruritus NRS,,severity,point_reduction_from_baseline,>=,4,points,,,,"Percentage of Participants With at Least 4 Points Improvement in the Numerical Rating Scale (NRS) for Severity of Pruritus From Baseline at Day 2-15, Week 2, 4, 8, 12 and 16"
NCT03720470,Abrocitinib,JADE Compare,secondary,2,responder_rate,IGA,,,baseline,2w;4w;8w;16w,,,,,,1,responder,IGA,,,absolute_score,in,"[0, 1]",score,,,,"Percentage of Participants Achieving IGA Response of Clear (0) or Almost Clear (1) and a Reduction of >=2 Points From Baseline at Week 2, 4, 8 and 16"
NCT03720470,Abrocitinib,JADE Compare,secondary,2,responder_rate,IGA,,,baseline,2w;4w;8w;16w,,,,,,2,responder,IGA,,,point_reduction_from_baseline,>=,2,points,,,,"Percentage of Participants Achieving IGA Response of Clear (0) or Almost Clear (1) and a Reduction of >=2 Points From Baseline at Week 2, 4, 8 and 16"
NCT03720470,Abrocitinib,JADE Compare,secondary,3,responder_rate,EASI,,,baseline,2w;4w;8w;16w,,,,,,1,responder,EASI,,,percent_improvement_from_baseline,>=,75,percent,,,,"Percentage of Participants Achieving EASI Response >=75% Improvement From Baseline at Week 2, 4, 8 and 16"
NCT03720470,Abrocitinib,JADE Compare,secondary,4,responder_rate,EASI,,,baseline,2w;4w;8w;12w;16w,,,,,,1,responder,EASI,,,percent_improvement_from_baseline,>=,50,percent,,,,"Percentage of Participants Achieving EASI Response >=50% Improvement From Baseline at Week 2, 4, 8, 12 and 16"
NCT03720470,Abrocitinib,JADE Compare,secondary,5,responder_rate,EASI,,,baseline,2w;4w;8w;12w;16w,,,,,,1,responder,EASI,,,percent_improvement_from_baseline,>=,90,percent,,,,"Percentage of Participants Achieving EASI Response >=90% Improvement From Baseline at Week 2, 4, 8, 12 and 16"
NCT03720470,Abrocitinib,JADE Compare,secondary,6,responder_rate,EASI,,,baseline,2w;4w;8w;12w;16w,,,,,,1,responder,EASI,,,percent_improvement_from_baseline,==,100,percent,,,,"Percentage of Participants Achieving EASI Response =100% Improvement From Baseline at Week 2, 4, 8, 12 and 16"
NCT03720470,Abrocitinib,JADE Compare,secondary,7,time_to_event,Pruritus NRS,,severity,baseline,,,,,,,1,responder,Pruritus NRS,,severity,point_reduction_from_baseline,>=,4,points,,,,Time From Baseline to First Achieve at Least 4 Points Improvement in the Severity of Pruritus NRS
NCT03720470,Abrocitinib,JADE Compare,secondary,8,change_from_baseline,BSA,,,baseline,2w;4w;8w;12w;16w,,,,,,0,,,,,,,,,,,,"Change From Baseline in Percentage Body Surface Area (BSA) at Week 2, 4, 8, 12 and 16"
NCT03720470,Abrocitinib,JADE Compare,secondary,9,absolute_value,BSA,,,,18w;20w,,,,,,0,,,,,,,,,,,,Percentage BSA at Week 18 and 20
NCT03720470,Abrocitinib,JADE Compare,secondary,10,change_from_baseline,PtGA,,,baseline,2w;4w;8w;12w;16w,,,,,,0,,,,,,,,,,,,"Change From Baseline in Patient Global Assessment (PtGA) at Week 2, 4, 8, 12 and 16"
NCT03720470,Abrocitinib,JADE Compare,secondary,11,change_from_baseline,DLQI,,,baseline,2w;12w;16w,,,,,,0,,,,,,,,,,,,"Change From Baseline in Dermatology Life Quality Index (DLQI) at Week 2, 12 and 16"
NCT03720470,Abrocitinib,JADE Compare,secondary,12,absolute_value,DLQI,,,,20w,,,,,,0,,,,,,,,,,,,DLQI at Week 20
NCT03720470,Abrocitinib,JADE Compare,secondary,13,change_from_baseline,EQ-5D-5L,Index,,baseline,12w;16w,,,,,,0,,,,,,,,,,,,Change From Baseline in EuroQol Quality of Life 5-Dimension 5-Level Scale (EQ-5D-5L) Index Value at Week 12 and 16
NCT03720470,Abrocitinib,JADE Compare,secondary,14,change_from_baseline,EQ-5D-5L,VAS,,baseline,12w;16w,,,,,,0,,,,,,,,,,,,Change From Baseline in EQ-5D-5L Visual Analogue Scale (VAS) Score at Week 12 and 16
NCT03720470,Abrocitinib,JADE Compare,secondary,15,absolute_value,EQ-5D-5L,Index,,,20w,,,,,,0,,,,,,,,,,,,EQ-5D-5L- Index Value at Week 20
NCT03720470,Abrocitinib,JADE Compare,secondary,16,absolute_value,EQ-5D-5L,VAS,,,20w,,,,,,0,,,,,,,,,,,,EQ-5D-5L- VAS Score at Week 20
NCT03720470,Abrocitinib,JADE Compare,secondary,17,change_from_baseline,HADS,Anxiety,,baseline,12w;16w,,,,,,0,,,,,,,,,,,,Change From Baseline in Hospital Anxiety and Depression Scale (HADS) - Anxiety Scale at Week 12 and 16
NCT03720470,Abrocitinib,JADE Compare,secondary,18,change_from_baseline,HADS,Depression,,baseline,12w;16w,,,,,,0,,,,,,,,,,,,Change From Baseline in HADS - Depression Scale at Week 12 and 16
NCT03720470,Abrocitinib,JADE Compare,secondary,19,absolute_value,HADS,Anxiety,,,20w,,,,,,0,,,,,,,,,,,,HADS - Anxiety Scale at Week 20
NCT03720470,Abrocitinib,JADE Compare,secondary,20,absolute_value,HADS,Depression,,,20w,,,,,,0,,,,,,,,,,,,HADS - Depression Scale at Week 20
NCT03720470,Abrocitinib,JADE Compare,secondary,21,change_from_baseline,POEM,,,baseline,12w;16w,,,,,,0,,,,,,,,,,,,Change From Baseline in Patient-Oriented Eczema Measure (POEM) at Week 12 and 16
NCT03720470,Abrocitinib,JADE Compare,secondary,22,absolute_value,POEM,,,,20w,,,,,,0,,,,,,,,,,,,POEM at Week 20
NCT03720470,Abrocitinib,JADE Compare,secondary,23,change_from_baseline,PSAAD,Total,,baseline,1-16w,,,,,,0,,,,,,,,,,,,Change From Baseline in Pruritus and Symptoms Assessment for Atopic Dermatitis (PSAAD) Total Score Week 1 to Week 16
NCT03720470,Abrocitinib,JADE Compare,secondary,24,absolute_value,PSAAD,Total,,,18w;20w,,,,,,0,,,,,,,,,,,,PSAAD Total Score at Week 18 and 20
NCT03720470,Abrocitinib,JADE Compare,secondary,25,responder_rate,SCORAD,,,baseline,2w;4w;8w;12w;16w,,,,,,1,responder,SCORAD,,,percent_improvement_from_baseline,>=,50,percent,,,,"Percentage of Participants With Scoring Atopic Dermatitis (SCORAD) Response >=50% Improvement From Baseline at Week 2, 4, 8, 12 and 16"
NCT03720470,Abrocitinib,JADE Compare,secondary,26,responder_rate,SCORAD,,,baseline,2w;4w;8w,,,,,,1,responder,SCORAD,,,percent_improvement_from_baseline,>=,75,percent,,,,"Percentage of Participants With SCORAD Response >=75% Improvement From Baseline at Week 2, 4, 8 12 and 16"
NCT03720470,Abrocitinib,JADE Compare,secondary,27,change_from_baseline,SCORAD,VAS Itch and Sleep Loss,,baseline,2w;4w;8w,,,,,,0,,,,,,,,,,,,"Change From Baseline in SCORAD Visual Analogue Scale (VAS) of Itch and Sleep Loss at Week 2, 4, 8 12 and 16"
NCT03720470,Abrocitinib,JADE Compare,secondary,28,absolute_value,SCORAD,VAS Itch and Sleep Loss,,,18w;20w,,,,,,0,,,,,,,,,,,,SCORAD VAS of Itch and Sleep Loss at Week 18 and 20
NCT03720470,Abrocitinib,JADE Compare,secondary,29,count,,,,baseline,,16w,,,,steroid_free_days,0,,,,,,,,,,,,Least Square Mean of Number of Steroid-free Days From Baseline up to Week 16
NCT03721172,Apremilast,ADVANCE,primary,1,responder_rate,,,,,16w,,,,,,0,,,,,,,,,,,,Percentage of Participants With a Static Physician Global Assessment (sPGA) Response at Week 16 During the Placebo-Controlled Phase (Time frame: Baseline and Week 16 of the placebo-controlled phase)
NCT03721172,Apremilast,ADVANCE,secondary,1,responder_rate,BSA,,,baseline,16w,,,,,,1,responder,BSA,,,percent_bsa,>=,75,score,,,,Percentage of Participants With a ≥ 75 Percent (%) Improvement From Baseline in Affected Body Surface Area (BSA) at Week 16
NCT03721172,Apremilast,ADVANCE,secondary,2,change_from_baseline,BSA,,,baseline,16w,,,,,,0,,,,,,,,,,,,Change From Baseline in Percentage of Affected BSA at Week 16
NCT03721172,Apremilast,ADVANCE,secondary,3,change_from_baseline,,,,baseline,16w,,,,,,0,,,,,,,,,,,,Change From Baseline in Total Psoriasis Area Severity Index (PASI) Score at Week 16
NCT03721172,Apremilast,ADVANCE,secondary,4,responder_rate,BSA,,,baseline,16w,,,,,,1,responder,BSA,,,percent_bsa,<=,3,percent,,,,Percentage of Participants Who Achieved BSA ≤ 3% for Participants With Baseline Affected BSA > 3% at Week 16
NCT03721172,Apremilast,ADVANCE,secondary,5,responder_rate,Pruritus NRS,,,baseline,16w,,,,,,1,responder,Pruritus NRS,,,point_reduction_from_baseline,>=,4,points,,,,Percentage of Participants With ≥ 4-point Reduction From Baseline in Whole Body Itch Numeric Rating Scale (NRS) Score at Week 16 Who Had Baseline Whole Body Itch NRS ≥ 4
NCT03721172,Apremilast,ADVANCE,secondary,6,responder_rate,,,,baseline,16w,,,,,,1,subgroup,,,,absolute_score,>=,2,score,,,"[""baseline""]",Percentage of Participants With a Scalp Physician Global Assessment (ScPGA) Response at Week 16 Among Participants With Baseline scPGA Score ≥ 2 at Week 16
NCT03721172,Apremilast,ADVANCE,secondary,7,change_from_baseline,DLQI,Total,,baseline,16w,,,,,,0,,,,,,,,,,,,Change From Baseline in Dermatology Life Quality Index (DLQI) Total Score at Week 16
NCT03721172,Apremilast,ADVANCE,secondary,8,count,,,,,,,,,,,0,,,,,,,,,,,,Number of Participants With Treatment-emergent Adverse Events (TEAEs)
NCT03732807,Ritlecitinib,ALLEGRO-2b/3,primary,1,responder_rate,,,,,24w,,,,,,0,,,,,,,,,,,,Percentage of Participants With an Absolute Severity of Alopecia Tool (SALT) Score of Less Than or Equal to 20 at Week 24 (Time frame: Week 24)
NCT03732807,Ritlecitinib,ALLEGRO-2b/3,secondary,1,responder_rate,,,,,24w,,,,,,0,,,,,,,,,,,,Percentage of Participants With an Absolute SALT Score of Less Than or Equal to 10 at Week 24: Analysis 4
NCT03732807,Ritlecitinib,ALLEGRO-2b/3,secondary,2,responder_rate,,,,,24w,,,,,,0,,,,,,,,,,,,Percentage of Participants With an Absolute SALT Score of Less Than or Equal to 10 at Week 24: Analysis 1
NCT03732807,Ritlecitinib,ALLEGRO-2b/3,secondary,3,responder_rate,,,,,24w,,,,,,0,,,,,,,,,,,,Percentage of Participants With Patient Global Impression of Change (PGI-C) Score of Moderately Improved or Greatly Improved at Week 24
NCT03732807,Ritlecitinib,ALLEGRO-2b/3,secondary,4,absolute_value,,,,,24w,,,,,,0,,,,,,,,,,,,Exposure Response of PF-06651600 on Regrowth of Lost Hair Based on Absolute SALT Score of Less Than or Equal to 20 at Week 24: Maximum Effect (Emax) Model
NCT03732807,Ritlecitinib,ALLEGRO-2b/3,secondary,5,absolute_value,,,,,24w,,,,,,0,,,,,,,,,,,,Exposure Response of PF-06651600 on Regrowth of Lost Hair Based on Absolute SALT Score of Less Than or Equal to 10 at Week 24: Maximum Effect (Emax) Model
NCT03732807,Ritlecitinib,ALLEGRO-2b/3,secondary,6,responder_rate,,,,,4w;8w;12w;18w;28w;34w;40w;48w,,,,,,0,,,,,,,,,,,,"Percentage of Participants With an Absolute SALT Score of Less Than or Equal to 20 at Week 4, 8, 12, 18, 28, 34, 40, and 48"
NCT03732807,Ritlecitinib,ALLEGRO-2b/3,secondary,7,responder_rate,,,,,4w;8w;12w;18w;28w;34w;40w;48w,,,,,,0,,,,,,,,,,,,"Percentage of Participants With an Absolute SALT Score of Less Than or Equal to 10 at Week 4, 8, 12, 18, 28, 34, 40, and 48"
NCT03732807,Ritlecitinib,ALLEGRO-2b/3,secondary,8,responder_rate,,,,baseline,4w;8w;12w;18w;24w;28w;34w;40w;48w,,,,,,0,,,,,,,,,,,,"Percentage of Participants With at Least 75% Improvement in SALT Score (SALT75) From Baseline at Week 4, 8, 12, 18, 24, 28, 34, 40, and 48"
NCT03732807,Ritlecitinib,ALLEGRO-2b/3,secondary,9,change_from_baseline,,,,baseline,4w;8w;12w;18w;24w,,,,,,0,,,,,,,,,,,,"Change From Baseline in SALT Score at Week 4, 8, 12, 18, and 24"
NCT03732807,Ritlecitinib,ALLEGRO-2b/3,secondary,10,change_from_baseline,,,,baseline,28w;34w;40w;48w,,,,,,0,,,,,,,,,,,,"Change From Baseline in SALT Score at Week 28, 34, 40, and 48"
NCT03732807,Ritlecitinib,ALLEGRO-2b/3,secondary,11,responder_rate,,,,baseline,4w;8w;12w;18w;24w;28w;34w;40w;48w,,,,,,0,,,,,,,,,,,,"Percentage of Participants With at Least a 2 Grade Improvement From Baseline or a Score of 3 in Eyebrow Assessment (EBA) Score (Among Participants Without Normal EBA at Baseline) at Week 4, 8, 12, 18, 24, 28, 34, 40, and 48"
NCT03732807,Ritlecitinib,ALLEGRO-2b/3,secondary,12,responder_rate,,,,baseline,4w;8w;12w;18w;24w;28w;34w;40w;48w,,,,,,0,,,,,,,,,,,,"Percentage of Participants With at Least a 2 Grade Improvement From Baseline or a Score of 3 in Eyelash Assessment (ELA) Score (Among Participants Without Normal ELA at Baseline) at Week 4, 8, 12, 18, 24, 28, 34, 40, and 48"
NCT03732807,Ritlecitinib,ALLEGRO-2b/3,secondary,13,responder_rate,,,,,4w;8w;12w;18w;24w;34w;40w;48w,,,,,,0,,,,,,,,,,,,"Percentage of Participants With Patient Global Impression of Change (PGI-C) Score of Moderately Improved or Greatly Improved at Week 4, 8, 12, 18, 24, 34, 40, and 48"
NCT03732807,Ritlecitinib,ALLEGRO-2b/3,secondary,14,change_from_baseline,,,,baseline,4w;8w;12w;18w;24w,,,,,,0,,,,,,,,,,,,"Change From Baseline in Alopecia Areata Patient Priority Outcomes (AAPPO) Domain Scores at Week 4, 8, 12, 18, and 24: Emotional Symptoms and Activity Limitations"
NCT03732807,Ritlecitinib,ALLEGRO-2b/3,secondary,15,change_from_baseline,,,,baseline,34w;40w;48w,,,,,,0,,,,,,,,,,,,"Change From Baseline in Alopecia Areata Patient Priority Outcomes (AAPPO) Domain Scores at Week 34, 40, and 48: Emotional Symptoms and Activity Limitations"
NCT03732807,Ritlecitinib,ALLEGRO-2b/3,secondary,16,responder_rate,,,,baseline,4w;8w;12w;18w;24w;34w;40w;48w,,,,,,0,,,,,,,,,,,,"Percentage of Participants With Improvement From Baseline on Alopecia Areata Patient Priority Outcomes (AAPPO) Items 1-4 at Week 4, 8, 12, 18, 24, 34, 40, and 48"
NCT03745638,Ruxolitinib,,primary,1,responder_rate,IGA,,,,8w,,,,,,0,,,,,,,,,,,,Percentage of Participants Who Achieved Investigator's Global Assessment - Treatment Success (IGA-TS) at Week 8 (Time frame: Baseline to Week 8)
NCT03745638,Ruxolitinib,,secondary,1,other,EASI,,,,,,,,,,0,,,,,,,,,,,,VC Period: Percentage of Participants Who Achieved Eczema Area and Severity Index 75 (EASI75)
NCT03745638,Ruxolitinib,,secondary,2,other,Pruritus NRS,,,,,,,,,,0,,,,,,,,,,,,VC Period: Percentage of Participants With a ≥ 4-Point Improvement in Itch Numerical Rating Scale (NRS) Score
NCT03745638,Ruxolitinib,,secondary,3,other,PROMIS,,,,,,,,,,0,,,,,,,,,,,,VC Period: Percentage of Participants With a Clinically Meaningful (≥ 6-Point) Improvement in the Patient-Reported Outcomes Measurement Information System (PROMIS) Short Form - Sleep Disturbance (8b - 24-Hour Recall) Score
NCT03745638,Ruxolitinib,,secondary,4,other,PROMIS,,,,,,,,,,0,,,,,,,,,,,,VC Period: Percentage of Participants With a Clinically Meaningful (≥ 6-Point) Improvement in the PROMIS Short Form - Sleep-Related Impairment (8a - 24-Hour Recall)
NCT03745638,Ruxolitinib,,secondary,5,safety_incidence,,,,,,,,,,TEAE,0,,,,,,,,,,,,VC Period: Percentage of Participants With at Least One Treatment-Emergent Adverse Event (TEAE) and Treatment-Emergent Serious Adverse Event (SAE)
NCT03745638,Ruxolitinib,,secondary,6,safety_incidence,,,,,,,,,,,0,,,,,,,,,,,,LTS Period: Percentage of Participants With at Least One TEAE and Treatment Emergent SAE
NCT03745638,Ruxolitinib,,secondary,7,absolute_value,IGA,,,,2w;4w,,,,,,0,,,,,,,,,,,,VC Period: Percentage of Participants Who Achieved an IGA-TS at Weeks 2 and 4
NCT03745638,Ruxolitinib,,secondary,8,other,IGA,,,,,,,,,,0,,,,,,,,,,,,VC Period: Percentage of Participants Achieving IGA Scores of 0 or 1
NCT03745638,Ruxolitinib,,secondary,9,other,IGA,,,,,,,,,,0,,,,,,,,,,,,LTS Period: Percentage of Participants Achieving IGA Scores of 0 or 1
NCT03745638,Ruxolitinib,,secondary,10,other,Pruritus NRS,,,baseline,2w;4w,,,,,,0,,,,,,,,,,,,VC Period: Percentage of Participants With a ≥ 4-Point Improvement in Itch NRS Score From Baseline to Weeks 2 and 4
NCT03745638,Ruxolitinib,,secondary,11,other,,,,,,,,,,,0,,,,,,,,,,,,VC Period: Percentage of Participants Achieving EASI50
NCT03745638,Ruxolitinib,,secondary,12,other,,,,,,,,,,,0,,,,,,,,,,,,VC Period: Percentage of Participants Achieving EASI75
NCT03745638,Ruxolitinib,,secondary,13,other,,,,,,,,,,,0,,,,,,,,,,,,VC Period: Percentage of Participants Achieving EASI90
NCT03745638,Ruxolitinib,,secondary,14,other,EASI,,,baseline,,,,,,,0,,,,,,,,,,,,VC Period: Percent Change From Baseline in EASI Score
NCT03745638,Ruxolitinib,,secondary,15,other,SCORAD,,,baseline,,,,,,,0,,,,,,,,,,,,VC Period: Percent Change From Baseline In SCORing Atopic Dermatitis (SCORAD) Score
NCT03745638,Ruxolitinib,,secondary,16,other,Pruritus NRS,,,baseline,,,,,,,0,,,,,,,,,,,,VC Period: Change From Baseline in Itch NRS Score
NCT03745638,Ruxolitinib,,secondary,17,other,Pruritus NRS,,,,,,,,,,0,,,,,,,,,,,,"VC Period: Time to Achieve Itch NRS Score Improvement of at Least 2, 3, or 4 Points"
NCT03745638,Ruxolitinib,,secondary,18,other,Pruritus NRS,Skin Pain,,baseline,,,,,,,0,,,,,,,,,,,,VC Period: Change From Baseline in Skin Pain NRS Score
NCT03745638,Ruxolitinib,,secondary,19,other,PROMIS,,,,,,,,,,0,,,,,,,,,,,,VC Period: Percentage of Participants With a Clinically Meaningful (≥ 6-Point) Improvement in the PROMIS Short Form - Sleep Disturbance (8b) 24-Hour Recall Score
NCT03745638,Ruxolitinib,,secondary,20,other,PROMIS,,,,,,,,,,0,,,,,,,,,,,,VC Period: Percentage of Participants With a Clinically Meaningful (≥ 6-Point) Improvement in the PROMIS Short Form - Sleep-Related Impairment (8a) 24-Hour Recall Score
NCT03745638,Ruxolitinib,,secondary,21,other,PROMIS,,,baseline,,,,,,,0,,,,,,,,,,,,VC Period: Change From Baseline in PROMIS Short Form - Sleep Disturbance (8b) 24-Hour Recall Score
NCT03745638,Ruxolitinib,,secondary,22,other,PROMIS,,,baseline,,,,,,,0,,,,,,,,,,,,VC Period: Change From Baseline in PROMIS Short Form - Sleep-Related Impairment (8a) 24-Hour Recall Score
NCT03745638,Ruxolitinib,,secondary,23,other,PROMIS,,,baseline,,,,,,,0,,,,,,,,,,,,LTS Period: Change From Baseline in PROMIS Short Form - Sleep-Related Impairment (8a) 7-Day Recall Score
NCT03745638,Ruxolitinib,,secondary,24,other,PROMIS,,,baseline,,,,,,,0,,,,,,,,,,,,LTS Period: Change From Baseline in PROMIS Short Form - Sleep Disturbance (8b) 7-Day Recall Score
NCT03745638,Ruxolitinib,,secondary,25,other,BSA,,,baseline,,,,,,,0,,,,,,,,,,,,VC Period: Change From Baseline in Atopic Dermatitis Afflicted Percentage of Body Surface Area (%BSA)
NCT03745638,Ruxolitinib,,secondary,26,other,BSA,,,baseline,,,,,,,0,,,,,,,,,,,,LTS Period: Change From Baseline in Atopic Dermatitis Afflicted %BSA
NCT03745638,Ruxolitinib,,secondary,27,other,POEM,,,baseline,,,,,,,0,,,,,,,,,,,,VC Period: Change From Baseline in Patient-Oriented Eczema Measure (POEM) Score
NCT03745638,Ruxolitinib,,secondary,28,other,POEM,,,baseline,,,,,,,0,,,,,,,,,,,,LTS Period: Change From Baseline in POEM Score
NCT03745638,Ruxolitinib,,secondary,29,other,DLQI,,,baseline,,,,,,,0,,,,,,,,,,,,VC Period: Change From Baseline in Dermatology Life Quality Index (DLQI) Score
NCT03745638,Ruxolitinib,,secondary,30,other,DLQI,,,baseline,,,,,,,0,,,,,,,,,,,,LTS Period: Change From Baseline in DLQI Score
NCT03745638,Ruxolitinib,,secondary,31,other,DLQI,,,baseline,,,,,,,0,,,,,,,,,,,,VC Period: Change From Baseline in Children Dermatology Life Quality Index (CDLQI) Score
NCT03745638,Ruxolitinib,,secondary,32,other,CDLQI,,,baseline,,,,,,,0,,,,,,,,,,,,LTS Period: Change From Baseline in CDLQI Score
NCT03745638,Ruxolitinib,,secondary,33,absolute_value,,,,,2w;4w;8w,,,,,,0,,,,,,,,,,,,"VC Period: Mean Patient Global Impression of Change (PGIC) Score at Weeks 2, 4, and 8"
NCT03745638,Ruxolitinib,,secondary,34,absolute_value,,,,,2w;4w;8w,,,,,,0,,,,,,,,,,,,"VC Period: Percentage of Participants With Each Score on the PGIC at Weeks 2, 4, and 8"
NCT03745638,Ruxolitinib,,secondary,35,absolute_value,,,,,2w;4w;8w,,,,,,0,,,,,,,,,,,,"VC Period: Percentage of Participants With a Score of Either 1 or 2 on the PGIC at Weeks 2, 4, and 8"
NCT03745638,Ruxolitinib,,secondary,36,other,EQ-5D-5L,VAS,,baseline,,,,,,,0,,,,,,,,,,,,VC Period: Change From Baseline in EuroQuality of Life Five Dimensions (EQ-5D-5L) Visual Analogue Scale (VAS) Score
NCT03745638,Ruxolitinib,,secondary,37,other,,,,baseline,,,,,,,0,,,,,,,,,,,,VC Period: Change From Baseline in Work Productivity and Activity Impairment Questionnaire: Specific Health Problem (WPAI-SHP) Version 2.0 (v2.0)
NCT03745638,Ruxolitinib,,secondary,38,other,,,,baseline,,,,,,,0,,,,,,,,,,,,LTS Period: Change From Baseline in WPAI-SHP v2.0
NCT03745638,Ruxolitinib,,secondary,39,pharmacokinetics,,,,,,,,,,plasma_concentration,0,,,,,,,,,,,,VC Period: Trough Plasma Concentrations of Ruxolitinib
NCT03745638,Ruxolitinib,,secondary,40,pharmacokinetics,,,,,,,,,,plasma_concentration,0,,,,,,,,,,,,LTS Period: Trough Plasma Concentrations of Ruxolitinib
NCT03745651,Ruxolitinib,,primary,1,absolute_value,IGA,,,,8w,,,,,,0,,,,,,,,,,,,VC Period: Percentage of Participants Who Achieved Investigator's Global Assessment - Treatment Success (IGA-TS) at Week 8 (Time frame: Baseline to Week 8)
NCT03745651,Ruxolitinib,,secondary,1,absolute_value,EASI,,,,8w,,,,,,0,,,,,,,,,,,,VC Period: Percentage of Participants Who Achieved Eczema Area and Severity Index 75 (EASI75) at Week 8
NCT03745651,Ruxolitinib,,secondary,2,other,Pruritus NRS,,,baseline,8w,,,,,,0,,,,,,,,,,,,VC Period: Percentage of Participants With a ≥ 4-Point Improvement in Itch Numerical Rating Scale (NRS) Score From Baseline to Week 8
NCT03745651,Ruxolitinib,,secondary,3,absolute_value,PROMIS,,,,8w,,,,,,0,,,,,,,,,,,,VC Period: Percentage of Participants With a Clinically Meaningful (≥ 6-Point) Improvement in the Patient-Reported Outcomes Measurement Information System (PROMIS) Short Form - Sleep Disturbance (8b - 24-Hour Recall) Score at Week 8
NCT03745651,Ruxolitinib,,secondary,4,absolute_value,PROMIS,,,,8w,,,,,,0,,,,,,,,,,,,VC Period: Percentage of Participants With a Clinically Meaningful (≥ 6-Point) Improvement in the PROMIS Short Form - Sleep-Related Impairment (8a - 24-Hour Recall) Score at Week 8
NCT03745651,Ruxolitinib,,secondary,5,safety_incidence,,,,,,,,,,TEAE,0,,,,,,,,,,,,VC Period: Percentage of Participants With at Least One Treatment-Emergent Adverse Event (TEAE) and Treatment-Emergent Serious Adverse Event (SAE)
NCT03745651,Ruxolitinib,,secondary,6,safety_incidence,,,,,,,,,,,0,,,,,,,,,,,,LTS Period: Percentage of Participants With at Least One TEAE and Treatment Emergent SAE
NCT03745651,Ruxolitinib,,secondary,7,absolute_value,IGA,,,,2w;4w,,,,,,0,,,,,,,,,,,,VC Period: Percentage of Participants Who Achieved an IGA-TS at Weeks 2 and 4
NCT03745651,Ruxolitinib,,secondary,8,other,IGA,,,,,,,,,,0,,,,,,,,,,,,VC Period: Percentage of Participants Achieving an IGA of 0 or 1
NCT03745651,Ruxolitinib,,secondary,9,other,IGA,,,,,,,,,,0,,,,,,,,,,,,LTS Period: Percentage of Participants Achieving an IGA of 0 or 1
NCT03745651,Ruxolitinib,,secondary,10,other,Pruritus NRS,,,baseline,2w;4w,,,,,,0,,,,,,,,,,,,VC Period: Percentage of Participants With a ≥ 4-Point Improvement in Itch NRS Score From Baseline to Weeks 2 and 4
NCT03745651,Ruxolitinib,,secondary,11,other,,,,,,,,,,,0,,,,,,,,,,,,VC Period: Percentage of Participants Who Achieved EASI50
NCT03745651,Ruxolitinib,,secondary,12,absolute_value,,,,,2w;4w,,,,,,0,,,,,,,,,,,,VC Period: Percentage of Participants Who Achieved EASI75 at Weeks 2 and 4
NCT03745651,Ruxolitinib,,secondary,13,other,,,,,,,,,,,0,,,,,,,,,,,,VC Period: Percentage of Participants Who Achieved EASI90
NCT03745651,Ruxolitinib,,secondary,14,other,EASI,,,baseline,,,,,,,0,,,,,,,,,,,,VC Period: Percent Change From Baseline in EASI Score
NCT03745651,Ruxolitinib,,secondary,15,other,SCORAD,,,baseline,,,,,,,0,,,,,,,,,,,,VC Period: Percent Change From Baseline in Scoring Atopic Dermatitis (SCORAD) Score
NCT03745651,Ruxolitinib,,secondary,16,other,Pruritus NRS,,,baseline,,,,,,,0,,,,,,,,,,,,VC Period: Change From Baseline in Itch NRS Score
NCT03745651,Ruxolitinib,,secondary,17,other,Pruritus NRS,,,,,,,,,,0,,,,,,,,,,,,"VC Period: Time to Achieve Itch NRS Score Improvement of at Least 2, 3, or 4 Points"
NCT03745651,Ruxolitinib,,secondary,18,other,Pruritus NRS,Skin Pain,,baseline,,,,,,,0,,,,,,,,,,,,VC Period: Change From Baseline in Skin Pain NRS Score
NCT03745651,Ruxolitinib,,secondary,19,absolute_value,PROMIS,,,,2w;4w,,,,,,0,,,,,,,,,,,,VC Period: Percentage of Participants With a Clinically Meaningful (≥ 6-Point) Improvement in the PROMIS Short Form - Sleep Disturbance (8b) 24-Hour Recall Score at Weeks 2 and 4
NCT03745651,Ruxolitinib,,secondary,20,absolute_value,PROMIS,,,,2w;4w,,,,,,0,,,,,,,,,,,,VC Period: Percentage of Participants With a Clinically Meaningful (≥ 6-Point) Improvement in the PROMIS Short Form - Sleep-Related Impairment (8a) 24-Hour Recall Score at Weeks 2 and 4
NCT03745651,Ruxolitinib,,secondary,21,other,PROMIS,,,baseline,,,,,,,0,,,,,,,,,,,,VC Period: Change From Baseline in PROMIS Short Form - Sleep Disturbance (8b) 24-Hour Recall Score
NCT03745651,Ruxolitinib,,secondary,22,other,PROMIS,,,baseline,,,,,,,0,,,,,,,,,,,,VC Period: Change From Baseline in PROMIS Short Form - Sleep-Related Impairment (8a) 24-Hour Recall Score
NCT03745651,Ruxolitinib,,secondary,23,other,PROMIS,,,baseline,,,,,,,0,,,,,,,,,,,,LTS Period: Change From Baseline in PROMIS Short Form - Sleep-Related Impairment (8a) 7-Day Recall Score
NCT03745651,Ruxolitinib,,secondary,24,other,PROMIS,,,baseline,,,,,,,0,,,,,,,,,,,,LTS Period: Change From Baseline in PROMIS Short Form - Sleep Disturbance (8b) 7-Day Recall Score
NCT03745651,Ruxolitinib,,secondary,25,other,BSA,,,baseline,,,,,,,0,,,,,,,,,,,,VC Period: Change From Baseline in Atopic Dermatitis Afflicted Percentage of Body Surface Area (%BSA)
NCT03745651,Ruxolitinib,,secondary,26,other,BSA,,,baseline,,,,,,,0,,,,,,,,,,,,LTS Period: Change From Baseline in Atopic Dermatitis Afflicted %BSA
NCT03745651,Ruxolitinib,,secondary,27,other,POEM,,,baseline,,,,,,,0,,,,,,,,,,,,VC Period: Change From Baseline in Patient-Oriented Eczema Measure (POEM) Score
NCT03745651,Ruxolitinib,,secondary,28,other,POEM,,,baseline,,,,,,,0,,,,,,,,,,,,LTS Period: Change From Baseline in POEM Score
NCT03745651,Ruxolitinib,,secondary,29,other,DLQI,,,baseline,,,,,,,0,,,,,,,,,,,,VC Period: Change From Baseline in Dermatology Life Quality Index (DLQI) Score
NCT03745651,Ruxolitinib,,secondary,30,other,DLQI,,,baseline,,,,,,,0,,,,,,,,,,,,LTS Period: Change From Baseline in DLQI Score
NCT03745651,Ruxolitinib,,secondary,31,other,DLQI,,,baseline,,,,,,,0,,,,,,,,,,,,VC Period: Change From Baseline in Children Dermatology Life Quality Index (CDLQI) Score
NCT03745651,Ruxolitinib,,secondary,32,other,CDLQI,,,baseline,,,,,,,0,,,,,,,,,,,,LTS Period: Change From Baseline in CDLQI Score
NCT03745651,Ruxolitinib,,secondary,33,absolute_value,,,,,2w;4w;8w,,,,,,0,,,,,,,,,,,,"VC Period: Mean Patient Global Impression of Change (PGIC) Score at Weeks 2, 4, and 8"
NCT03745651,Ruxolitinib,,secondary,34,absolute_value,,,,,2w;4w;8w,,,,,,0,,,,,,,,,,,,"VC Period: Percentage of Participants With Each Score on the PGIC at Weeks 2, 4, and 8"
NCT03745651,Ruxolitinib,,secondary,35,absolute_value,,,,,2w;4w;8w,,,,,,0,,,,,,,,,,,,"VC Period: Percentage of Participants With a Score of Either 1 or 2 on the PGIC at Weeks 2, 4, and 8"
NCT03745651,Ruxolitinib,,secondary,36,other,EQ-5D-5L,VAS,,baseline,,,,,,,0,,,,,,,,,,,,VC Period: Change From Baseline in EuroQuality of Life Five Dimensions (EQ-5D-5L) Visual Analogue Scale (VAS) Score
NCT03745651,Ruxolitinib,,secondary,37,other,,,,baseline,,,,,,,0,,,,,,,,,,,,VC Period: Change From Baseline in Work Productivity and Activity Impairment Questionnaire: Specific Health Problem (WPAI-SHP) Version 2.0 (v2.0)
NCT03745651,Ruxolitinib,,secondary,38,other,,,,baseline,,,,,,,0,,,,,,,,,,,,LTS Period: Change From Baseline in WPAI-SHP v2.0
NCT03745651,Ruxolitinib,,secondary,39,pharmacokinetics,,,,,,,,,,plasma_concentration,0,,,,,,,,,,,,VC Period: Trough Plasma Concentrations of Ruxolitinib
NCT03745651,Ruxolitinib,,secondary,40,pharmacokinetics,,,,,,,,,,plasma_concentration,0,,,,,,,,,,,,LTS Period: Trough Plasma Concentrations of Ruxolitinib
NCT03761537,Tralokinumab,ECZTRA 7,primary,1,other,EASI,,,,0-16w,,,,,,0,,,,,,,,,,,,At Least 75% Reduction in Eczema Area and Severity Index (EASI75) From Week 0 to Week 16 (Time frame: Week 0 to Week 16)
NCT03761537,Tralokinumab,ECZTRA 7,secondary,1,responder_rate,Pruritus NRS,,worst_daily_weekly_average,,0-16w,,,,,,0,,,,,,,,,,,,Reduction of Worst Daily Pruritus Numeric Rating Scale (NRS) (Weekly Average) of at Least 4 From Week 0 to Week 16
NCT03761537,Tralokinumab,ECZTRA 7,secondary,2,change_from_baseline,SCORAD,,,,0-16w,,,,,,0,,,,,,,,,,,,Change in Scoring Atopic Dermatitis (SCORAD) From Week 0 to Week 16
NCT03761537,Tralokinumab,ECZTRA 7,secondary,3,change_from_baseline,DLQI,,,,0-16w,,,,,,0,,,,,,,,,,,,Change in Dermatology Life Quality Index (DLQI) Score From Week 0 to Week 16
NCT03761537,Tralokinumab,ECZTRA 7,secondary,4,absolute_value,IGA,,,,16w,,,,,,0,,,,,,,,,,,,Investigator's Global Assessment (IGA) Score of 0 (Clear) or 1 (Almost Clear) at Week 16
NCT03761537,Tralokinumab,ECZTRA 7,secondary,5,other,EASI,,,,0-26w,,,,,,0,,,,,,,,,,,,At Least 75% Reduction in Eczema Area and Severity Index (EASI75) From Week 0 to Week 26
NCT03761537,Tralokinumab,ECZTRA 7,secondary,6,responder_rate,Pruritus NRS,,worst_daily_weekly_average,,0-26w,,,,,,0,,,,,,,,,,,,Reduction of Worst Daily Pruritus Numeric Rating Scale (NRS) (Weekly Average) of at Least 4 From Week 0 to Week 26
NCT03761537,Tralokinumab,ECZTRA 7,secondary,7,change_from_baseline,SCORAD,,,,0-26w,,,,,,0,,,,,,,,,,,,Change in Scoring Atopic Dermatitis (SCORAD) From Week 0 to Week 26
NCT03761537,Tralokinumab,ECZTRA 7,secondary,8,change_from_baseline,DLQI,,,,0-26w,,,,,,0,,,,,,,,,,,,Change in Dermatology Life Quality Index (DLQI) Score From Week 0 to Week 26
NCT03761537,Tralokinumab,ECZTRA 7,secondary,9,absolute_value,IGA,,,,26w,,,,,,0,,,,,,,,,,,,Investigator's Global Assessment (IGA) Score of 0 (Clear) or 1 (Almost Clear) at Week 26
NCT03761537,Tralokinumab,ECZTRA 7,secondary,10,immunogenicity,,,,,0-40w,,,,,anti_drug_antibodies,0,,,,,,,,,,,,Frequency of Anti-drug Antibodies (ADA) From Week 0 to Week 40
NCT03761537,Tralokinumab,ECZTRA 7,secondary,11,count,,,,,0-40w,,,,,,0,,,,,,,,,,,,Number of Adverse Events From Week 0 to Week 40
NCT03761784,Tretinoin and Benzoyl Peroxide,Trial 1,primary,1,responder_rate,IGA,,,baseline,12w,,,,double_blind,,1,responder,IGA,,,absolute_score,<=,1,score,0,4,"[""week_12""]",Percentage of Participants Achieving an IGA Score of Clear or Almost Clear and a Score >=2 Grades Less Than Baseline
NCT03761784,Tretinoin and Benzoyl Peroxide,Trial 1,primary,1,responder_rate,IGA,,,baseline,12w,,,,double_blind,,2,responder,IGA,,,point_improvement_from_baseline,>=,2,points,0,4,"[""week_12""]",Percentage of Participants Achieving an IGA Score of Clear or Almost Clear and a Score >=2 Grades Less Than Baseline
NCT03761784,Tretinoin and Benzoyl Peroxide,Trial 1,primary,2,change_from_baseline,Inflammatory Lesion Count,,,baseline,12w,,,,double_blind,,0,,,,,,,,,,,,Change From Baseline in Inflammatory Lesion Counts on the Face at Week 12
NCT03761784,Tretinoin and Benzoyl Peroxide,Trial 1,primary,3,change_from_baseline,Noninflammatory Lesion Count,,,baseline,12w,,,,double_blind,,0,,,,,,,,,,,,Change From Baseline in Non-Inflammatory Lesion Counts on the Face at Week 12
NCT03761784,Tretinoin and Benzoyl Peroxide,Trial 1,secondary,1,percent_change_from_baseline,Noninflammatory Lesion Count,,,baseline,12w,,,,double_blind,,0,,,,,,,,,,,,Percent Change From Baseline in Non-Inflammatory Lesion Counts on the Face at Week 12
NCT03761784,Tretinoin and Benzoyl Peroxide,Trial 1,secondary,2,percent_change_from_baseline,Inflammatory Lesion Count,,,baseline,12w,,,,double_blind,,0,,,,,,,,,,,,Percent Change From Baseline in Inflammatory Lesion Counts on the Face at Week 12
NCT03761784,Tretinoin and Benzoyl Peroxide,Trial 1,secondary,3,responder_rate,Pre-Face,Item 1 Pimple,,baseline,12w,,,,double_blind,,1,responder,Pre-Face,Item 1 Pimple,,point_improvement_from_baseline,>=,4,points,0,10,"[""week_12""]",Percentage of Participants Achieving at Least a 4-Point Reduction on Item 1 (Pimple) of the Patient-Reported Evaluation of Facial Acne (Pre-Face)
NCT03761784,Tretinoin and Benzoyl Peroxide,Trial 1,secondary,4,responder_rate,Pre-Face,Item 5 Embarrassment,,baseline,12w,,,,double_blind,,1,responder,Pre-Face,Item 5 Embarrassment,,point_improvement_from_baseline,>=,4,points,0,10,"[""week_12""]",Percentage of Participants Achieving at Least a 4-Point Reduction on Item 5 (Embarrassment) of the Pre-Face
NCT03761784,Tretinoin and Benzoyl Peroxide,Trial 1,secondary,5,change_from_baseline,Noninflammatory Lesion Count,,,baseline,8w,,,,double_blind,,0,,,,,,,,,,,,Change From Baseline in Non-Inflammatory Lesion Counts on the Face at Week 8
NCT03761784,Tretinoin and Benzoyl Peroxide,Trial 1,secondary,6,change_from_baseline,Inflammatory Lesion Count,,,baseline,8w,,,,double_blind,,0,,,,,,,,,,,,Change From Baseline in Inflammatory Lesion Counts on the Face at Week 8
NCT03761784,Tretinoin and Benzoyl Peroxide,Trial 1,secondary,7,change_from_baseline,Noninflammatory Lesion Count,,,baseline,4w,,,,double_blind,,0,,,,,,,,,,,,Change From Baseline in Non-Inflammatory Lesion Counts on the Face at Week 4
NCT03761784,Tretinoin and Benzoyl Peroxide,Trial 1,secondary,8,change_from_baseline,Inflammatory Lesion Count,,,baseline,4w,,,,double_blind,,0,,,,,,,,,,,,Change From Baseline in Inflammatory Lesion Counts on the Face at Week 4
NCT03761810,Tretinoin and Benzoyl Peroxide,Trial 2,primary,1,responder_rate,IGA,,,baseline,12w,,,,double_blind,,1,responder,IGA,,,absolute_score,<=,1,score,0,4,"[""week_12""]",Percentage of Participants Achieving an IGA Score of Clear or Almost Clear and a Score >=2 Grades Less Than Baseline
NCT03761810,Tretinoin and Benzoyl Peroxide,Trial 2,primary,1,responder_rate,IGA,,,baseline,12w,,,,double_blind,,2,responder,IGA,,,point_improvement_from_baseline,>=,2,points,0,4,"[""week_12""]",Percentage of Participants Achieving an IGA Score of Clear or Almost Clear and a Score >=2 Grades Less Than Baseline
NCT03761810,Tretinoin and Benzoyl Peroxide,Trial 2,primary,2,change_from_baseline,Inflammatory Lesion Count,,,baseline,12w,,,,double_blind,,0,,,,,,,,,,,,Change From Baseline in Inflammatory Lesion Counts on the Face at Week 12
NCT03761810,Tretinoin and Benzoyl Peroxide,Trial 2,primary,3,change_from_baseline,Noninflammatory Lesion Count,,,baseline,12w,,,,double_blind,,0,,,,,,,,,,,,Change From Baseline in Non-Inflammatory Lesion Counts on the Face at Week 12
NCT03761810,Tretinoin and Benzoyl Peroxide,Trial 2,secondary,1,percent_change_from_baseline,Noninflammatory Lesion Count,,,baseline,12w,,,,double_blind,,0,,,,,,,,,,,,Percent Change From Baseline in Non-Inflammatory Lesion Counts on the Face at Week 12
NCT03761810,Tretinoin and Benzoyl Peroxide,Trial 2,secondary,2,percent_change_from_baseline,Inflammatory Lesion Count,,,baseline,12w,,,,double_blind,,0,,,,,,,,,,,,Percent Change From Baseline in Inflammatory Lesion Counts on the Face at Week 12
NCT03761810,Tretinoin and Benzoyl Peroxide,Trial 2,secondary,3,responder_rate,Pre-Face,Item 1 Pimple,,baseline,12w,,,,double_blind,,1,responder,Pre-Face,Item 1 Pimple,,point_improvement_from_baseline,>=,4,points,0,10,"[""week_12""]",Percentage of Participants Achieving at Least a 4-Point Reduction on Item 1 (Pimple) of the Patient-Reported Evaluation of Facial Acne (Pre-Face)
NCT03761810,Tretinoin and Benzoyl Peroxide,Trial 2,secondary,4,responder_rate,Pre-Face,Item 5 Embarrassment,,baseline,12w,,,,double_blind,,1,responder,Pre-Face,Item 5 Embarrassment,,point_improvement_from_baseline,>=,4,points,0,10,"[""week_12""]",Percentage of Participants Achieving at Least a 4-Point Reduction on Item 5 (Embarrassment) of the Pre-Face
NCT03761810,Tretinoin and Benzoyl Peroxide,Trial 2,secondary,5,change_from_baseline,Noninflammatory Lesion Count,,,baseline,8w,,,,double_blind,,0,,,,,,,,,,,,Change From Baseline in Non-Inflammatory Lesion Counts on the Face at Week 8
NCT03761810,Tretinoin and Benzoyl Peroxide,Trial 2,secondary,6,change_from_baseline,Inflammatory Lesion Count,,,baseline,8w,,,,double_blind,,0,,,,,,,,,,,,Change From Baseline in Inflammatory Lesion Counts on the Face at Week 8
NCT03761810,Tretinoin and Benzoyl Peroxide,Trial 2,secondary,7,change_from_baseline,Noninflammatory Lesion Count,,,baseline,4w,,,,double_blind,,0,,,,,,,,,,,,Change From Baseline in Non-Inflammatory Lesion Counts on the Face at Week 4
NCT03761810,Tretinoin and Benzoyl Peroxide,Trial 2,secondary,8,change_from_baseline,Inflammatory Lesion Count,,,baseline,4w,,,,double_blind,,0,,,,,,,,,,,,Change From Baseline in Inflammatory Lesion Counts on the Face at Week 4
NCT03777436,Apremilast,DISCREET,primary,1,responder_rate,,,,,16w,,,,,,0,,,,,,,,,,,,Percentage of Participants With a Modified sPGA-G Response at Week 16 (Time frame: Baseline and Week 16 of the Placebo-controlled Phase)
NCT03777436,Apremilast,DISCREET,secondary,1,responder_rate,,,,,16w,,,,,,0,,,,,,,,,,,,Percentage of Participants With a Static Physician Global Assessment (sPGA) Response at Week 16
NCT03777436,Apremilast,DISCREET,secondary,2,responder_rate,Pruritus NRS,,,,16w,,,,,,0,,,,,,,,,,,,Percentage of Participants With a Genital Psoriasis Itch Numeric Rating Scale (GPI-NRS) Response at Week 16
NCT03777436,Apremilast,DISCREET,secondary,3,change_from_baseline,BSA,,,baseline,16w,,,,,,0,,,,,,,,,,,,Change From Baseline in Affected Body Surface Area (BSA) at Week 16
NCT03777436,Apremilast,DISCREET,secondary,4,change_from_baseline,DLQI,,,baseline,16w,,,,,,0,,,,,,,,,,,,Change From Baseline in Dermatology Life Quality Index (DLQI) at Week 16
NCT03777436,Apremilast,DISCREET,secondary,5,change_from_baseline,,,,baseline,16w,,,,,,0,,,,,,,,,,,,Change From Baseline in Genital Psoriasis Symptoms Scale (GPSS) Total Score at Week 16
NCT03782792,Spesolimab,,primary,1,absolute_value,GPPGA,pustulation subscore,,,1w,,,,,,0,,,,,,,,,,,,Proportion of Patients With a Generalized Pustular Psoriasis Physician Global Assessment (GPPGA) Pustulation Subscore of 0 Indicating no Visible Pustules at Week 1
NCT03782792,Spesolimab,,secondary,1,absolute_value,,,,,1w,,,,,,0,,,,,,,,,,,,Key Secondary: Proportion of Patients With a Generalized Pustular Psoriasis Physician Global Assessment (GPPGA) Score of 0 or 1 at Week 1
NCT03782792,Spesolimab,,secondary,2,other,,,,,4w,,,,,,0,,,,,,,,,,,,Proportion of Patients With a Psoriasis Area and Severity Index for Generalized Pustular Psoriasis (GPPASI) 75 at Week 4
NCT03782792,Spesolimab,,secondary,3,change_from_baseline,Pain VAS,,,baseline,4w,,,,,,0,,,,,,,,,,,,Change From Baseline in Pain Visual Analog Scale (VAS) Score at Week 4
NCT03782792,Spesolimab,,secondary,4,change_from_baseline,PSS,,,baseline,4w,,,,,,0,,,,,,,,,,,,Change From Baseline in Psoriasis Symptom Scale (PSS) Score at Week 4
NCT03782792,Spesolimab,,secondary,5,change_from_baseline,FACIT-Fatigue,,,baseline,4w,,,,,,0,,,,,,,,,,,,Change From Baseline in Functional Assessment of Chronic Illness Therapy (FACIT) - Fatigue Score at Week 4
NCT03782792,Spesolimab,,secondary,6,absolute_value,,,,,4w,,,,,,0,,,,,,,,,,,,Proportion of Patients With a Generalized Pustular Psoriasis Physician Global Assessment (GPPGA) Score of 0 or 1 at Week 4
NCT03782792,Spesolimab,,secondary,7,absolute_value,,,,,4w,,,,,,0,,,,,,,,,,,,Proportion of Patients With a Generalized Pustular Psoriasis Physician Global Assessment (GPPGA) Pustulation Sub-score of 0 Indicating no Visible Pustules at Week 4
NCT03782792,Spesolimab,,secondary,8,other,,,,,4w,,,,,,0,,,,,,,,,,,,Proportion of Patients With a Generalized Pustular Psoriasis Area and Severity Index (GPPASI) 50 at Week 4
NCT03782792,Spesolimab,,secondary,9,percent_change_from_baseline,GPPASI,,,baseline,4w,,,,,,0,,,,,,,,,,,,Percent Change in Generalized Pustular Psoriasis Area and Severity Index (GPPASI) From Baseline at Week 4
NCT03782792,Spesolimab,,secondary,10,other,,,,,1w,,,,,,0,,,,,,,,,,,,Proportion of Patients With a Generalized Pustular Psoriasis Area and Severity Index (GPPASI) 50 at Week 1
NCT03782792,Spesolimab,,secondary,11,percent_change_from_baseline,GPPASI,,,baseline,1w,,,,,,0,,,,,,,,,,,,Percent Change in Generalized Pustular Psoriasis Area and Severity Index (GPPASI) From Baseline at Week 1
NCT03782792,Spesolimab,,secondary,12,other,,,,,,,,,,,0,,,,,,,,,,,,Occurrence of Treatment Emergent Adverse Events (TEAEs) up to Week 1
NCT03782792,Spesolimab,,secondary,13,count,,,,,,,,,,,0,,,,,,,,,,,,Number of Patients With Treatment Emergent Adverse Events (TEAEs) up to Week 1
NCT03782792,Spesolimab,,secondary,14,other,,,,,,,,,,,0,,,,,,,,,,,,Occurrence of Treatment Emergent Adverse Events (TEAEs) Within the Treatment Phase
NCT03782792,Spesolimab,,secondary,15,count,,,,,,,,,,,0,,,,,,,,,,,,Number of Patients With Treatment Emergent Adverse Events (TEAEs) Within the Treatment Phase
NCT03796676,Abrocitinib,JADE TEEN,primary,1,responder_rate,IGA,,,baseline,12w,,,,,,1,responder,IGA,,,absolute_score,in,"[0, 1]",score,,,,Percentage of Participants Achieving Investigator's Global Assessment (IGA) Response of 'Clear' (0) or 'Almost Clear' (1) and ≥2 Points Improvement From Baseline at Week 12 (Time frame: Baseline to Week 12)
NCT03796676,Abrocitinib,JADE TEEN,primary,1,responder_rate,IGA,,,baseline,12w,,,,,,2,responder,IGA,,,point_reduction_from_baseline,>=,2,points,,,,Percentage of Participants Achieving Investigator's Global Assessment (IGA) Response of 'Clear' (0) or 'Almost Clear' (1) and ≥2 Points Improvement From Baseline at Week 12 (Time frame: Baseline to Week 12)
NCT03796676,Abrocitinib,JADE TEEN,primary,2,responder_rate,EASI,,,baseline,12w,,,,,,1,responder,EASI,,,percent_improvement_from_baseline,>=,75,percent,,,,Percentage of Participants Achieving Eczema Area and Severity Index (EASI) Response ≥ 75% Improvement From Baseline at Week 12 (Time frame: Baseline to Week 12)
NCT03796676,Abrocitinib,JADE TEEN,secondary,1,responder_rate,Pruritus NRS,,peak_daily,baseline,2w;4w;12w,,,,,,1,responder,Pruritus NRS,,peak_daily,point_reduction_from_baseline,>=,4,points,,,,"Percentage of Participants Achieving ≥4 Points Improvement From Baseline in Peak Pruritis Numeric Rating Scale (PP-NRS) for Severity of Pruritus at Weeks 2, 4 and 12"
NCT03796676,Abrocitinib,JADE TEEN,secondary,2,change_from_baseline,PSAAD,,,baseline,12w,,,,,,0,,,,,,,,,,,,Change From Baseline in Pruritus and Symptoms Assessment for Atopic Dermatitis (PSAAD) at Week 12
NCT03796676,Abrocitinib,JADE TEEN,secondary,3,responder_rate,IGA,,,baseline,12w,,,,,,1,responder,IGA,,,absolute_score,in,"[0, 1]",score,,,,Percentage of Participants Achieving IGA Response of 'Clear' or 'Almost Clear' and ≥2 Points Improvement From Baseline at All Scheduled Time Points Except Week 12
NCT03796676,Abrocitinib,JADE TEEN,secondary,3,responder_rate,IGA,,,baseline,12w,,,,,,2,responder,IGA,,,point_reduction_from_baseline,>=,2,points,,,,Percentage of Participants Achieving IGA Response of 'Clear' or 'Almost Clear' and ≥2 Points Improvement From Baseline at All Scheduled Time Points Except Week 12
NCT03796676,Abrocitinib,JADE TEEN,secondary,4,responder_rate,EASI,,,baseline,12w,,,,,,1,responder,EASI,,,percent_improvement_from_baseline,>=,75,percent,,,,Percentage of Participants Achieving EASI Response ≥ 75% Improvement From Baseline at All Scheduled Time Points Except Week 12
NCT03796676,Abrocitinib,JADE TEEN,secondary,5,responder_rate,EASI,,,baseline,,,,,,,1,responder,EASI,,,percent_improvement_from_baseline,>=,50,percent,,,,Percentage of Participants Achieving EASI Response ≥ 50% Improvement From Baseline
NCT03796676,Abrocitinib,JADE TEEN,secondary,6,responder_rate,EASI,,,baseline,,,,,,,1,responder,EASI,,,percent_improvement_from_baseline,>=,90,percent,,,,Percentage of Participants Achieving EASI Response ≥ 90% Improvement From Baseline
NCT03796676,Abrocitinib,JADE TEEN,secondary,7,responder_rate,EASI,,,baseline,,,,,,,1,responder,EASI,,,percent_improvement_from_baseline,==,100,percent,,,,Percentage of Participants Achieving EASI Response =100% Improvement From Baseline
NCT03796676,Abrocitinib,JADE TEEN,secondary,8,percent_change_from_baseline,EASI,,,baseline,,,,,,,0,,,,,,,,,,,,Percent Change From Baseline in EASI Score
NCT03796676,Abrocitinib,JADE TEEN,secondary,9,responder_rate,Pruritus NRS,,severity,baseline,2w;4w;12w,,,,,,1,responder,Pruritus NRS,,severity,point_reduction_from_baseline,>=,4,points,,,,"Percentage of Participants Achieving ≥4 Points Improvement From Baseline in PP-NRS for Severity of Pruritus at All Scheduled Time Points Other Than Weeks 2, 4 and 12"
NCT03796676,Abrocitinib,JADE TEEN,secondary,10,time_to_event,Pruritus NRS,,severity,baseline,,,,,,,1,responder,Pruritus NRS,,severity,point_reduction_from_baseline,>=,4,points,,,,Time to First Achieve ≥4 Points Improvement From Baseline in PP-NRS for Severity of Pruritus
NCT03796676,Abrocitinib,JADE TEEN,secondary,11,percent_change_from_baseline,Pruritus NRS,,severity,baseline,,,,,,,0,,,,,,,,,,,,Percent Change From Baseline in PP-NRS for Severity of Pruritus
NCT03796676,Abrocitinib,JADE TEEN,secondary,12,change_from_baseline,BSA,,,baseline,,,,,,,0,,,,,,,,,,,,Change From Baseline in Percentage Body Surface Area (BSA)
NCT03796676,Abrocitinib,JADE TEEN,secondary,13,percent_change_from_baseline,BSA,,,baseline,,,,,,,0,,,,,,,,,,,,Percent Change From Baseline in Percentage BSA
NCT03796676,Abrocitinib,JADE TEEN,secondary,14,responder_rate,BSA,,,,12w,,,,,,1,responder,BSA,,,percent_bsa,<,5,percent,,,,Percentage of Participants Achieving Percentage BSA < 5% at Week 12
NCT03796676,Abrocitinib,JADE TEEN,secondary,15,responder_rate,SCORAD,,,baseline,,,,,,,1,responder,SCORAD,,,percent_improvement_from_baseline,>=,50,percent,,,,Percentage of Participants Achieving Scoring Atopic Dermatitis (SCORAD) Response ≥ 50% Improvement From Baseline
NCT03796676,Abrocitinib,JADE TEEN,secondary,16,responder_rate,SCORAD,,,baseline,,,,,,,1,responder,SCORAD,,,percent_improvement_from_baseline,>=,75,percent,,,,Percentage of Participants Achieving SCORAD Response ≥ 75% Improvement From Baseline
NCT03796676,Abrocitinib,JADE TEEN,secondary,17,change_from_baseline,SCORAD,Total,,baseline,,,,,,,0,,,,,,,,,,,,Change From Baseline in SCORAD Total Score
NCT03796676,Abrocitinib,JADE TEEN,secondary,18,percent_change_from_baseline,SCORAD,Total,,baseline,,,,,,,0,,,,,,,,,,,,Percent Change From Baseline in SCORAD Total Score
NCT03796676,Abrocitinib,JADE TEEN,secondary,19,change_from_baseline,SCORAD,VAS,,baseline,,,,,,,0,,,,,,,,,,,,Change From Baseline in SCORAD Subjective Visual Analogue Scale (VAS) of Sleep Loss
NCT03796676,Abrocitinib,JADE TEEN,secondary,20,percent_change_from_baseline,SCORAD,VAS,,baseline,,,,,,,0,,,,,,,,,,,,Percent Change From Baseline in SCORAD Subjective VAS of Sleep Loss
NCT03796676,Abrocitinib,JADE TEEN,secondary,21,count,,,,,,88d,,,,,0,,,,,,,,,,,,Number of Days When a Corticosteroid Not Used up to Day 88
NCT03796676,Abrocitinib,JADE TEEN,secondary,22,change_from_baseline,CDLQI,,,baseline,,,,,,,0,,,,,,,,,,,,Change From Baseline in Children's Dermatology Life Quality Index (DLQI)
NCT03796676,Abrocitinib,JADE TEEN,secondary,23,responder_rate,DLQI,,,baseline,,,,,,,1,responder,DLQI,,,point_reduction_from_baseline,>=,2.5,points,,,,Percentage of Participants With ≥2.5 Points at Baseline and Achieving ≥2.5 Points Improvement From Baseline in Children's DLQI
NCT03796676,Abrocitinib,JADE TEEN,secondary,23,responder_rate,DLQI,,,baseline,,,,,,,2,subgroup,DLQI,,,absolute_score,>=,2.5,score,,,"[""baseline""]",Percentage of Participants With ≥2.5 Points at Baseline and Achieving ≥2.5 Points Improvement From Baseline in Children's DLQI
NCT03796676,Abrocitinib,JADE TEEN,secondary,24,change_from_baseline,HADS,,,baseline,,,,,,,0,,,,,,,,,,,,Change From Baseline in Anxiety of Hospital Anxiety and Depression Scale (HADS)
NCT03796676,Abrocitinib,JADE TEEN,secondary,25,change_from_baseline,HADS,,,baseline,,,,,,,0,,,,,,,,,,,,Change From Baseline in Depression of HADS
NCT03796676,Abrocitinib,JADE TEEN,secondary,26,change_from_baseline,POEM,,,baseline,,,,,,,0,,,,,,,,,,,,Change From Baseline in Patient-Oriented Eczema Measure (POEM)
NCT03796676,Abrocitinib,JADE TEEN,secondary,27,change_from_baseline,,,,baseline,12w,,,,,,0,,,,,,,,,,,,Change From Baseline in Dermatitis Family Impact (DFI) at Week 12
NCT03796676,Abrocitinib,JADE TEEN,secondary,28,change_from_baseline,PtGA,,,baseline,,,,,,,0,,,,,,,,,,,,Change From Baseline in Patient Global Assessment (PtGA)
NCT03796676,Abrocitinib,JADE TEEN,secondary,29,responder_rate,PtGA,,,baseline,,,,,,,1,responder,PtGA,,,absolute_score,in,"[0, 1]",score,,,,Percentage of Participants With ≥2 Points at Baseline and Achieving 'Clear' or 'Almost Clear' and ≥2 Points Improvement From Baseline in PtGA
NCT03796676,Abrocitinib,JADE TEEN,secondary,29,responder_rate,PtGA,,,baseline,,,,,,,2,responder,PtGA,,,point_reduction_from_baseline,>=,2,points,,,,Percentage of Participants With ≥2 Points at Baseline and Achieving 'Clear' or 'Almost Clear' and ≥2 Points Improvement From Baseline in PtGA
NCT03796676,Abrocitinib,JADE TEEN,secondary,29,responder_rate,PtGA,,,baseline,,,,,,,3,subgroup,PtGA,,,absolute_score,>=,2,score,,,"[""baseline""]",Percentage of Participants With ≥2 Points at Baseline and Achieving 'Clear' or 'Almost Clear' and ≥2 Points Improvement From Baseline in PtGA
NCT03796676,Abrocitinib,JADE TEEN,secondary,30,change_from_baseline,EQ-5D-Y,VAS,,baseline,,,,,,,0,,,,,,,,,,,,Change From Baseline in EuroQol Quality of Life 5-Dimension Youth Scale (EQ-5D-Y) VAS Score
NCT03796676,Abrocitinib,JADE TEEN,secondary,31,change_from_baseline,Peds-FACIT-F,,,baseline,12w,,,,,,0,,,,,,,,,,,,Change From Baseline in Pediatric Functional Assessment of Chronic Illness Therapy Fatigue Scale (Peds-FACIT-F) at Week 12
NCT03796676,Abrocitinib,JADE TEEN,secondary,32,count,,,,,,,,,,TEAE,0,,,,,,,,,,,,Number of Participants With Treatment Emergent Adverse Events (TEAEs)
NCT03796676,Abrocitinib,JADE TEEN,secondary,33,count,,,,,,,,,,,0,,,,,,,,,,,,Number of Participants With Serious Adverse Events (SAEs)
NCT03796676,Abrocitinib,JADE TEEN,secondary,34,count,,,,,,,,,,,0,,,,,,,,,,,,Number of Participants Who Discontinued From the Study Due to TEAEs
NCT03796676,Abrocitinib,JADE TEEN,secondary,35,count,,,,baseline,,,,,,,0,,,,,,,,,,,,Number of Participants With Laboratory Test Abnormalities (Without Regard to Baseline Abnormality)
NCT03796676,Abrocitinib,JADE TEEN,secondary,36,count,,,,,,,,,,,0,,,,,,,,,,,,Number of Participants With Electrocardiogram (ECG) Data Meeting Prespecified Criteria
NCT03796676,Abrocitinib,JADE TEEN,secondary,37,other,,,,,,,,,,,0,,,,,,,,,,,,Categorization of Vital Signs Data Meeting Prespecified Criteria
NCT03796676,Abrocitinib,JADE TEEN,secondary,38,other,,,,,,,,,,,0,,,,,,,,,,,,Fold Increase of Immunoglobulin G (IgG) Concentrations Against Specific Vaccine Antigens at 4 Weeks Post-Vaccination
NCT03796676,Abrocitinib,JADE TEEN,secondary,39,absolute_value,,,,,8w,,,,,,0,,,,,,,,,,,,Plasma PF-04965842 Concentration at Week 8
NCT03796676,Abrocitinib,JADE TEEN,secondary,40,absolute_value,,,,,12w,,,,,,0,,,,,,,,,,,,Plasma PF-04965842 Concentration at Week 12
NCT03836287,Sofpironium Bromide,CARDIGAN 1,primary,1,responder_rate,HDSM-Ax-7,,,baseline,43d,,,,double_blind,,1,responder,HDSM-Ax-7,,,point_improvement_from_baseline,>=,2,points,0,4,"[""day_43""]","Number of Participants (Vehicle Arm vs. Sofpironium Bromide Gel, 15%) With and Without an Observed >=2-point Improvement in Hyperhidrosis Disease Severity Measure-Axillary-7 Item Total Score From Baseline to End of Treatment"
NCT03836287,Sofpironium Bromide,CARDIGAN 1,primary,2,change_from_baseline,Gravimetric Sweat Production,,,baseline,43d,,,,double_blind,,0,,,,,,,,,,,,Observed Change in Participant (Vehicle Arm vs SB Gel 15% Arm) Ranked Gravimetric Sweat Production From Baseline to End of Treatment
NCT03897075,Tildrakizumab,,primary,1,absolute_value,,,,baseline,28w,,,,,,0,,,,,,,,,,,,The Proportion of Subjects Who Achieve at Least a 75% Improvement From Baseline in Total mNAPSI at Week 28. (Time frame: Week 28)
NCT03897075,Tildrakizumab,,secondary,1,absolute_value,,,,baseline,28w,,,,,,0,,,,,,,,,,,,"The Proportion of Subjects With a Score of ""0 - Normal"" or ""1 - Minimal Nail Psoriasis"" and at Least a 2-point Decrease From Baseline at Week 28 as Measured by the ViSENPsO."
NCT03897075,Tildrakizumab,,secondary,2,other,Pruritus NRS,,,baseline,,,,,,,0,,,,,,,,,,,,"The Proportion of Subjects With at Least 3 Point Decrease From Baseline, in Nail Pain NRS Score in Subjects With Baseline Nail Pain NRS Score of >3"
NCT03897088,Tildrakizumab,,primary,1,absolute_value,IGA,,,baseline,16w,,,,,,0,,,,,,,,,,,,"The Proportion of Subjects With Investigator Global Assessment Mod 2011 (Scalp) Score of ""Clear"" and ""Almost Clear"" With at Least 2-point Reduction From Baseline at Week 16 (Time frame: Week 16)"
NCT03897088,Tildrakizumab,,primary,2,safety_incidence,,,,,72w,,,,,,0,,,,,,,,,,,,"The Percentage of Subjects With Incidence, Seriousness and Severity of All Adverse Events. (Time frame: Week 72)"
NCT03897088,Tildrakizumab,,primary,3,other,,,,,72w,,,,,,0,,,,,,,,,,,,"The Percentage of Subjects With Severe Infections, Whether or Not Reported as a Serious Event (Time frame: Week 72)"
NCT03897088,Tildrakizumab,,primary,4,other,,,,,72w,,,,,,0,,,,,,,,,,,,The Percentage of Subjects With Malignancies (Excluding Carcinoma in Situ of the Cervix). (Time frame: Week 72)
NCT03897088,Tildrakizumab,,primary,5,other,,,,,72w,,,,,,0,,,,,,,,,,,,The Percentage of Subjects With Melanoma Skin Cancer. (Time frame: Week 72)
NCT03897088,Tildrakizumab,,primary,6,other,,,,,72w,,,,,,0,,,,,,,,,,,,The Percentage of Subjects With Major Adverse Cardiovascular Events (Time frame: Week 72)
NCT03897088,Tildrakizumab,,primary,7,other,,,,,72w,,,,,,0,,,,,,,,,,,,"The Percentage of Subjects With Study Treatment-related Hypersensitivity Reactions (eg, Anaphylaxis, Urticaria, Angioedema, Etc.). (Time frame: Week 72)"
NCT03897088,Tildrakizumab,,primary,8,other,,,,,72w,,,,,,0,,,,,,,,,,,,"The Percentage of Subjects With Injection Site Reactions (eg, Pain, Erythema, Edema Etc). (Time frame: Week 72)"
NCT03897088,Tildrakizumab,,primary,9,other,,,,,72w,,,,,,0,,,,,,,,,,,,The Percentage of Subjects With Non-melanoma Skin Cancer (Time frame: Week 72)
NCT03897088,Tildrakizumab,,secondary,1,absolute_value,,,,baseline,16w,,,,,,0,,,,,,,,,,,,The Proportion of Subjects With at Least 90% Improvement From Baseline in the Psoriasis Scalp Severity Index at Week 16
NCT03897088,Tildrakizumab,,secondary,2,other,,,,baseline,16w,,,,,,0,,,,,,,,,,,,Mean Percentage Change in Psoriasis Scalp Severity Index Score From Baseline to Week 16.
NCT03897088,Tildrakizumab,,secondary,3,absolute_value,,,,,16w,,,,,,0,,,,,,,,,,,,The Proportion of Subjects Achieving Psoriasis Scalp Severity Index 75 at Week 16
NCT03897088,Tildrakizumab,,secondary,4,absolute_value,,,,,16w,,,,,,0,,,,,,,,,,,,The Proportion of Subjects Achieving Psoriasis Scalp Severity Index 100 at Week 16
NCT03897088,Tildrakizumab,,secondary,5,other,,,,baseline,16w,,,,,,0,,,,,,,,,,,,Mean Percentage Change in Scalp Surface Area (SSA) Involvement From Baseline to Week 16
NCT03897088,Tildrakizumab,,secondary,6,time_to_event,,,,,,,,,,,0,,,,,,,,,,,,Time to 75% Reduction in Psoriasis Scalp Severity Index During 16-week Placebo-controlled Treatment Period.
NCT03897088,Tildrakizumab,,secondary,7,time_to_event,IGA,,,,,,,,,,0,,,,,,,,,,,,Time to Investigator Global Assessment Mod 2011 (Scalp ) Response During the 16-week Placebo-controlled Treatment Period.
NCT03897088,Tildrakizumab,,secondary,8,responder_rate,,,,baseline,16w,,,,,,0,,,,,,,,,,,,Proportion of Subjects Achieving a 4-point Reduction in Itch Numeric Rating Scale Score From Baseline to Week 16
NCT03897088,Tildrakizumab,,secondary,9,absolute_value,,,,,16w,,,,,,0,,,,,,,,,,,,"The Proportion of Subjects Achieving Psoriasis Area and Severity Index (PASI) 75, Psoriasis Area and Severity Index 90, and Psoriasis Area and Severity Index 100 at Week 16"
NCT03897088,Tildrakizumab,,secondary,10,other,,,,baseline,16w,,,,,,0,,,,,,,,,,,,"The Proportion of Subjects With Physician's Global Assessment Score (Whole Body) Score of ""Clear"" or ""Almost Clear"" With at Least a 2-point Reduction From Baseline to Week 16"
NCT03897088,Tildrakizumab,,secondary,11,other,BSA,,,baseline,16w,,,,,,0,,,,,,,,,,,,Mean Percentage Change in Total Body Surface Area (BSA) Involvement From Baseline to Week 16
NCT03897088,Tildrakizumab,,secondary,12,absolute_value,IGA,,,baseline,16w,,,,,,0,,,,,,,,,,,,"The Proportion of Subjects With Investigator Global Assessment (Scalp Only) Score of ""Clear"" and ""Almost Clear"" With at Least 2-point Reduction From Baseline at Week 16."
NCT03897088,Tildrakizumab,,secondary,13,absolute_value,IGA,,,baseline,16w,,,,,,0,,,,,,,,,,,,"The Proportion of Subjects With Investigator Global Assessment Mod 2011 Score (Whole Body) of ""Clear"" and ""Almost Clear"" With at Least 2-point Reduction From Baseline at Week 16"
NCT03897088,Tildrakizumab,,secondary,14,other,IGA,,,baseline,,,,,,,0,,,,,,,,,,,,"The Proportion of Subjects With IGA Mod 2011 (Scalp) Score of ""Clear"" and ""Almost Clear"" With at Least 2-point Reduction From Baseline"
NCT03897088,Tildrakizumab,,secondary,15,other,,,,baseline,,,,,,,0,,,,,,,,,,,,The Proportion of Subjects With at Least 90% Improvement From Baseline in the Psoriasis Scalp Severity Index
NCT03897088,Tildrakizumab,,secondary,16,change_from_baseline,IGA,,,baseline,52w,,,,,,0,,,,,,,,,,,,Change in Investigator Global Assessment Mod 2011 (Scalp) From Baseline at Week 52
NCT03897088,Tildrakizumab,,secondary,17,change_from_baseline,IGA,,,baseline,52w,,,,,,0,,,,,,,,,,,,Change in IGA Mod 2011 (Whole-body) From Baseline at Week 52
NCT03897088,Tildrakizumab,,secondary,18,absolute_value,,,,baseline,52w,,,,,,0,,,,,,,,,,,,Mean Change in Psoriasis Scalp Severity Index Score From Baseline at Week 52
NCT03897088,Tildrakizumab,,secondary,19,change_from_baseline,IGA,,,baseline,52w,,,,,,0,,,,,,,,,,,,Change From Baseline in Investigator Global Assessment (Scalp Only) at Week 52
NCT03897088,Tildrakizumab,,secondary,20,change_from_baseline,Pruritus NRS,,,baseline,52w,,,,,,0,,,,,,,,,,,,Change From Baseline in Scalp Itch Numeric Rating Scale (NRS) Score at Week 52
NCT03897088,Tildrakizumab,,secondary,21,absolute_value,,,,baseline,52w,,,,,,0,,,,,,,,,,,,Mean Change in PASI Score From Baseline at Week 52
NCT03897088,Tildrakizumab,,secondary,22,change_from_baseline,,,,baseline,52w,,,,,,0,,,,,,,,,,,,Change in Physician Global Assessment for Skin (Whole Body) From Baseline at Week 52
NCT03899259,Baricitinib,BRAVE-AA2,primary,1,responder_rate,,,,,36w,,,,,,0,,,,,,,,,,,,Percentage of Participants Achieving Severity of Alopecia Tool (SALT) ≤ 20 (Time frame: Week 36)
NCT03899259,Baricitinib,BRAVE-AA2,secondary,1,percent_change_from_baseline,,,,baseline,36w,,,,,,0,,,,,,,,,,,,Percent Change From Baseline in SALT Score at Week 36
NCT03899259,Baricitinib,BRAVE-AA2,secondary,2,responder_rate,,,,,,,,,,,0,,,,,,,,,,,,Percentage of Participants Achieving 50% Improvement of Severity of Alopecia Tool (SALT50)
NCT03899259,Baricitinib,BRAVE-AA2,secondary,3,responder_rate,,,,baseline,,,,,,,1,subgroup,,,,absolute_score,>=,3,score,,,"[""baseline""]",Percentage of Participants With Patient-Reported Outcome (PRO) for Scalp Hair Assessment Score of 0 or 1 With a ≥2-point Improvement From Baseline Among Participants With a Score of ≥3 at Baseline
NCT03899259,Baricitinib,BRAVE-AA2,secondary,4,absolute_value,,,,,36w,,,,,,0,,,,,,,,,,,,Time for Participants to Achieve SALT ≤ 20 at Week 36.
NCT03899259,Baricitinib,BRAVE-AA2,secondary,5,responder_rate,,,,baseline,,,,,,,0,,,,,,,,,,,,Percentage of Participants Achieving Clinician-Reported Outcome (ClinRO) Measure for Eyebrow (EB) Hair Loss 0 or 1 With ≥2-point Improvement From Baseline (Among Participants With ClinRO Measure for EB Hair Loss ≥2 at Baseline)
NCT03899259,Baricitinib,BRAVE-AA2,secondary,6,responder_rate,,,,baseline,,,,,,,0,,,,,,,,,,,,Percentage of Participants Achieving ClinRO Measure for Eyelash (EL) Hair Loss 0 or 1 With ≥2-point Improvement From Baseline (Among Participants With ClinRO Measure for EL Hair Loss ≥2 at Baseline)
NCT03899259,Baricitinib,BRAVE-AA2,secondary,7,responder_rate,,,,baseline,,,,,,,0,,,,,,,,,,,,Percentage of Participants Achieving Patient-Reported Outcome (PRO) Measure for EB 0 or 1 With ≥2-point Improvement From Baseline (Among Participants With PRO Measure for EB ≥2 at Baseline)
NCT03899259,Baricitinib,BRAVE-AA2,secondary,8,responder_rate,,,,baseline,,,,,,,0,,,,,,,,,,,,Percentage of Participants Achieving PRO Measure for EL 0 or 1 With ≥2-point Improvement From Baseline (Among Participants With PRO Measure EL ≥2 at Baseline)
NCT03899259,Baricitinib,BRAVE-AA2,secondary,9,change_from_baseline,,,,baseline,,,,,,,0,,,,,,,,,,,,Change From Baseline in Skindex-16 Alopecia Areata (AA) Symptoms Domain Score
NCT03899259,Baricitinib,BRAVE-AA2,secondary,10,change_from_baseline,,,,baseline,36w,,,,,,0,,,,,,,,,,,,Change From Baseline in Skindex-16 AA Emotions Domain Score at Week 36
NCT03899259,Baricitinib,BRAVE-AA2,secondary,11,change_from_baseline,,,,baseline,36w,,,,,,0,,,,,,,,,,,,Change From Baseline in Skindex-16 AA Functioning Domain Score at Week 36
NCT03899259,Baricitinib,BRAVE-AA2,secondary,12,absolute_value,HADS,,,baseline,36w,,,,,,0,,,,,,,,,,,,Mean Change From Baseline in Hospital Anxiety Depression Scale (HADS) Anxiety Score at Week 36
NCT03899259,Baricitinib,BRAVE-AA2,secondary,13,absolute_value,HADS,,,baseline,36w,,,,,,0,,,,,,,,,,,,Mean Change From Baseline in HADS Depression Score at Week 36
NCT03908970,Difamilast,Trial 2,primary,1,responder_rate,IGA,,,baseline,4w,,,,double_blind,,1,responder,IGA,,,absolute_score,<=,1,score,0,4,"[""week_4""]",Responder Rate of Investigator's Global Assesment(IGA) of Disease Severity
NCT03908970,Difamilast,Trial 2,primary,1,responder_rate,IGA,,,baseline,4w,,,,double_blind,,2,responder,IGA,,,point_improvement_from_baseline,>=,2,points,0,4,"[""week_4""]",Responder Rate of Investigator's Global Assesment(IGA) of Disease Severity
NCT03908970,Difamilast,Trial 2,secondary,1,change_from_baseline,EASI,,,baseline,4w,,,,double_blind,,0,,,,,,,,,,,,Change From Baseline in Eczema Area and Severity Index (EASI) Score
NCT03908970,Difamilast,Trial 2,secondary,2,change_from_baseline,Pruritus VRS,,,baseline,4w,,,,double_blind,,0,,,,,,,,,,,,Change From Baseline in Verbal Rating Scale (VRS) for Pruritus Score
NCT03911401,Difamilast,Trial 3,primary,1,responder_rate,IGA,,,baseline,4w,,,,double_blind,,1,responder,IGA,,,absolute_score,<=,1,score,0,4,"[""week_4""]",Responder Rate of Investigator's Global Assesment (IGA) of Disease Severity
NCT03911401,Difamilast,Trial 3,primary,1,responder_rate,IGA,,,baseline,4w,,,,double_blind,,2,responder,IGA,,,point_improvement_from_baseline,>=,2,points,0,4,"[""week_4""]",Responder Rate of Investigator's Global Assesment (IGA) of Disease Severity
NCT03911401,Difamilast,Trial 3,secondary,1,change_from_baseline,EASI,,,baseline,4w,,,,double_blind,,0,,,,,,,,,,,,Change From Baseline in Eczema Area and Severity Index (EASI) Score
NCT03911401,Difamilast,Trial 3,secondary,2,change_from_baseline,Pruritus VRS,,,baseline,4w,,,,double_blind,,0,,,,,,,,,,,,Change From Baseline in Verbal Rating Scale (VRS) for Pruritus Score
NCT03927703,Berdazimer,B-SIMPLE2,primary,1,absolute_value,,,,,12w,,,,,,0,,,,,,,,,,,,Complete Clearance of All Treatable MC at Week 12 (Time frame: 12 Weeks)
NCT03927703,Berdazimer,B-SIMPLE2,secondary,1,absolute_value,,,,,8w,,,,,,0,,,,,,,,,,,,Complete Clearance of All Treatable MC at Week 8
NCT03927716,Berdazimer,,primary,1,absolute_value,,,,,12w,,,,,,0,,,,,,,,,,,,Complete Clearance of All Treatable MC at Week 12 (Time frame: 12 Weeks)
NCT03927716,Berdazimer,,secondary,1,absolute_value,,,,,8w,,,,,,0,,,,,,,,,,,,Complete Clearance of All Treatable MC at Week 8
NCT03948646,Sofpironium Bromide,CARDIGAN 2,primary,1,responder_rate,HDSM-Ax-7,,,baseline,43d,,,,double_blind,,1,responder,HDSM-Ax-7,,,point_improvement_from_baseline,>=,2,points,0,4,"[""day_43""]","Number of Participants (Vehicle Arm vs. Sofpironium Bromide Gel, 15%) With and Without an Observed >=2-point Improvement in Hyperhidrosis Disease Severity Measure-Axillary-7 Item Total Score From Baseline to End of Treatment"
NCT03948646,Sofpironium Bromide,CARDIGAN 2,primary,2,change_from_baseline,Gravimetric Sweat Production,,,baseline,43d,,,,double_blind,,0,,,,,,,,,,,,Observed Change in Participant (Vehicle Arm vs SB Gel 15% Arm) Ranked Gravimetric Sweat Production From Baseline to End of Treatment
NCT03956355,Tapinarof,,primary,1,absolute_value,,,,baseline,12w,,,,,,0,,,,,,,,,,,,Percent of Subjects Who Achieve a Physician Global Assessment (PGA) Score of Clear (0) or Almost Clear (1) With a Minimum 2-grade Improvement From Baseline at Week 12. Analyses Were Done Using Multiple Imputation (Time frame: Baseline to Week 12)
NCT03956355,Tapinarof,,secondary,1,absolute_value,,,,baseline,12w,,,,,,0,,,,,,,,,,,,Percent of Subjects With ≥ 75% Improvement in Psoriasis Area and Severity Index (PASI) From Baseline at Week 12. Analyses Were Done Using Multiple Imputation.
NCT03956355,Tapinarof,,secondary,2,absolute_value,,,,,12w,,,,,,0,,,,,,,,,,,,Percent of Subjects With a PGA Score of 0 or 1 at Week 12. Analyses Were Done Using Multiple Imputation.
NCT03956355,Tapinarof,,secondary,3,other,BSA,,,baseline,12w,,,,,,0,,,,,,,,,,,,Mean Change in Percent of Total Body Surface Area (%BSA) Affected From Baseline to Week 12
NCT03956355,Tapinarof,,secondary,4,other,,,,baseline,12w,,,,,,0,,,,,,,,,,,,Percent of Subjects With ≥90% Improvement in PASI Score From Baseline to Week 12. Analyses Were Done Using Multiple Imputation.
NCT03983980,Tapinarof,,primary,1,absolute_value,,,,baseline,12w,,,,,,0,,,,,,,,,,,,Percent of Subjects Who Achieve a Physician Global Assessment (PGA) Score of Clear (0) or Almost Clear (1) With a Minimum 2-grade Improvement From Baseline at Week 12. Analyses Were Done Using Multiple Imputation (Time frame: Baseline to Week 12)
NCT03983980,Tapinarof,,secondary,1,absolute_value,,,,baseline,12w,,,,,,0,,,,,,,,,,,,Percent of Subjects With ≥ 75% Improvement in Psoriasis Area and Severity Index (PASI) From Baseline at Week 12. Analyses Were Done Using Multiple Imputation.
NCT03983980,Tapinarof,,secondary,2,absolute_value,,,,,12w,,,,,,0,,,,,,,,,,,,Percent of Subjects With a PGA Score of 0 or 1 at Week 12. Analyses Were Done Using Multiple Imputation.
NCT03983980,Tapinarof,,secondary,3,other,BSA,,,baseline,12w,,,,,,0,,,,,,,,,,,,Mean Change in Percent of Total Body Surface Area (%BSA) Affected From Baseline to Week 12
NCT03983980,Tapinarof,,secondary,4,other,,,,baseline,12w,,,,,,0,,,,,,,,,,,,Percent of Subjects With ≥90% Improvement in PASI Score From Baseline to Week 12. Analyses Were Done Using Multiple Imputation.
NCT03985943,Nemolizumab,,primary,1,responder_rate,IGA,,,,16w,,,,,,1,responder,IGA,,,absolute_score,in,"[0, 1]",score,,,,Percentage of Participants With an Investigator's Global Assessment (IGA) Success (IGA of 0 or 1 and a More Than Equal to [>=] 2-point Reduction): Intent-To-Treat (ITT) Population (Time frame: Week 16)
NCT03985943,Nemolizumab,,primary,2,responder_rate,IGA,,,,16w,,,,,,1,responder,IGA,,,absolute_score,in,"[0, 1]",score,,,,Percentage of Participants With an Investigator's Global Assessment (IGA) Success (IGA of 0 or 1 and a >= 2-point Reduction): Severe Pruritus Population (Time frame: Week 16)
NCT03985943,Nemolizumab,,primary,2,responder_rate,IGA,,,,16w,,,,,,2,responder,IGA,,,point_reduction_from_baseline,>=,2,points,,,,Percentage of Participants With an Investigator's Global Assessment (IGA) Success (IGA of 0 or 1 and a >= 2-point Reduction): Severe Pruritus Population (Time frame: Week 16)
NCT03985943,Nemolizumab,,primary,3,responder_rate,EASI,,,,16w,,,,,,1,responder,EASI,,,percent_improvement_from_baseline,>=,75,percent,,,,Percentage of Participants With >=75% Improvement in Eczema Area and Severity Index (EASI-75) at Week 16: ITT Population (Time frame: Week 16)
NCT03985943,Nemolizumab,,primary,4,responder_rate,EASI,,,,16w,,,,,,1,responder,EASI,,,percent_improvement_from_baseline,>=,75,percent,,,,Percentage of Participants With >=75% Improvement in Eczema Area and Severity Index (EASI-75) at 16: Severe Pruritus Population (Time frame: Week 16)
NCT03985943,Nemolizumab,,secondary,1,responder_rate,Pruritus NRS,,peak_daily_weekly_average,,16w,,,,,,1,responder,Pruritus NRS,,peak_daily_weekly_average,point_reduction_from_baseline,>=,4,points,,,,Percentage of Participants With Improvement of >=4 Points in Weekly Average Peak Pruritus Numeric Rating Scale (PP NRS) at Week 16: ITT Population
NCT03985943,Nemolizumab,,secondary,2,responder_rate,Pruritus NRS,,peak_daily_weekly_average,,16w,,,,,,1,responder,Pruritus NRS,,peak_daily_weekly_average,point_reduction_from_baseline,>=,4,points,,,,Percentage of Participants With Improvement of >=4 Points in Weekly Average Peak Pruritus Numeric Rating Scale (PP NRS) at Week 16: Severe Pruritus Population
NCT03985943,Nemolizumab,,secondary,3,responder_rate,Pruritus NRS,,,,16w,,,,,,1,responder,Pruritus NRS,,,absolute_score,<,2,score,,,,Percentage of Participants With <2 Points in Weekly Average PP NRS at Week 16: ITT Population
NCT03985943,Nemolizumab,,secondary,4,responder_rate,Pruritus NRS,,,,16w,,,,,,1,responder,Pruritus NRS,,,absolute_score,<,2,score,,,,Percentage of Participants With <2 Points in Weekly Average PP NRS at Week 16: Severe Pruritus Population
NCT03985943,Nemolizumab,,secondary,5,responder_rate,Pruritus NRS,,,,16w,,,,,,0,,,,,,,,,,,,Percentage of Participants With an Improvement of Sleep Disturbance Numeric Rating Scale (SD NRS) >=4 at Week 16: ITT Population
NCT03985943,Nemolizumab,,secondary,6,responder_rate,Pruritus NRS,,,,16w,,,,,,0,,,,,,,,,,,,Percentage of Participants With an Improvement of Sleep Disturbance Numeric Rating Scale (SD NRS) >=4 at Week 16: Severe Pruritus Population
NCT03985943,Nemolizumab,,secondary,7,responder_rate,Pruritus NRS,,peak_daily_weekly_average,,4w,,,,,,1,responder,Pruritus NRS,,peak_daily_weekly_average,point_reduction_from_baseline,>=,4,points,,,,Percentage of Participants With Improvement of >=4 Points in Weekly Average Peak Pruritus Numeric Rating Scale (PP NRS) at Week 4: ITT Population
NCT03985943,Nemolizumab,,secondary,8,responder_rate,Pruritus NRS,,peak_daily_weekly_average,,4w,,,,,,1,responder,Pruritus NRS,,peak_daily_weekly_average,point_reduction_from_baseline,>=,4,points,,,,Percentage of Participants With Improvement of >=4 Points in Weekly Average Peak Pruritus Numeric Rating Scale (PP NRS) at Week 4: Severe Pruritus Population
NCT03985943,Nemolizumab,,secondary,9,responder_rate,Pruritus NRS,,peak_daily,,4w,,,,,,1,responder,Pruritus NRS,,peak_daily,absolute_score,<,2,score,,,,Percentage of Participants With Peak Pruritus Numeric Rating Scale (PP NRS) <2 at Week 4: ITT Population
NCT03985943,Nemolizumab,,secondary,10,responder_rate,Pruritus NRS,,peak_daily,,4w,,,,,,1,responder,Pruritus NRS,,peak_daily,absolute_score,<,2,score,,,,Percentage of Participants With Peak Pruritus Numeric Rating Scale (PP NRS) <2 at Week 4: Severe Pruritus Population
NCT03985943,Nemolizumab,,secondary,11,responder_rate,Pruritus NRS,,peak_daily_weekly_average,,2w,,,,,,1,responder,Pruritus NRS,,peak_daily_weekly_average,point_reduction_from_baseline,>=,4,points,,,,Percentage of Participants With Improvement of >=4 Points in Weekly Average Peak Pruritus Numeric Rating Scale (PP NRS) at Week 2: ITT Population
NCT03985943,Nemolizumab,,secondary,12,responder_rate,Pruritus NRS,,peak_daily_weekly_average,,2w,,,,,,1,responder,Pruritus NRS,,peak_daily_weekly_average,point_reduction_from_baseline,>=,4,points,,,,Percentage of Participants With Improvement of >=4 Points in Weekly Average Peak Pruritus Numeric Rating Scale (PP NRS) at Week 2: Severe Pruritus Population
NCT03985943,Nemolizumab,,secondary,13,responder_rate,Pruritus NRS,,peak_daily_weekly_average,,1w,,,,,,1,responder,Pruritus NRS,,peak_daily_weekly_average,point_reduction_from_baseline,>=,4,points,,,,Percentage of Participants With Improvement of >=4 Points in Weekly Average Peak Pruritus Numeric Rating Scale (PP NRS) at Week 1: ITT Population
NCT03985943,Nemolizumab,,secondary,14,responder_rate,Pruritus NRS,,peak_daily_weekly_average,,1w,,,,,,1,responder,Pruritus NRS,,peak_daily_weekly_average,point_reduction_from_baseline,>=,4,points,,,,Percentage of Participants With Improvement of >=4 Points in Weekly Average Peak Pruritus Numeric Rating Scale (PP NRS) at Week 1: Severe Pruritus Population
NCT03989349,Nemolizumab,,primary,1,responder_rate,IGA,,,,16w,,,,,,0,,,,,,,,,,,,Percentage of Participants With Investigator's Global Assessment (IGA) Success at Week 16: Intent-To-Treat (ITT) Population (Time frame: Week 16)
NCT03989349,Nemolizumab,,primary,2,responder_rate,IGA,,,,16w,,,,,,0,,,,,,,,,,,,Percentage of Participants With Investigator's Global Assessment (IGA) Success at Week 16: Severe Pruritus Population (Time frame: Week 16)
NCT03989349,Nemolizumab,,primary,3,responder_rate,EASI,,,,16w,,,,,,1,responder,EASI,,,percent_improvement_from_baseline,>=,75,percent,,,,Percentage of Participants With >=75% Improvement in Eczema Area and Severity Index (EASI-75) at Week 16: ITT Population (Time frame: Week 16)
NCT03989349,Nemolizumab,,primary,4,responder_rate,EASI,,,,16w,,,,,,1,responder,EASI,,,percent_improvement_from_baseline,>=,75,percent,,,,Percentage of Participants With >=75% Improvement in Eczema Area and Severity Index (EASI-75) at Week 16: Severe Pruritus Population (Time frame: Week 16)
NCT03989349,Nemolizumab,,secondary,1,responder_rate,Pruritus NRS,,peak_daily_weekly_average,,16w,,,,,,1,responder,Pruritus NRS,,peak_daily_weekly_average,point_reduction_from_baseline,>=,4,points,,,,Percentage of Participants With Improvement of >=4 Points in Weekly Average Peak Pruritus Numeric Rating Scale (PP NRS) at Week 16: ITT Population
NCT03989349,Nemolizumab,,secondary,2,responder_rate,Pruritus NRS,,peak_daily_weekly_average,,16w,,,,,,1,responder,Pruritus NRS,,peak_daily_weekly_average,point_reduction_from_baseline,>=,4,points,,,,Percentage of Participants With Improvement of >=4 Points in Weekly Average Peak Pruritus Numeric Rating Scale (PP NRS) at Week 16: Severe Pruritus Population
NCT03989349,Nemolizumab,,secondary,3,responder_rate,Pruritus NRS,,,,16w,,,,,,1,responder,Pruritus NRS,,,absolute_score,<,2,score,,,,Percentage of Participants With <2 Points in Weekly Average PP NRS at Week 16: ITT Population
NCT03989349,Nemolizumab,,secondary,4,responder_rate,Pruritus NRS,,,,16w,,,,,,1,responder,Pruritus NRS,,,absolute_score,<,2,score,,,,Percentage of Participants With <2 Points in Weekly Average PP NRS at Week 16: Severe Pruritus Population
NCT03989349,Nemolizumab,,secondary,5,responder_rate,Pruritus NRS,,,,16w,,,,,,0,,,,,,,,,,,,Percentage of Participants With an Improvement of Sleep Disturbance Numeric Rating Scale (SD NRS) >=4 at Week 16: ITT Population
NCT03989349,Nemolizumab,,secondary,6,responder_rate,Pruritus NRS,,,,16w,,,,,,0,,,,,,,,,,,,Percentage of Participants With an Improvement of Sleep Disturbance Numeric Rating Scale (SD NRS) >=4 at Week 16: Severe Pruritus Population
NCT03989349,Nemolizumab,,secondary,7,responder_rate,Pruritus NRS,,peak_daily_weekly_average,,4w,,,,,,1,responder,Pruritus NRS,,peak_daily_weekly_average,point_reduction_from_baseline,>=,4,points,,,,Percentage of Participants With Improvement of >=4 Points in Weekly Average Peak Pruritus Numeric Rating Scale (PP NRS) at Week 4: ITT Population
NCT03989349,Nemolizumab,,secondary,8,responder_rate,Pruritus NRS,,peak_daily_weekly_average,,4w,,,,,,1,responder,Pruritus NRS,,peak_daily_weekly_average,point_reduction_from_baseline,>=,4,points,,,,Percentage of Participants With Improvement of >=4 Points in Weekly Average Peak Pruritus Numeric Rating Scale (PP NRS) at Week 4: Severe Pruritus Population
NCT03989349,Nemolizumab,,secondary,9,responder_rate,Pruritus NRS,,peak_daily,,4w,,,,,,1,responder,Pruritus NRS,,peak_daily,absolute_score,<,2,score,,,,Percentage of Participants With Peak Pruritus Numeric Rating Scale (PP NRS) <2 at Week 4: ITT Population
NCT03989349,Nemolizumab,,secondary,10,responder_rate,Pruritus NRS,,peak_daily,,4w,,,,,,1,responder,Pruritus NRS,,peak_daily,absolute_score,<,2,score,,,,Percentage of Participants With Peak Pruritus Numeric Rating Scale (PP NRS) <2 at Week 4: Severe Pruritus Population
NCT03989349,Nemolizumab,,secondary,11,responder_rate,Pruritus NRS,,peak_daily_weekly_average,,2w,,,,,,1,responder,Pruritus NRS,,peak_daily_weekly_average,point_reduction_from_baseline,>=,4,points,,,,Percentage of Participants With Improvement of >=4 Points in Weekly Average Peak Pruritus Numeric Rating Scale (PP NRS) at Week 2: ITT Population
NCT03989349,Nemolizumab,,secondary,12,responder_rate,Pruritus NRS,,peak_daily_weekly_average,,2w,,,,,,1,responder,Pruritus NRS,,peak_daily_weekly_average,point_reduction_from_baseline,>=,4,points,,,,Percentage of Participants With Improvement of >=4 Points in Weekly Average Peak Pruritus Numeric Rating Scale (PP NRS) at Week 2: Severe Pruritus Population
NCT03989349,Nemolizumab,,secondary,13,responder_rate,Pruritus NRS,,peak_daily_weekly_average,,1w,,,,,,1,responder,Pruritus NRS,,peak_daily_weekly_average,point_reduction_from_baseline,>=,4,points,,,,Percentage of Participants With Improvement of >=4 Points in Weekly Average Peak Pruritus Numeric Rating Scale (PP NRS) at Week 1: ITT Population
NCT03989349,Nemolizumab,,secondary,14,responder_rate,Pruritus NRS,,peak_daily_weekly_average,,1w,,,,,,1,responder,Pruritus NRS,,peak_daily_weekly_average,point_reduction_from_baseline,>=,4,points,,,,Percentage of Participants With Improvement of >=4 Points in Weekly Average Peak Pruritus Numeric Rating Scale (PP NRS) at Week 1: Severe Pruritus Population
NCT03997786,Tildrakizumab,,primary,1,other,,,,,,,,,,,0,,,,,,,,,,,,Part A - Dose determination for pediatrics population 12 to <18-year-old age group (Time frame: Up to week 16)
NCT03997786,Tildrakizumab,,primary,2,other,,,,,,,,,,,0,,,,,,,,,,,,Part A - Dose determination for pediatrics population 6 to <12 year-old age group (Time frame: Up to week 16)
NCT03997786,Tildrakizumab,,primary,3,other,,,,,16w,,,,,,0,,,,,,,,,,,,Proportion of subjects with at least 75% improvement in the PASI response from baseline (Time frame: Week 16)
NCT03997786,Tildrakizumab,,primary,4,other,,,,,16w,,,,,,0,,,,,,,,,,,,"Proportion of subjects with PGA score of ""clear"" or ""minimal"" with at least a 2-grade reduction from baseline (Time frame: Week 16)"
NCT03997786,Tildrakizumab,,primary,5,count,,,,,16w,,,,,,0,,,,,,,,,,,,Number of subjects with adverse events (Time frame: Week 16)
NCT03997786,Tildrakizumab,,secondary,1,other,,,,,,,,,,,0,,,,,,,,,,,,Proportion of subjects achieving Psoriasis Area & Severity Index (PASI) 50 from baseline
NCT03997786,Tildrakizumab,,secondary,2,other,,,,,,,,,,,0,,,,,,,,,,,,Proportion of subjects achieving Psoriasis Area & Severity Index (PASI) 90 from baseline
NCT03997786,Tildrakizumab,,secondary,3,other,,,,,,,,,,,0,,,,,,,,,,,,Proportion of subjects achieving Psoriasis Area & Severity Index (PASI) 100 from baseline
NCT03997786,Tildrakizumab,,secondary,4,other,,,,,,,,,,,0,,,,,,,,,,,,"Proportion of subjects achieving PASI 75 and PGA score of ""clear"" or ""almost clear"" with at least a 2 grade reduction from baseline"
NCT03997786,Tildrakizumab,,secondary,5,change_from_baseline,CDLQI,,,,,,,,,,0,,,,,,,,,,,,Change in quality of life as measured by Children's Dermatology Life Quality Index (CDLQI)
NCT03997786,Tildrakizumab,,secondary,6,count,,,,,,,,,,,0,,,,,,,,,,,,Number of subjects with Adverse events
NCT03997786,Tildrakizumab,,secondary,7,other,,,,,,,,,,,0,,,,,,,,,,,,Immunogenicity - Anti-drug antibody status
NCT03997786,Tildrakizumab,,secondary,8,other,,,,,,,,,,,0,,,,,,,,,,,,Percent of subjects with severe infections
NCT03997786,Tildrakizumab,,secondary,9,other,,,,,,,,,,,0,,,,,,,,,,,,Percent of subjects with malignancies
NCT03997786,Tildrakizumab,,secondary,10,other,,,,,,,,,,,0,,,,,,,,,,,,Percent of subjects with confirmed major adverse cardiovascular events
NCT03997786,Tildrakizumab,,secondary,11,other,,,,,,,,,,,0,,,,,,,,,,,,Percent of subjects with drug- related hypersensitivity reactions
NCT03997786,Tildrakizumab,,secondary,12,count,,,,,,,,,,,0,,,,,,,,,,,,Number of subjects with adverse events
NCT04040192,Crisaborole,,primary,1,other,,,,,,,,,,flare,0,,,,,,,,,,,,Duration of Flare-Free Maintenance Until Onset of First-Flare During the Double Blind (DB) Period (Time frame: From randomization to first flare or last ISGA assessment (up to 52 weeks))
NCT04040192,Crisaborole,,primary,2,count,,,,,,,,,,TEAE,0,,,,,,,,,,,,Number of Participants With Treatment Emergent Adverse Events (TEAEs) (Time frame: Crisaborole 2% BID: From start of study intervention in OL period up to 8 weeks ; Vehicle QD and crisaborole 2% QD: From start of study intervention in DB period up to 28 days after last dose of study intervention (maximum of 56 weeks))
NCT04040192,Crisaborole,,secondary,1,count,,,,,,,,,,flare,0,,,,,,,,,,,,Number of Flare-Free Days During the DB Period
NCT04040192,Crisaborole,,secondary,2,count,,,,,,,,,,flare,0,,,,,,,,,,,,Number of Flares During the DB Period
NCT04040192,Crisaborole,,secondary,3,other,Pruritus NRS,,peak_daily,baseline,,,,,,flare,0,,,,,,,,,,,,"Secondary: Duration of Pruritus Response Maintenance Until Onset of First Flare During the DB Period: Participants Aged >=12 Years With Baseline Peak Pruritus Numerical Rating Scale (PP NRS) >=3, >=4 and >=3, >=4 Points Reduction in PP NRS"
NCT04040192,Crisaborole,,secondary,4,other,,,,baseline,,,,,,flare,0,,,,,,,,,,,,Secondary: Duration of Pruritus Response Maintenance Until Onset of First Flare During the DB Period: Participants Aged 6 to <12 Years With Baseline Patient Reported Itch Severity (PRIS) >=2 and >=2 Points Reduction in PRIS
NCT04040192,Crisaborole,,secondary,5,other,,,,,,,,,,flare,0,,,,,,,,,,,,Duration of Pruritus Response Maintenance Until Onset of First Flare During the DB Period: Observer Reported Itch Severity Scale (ORIS) in Participants Aged 3 to <6 Months
NCT04040192,Crisaborole,,secondary,6,other,EASI,Total,,,,,,,,flare,0,,,,,,,,,,,,Duration of Maintenance of >=50% Reduction in Eczema Area and Severity Index (EASI) Total Score Until Onset of First Flare During the DB Period
NCT04040192,Crisaborole,,secondary,7,other,DLQI,,,,,,,,,flare,0,,,,,,,,,,,,Duration of Maintenance of Dermatology Life Quality Index (DLQI) Response Until Onset of First Flare During the DB Period
NCT04040192,Crisaborole,,secondary,8,other,POEM,,,,,,,,,flare,0,,,,,,,,,,,,Duration of Maintenance of Patient Oriented Eczema Measure (POEM) Response Until Onset of First Flare During the DB Period
NCT04040192,Crisaborole,,secondary,9,other,,,,,,,,,,flare,0,,,,,,,,,,,,Investigator's Static Global Assessment (ISGA) Score for the First Flare Period
NCT04040192,Crisaborole,,secondary,10,other,EASI,,,,,,,,,flare,0,,,,,,,,,,,,EASI Score for the First Flare Period
NCT04040192,Crisaborole,,secondary,11,other,,,,,,,,,,flare,0,,,,,,,,,,,,Duration (Days) of Flare Period
NCT04040192,Crisaborole,,secondary,12,percent_change_from_baseline,EASI,,,baseline,2w;4w;6w;8w,,,,,,0,,,,,,,,,,,,"Percent Change From Baseline in EASI Scores at Weeks 2, 4, 6 and 8: OL Run-in Period"
NCT04040192,Crisaborole,,secondary,13,percent_change_from_baseline,EASI,,,baseline,4w;8w;12w;16w;20w;24w;28w;32w;36w;40w;44w;48w;52w,,,,,,0,,,,,,,,,,,,"Percent Change From Baseline in EASI Scores at Weeks 4, 8, 12, 16, 20, 24, 28, 32, 36, 40, 44, 48 and 52: DB Period"
NCT04040192,Crisaborole,,secondary,14,percent_change_from_baseline,EASI,,,baseline,0w;4w;8w;12w,,,,,flare,0,,,,,,,,,,,,"Percent Change From Baseline in EASI Scores at Weeks 0, 4, 8 and 12: First Flare Treatment Period"
NCT04040192,Crisaborole,,secondary,15,percent_change_from_baseline,EASI,,,baseline,4w;8w;12w;16w;20w;24w;28w;32w;36w;40w;44w;48w;52w,,,,,flare,0,,,,,,,,,,,,"Percent Change From Baseline in EASI Scores at Weeks 4, 8, 12, 16, 20, 24, 28, 32, 36, 40, 44, 48 and 52: First Flare Free Period"
NCT04040192,Crisaborole,,secondary,16,change_from_baseline,,,,baseline,2w;4w;6w;8w,,,,,,0,,,,,,,,,,,,"Change From Baseline in ISGA Scores at Weeks 2, 4, 6 and 8 for OL run-in Period"
NCT04040192,Crisaborole,,secondary,17,change_from_baseline,,,,baseline,4w;8w;12w;16w;20w;24w;28w;32w;36w;40w;44w;48w;52w,,,,,,0,,,,,,,,,,,,"Change From Baseline in ISGA Scores at Weeks 4, 8, 12, 16, 20, 24, 28, 32, 36, 40, 44, 48 and 52 for DB Period"
NCT04040192,Crisaborole,,secondary,18,change_from_baseline,,,,baseline,4w;8w;12w;16w;20w;24w;28w;32w;36w;40w;44w;48w;52w,,,,,flare,0,,,,,,,,,,,,"Change From Baseline in ISGA Scores at Weeks 4, 8, 12, 16, 20, 24, 28, 32, 36, 40, 44, 48 and 52 for First Flare Free Period"
NCT04040192,Crisaborole,,secondary,19,change_from_baseline,,,,baseline,0w;4w;8w;12w,,,,,flare,0,,,,,,,,,,,,"Change From Baseline in ISGA Scores at Weeks 0, 4, 8 and 12 for First Flare Treatment Period"
NCT04040192,Crisaborole,,secondary,20,change_from_baseline,BSA,,,baseline,,,,,,,0,,,,,,,,,,,,Change From Baseline in Treatable Percent Body Surface Area (% BSA): OL Run-in Period
NCT04040192,Crisaborole,,secondary,21,change_from_baseline,BSA,,,baseline,,,,,,,0,,,,,,,,,,,,Change From Baseline in Treatable %BSA: DB Period
NCT04040192,Crisaborole,,secondary,22,change_from_baseline,BSA,,,baseline,,,,,,flare,0,,,,,,,,,,,,Change From Baseline in Treatable %BSA: First Flare Free Period
NCT04040192,Crisaborole,,secondary,23,change_from_baseline,BSA,,,baseline,,,,,,flare,0,,,,,,,,,,,,Change From Baseline in Treatable %BSA: First Flare Period
NCT04040192,Crisaborole,,secondary,24,change_from_baseline,BSA,,,baseline,,,,,,,0,,,,,,,,,,,,Change From Baseline in Most Commonly Affected Atopic Dermatitis (AD) % BSA: DB Period
NCT04040192,Crisaborole,,secondary,25,other,,,,,,,,,,,0,,,,,,,,,,,,Night Time Itch Score for Participants >=12 Years of Age: OL Run-in Period
NCT04040192,Crisaborole,,secondary,26,other,,,,,,,,,,,0,,,,,,,,,,,,Night Time Itch Score for Participants >=12 Years of Age: DB Period
NCT04040192,Crisaborole,,secondary,27,other,,,,,,,,,,flare,0,,,,,,,,,,,,Night Time Itch Score for Participants >=12 Years of Age: First Flare Period
NCT04040192,Crisaborole,,secondary,28,other,,,,,,,,,,flare,0,,,,,,,,,,,,Night Time Itch Score for Participants >=12 Years of Age: First Flare Free Period
NCT04040192,Crisaborole,,secondary,29,other,,,,,,,,,,,0,,,,,,,,,,,,AD Skin Pain Scores for Participants >=12 Years of Age: OL Run-in Period
NCT04040192,Crisaborole,,secondary,30,other,,,,,,,,,,,0,,,,,,,,,,,,AD Skin Pain Scores for Participants >=12 Years of Age: DB Period
NCT04040192,Crisaborole,,secondary,31,other,,,,,,,,,,flare,0,,,,,,,,,,,,AD Skin Pain Scores for Participants >=12 Years of Age: First Flare Period
NCT04040192,Crisaborole,,secondary,32,other,,,,,,,,,,flare,0,,,,,,,,,,,,AD Skin Pain Scores: for Participants >=12 Years of Age First Flare Free Period
NCT04040192,Crisaborole,,secondary,33,other,,,,,,,,,,,0,,,,,,,,,,,,Patient/Observer Global Impression of Severity Score: OL Run-in Period
NCT04040192,Crisaborole,,secondary,34,other,,,,,,,,,,,0,,,,,,,,,,,,Patient/Observer Global Impression of Severity Score: DB Period
NCT04040192,Crisaborole,,secondary,35,other,,,,,,,,,,flare,0,,,,,,,,,,,,Patient/Observer Global Impression of Severity Score: First Flare Period
NCT04040192,Crisaborole,,secondary,36,other,,,,,,,,,,flare,0,,,,,,,,,,,,Patient/Observer Global Impression of Severity Score: First Flare Free Period
NCT04040192,Crisaborole,,secondary,37,other,,,,,,,,,,,0,,,,,,,,,,,,Patient/Observer Global Impression of Change Score: OL Run-in Period
NCT04040192,Crisaborole,,secondary,38,other,,,,,,,,,,,0,,,,,,,,,,,,Patient/Observer Global Impression of Change Score: DB Period
NCT04040192,Crisaborole,,secondary,39,other,,,,,,,,,,flare,0,,,,,,,,,,,,Patient/Observer Global Impression of Change Score: First Flare Period
NCT04040192,Crisaborole,,secondary,40,other,,,,,,,,,,flare,0,,,,,,,,,,,,Patient/Observer Global Impression of Change Score: First Flare Free Period
NCT04040192,Crisaborole,,secondary,41,other,,,,,,,,,,,0,,,,,,,,,,,,Medical Outcome Study Sleep Scale Score in Participants >=12 Years of Age: OL Run-in Period
NCT04040192,Crisaborole,,secondary,42,other,,,,,,,,,,,0,,,,,,,,,,,,Medical Outcome Study Sleep Scale Score in Participants >=12 Years of Age: DB Period
NCT04040192,Crisaborole,,secondary,43,other,,,,,,,,,,flare,0,,,,,,,,,,,,Medical Outcome Study Sleep Scale Score in Participants >=12 Years of Age: First Flare Period
NCT04040192,Crisaborole,,secondary,44,other,,,,,,,,,,flare,0,,,,,,,,,,,,Medical Outcome Study Sleep Scale Score in Participants >=12 Years of Age: First Flare Free Period
NCT04040192,Crisaborole,,secondary,45,other,EQ-5D-5L,,,,,,,,,,0,,,,,,,,,,,,European Quality of Life-5 Dimension 5-Level (EQ-5D-5L) Index Score in Participants Greater Than or Equal to (>=) 18 Years of Age: OL Run-in Period
NCT04040192,Crisaborole,,secondary,46,other,EQ-5D,,,,,,,,,,0,,,,,,,,,,,,European Quality of Life-5 Dimension Youth (EuroQoL EQ-5D Y) Index Score in Participants Between 8-17 Years of Age: OL Run-in Period
NCT04040192,Crisaborole,,secondary,47,other,EQ-5D,,,,,,,,,,0,,,,,,,,,,,,EuroQoL EQ-5D Y Proxy Index Scores in Participants Between 2-7 Years of Age: OL Run-in Period
NCT04040192,Crisaborole,,secondary,48,other,EQ-5D-5L,VAS,,,,,,,,,0,,,,,,,,,,,,EuroQoL EQ-5D-5L Visual Analog Scale (VAS) Score in Participants >= 18 Years of Age: OL Run-in Period
NCT04040192,Crisaborole,,secondary,49,other,EQ-5D,VAS,,,,,,,,,0,,,,,,,,,,,,EuroQoL EQ-5D Y VAS Scores in Participants Between 8-17 Years of Age : OL-Run-in Period
NCT04040192,Crisaborole,,secondary,50,other,EQ-5D,VAS,,,,,,,,,0,,,,,,,,,,,,EuroQoL EQ-5D Y Proxy VAS Scores in Participants Between 2-7 Years of Age: OL Run-in Period
NCT04040192,Crisaborole,,secondary,51,other,EQ-5D-5L,,,,,,,,,,0,,,,,,,,,,,,EuroQoL EQ-5D-5L Index Scores in Participants >= 18 Years of Age: DB Period
NCT04040192,Crisaborole,,secondary,52,other,EQ-5D,,,,,,,,,,0,,,,,,,,,,,,EuroQoL EQ-5D Y Index Scores in Participants Between 8-17 Years of Age: DB Period
NCT04040192,Crisaborole,,secondary,53,other,EQ-5D,,,,,,,,,,0,,,,,,,,,,,,EuroQoL EQ-5D Y Proxy Index Scores in Participants Between 2-7 Years of Age: DB Period
NCT04040192,Crisaborole,,secondary,54,other,EQ-5D-5L,VAS,,,,,,,,,0,,,,,,,,,,,,EuroQoL EQ-5D-5L VAS Scores in Participants >= 18 Years of Age: DB Period
NCT04040192,Crisaborole,,secondary,55,other,EQ-5D,VAS,,,,,,,,,0,,,,,,,,,,,,EuroQoL EQ-5D Y VAS Scores in Participants Between 8-17 Years of Age: DB Period
NCT04040192,Crisaborole,,secondary,56,other,EQ-5D,VAS,,,,,,,,,0,,,,,,,,,,,,EuroQoL EQ-5D Y Proxy VAS Scores in Participants Between 2-7 Years of Age: DB Period
NCT04040192,Crisaborole,,secondary,57,other,EQ-5D-5L,,,,,,,,,flare,0,,,,,,,,,,,,EuroQoL EQ-5D-5L Index Scores in Participants >= 18 Years of Age: First Flare Period
NCT04040192,Crisaborole,,secondary,58,other,EQ-5D,,,,,,,,,flare,0,,,,,,,,,,,,EuroQoL EQ-5D Y Index Scores in Participants Between 8-17 Years of Age: First Flare Period
NCT04040192,Crisaborole,,secondary,59,other,EQ-5D,,,,,,,,,flare,0,,,,,,,,,,,,EuroQoL EQ-5D Y Proxy Index Scores in Participants Between 2-7 Years of Age: First Flare Period
NCT04040192,Crisaborole,,secondary,60,other,EQ-5D-5L,VAS,,,,,,,,flare,0,,,,,,,,,,,,EuroQoL EQ-5D-5L VAS Scores in Participants >= 18 Years of Age: First Flare Period
NCT04040192,Crisaborole,,secondary,61,other,EQ-5D,VAS,,,,,,,,flare,0,,,,,,,,,,,,EuroQoL EQ-5D Y VAS Scores in Participants Between 8-17 Years of Age: First Flare Period
NCT04040192,Crisaborole,,secondary,62,other,EQ-5D,VAS,,,,,,,,flare,0,,,,,,,,,,,,EuroQoL EQ-5D Y Proxy VAS Scores in Participants Between 2-7 Years of Age: First Flare Period
NCT04040192,Crisaborole,,secondary,63,other,EQ-5D,,,,,,,,,flare,0,,,,,,,,,,,,EuroQoL EQ-5D Y Index Scores in Participants >= 18 Years of Age: First Flare Free Period
NCT04040192,Crisaborole,,secondary,64,other,EQ-5D,,,,,,,,,flare,0,,,,,,,,,,,,EuroQoL EQ-5D Y Index Scores in Participants Between 8-17 Years of Age: First Flare Free Period
NCT04040192,Crisaborole,,secondary,65,other,EQ-5D,,,,,,,,,flare,0,,,,,,,,,,,,EuroQoL EQ-5D Y Proxy Index Scores in Participants Between 2-7 Years of Age: First Flare Free Period
NCT04040192,Crisaborole,,secondary,66,other,EQ-5D-5L,VAS,,,,,,,,flare,0,,,,,,,,,,,,EuroQoL EQ-5D-5L VAS Scores in Participants >= 18 Years of Age: First Flare Free Period
NCT04040192,Crisaborole,,secondary,67,other,EQ-5D,VAS,,,,,,,,flare,0,,,,,,,,,,,,EuroQoL EQ-5D Y VAS Scores in Participants Between 8-17 Years of Age: First Flare Free Period
NCT04040192,Crisaborole,,secondary,68,other,EQ-5D,VAS,,,,,,,,flare,0,,,,,,,,,,,,EuroQoL EQ-5D Y Proxy VAS Scores in Participants Between 2-7 Years of Age: First Flare Free Period
NCT04040192,Crisaborole,,secondary,69,other,,,,,,,,,,,0,,,,,,,,,,,,Percent Work Time Missed Using Work Productivity and Activity Impairment (WPAI) Questionnaire Plus Classroom Impairment Questions (CIQ): OL Run-in Period
NCT04040192,Crisaborole,,secondary,70,other,,,,,,,,,,,0,,,,,,,,,,,,Percent Impairment While Working Using Work Productivity and Activity Impairment (WPAI) Questionnaire Plus Classroom Impairment Questions (CIQ): OL Run-in Period
NCT04040192,Crisaborole,,secondary,71,other,,,,,,,,,,,0,,,,,,,,,,,,Percent Overall Work Impairment Using Work Productivity and Activity Impairment (WPAI) Questionnaire Plus Classroom Impairment Questions (CIQ): OL Run-in Period
NCT04040192,Crisaborole,,secondary,72,other,,,,,,,,,,,0,,,,,,,,,,,,Percent Class Time Missed Using Work Productivity and Activity Impairment Questionnaire Plus Classroom Impairment Questions: OL Run-in Period
NCT04040192,Crisaborole,,secondary,73,other,,,,,,,,,,,0,,,,,,,,,,,,Percent Impairment While in Class Using Work Productivity and Activity Impairment Questionnaire Plus Classroom Impairment Questions: OL Run-in Period
NCT04040192,Crisaborole,,secondary,74,other,,,,,,,,,,,0,,,,,,,,,,,,Percent Overall Class Impairment Using Work Productivity and Activity Impairment Questionnaire Plus Classroom Impairment Questions: OL Run-in Period
NCT04040192,Crisaborole,,secondary,75,other,,,,,,,,,,,0,,,,,,,,,,,,Percent Activity Impairment Using Work Productivity and Activity Impairment Questionnaire Plus Classroom Impairment Questions: OL Run-in Period
NCT04040192,Crisaborole,,secondary,76,other,,,,,,,,,,,0,,,,,,,,,,,,Percent Work Time Missed Using Work Productivity and Activity Impairment Questionnaire Plus Classroom Impairment Questions: DB Period
NCT04040192,Crisaborole,,secondary,77,other,,,,,,,,,,,0,,,,,,,,,,,,Percent Impairment While Working Using Work Productivity and Activity Impairment Questionnaire Plus Classroom Impairment Questions: DB Period
NCT04040192,Crisaborole,,secondary,78,other,,,,,,,,,,,0,,,,,,,,,,,,Percent Overall Work Impairment Using Work Productivity and Activity Impairment Questionnaire Plus Classroom Impairment Questions: DB Period
NCT04040192,Crisaborole,,secondary,79,other,,,,,,,,,,,0,,,,,,,,,,,,Percent Class Time Missed Using Work Productivity and Activity Impairment Questionnaire Plus Classroom Impairment Questions: DB Period
NCT04040192,Crisaborole,,secondary,80,other,,,,,,,,,,,0,,,,,,,,,,,,Percent Impairment While in Class Using Work Productivity and Activity Impairment Questionnaire Plus Classroom Impairment Questions: DB Period
NCT04040192,Crisaborole,,secondary,81,other,,,,,,,,,,,0,,,,,,,,,,,,Percent Overall Class Impairment Using Work Productivity and Activity Impairment Questionnaire Plus Classroom Impairment Questions: DB Period
NCT04040192,Crisaborole,,secondary,82,other,,,,,,,,,,,0,,,,,,,,,,,,Percent Activity Impairment Using Work Productivity and Activity Impairment Questionnaire Plus Classroom Impairment Questions: DB Period
NCT04040192,Crisaborole,,secondary,83,other,,,,,,,,,,flare,0,,,,,,,,,,,,Percent Work Time Missed Using Work Productivity and Activity Impairment Questionnaire Plus Classroom Impairment Questions: First Flare Free Period
NCT04040192,Crisaborole,,secondary,84,other,,,,,,,,,,flare,0,,,,,,,,,,,,Percent Impairment While Working Using Work Productivity and Activity Impairment Questionnaire Plus Classroom Impairment Questions: First Flare Free Period
NCT04040192,Crisaborole,,secondary,85,other,,,,,,,,,,flare,0,,,,,,,,,,,,Percent Overall Work Impairment Using Work Productivity and Activity Impairment Questionnaire Plus Classroom Impairment Questions: First Flare Free Period
NCT04040192,Crisaborole,,secondary,86,other,,,,,,,,,,flare,0,,,,,,,,,,,,Percent Class Time Missed Using Work Productivity and Activity Impairment Questionnaire Plus Classroom Impairment Questions: First Flare Free Period
NCT04040192,Crisaborole,,secondary,87,other,,,,,,,,,,flare,0,,,,,,,,,,,,Percent Impairment While in Class Using Work Productivity and Activity Impairment Questionnaire Plus Classroom Impairment Questions: First Flare Free Period
NCT04040192,Crisaborole,,secondary,88,other,,,,,,,,,,flare,0,,,,,,,,,,,,Percent Overall Class Impairment Using Work Productivity and Activity Impairment Questionnaire Plus Classroom Impairment Questions: First Flare Free Period
NCT04040192,Crisaborole,,secondary,89,other,,,,,,,,,,flare,0,,,,,,,,,,,,Percent Activity Impairment Using Work Productivity and Activity Impairment Questionnaire Plus Classroom Impairment Questions: First Flare Free Period
NCT04040192,Crisaborole,,secondary,90,other,,,,,,,,,,flare,0,,,,,,,,,,,,Percent Work Time Missed Using Work Productivity and Activity Impairment Questionnaire Plus Classroom Impairment Questions: First Flare Period
NCT04040192,Crisaborole,,secondary,91,other,,,,,,,,,,flare,0,,,,,,,,,,,,Percent Impairment While Working Using Work Productivity and Activity Impairment Questionnaire Plus Classroom Impairment Questions: First Flare Period
NCT04040192,Crisaborole,,secondary,92,other,,,,,,,,,,flare,0,,,,,,,,,,,,Percent Overall Work Impairment Using Work Productivity and Activity Impairment Questionnaire Plus Classroom Impairment Questions: First Flare Period
NCT04040192,Crisaborole,,secondary,93,other,,,,,,,,,,flare,0,,,,,,,,,,,,Percent Class Time Missed Using Work Productivity and Activity Impairment Questionnaire Plus Classroom Impairment Questions: First Flare Period
NCT04040192,Crisaborole,,secondary,94,other,,,,,,,,,,flare,0,,,,,,,,,,,,Percent Impairment While in Class Using Work Productivity and Activity Impairment Questionnaire Plus Classroom Impairment Questions: First Flare Period
NCT04040192,Crisaborole,,secondary,95,other,,,,,,,,,,flare,0,,,,,,,,,,,,Percent Overall Class Impairment Using Work Productivity and Activity Impairment Questionnaire Plus Classroom Impairment Questions: First Flare Period
NCT04040192,Crisaborole,,secondary,96,other,,,,,,,,,,flare,0,,,,,,,,,,,,Percent Activity Impairment Using Work Productivity and Activity Impairment Questionnaire Plus Classroom Impairment Questions: First Flare Period
NCT04040192,Crisaborole,,secondary,97,other,HADS,,,,,,,,,,0,,,,,,,,,,,,Total Anxiety and Depression Scores Measured Using Hospital Anxiety and Depression Scale (HADS): OL Run-in Period
NCT04040192,Crisaborole,,secondary,98,other,HADS,,,,,,,,,,0,,,,,,,,,,,,Total Anxiety and Depression Scores Measured Using Hospital Anxiety and Depression Scale: DB Period
NCT04040192,Crisaborole,,secondary,99,other,HADS,,,,,,,,,flare,0,,,,,,,,,,,,Total Anxiety and Depression Scores Measured Using Hospital Anxiety and Depression Scale: First Flare Period
NCT04040192,Crisaborole,,secondary,100,other,HADS,,,,,,,,,flare,0,,,,,,,,,,,,Total Anxiety and Depression Scores Measured Using Hospital Anxiety and Depression Scale: First Flare Free Period
NCT04052425,Ruxolitinib,,primary,1,responder_rate,,,,baseline,24w,,,,,,0,,,,,,,,,,,,Percentage of Participants Achieving a ≥ 75% Improvement From Baseline in the Face Vitiligo Area Scoring Index (F-VASI75) Score at Week 24 (Time frame: Baseline; Week 24)
NCT04052425,Ruxolitinib,,secondary,1,responder_rate,,,,baseline,24w,,,,,,0,,,,,,,,,,,,Percentage of Participants Achieving a ≥ 50% Improvement From Baseline in the Face Vitiligo Area Scoring Index (F-VASI50) Score at Week 24
NCT04052425,Ruxolitinib,,secondary,2,responder_rate,,,,baseline,24w,,,,,,0,,,,,,,,,,,,Percentage of Participants Achieving a ≥ 90% Improvement From Baseline in the Face Vitiligo Area Scoring Index (F-VASI90) Score at Week 24
NCT04052425,Ruxolitinib,,secondary,3,responder_rate,,,,baseline,24w,,,,,,0,,,,,,,,,,,,Percentage of Participants Achieving a ≥ 50% Improvement From Baseline in the Total Body Vitiligo Area Scoring Index (T-VASI50) Score at Week 24
NCT04052425,Ruxolitinib,,secondary,4,responder_rate,,,,,24w,,,,,,0,,,,,,,,,,,,Percentage of Participants Achieving a Vitiligo Noticeability Scale (VNS) of 4 or 5 at Week 24
NCT04052425,Ruxolitinib,,secondary,5,percent_change_from_baseline,BSA,,,baseline,24w,,,,,,0,,,,,,,,,,,,Percentage Change From Baseline in Facial Body Surface Area (F-BSA) at Week 24
NCT04052425,Ruxolitinib,,secondary,6,count,,,,,,,,,,,0,,,,,,,,,,,,Number of Participants With Treatment-emergent Adverse Events (TEAEs) During the Double-Blind Period
NCT04052425,Ruxolitinib,,secondary,7,count,,,,,,,,,,,0,,,,,,,,,,,,Number of Participants With Treatment-emergent Adverse Events (TEAEs) During the Treatment-Extension Period
NCT04052425,Ruxolitinib,,secondary,8,responder_rate,,,,,24w,,,,,,0,,,,,,,,,,,,Percentage of Participants Achieving a ≥ 25% Improvement in the Face Vitiligo Area Scoring Index (F-VASI25) Score at Week 24
NCT04052425,Ruxolitinib,,secondary,9,responder_rate,,,,,52w,,,,,,0,,,,,,,,,,,,"Percentage of Participants Achieving a ≥ %25, ≥ %50, ≥ 75%, and ≥ 90% Improvement in the Face Vitiligo Area Scoring Index (F-VASI25/50/75/90) Score at Week 52"
NCT04052425,Ruxolitinib,,secondary,10,percent_change_from_baseline,,,,baseline,24w,,,,,,0,,,,,,,,,,,,Percentage Change From Baseline in F-VASI at Week 24
NCT04052425,Ruxolitinib,,secondary,11,percent_change_from_baseline,,,,baseline,52w,,,,,,0,,,,,,,,,,,,Percentage Change From Baseline in F-VASI at Week 52
NCT04052425,Ruxolitinib,,secondary,12,percent_change_from_baseline,BSA,,,baseline,52w,,,,,,0,,,,,,,,,,,,Percentage Change From Baseline in F-BSA at Week 52
NCT04052425,Ruxolitinib,,secondary,13,percent_change_from_baseline,,,,baseline,24w,,,,,,0,,,,,,,,,,,,Percentage Change From Baseline in T-VASI at Week 24
NCT04052425,Ruxolitinib,,secondary,14,percent_change_from_baseline,,,,baseline,52w,,,,,,0,,,,,,,,,,,,Percentage Change From Baseline in T-VASI at Week 52
NCT04052425,Ruxolitinib,,secondary,15,percent_change_from_baseline,BSA,,,baseline,24w,,,,,,0,,,,,,,,,,,,Percentage Change From Baseline in T-BSA at Week 24
NCT04052425,Ruxolitinib,,secondary,16,percent_change_from_baseline,BSA,,,baseline,52w,,,,,,0,,,,,,,,,,,,Percentage Change From Baseline in T-BSA at Week 52
NCT04052425,Ruxolitinib,,secondary,17,responder_rate,,,,,24w,,,,,,0,,,,,,,,,,,,"Percentage of Participants Achieving a ≥ 25%, ≥ 75%, and ≥ 90% Improvement in the Total Body Vitiligo Area Scoring Index (T-VASI25/75/90) Score at Week 24"
NCT04052425,Ruxolitinib,,secondary,18,responder_rate,,,,,52w,,,,,,0,,,,,,,,,,,,"Percentage of Participants Achieving a ≥ 25%, ≥ 50%, ≥ 75%, and ≥ 90% Improvement in the Total Body Vitiligo Area Scoring Index (T-VASI25/50/75/90) Score at Week 52"
NCT04052425,Ruxolitinib,,secondary,19,responder_rate,,,,,,,,,,,0,,,,,,,,,,,,Percentage of Participants in Each Category of VNS During the Treatment Period (Double-Blind and Treatment-Extension Periods)
NCT04052425,Ruxolitinib,,secondary,20,change_from_baseline,DLQI,,,baseline,24w,,,,,,0,,,,,,,,,,,,Change From Baseline in Dermatology Life Quality Index (DLQI) at Week 24
NCT04052425,Ruxolitinib,,secondary,21,change_from_baseline,DLQI,,,baseline,52w,,,,,,0,,,,,,,,,,,,Change From Baseline in DLQI at Week 52
NCT04052425,Ruxolitinib,,secondary,22,change_from_baseline,CDLQI,,,baseline,,,,,,,0,,,,,,,,,,,,Change From Baseline in Children's Dermatology Life Quality Index (CDLQI) During the Treatment Period (Double-Blind and Treatment-Extension Periods)
NCT04052425,Ruxolitinib,,secondary,23,pharmacokinetics,,,,,4w;24w;40w,,,,,plasma_concentration,0,,,,,,,,,,,,"Trough Plasma Concentrations of Ruxolitinib at Weeks 4, 24, and 40"
NCT04053270,Afamelanotide,,primary,1,other,,,,,,,,,,,0,,,,,,,,,,,,Cumulative Number of Days of Phototoxic Reactions (Study Efficacy Population) (Time frame: 0-360 days or Early Termination)
NCT04053270,Afamelanotide,,primary,2,other,,,,,,,,,,,0,,,,,,,,,,,,The Mean Number of Phototoxic Reactions (Study Efficacy Population) (Time frame: 0-360 days or Early Termination)
NCT04053270,Afamelanotide,,secondary,1,other,,,,,,,,,,,0,,,,,,,,,,,,Cumulative Number of Days With Sunlight Exposure (Study Efficacy Population)
NCT04053270,Afamelanotide,,secondary,2,other,,,,,,,,,,,0,,,,,,,,,,,,Skin Melanin Density (Study Completers Population)
NCT04053270,Afamelanotide,,secondary,3,change_from_baseline,,,,,,,,,,,0,,,,,,,,,,,,Change in Quality of Life Using SF36 Questionnaire (Physical Component Score) for Study Completers Population
NCT04053270,Afamelanotide,,secondary,4,change_from_baseline,,,,,,,,,,,0,,,,,,,,,,,,Change in Quality of Life Using SF36 Questionnaire (Mental Component Score) for Study Completers Population
NCT04057573,Ruxolitinib,,primary,1,responder_rate,,,,baseline,24w,,,,,,0,,,,,,,,,,,,Percentage of Participants Achieving a ≥ 75% Improvement From Baseline in the Face Vitiligo Area Scoring Index (F-VASI75) Score at Week 24 (Time frame: Baseline; Week 24)
NCT04057573,Ruxolitinib,,secondary,1,responder_rate,,,,baseline,24w,,,,,,0,,,,,,,,,,,,Percentage of Participants Achieving a ≥ 50% Improvement From Baseline in the Face Vitiligo Area Scoring Index (F-VASI50) Score at Week 24
NCT04057573,Ruxolitinib,,secondary,2,responder_rate,,,,baseline,24w,,,,,,0,,,,,,,,,,,,Percentage of Participants Achieving a ≥ 90% Improvement From Baseline in the Face Vitiligo Area Scoring Index (F-VASI90) Score at Week 24
NCT04057573,Ruxolitinib,,secondary,3,responder_rate,,,,baseline,24w,,,,,,0,,,,,,,,,,,,Percentage of Participants Achieving a ≥ 50% Improvement From Baseline in the Total Body Vitiligo Area Scoring Index (T-VASI50) Score at Week 24
NCT04057573,Ruxolitinib,,secondary,4,responder_rate,,,,,24w,,,,,,0,,,,,,,,,,,,Percentage of Participants Achieving a Vitiligo Noticeability Scale (VNS) of 4 or 5 at Week 24
NCT04057573,Ruxolitinib,,secondary,5,percent_change_from_baseline,BSA,,,baseline,24w,,,,,,0,,,,,,,,,,,,Percentage Change From Baseline in Facial Body Surface Area (F-BSA) at Week 24
NCT04057573,Ruxolitinib,,secondary,6,count,,,,,,,,,,,0,,,,,,,,,,,,Number of Participants With Treatment-emergent Adverse Events (TEAEs) During the Double-Blind Period
NCT04057573,Ruxolitinib,,secondary,7,count,,,,,,,,,,,0,,,,,,,,,,,,Number of Participants With Treatment-emergent Adverse Events (TEAEs) During the Treatment-Extension Period
NCT04057573,Ruxolitinib,,secondary,8,responder_rate,,,,,24w,,,,,,0,,,,,,,,,,,,Percentage of Participants Achieving a ≥ 25% Improvement in the Face Vitiligo Area Scoring Index (F-VASI25) Score at Week 24
NCT04057573,Ruxolitinib,,secondary,9,responder_rate,,,,,52w,,,,,,0,,,,,,,,,,,,"Percentage of Participants Achieving a ≥ %25, ≥ %50, ≥ 75%, and ≥ 90% Improvement in the Face Vitiligo Area Scoring Index (F-VASI25/50/75/90) Score at Week 52"
NCT04057573,Ruxolitinib,,secondary,10,percent_change_from_baseline,,,,baseline,24w,,,,,,0,,,,,,,,,,,,Percentage Change From Baseline in F-VASI at Week 24
NCT04057573,Ruxolitinib,,secondary,11,percent_change_from_baseline,,,,baseline,52w,,,,,,0,,,,,,,,,,,,Percentage Change From Baseline in F-VASI at Week 52
NCT04057573,Ruxolitinib,,secondary,12,percent_change_from_baseline,BSA,,,baseline,52w,,,,,,0,,,,,,,,,,,,Percentage Change From Baseline in F-BSA at Week 52
NCT04057573,Ruxolitinib,,secondary,13,percent_change_from_baseline,,,,baseline,24w,,,,,,0,,,,,,,,,,,,Percentage Change From Baseline in T-VASI at Week 24
NCT04057573,Ruxolitinib,,secondary,14,percent_change_from_baseline,,,,baseline,52w,,,,,,0,,,,,,,,,,,,Percentage Change From Baseline in T-VASI at Week 52
NCT04057573,Ruxolitinib,,secondary,15,percent_change_from_baseline,BSA,,,baseline,24w,,,,,,0,,,,,,,,,,,,Percentage Change From Baseline in T-BSA at Week 24
NCT04057573,Ruxolitinib,,secondary,16,percent_change_from_baseline,BSA,,,baseline,52w,,,,,,0,,,,,,,,,,,,Percentage Change From Baseline in T-BSA at Week 52
NCT04057573,Ruxolitinib,,secondary,17,responder_rate,,,,,24w,,,,,,0,,,,,,,,,,,,"Percentage of Participants Achieving a ≥ 25%, ≥ 75%, and ≥ 90% Improvement in the Total Body Vitiligo Area Scoring Index (T-VASI25/75/90) Score at Week 24"
NCT04057573,Ruxolitinib,,secondary,18,responder_rate,,,,,52w,,,,,,0,,,,,,,,,,,,"Percentage of Participants Achieving a ≥ 25%, ≥ 50%, ≥ 75%, and ≥ 90% Improvement in the Total Body Vitiligo Area Scoring Index (T-VASI25/50/75/90) Score at Week 52"
NCT04057573,Ruxolitinib,,secondary,19,responder_rate,,,,,,,,,,,0,,,,,,,,,,,,Percentage of Participants in Each Category of VNS During the Treatment Period (Double-Blind and Treatment-Extension Periods)
NCT04057573,Ruxolitinib,,secondary,20,change_from_baseline,DLQI,,,baseline,24w,,,,,,0,,,,,,,,,,,,Change From Baseline in Dermatology Life Quality Index (DLQI) at Week 24
NCT04057573,Ruxolitinib,,secondary,21,change_from_baseline,DLQI,,,baseline,52w,,,,,,0,,,,,,,,,,,,Change From Baseline in DLQI at Week 52
NCT04057573,Ruxolitinib,,secondary,22,change_from_baseline,CDLQI,,,baseline,,,,,,,0,,,,,,,,,,,,Change From Baseline in Children's Dermatology Life Quality Index (CDLQI) During the Treatment Period (Double-Blind and Treatment-Extension Periods)
NCT04057573,Ruxolitinib,,secondary,23,pharmacokinetics,,,,,4w;24w;40w,,,,,plasma_concentration,0,,,,,,,,,,,,"Trough Plasma Concentrations of Ruxolitinib at Weeks 4, 24, and 40"
NCT04091646,Roflumilast,,primary,1,absolute_value,IGA,,,,8w,,,,,,0,,,,,,,,,,,,Achievement of Investigator Global Assessment (IGA) Success at Week 8 (Time frame: Week 8)
NCT04091646,Roflumilast,,secondary,1,absolute_value,IGA,,,,2w;4w,,,,,,0,,,,,,,,,,,,Achievement of IGA Success at Weeks 2 and 4
NCT04091646,Roflumilast,,secondary,2,change_from_baseline,,,,baseline,,,,,,,0,,,,,,,,,,,,Change From Baseline in Overall Assessment of Erythema Score
NCT04091646,Roflumilast,,secondary,3,other,,,,,,,,,,,0,,,,,,,,,,,,Achievement of Overall Assessment of Erythema Success
NCT04091646,Roflumilast,,secondary,4,change_from_baseline,,,,baseline,,,,,,,0,,,,,,,,,,,,Change From Baseline in Overall Assessment of Scaling Score
NCT04091646,Roflumilast,,secondary,5,other,,,,,,,,,,,0,,,,,,,,,,,,Achievement of Overall Assessment of Scaling Success
NCT04091646,Roflumilast,,secondary,6,change_from_baseline,Pruritus NRS,,worst_daily,baseline,,,,,,,0,,,,,,,,,,,,Change From Baseline in Worst Itch Numeric Rating Scale (WI-NRS) Score
NCT04091646,Roflumilast,,secondary,7,other,Pruritus NRS,,,,,,,,,,0,,,,,,,,,,,,Achievement of WI-NRS Success
NCT04128007,Roflumilast,,primary,1,count,IGA,,,,8w,,,,,,0,,,,,,,,,,,,Number of Participants Achieving Success in the Scalp Investigator Global Assessment (S-IGA) Scale (Time frame: Week 8)
NCT04128007,Roflumilast,,secondary,1,count,IGA,,,,8w,,,,,,0,,,,,,,,,,,,Number of Participants Achieving Body Investigator Global Assessment (B-IGA) Success at Week 8
NCT04128007,Roflumilast,,secondary,2,count,Pruritus NRS,,,,,,,,,,0,,,,,,,,,,,,Number of Participants Achieving Success in Scalp Itch Numerical Rating Scale (SI-NRS) Score
NCT04128007,Roflumilast,,secondary,3,change_from_baseline,,,,baseline,,,,,,,0,,,,,,,,,,,,Change From Baseline in Psoriasis Symptoms Diary (PSD) Score
NCT04128007,Roflumilast,,secondary,4,time_to_event,,,,baseline,,,,,,,0,,,,,,,,,,,,Time to Achieve a 50% Reduction From Baseline in Psoriasis Scalp Severity Index (PSSI-50) Score
NCT04128007,Roflumilast,,secondary,5,count,,,,,,,,,,,0,,,,,,,,,,,,Number of Participants Achieving Psoriasis Scalp Severity Index-75 (PSSI-75)
NCT04128007,Roflumilast,,secondary,6,count,,,,,,,,,,,0,,,,,,,,,,,,Number of Participants Achieving PSSI-90
NCT04146363,Lebrikizumab,,primary,1,responder_rate,IGA,,,baseline,16w,,,,,,1,responder,IGA,,,absolute_score,in,"[0, 1]",score,,,,Percentage of Participants With an Investigator Global Assessment (IGA) Score of 0 or 1 and a Reduction ≥2 Points From Baseline to Week 16 (Time frame: Baseline to Week 16)
NCT04146363,Lebrikizumab,,primary,1,responder_rate,IGA,,,baseline,16w,,,,,,2,responder,IGA,,,point_reduction_from_baseline,>=,2,points,,,,Percentage of Participants With an Investigator Global Assessment (IGA) Score of 0 or 1 and a Reduction ≥2 Points From Baseline to Week 16 (Time frame: Baseline to Week 16)
NCT04146363,Lebrikizumab,,primary,2,responder_rate,EASI,,,baseline,16w,,,,,,1,responder,EASI,,,percent_improvement_from_baseline,>=,75,percent,,,,Percentage of Participants Achieving Eczema Area And Severity Index (EASI-75) (≥75% Reduction in EASI Score) From Baseline to Week 16 (Time frame: Baseline to Week 16)
NCT04146363,Lebrikizumab,,secondary,1,responder_rate,IGA,,,baseline,2w,,,,,,1,responder,IGA,,,absolute_score,in,"[0, 1]",score,,,,Percentage of Participants With an IGA Score of 0 or 1 and a Reduction ≥2 Points From Baseline to Week 2
NCT04146363,Lebrikizumab,,secondary,1,responder_rate,IGA,,,baseline,2w,,,,,,2,responder,IGA,,,point_reduction_from_baseline,>=,2,points,,,,Percentage of Participants With an IGA Score of 0 or 1 and a Reduction ≥2 Points From Baseline to Week 2
NCT04146363,Lebrikizumab,,secondary,2,responder_rate,IGA,,,baseline,4w,,,,,,1,responder,IGA,,,absolute_score,in,"[0, 1]",score,,,,Percentage of Participants With an IGA Score of 0 or 1 and a Reduction ≥2 Points From Baseline to Week 4
NCT04146363,Lebrikizumab,,secondary,2,responder_rate,IGA,,,baseline,4w,,,,,,2,responder,IGA,,,point_reduction_from_baseline,>=,2,points,,,,Percentage of Participants With an IGA Score of 0 or 1 and a Reduction ≥2 Points From Baseline to Week 4
NCT04146363,Lebrikizumab,,secondary,3,responder_rate,IGA,,,baseline,16w,,adults,,,,1,responder,IGA,,,absolute_score,in,"[0, 1]",score,,,,Percentage of Participants With an IGA Score of 0 or 1 and a Reduction ≥2 Points From Baseline to Week 16 in Adults
NCT04146363,Lebrikizumab,,secondary,3,responder_rate,IGA,,,baseline,16w,,adults,,,,2,responder,IGA,,,point_reduction_from_baseline,>=,2,points,,,,Percentage of Participants With an IGA Score of 0 or 1 and a Reduction ≥2 Points From Baseline to Week 16 in Adults
NCT04146363,Lebrikizumab,,secondary,4,responder_rate,EASI,,,baseline,16w,,,,,,1,responder,EASI,,,percent_improvement_from_baseline,>=,90,percent,,,,Percentage of Participants Achieving EASI-90 (≥90% Reduction in EASI Score) From Baseline to Week 16
NCT04146363,Lebrikizumab,,secondary,5,percent_change_from_baseline,Pruritus NRS,,,baseline,16w,,,,,,0,,,,,,,,,,,,Percent Change in Pruritus Numerical Rating Scale (NRS) Score From Baseline to Week 16
NCT04146363,Lebrikizumab,,secondary,6,responder_rate,Pruritus NRS,,,baseline,16w,,,,,,1,responder,Pruritus NRS,,,point_reduction_from_baseline,>=,4,points,,,,Percentage of Participants With a Pruritus NRS Score of ≥4-points at Baseline Who Achieve a ≥4-point Reduction in Pruritus NRS Score From Baseline to Week 16
NCT04146363,Lebrikizumab,,secondary,6,responder_rate,Pruritus NRS,,,baseline,16w,,,,,,2,subgroup,Pruritus NRS,,,absolute_score,>=,4,score,,,"[""baseline""]",Percentage of Participants With a Pruritus NRS Score of ≥4-points at Baseline Who Achieve a ≥4-point Reduction in Pruritus NRS Score From Baseline to Week 16
NCT04146363,Lebrikizumab,,secondary,7,responder_rate,Pruritus NRS,,,baseline,16w,,,,,,1,responder,Pruritus NRS,,,point_reduction_from_baseline,>=,4,points,,,,Percentage of Participants With a Pruritus NRS Score of ≥5-points at Baseline Who Achieve a ≥4-point Reduction in Pruritus NRS Score From Baseline to Week 16
NCT04146363,Lebrikizumab,,secondary,7,responder_rate,Pruritus NRS,,,baseline,16w,,,,,,2,subgroup,Pruritus NRS,,,absolute_score,>=,5,score,,,"[""baseline""]",Percentage of Participants With a Pruritus NRS Score of ≥5-points at Baseline Who Achieve a ≥4-point Reduction in Pruritus NRS Score From Baseline to Week 16
NCT04146363,Lebrikizumab,,secondary,8,percent_change_from_baseline,EASI,,,baseline,16w,,,,,,0,,,,,,,,,,,,Percent Change in EASI Score From Baseline to Week 16
NCT04146363,Lebrikizumab,,secondary,9,change_from_baseline,BSA,,,baseline,16w,,,,,,0,,,,,,,,,,,,Change From Baseline in Percent Body Surface Area (BSA) at Week 16
NCT04146363,Lebrikizumab,,secondary,10,responder_rate,EASI,,,baseline,4w,,,,,,1,responder,EASI,,,percent_improvement_from_baseline,>=,90,percent,,,,Percentage of Participants Achieving EASI-90 From Baseline to Week 4
NCT04146363,Lebrikizumab,,secondary,11,change_from_baseline,DLQI,,,baseline,16w,,,,,,0,,,,,,,,,,,,Change From Baseline in Dermatology Life Quality Index (DLQI) at Week 16
NCT04146363,Lebrikizumab,,secondary,12,responder_rate,DLQI,,,baseline,16w,,,,,,1,responder,DLQI,,,point_reduction_from_baseline,>=,4,points,,,,Percentage of Participants Achieving ≥4 Point Improvement in DLQI From Baseline to Week 16
NCT04146363,Lebrikizumab,,secondary,13,responder_rate,DLQI,,,baseline,16w,,,,,,1,responder,DLQI,,,point_reduction_from_baseline,>=,4,points,,,,Percentage of Participants With a DLQI Total Score of ≥4-point at Baseline Achieving ≥4-point Improvement in DLQI From Baseline to Week 16
NCT04146363,Lebrikizumab,,secondary,13,responder_rate,DLQI,,,baseline,16w,,,,,,2,subgroup,DLQI,,,absolute_score,>=,4,score,,,"[""baseline""]",Percentage of Participants With a DLQI Total Score of ≥4-point at Baseline Achieving ≥4-point Improvement in DLQI From Baseline to Week 16
NCT04146363,Lebrikizumab,,secondary,14,percent_change_from_baseline,Sleep-loss,,,baseline,16w,,,,,,0,,,,,,,,,,,,Percent Change in Sleep-loss Score From Baseline to Week 16
NCT04146363,Lebrikizumab,,secondary,15,change_from_baseline,Sleep-loss,,,baseline,16w,,,,,,0,,,,,,,,,,,,Change From Baseline in Sleep-loss Score at Week 16
NCT04146363,Lebrikizumab,,secondary,16,responder_rate,Sleep-loss,,,baseline,16w,,,,,,1,responder,Sleep-loss,,,point_reduction_from_baseline,>=,2,points,,,,Percentage of Participants With a Sleep-loss Score ≥2 Points at Baseline Who Achieve a ≥2 Points Reduction From Baseline at Week 16
NCT04146363,Lebrikizumab,,secondary,16,responder_rate,Sleep-loss,,,baseline,16w,,,,,,2,subgroup,Sleep-loss,,,absolute_score,>=,2,score,,,"[""baseline""]",Percentage of Participants With a Sleep-loss Score ≥2 Points at Baseline Who Achieve a ≥2 Points Reduction From Baseline at Week 16
NCT04146363,Lebrikizumab,,secondary,17,responder_rate,Pruritus NRS,,,baseline,1w,,,,,,1,responder,Pruritus NRS,,,point_reduction_from_baseline,>=,4,points,,,,Percentage of Participants With a Pruritus NRS Score of ≥4 Points at Baseline Who Achieve a ≥4-point Reduction From Baseline to Week 1
NCT04146363,Lebrikizumab,,secondary,17,responder_rate,Pruritus NRS,,,baseline,1w,,,,,,2,subgroup,Pruritus NRS,,,absolute_score,>=,4,score,,,"[""baseline""]",Percentage of Participants With a Pruritus NRS Score of ≥4 Points at Baseline Who Achieve a ≥4-point Reduction From Baseline to Week 1
NCT04146363,Lebrikizumab,,secondary,18,responder_rate,Pruritus NRS,,,baseline,2w,,,,,,1,responder,Pruritus NRS,,,point_reduction_from_baseline,>=,4,points,,,,Percentage of Participants With a Pruritus NRS Score of ≥4 Points at Baseline Who Achieve a ≥4-point Reduction From Baseline to Week 2
NCT04146363,Lebrikizumab,,secondary,18,responder_rate,Pruritus NRS,,,baseline,2w,,,,,,2,subgroup,Pruritus NRS,,,absolute_score,>=,4,score,,,"[""baseline""]",Percentage of Participants With a Pruritus NRS Score of ≥4 Points at Baseline Who Achieve a ≥4-point Reduction From Baseline to Week 2
NCT04146363,Lebrikizumab,,secondary,19,responder_rate,Pruritus NRS,,,baseline,4w,,,,,,1,responder,Pruritus NRS,,,point_reduction_from_baseline,>=,4,points,,,,Percentage of Participants With a Pruritus NRS Score of ≥4 Points at Baseline Who Achieve a ≥4-point Reduction From Baseline to Week 4
NCT04146363,Lebrikizumab,,secondary,19,responder_rate,Pruritus NRS,,,baseline,4w,,,,,,2,subgroup,Pruritus NRS,,,absolute_score,>=,4,score,,,"[""baseline""]",Percentage of Participants With a Pruritus NRS Score of ≥4 Points at Baseline Who Achieve a ≥4-point Reduction From Baseline to Week 4
NCT04146363,Lebrikizumab,,secondary,20,responder_rate,Pruritus NRS,,,baseline,1w,,,,,,1,responder,Pruritus NRS,,,point_reduction_from_baseline,>=,4,points,,,,Percentage of Participants With a Pruritus NRS Score of ≥5 Points at Baseline Who Achieve a ≥4-point Reduction From Baseline to Week 1
NCT04146363,Lebrikizumab,,secondary,20,responder_rate,Pruritus NRS,,,baseline,1w,,,,,,2,subgroup,Pruritus NRS,,,absolute_score,>=,5,score,,,"[""baseline""]",Percentage of Participants With a Pruritus NRS Score of ≥5 Points at Baseline Who Achieve a ≥4-point Reduction From Baseline to Week 1
NCT04146363,Lebrikizumab,,secondary,21,responder_rate,Pruritus NRS,,,baseline,2w,,,,,,1,responder,Pruritus NRS,,,point_reduction_from_baseline,>=,4,points,,,,Percentage of Participants With a Pruritus NRS Score of ≥5 Points at Baseline Who Achieve a ≥4-point Reduction From Baseline to Week 2
NCT04146363,Lebrikizumab,,secondary,21,responder_rate,Pruritus NRS,,,baseline,2w,,,,,,2,subgroup,Pruritus NRS,,,absolute_score,>=,5,score,,,"[""baseline""]",Percentage of Participants With a Pruritus NRS Score of ≥5 Points at Baseline Who Achieve a ≥4-point Reduction From Baseline to Week 2
NCT04146363,Lebrikizumab,,secondary,22,responder_rate,Pruritus NRS,,,baseline,4w,,,,,,1,responder,Pruritus NRS,,,point_reduction_from_baseline,>=,4,points,,,,Percentage of Participants With a Pruritus NRS Score of ≥5 Points at Baseline Who Achieve a ≥4-point Reduction From Baseline to Week 4
NCT04146363,Lebrikizumab,,secondary,22,responder_rate,Pruritus NRS,,,baseline,4w,,,,,,2,subgroup,Pruritus NRS,,,absolute_score,>=,5,score,,,"[""baseline""]",Percentage of Participants With a Pruritus NRS Score of ≥5 Points at Baseline Who Achieve a ≥4-point Reduction From Baseline to Week 4
NCT04146363,Lebrikizumab,,secondary,23,percent_change_from_baseline,SCORAD,,,baseline,16w,,,,,,0,,,,,,,,,,,,Percent Change in SCORing Atopic Dermatitis (SCORAD) From Baseline to Week 16
NCT04146363,Lebrikizumab,,secondary,24,pharmacokinetics,,,,,52w,,,,,serum_concentration,0,,,,,,,,,,,,Pharmacokinetics (PK): Average Serum Concentration of Lebrikizumab at Week 52
NCT04146363,Lebrikizumab,,secondary,25,responder_rate,EASI,,,baseline,52w,,re_randomized_responders,re_randomized_responders,,,1,responder,EASI,,,percent_improvement_from_baseline,>=,75,percent,,,,Percentage of Participants From Those Re-randomized Having Achieved EASI-75 at Week 16 Who Continued to Exhibit EASI-75 at Week 52 (EASI-75 Calculated Relative to Baseline EASI Score)
NCT04146363,Lebrikizumab,,secondary,25,responder_rate,EASI,,,baseline,52w,,re_randomized_responders,re_randomized_responders,,,2,subgroup,EASI,,,percent_improvement_from_baseline,>=,75,percent,,,"[""week_16""]",Percentage of Participants From Those Re-randomized Having Achieved EASI-75 at Week 16 Who Continued to Exhibit EASI-75 at Week 52 (EASI-75 Calculated Relative to Baseline EASI Score)
NCT04146363,Lebrikizumab,,secondary,26,responder_rate,IGA,,,baseline,52w,,re_randomized_responders,re_randomized_responders,,,1,responder,IGA,,,absolute_score,in,"[0, 1]",score,,,,Percentage of Participants From Those Re-randomized Having Achieved IGA 0 or 1 and a ≥2-point Improvement From Baseline at Week 16 Who Continue to Exhibit and IGA 0 or 1 and a ≥2-point Improvement From Baseline at Week 52
NCT04146363,Lebrikizumab,,secondary,26,responder_rate,IGA,,,baseline,52w,,re_randomized_responders,re_randomized_responders,,,2,responder,IGA,,,point_reduction_from_baseline,>=,2,points,,,,Percentage of Participants From Those Re-randomized Having Achieved IGA 0 or 1 and a ≥2-point Improvement From Baseline at Week 16 Who Continue to Exhibit and IGA 0 or 1 and a ≥2-point Improvement From Baseline at Week 52
NCT04146363,Lebrikizumab,,secondary,26,responder_rate,IGA,,,baseline,52w,,re_randomized_responders,re_randomized_responders,,,3,subgroup,IGA,,,absolute_score,in,"[0, 1]",score,,,"[""week_16""]",Percentage of Participants From Those Re-randomized Having Achieved IGA 0 or 1 and a ≥2-point Improvement From Baseline at Week 16 Who Continue to Exhibit and IGA 0 or 1 and a ≥2-point Improvement From Baseline at Week 52
NCT04146363,Lebrikizumab,,secondary,26,responder_rate,IGA,,,baseline,52w,,re_randomized_responders,re_randomized_responders,,,4,subgroup,IGA,,,point_reduction_from_baseline,>=,2,points,,,"[""week_16""]",Percentage of Participants From Those Re-randomized Having Achieved IGA 0 or 1 and a ≥2-point Improvement From Baseline at Week 16 Who Continue to Exhibit and IGA 0 or 1 and a ≥2-point Improvement From Baseline at Week 52
NCT04146363,Lebrikizumab,,secondary,27,responder_rate,Pruritus NRS,,,baseline,52w,,re_randomized_responders,re_randomized_responders,,,1,responder,Pruritus NRS,,,point_reduction_from_baseline,>=,4,points,,,,Percentage of Participants From Those With a Pruritus NRS of ≥4-points at Baseline Re-randomized Having Achieved ≥4-point Reduction From Baseline at Week 16 Who Continue to Exhibit ≥4-point Reduction From Baseline at Week 52
NCT04146363,Lebrikizumab,,secondary,27,responder_rate,Pruritus NRS,,,baseline,52w,,re_randomized_responders,re_randomized_responders,,,2,subgroup,Pruritus NRS,,,point_reduction_from_baseline,>=,4,points,,,"[""week_16""]",Percentage of Participants From Those With a Pruritus NRS of ≥4-points at Baseline Re-randomized Having Achieved ≥4-point Reduction From Baseline at Week 16 Who Continue to Exhibit ≥4-point Reduction From Baseline at Week 52
NCT04146363,Lebrikizumab,,secondary,27,responder_rate,Pruritus NRS,,,baseline,52w,,re_randomized_responders,re_randomized_responders,,,3,subgroup,Pruritus NRS,,,absolute_score,>=,4,score,,,"[""baseline""]",Percentage of Participants From Those With a Pruritus NRS of ≥4-points at Baseline Re-randomized Having Achieved ≥4-point Reduction From Baseline at Week 16 Who Continue to Exhibit ≥4-point Reduction From Baseline at Week 52
NCT04146363,Lebrikizumab,,secondary,28,responder_rate,Pruritus NRS,,,baseline,52w,,re_randomized_responders,re_randomized_responders,,,1,responder,Pruritus NRS,,,point_reduction_from_baseline,>=,4,points,,,,Percentage of Participants From Those With a Pruritus NRS of ≥5-points at Baseline Re-randomized Having Achieved ≥4-point Reduction From Baseline at Week 16 Who Continue to Exhibit ≥4-point Reduction From Baseline at Week 52
NCT04146363,Lebrikizumab,,secondary,28,responder_rate,Pruritus NRS,,,baseline,52w,,re_randomized_responders,re_randomized_responders,,,2,subgroup,Pruritus NRS,,,point_reduction_from_baseline,>=,4,points,,,"[""week_16""]",Percentage of Participants From Those With a Pruritus NRS of ≥5-points at Baseline Re-randomized Having Achieved ≥4-point Reduction From Baseline at Week 16 Who Continue to Exhibit ≥4-point Reduction From Baseline at Week 52
NCT04146363,Lebrikizumab,,secondary,28,responder_rate,Pruritus NRS,,,baseline,52w,,re_randomized_responders,re_randomized_responders,,,3,subgroup,Pruritus NRS,,,absolute_score,>=,5,score,,,"[""baseline""]",Percentage of Participants From Those With a Pruritus NRS of ≥5-points at Baseline Re-randomized Having Achieved ≥4-point Reduction From Baseline at Week 16 Who Continue to Exhibit ≥4-point Reduction From Baseline at Week 52
NCT04146363,Lebrikizumab,,secondary,29,percent_change_from_baseline,SCORAD,,,baseline,52w,,,,,,1,subgroup,EASI,,,percent_improvement_from_baseline,>=,75,percent,,,"[""week_16""]",Percent Change in SCORAD (Having Achieved EASI-75 at Week 16) From Baseline at Week 52
NCT04146363,Lebrikizumab,,secondary,30,change_from_baseline,EQ-5D-5L,Index,,baseline,16w,,,,,,0,,,,,,,,,,,,Change From Baseline in European Quality of Life-5 Dimensions-5 Levels (EQ-5D-5L) at Week 16 - Health State Index
NCT04146363,Lebrikizumab,,secondary,31,change_from_baseline,EQ-5D-5L,VAS,,baseline,16w,,,,,,0,,,,,,,,,,,,Change From Baseline in EQ-5D-5L at Week 16 - Visual Analog Scale (VAS)
NCT04146363,Lebrikizumab,,secondary,32,change_from_baseline,POEM,,,baseline,16w,,,,,,0,,,,,,,,,,,,Change From Baseline in Patient Oriented Eczema Measure (POEM) at Week 16
NCT04146363,Lebrikizumab,,secondary,33,change_from_baseline,PROMIS,Anxiety,,baseline,16w,,adolescents,,,,0,,,,,,,,,,,,Change From Baseline in Patient-Reported Outcomes Measurement Information System (PROMIS) Anxiety at Week 16 - Adolescents
NCT04146363,Lebrikizumab,,secondary,34,change_from_baseline,PROMIS,Depression,,baseline,16w,,adolescents,,,,0,,,,,,,,,,,,Change From Baseline in PROMIS Depression at Week 16 - Adolescents
NCT04146363,Lebrikizumab,,secondary,35,change_from_baseline,PROMIS,Anxiety,,baseline,16w,,adults,,,,0,,,,,,,,,,,,Change From Baseline in PROMIS Anxiety at Week 16 - Adults
NCT04146363,Lebrikizumab,,secondary,36,change_from_baseline,PROMIS,Depression,,baseline,16w,,adults,,,,0,,,,,,,,,,,,Change From Baseline in PROMIS Depression at Week 16 - Adults
NCT04146363,Lebrikizumab,,secondary,37,change_from_baseline,ACQ-5,,,baseline,16w,,comorbid_asthma,,,,0,,,,,,,,,,,,Change From Baseline in Asthma Control Questionnaire (ACQ-5) Score at Week 16 in Participants Who Have Self-Reported Comorbid Asthma
NCT04146363,Lebrikizumab,,secondary,38,change_from_baseline,CDLQI,,,baseline,16w,,adolescents,,,,0,,,,,,,,,,,,Change From Baseline in Children's Dermatology Life Quality Index (CDLQI) at Week 16 - Adolescents
NCT04178967,Lebrikizumab,ADvocate2,primary,1,responder_rate,IGA,,,baseline,16w,,,,,,1,responder,IGA,,,absolute_score,in,"[0, 1]",score,,,,Percentage of Participants With an Investigator Global Assessment (IGA) Score of 0 or 1 and a Reduction ≥2 Points From Baseline to Week 16 (Time frame: Baseline to Week 16)
NCT04178967,Lebrikizumab,ADvocate2,primary,1,responder_rate,IGA,,,baseline,16w,,,,,,2,responder,IGA,,,point_reduction_from_baseline,>=,2,points,,,,Percentage of Participants With an Investigator Global Assessment (IGA) Score of 0 or 1 and a Reduction ≥2 Points From Baseline to Week 16 (Time frame: Baseline to Week 16)
NCT04178967,Lebrikizumab,ADvocate2,primary,2,responder_rate,EASI,,,baseline,16w,,,,,,1,responder,EASI,,,percent_improvement_from_baseline,>=,75,percent,,,,Percentage of Participants Achieving Eczema Area And Severity Index (EASI-75) (≥75% Reduction in EASI Score) From Baseline to Week 16 (Time frame: Baseline to Week 16)
NCT04178967,Lebrikizumab,ADvocate2,secondary,1,responder_rate,IGA,,,baseline,2w,,,,,,1,responder,IGA,,,absolute_score,in,"[0, 1]",score,,,,Percentage of Participants With an IGA Score of 0 or 1 and a Reduction ≥2 Points From Baseline to Week 2
NCT04178967,Lebrikizumab,ADvocate2,secondary,1,responder_rate,IGA,,,baseline,2w,,,,,,2,responder,IGA,,,point_reduction_from_baseline,>=,2,points,,,,Percentage of Participants With an IGA Score of 0 or 1 and a Reduction ≥2 Points From Baseline to Week 2
NCT04178967,Lebrikizumab,ADvocate2,secondary,2,responder_rate,IGA,,,baseline,4w,,,,,,1,responder,IGA,,,absolute_score,in,"[0, 1]",score,,,,Percentage of Participants With an IGA Score of 0 or 1 and a Reduction ≥2 Points From Baseline to Week 4
NCT04178967,Lebrikizumab,ADvocate2,secondary,2,responder_rate,IGA,,,baseline,4w,,,,,,2,responder,IGA,,,point_reduction_from_baseline,>=,2,points,,,,Percentage of Participants With an IGA Score of 0 or 1 and a Reduction ≥2 Points From Baseline to Week 4
NCT04178967,Lebrikizumab,ADvocate2,secondary,3,responder_rate,IGA,,,baseline,16w,,,,,,1,responder,IGA,,,absolute_score,in,"[0, 1]",score,,,,Percentage of Participants With an IGA Score of 0 or 1 and a Reduction ≥2 Points From Baseline to Week 16
NCT04178967,Lebrikizumab,ADvocate2,secondary,3,responder_rate,IGA,,,baseline,16w,,,,,,2,responder,IGA,,,point_reduction_from_baseline,>=,2,points,,,,Percentage of Participants With an IGA Score of 0 or 1 and a Reduction ≥2 Points From Baseline to Week 16
NCT04178967,Lebrikizumab,ADvocate2,secondary,4,responder_rate,EASI,,,baseline,16w,,,,,,1,responder,EASI,,,percent_improvement_from_baseline,>=,90,percent,,,,Percentage of Participants Achieving EASI-90 (≥90% Reduction in EASI Score) From Baseline to Week 16
NCT04178967,Lebrikizumab,ADvocate2,secondary,5,percent_change_from_baseline,Pruritus NRS,,,baseline,16w,,,,,,0,,,,,,,,,,,,Percentage Change in Pruritus Numerical Rating Scale (NRS) Score From Baseline to Week 16
NCT04178967,Lebrikizumab,ADvocate2,secondary,6,responder_rate,Pruritus NRS,,,baseline,16w,,,,,,1,responder,Pruritus NRS,,,point_reduction_from_baseline,>=,4,points,,,,Percentage of Participants With a Pruritus NRS Score of ≥4-points at Baseline Who Achieve a ≥4-point Reduction in Pruritus NRS Score From Baseline to Week 16
NCT04178967,Lebrikizumab,ADvocate2,secondary,6,responder_rate,Pruritus NRS,,,baseline,16w,,,,,,2,subgroup,Pruritus NRS,,,absolute_score,>=,4,score,,,"[""baseline""]",Percentage of Participants With a Pruritus NRS Score of ≥4-points at Baseline Who Achieve a ≥4-point Reduction in Pruritus NRS Score From Baseline to Week 16
NCT04178967,Lebrikizumab,ADvocate2,secondary,7,responder_rate,Pruritus NRS,,,baseline,16w,,,,,,1,responder,Pruritus NRS,,,point_reduction_from_baseline,>=,4,points,,,,Percentage of Participants With a Pruritus NRS Score of ≥5-points at Baseline Who Achieve a ≥4-point Reduction in Pruritus NRS Score From Baseline to Week 16
NCT04178967,Lebrikizumab,ADvocate2,secondary,7,responder_rate,Pruritus NRS,,,baseline,16w,,,,,,2,subgroup,Pruritus NRS,,,absolute_score,>=,5,score,,,"[""baseline""]",Percentage of Participants With a Pruritus NRS Score of ≥5-points at Baseline Who Achieve a ≥4-point Reduction in Pruritus NRS Score From Baseline to Week 16
NCT04178967,Lebrikizumab,ADvocate2,secondary,8,percent_change_from_baseline,EASI,,,baseline,16w,,,,,,0,,,,,,,,,,,,Percentage Change in EASI Score From Baseline to Week 16
NCT04178967,Lebrikizumab,ADvocate2,secondary,9,change_from_baseline,BSA,,,baseline,16w,,,,,,0,,,,,,,,,,,,Change From Baseline in Percent Body Surface Area (BSA) at Week 16
NCT04178967,Lebrikizumab,ADvocate2,secondary,10,responder_rate,EASI,,,baseline,4w,,,,,,1,responder,EASI,,,percent_improvement_from_baseline,>=,90,percent,,,,Percentage of Participants Achieving EASI-90 From Baseline to Week 4
NCT04178967,Lebrikizumab,ADvocate2,secondary,11,change_from_baseline,DLQI,,,baseline,16w,,,,,,0,,,,,,,,,,,,Change From Baseline in Dermatology Life Quality Index (DLQI) at Week 16
NCT04178967,Lebrikizumab,ADvocate2,secondary,12,responder_rate,DLQI,,,baseline,16w,,,,,,1,responder,DLQI,,,point_reduction_from_baseline,>=,4,points,,,,Percentage of Participants Achieving ≥4-point Improvement in DLQI From Baseline to Week 16
NCT04178967,Lebrikizumab,ADvocate2,secondary,13,responder_rate,DLQI,,,baseline,16w,,,,,,1,responder,DLQI,,,point_reduction_from_baseline,>=,4,points,,,,Percentage of Participants With a DLQI Total Score of ≥4-point at Baseline Achieving ≥4-point Improvement in DLQI From Baseline to Week 16
NCT04178967,Lebrikizumab,ADvocate2,secondary,13,responder_rate,DLQI,,,baseline,16w,,,,,,2,subgroup,DLQI,,,absolute_score,>=,4,score,,,"[""baseline""]",Percentage of Participants With a DLQI Total Score of ≥4-point at Baseline Achieving ≥4-point Improvement in DLQI From Baseline to Week 16
NCT04178967,Lebrikizumab,ADvocate2,secondary,14,percent_change_from_baseline,Sleep-loss,,,baseline,16w,,,,,,0,,,,,,,,,,,,Percentage Change in Sleep-loss Score From Baseline to Week 16
NCT04178967,Lebrikizumab,ADvocate2,secondary,15,change_from_baseline,Sleep-loss,,,baseline,16w,,,,,,0,,,,,,,,,,,,Change From Baseline in Sleep-loss Score at Week 16
NCT04178967,Lebrikizumab,ADvocate2,secondary,16,responder_rate,Sleep-loss,,,baseline,16w,,,,,,1,responder,Sleep-loss,,,point_reduction_from_baseline,>=,2,points,,,,Percentage of Participants With a Sleep-loss Score ≥2 Points at Baseline Who Achieve a ≥2 Points Reduction From Baseline to Week 16
NCT04178967,Lebrikizumab,ADvocate2,secondary,16,responder_rate,Sleep-loss,,,baseline,16w,,,,,,2,subgroup,Sleep-loss,,,absolute_score,>=,2,score,,,"[""baseline""]",Percentage of Participants With a Sleep-loss Score ≥2 Points at Baseline Who Achieve a ≥2 Points Reduction From Baseline to Week 16
NCT04178967,Lebrikizumab,ADvocate2,secondary,17,responder_rate,Pruritus NRS,,,baseline,1w,,,,,,1,responder,Pruritus NRS,,,point_reduction_from_baseline,>=,4,points,,,,Percentage of Participants With a Pruritus NRS Score of ≥4 Points at Baseline Who Achieve a ≥4-point Reduction From Baseline to Week 1
NCT04178967,Lebrikizumab,ADvocate2,secondary,17,responder_rate,Pruritus NRS,,,baseline,1w,,,,,,2,subgroup,Pruritus NRS,,,absolute_score,>=,4,score,,,"[""baseline""]",Percentage of Participants With a Pruritus NRS Score of ≥4 Points at Baseline Who Achieve a ≥4-point Reduction From Baseline to Week 1
NCT04178967,Lebrikizumab,ADvocate2,secondary,18,responder_rate,Pruritus NRS,,,baseline,2w,,,,,,1,responder,Pruritus NRS,,,point_reduction_from_baseline,>=,4,points,,,,Percentage of Participants With a Pruritus NRS Score of ≥4 Points at Baseline Who Achieve a ≥4-point Reduction From Baseline to Week 2
NCT04178967,Lebrikizumab,ADvocate2,secondary,18,responder_rate,Pruritus NRS,,,baseline,2w,,,,,,2,subgroup,Pruritus NRS,,,absolute_score,>=,4,score,,,"[""baseline""]",Percentage of Participants With a Pruritus NRS Score of ≥4 Points at Baseline Who Achieve a ≥4-point Reduction From Baseline to Week 2
NCT04178967,Lebrikizumab,ADvocate2,secondary,19,responder_rate,Pruritus NRS,,,baseline,4w,,,,,,1,responder,Pruritus NRS,,,point_reduction_from_baseline,>=,4,points,,,,Percentage of Participants With a Pruritus NRS Score of ≥4 Points at Baseline Who Achieve a ≥4-point Reduction From Baseline to Week 4
NCT04178967,Lebrikizumab,ADvocate2,secondary,19,responder_rate,Pruritus NRS,,,baseline,4w,,,,,,2,subgroup,Pruritus NRS,,,absolute_score,>=,4,score,,,"[""baseline""]",Percentage of Participants With a Pruritus NRS Score of ≥4 Points at Baseline Who Achieve a ≥4-point Reduction From Baseline to Week 4
NCT04178967,Lebrikizumab,ADvocate2,secondary,20,responder_rate,Pruritus NRS,,,baseline,1w,,,,,,1,responder,Pruritus NRS,,,point_reduction_from_baseline,>=,4,points,,,,Percentage of Participants With a Pruritus NRS Score of ≥5 Points at Baseline Who Achieve a ≥4-point Reduction From Baseline to Week 1
NCT04178967,Lebrikizumab,ADvocate2,secondary,20,responder_rate,Pruritus NRS,,,baseline,1w,,,,,,2,subgroup,Pruritus NRS,,,absolute_score,>=,5,score,,,"[""baseline""]",Percentage of Participants With a Pruritus NRS Score of ≥5 Points at Baseline Who Achieve a ≥4-point Reduction From Baseline to Week 1
NCT04178967,Lebrikizumab,ADvocate2,secondary,21,responder_rate,Pruritus NRS,,,baseline,2w,,,,,,1,responder,Pruritus NRS,,,point_reduction_from_baseline,>=,4,points,,,,Percentage of Participants With a Pruritus NRS Score of ≥5 Points at Baseline Who Achieve a ≥4-point Reduction From Baseline to Week 2
NCT04178967,Lebrikizumab,ADvocate2,secondary,21,responder_rate,Pruritus NRS,,,baseline,2w,,,,,,2,subgroup,Pruritus NRS,,,absolute_score,>=,5,score,,,"[""baseline""]",Percentage of Participants With a Pruritus NRS Score of ≥5 Points at Baseline Who Achieve a ≥4-point Reduction From Baseline to Week 2
NCT04178967,Lebrikizumab,ADvocate2,secondary,22,responder_rate,Pruritus NRS,,,baseline,4w,,,,,,1,responder,Pruritus NRS,,,point_reduction_from_baseline,>=,4,points,,,,Percentage of Participants With a Pruritus NRS Score of ≥5 Points at Baseline Who Achieve a ≥4-point Reduction From Baseline to Week 4
NCT04178967,Lebrikizumab,ADvocate2,secondary,22,responder_rate,Pruritus NRS,,,baseline,4w,,,,,,2,subgroup,Pruritus NRS,,,absolute_score,>=,5,score,,,"[""baseline""]",Percentage of Participants With a Pruritus NRS Score of ≥5 Points at Baseline Who Achieve a ≥4-point Reduction From Baseline to Week 4
NCT04178967,Lebrikizumab,ADvocate2,secondary,23,percent_change_from_baseline,SCORAD,,,baseline,16w,,,,,,0,,,,,,,,,,,,Percentage Change in SCORing Atopic Dermatitis (SCORAD) From Baseline to Week 16
NCT04178967,Lebrikizumab,ADvocate2,secondary,24,pharmacokinetics,,,,,,,,,maintenance,serum_concentration,0,,,,,,,,,,,,Pharmacokinetics (PK): Trough Serum Concentrations of Lebrikizumab in Maintenance Period (C-trough)
NCT04178967,Lebrikizumab,ADvocate2,secondary,25,responder_rate,EASI,,,baseline,52w,,re_randomized_responders,re_randomized_responders,,,1,responder,EASI,,,percent_improvement_from_baseline,>=,75,percent,,,,Percentage of Participants From Those Re-randomized Having Achieved EASI-75 at Week 16 Who Continue to Exhibit EASI-75 at Week 52 (EASI-75 Calculated Relative to Baseline EASI Score)
NCT04178967,Lebrikizumab,ADvocate2,secondary,25,responder_rate,EASI,,,baseline,52w,,re_randomized_responders,re_randomized_responders,,,2,subgroup,EASI,,,percent_improvement_from_baseline,>=,75,percent,,,"[""week_16""]",Percentage of Participants From Those Re-randomized Having Achieved EASI-75 at Week 16 Who Continue to Exhibit EASI-75 at Week 52 (EASI-75 Calculated Relative to Baseline EASI Score)
NCT04178967,Lebrikizumab,ADvocate2,secondary,26,responder_rate,IGA,,,baseline,52w,,re_randomized_responders,re_randomized_responders,,,1,responder,IGA,,,absolute_score,in,"[0, 1]",score,,,,Percentage of Participants From Those Re-randomized Having Achieved IGA 0 or 1 and a ≥2-point Improvement From Baseline at Week 16 Who Continue to Exhibit an IGA 0 or 1 and a ≥2-point Improvement From Baseline at Week 52
NCT04178967,Lebrikizumab,ADvocate2,secondary,26,responder_rate,IGA,,,baseline,52w,,re_randomized_responders,re_randomized_responders,,,2,responder,IGA,,,point_reduction_from_baseline,>=,2,points,,,,Percentage of Participants From Those Re-randomized Having Achieved IGA 0 or 1 and a ≥2-point Improvement From Baseline at Week 16 Who Continue to Exhibit an IGA 0 or 1 and a ≥2-point Improvement From Baseline at Week 52
NCT04178967,Lebrikizumab,ADvocate2,secondary,26,responder_rate,IGA,,,baseline,52w,,re_randomized_responders,re_randomized_responders,,,3,subgroup,IGA,,,absolute_score,in,"[0, 1]",score,,,"[""week_16""]",Percentage of Participants From Those Re-randomized Having Achieved IGA 0 or 1 and a ≥2-point Improvement From Baseline at Week 16 Who Continue to Exhibit an IGA 0 or 1 and a ≥2-point Improvement From Baseline at Week 52
NCT04178967,Lebrikizumab,ADvocate2,secondary,26,responder_rate,IGA,,,baseline,52w,,re_randomized_responders,re_randomized_responders,,,4,subgroup,IGA,,,point_reduction_from_baseline,>=,2,points,,,"[""week_16""]",Percentage of Participants From Those Re-randomized Having Achieved IGA 0 or 1 and a ≥2-point Improvement From Baseline at Week 16 Who Continue to Exhibit an IGA 0 or 1 and a ≥2-point Improvement From Baseline at Week 52
NCT04178967,Lebrikizumab,ADvocate2,secondary,27,responder_rate,Pruritus NRS,,,baseline,52w,,re_randomized_responders,re_randomized_responders,,,1,responder,Pruritus NRS,,,point_reduction_from_baseline,>=,4,points,,,,Percentage of Participants From Those With a Pruritus NRS of ≥4-points at Baseline Re-randomized Having Achieved ≥4-point Reduction From Baseline at Week 16 Who Continue to Exhibit ≥4-point Reduction From Baseline at Week 52
NCT04178967,Lebrikizumab,ADvocate2,secondary,27,responder_rate,Pruritus NRS,,,baseline,52w,,re_randomized_responders,re_randomized_responders,,,2,subgroup,Pruritus NRS,,,point_reduction_from_baseline,>=,4,points,,,"[""week_16""]",Percentage of Participants From Those With a Pruritus NRS of ≥4-points at Baseline Re-randomized Having Achieved ≥4-point Reduction From Baseline at Week 16 Who Continue to Exhibit ≥4-point Reduction From Baseline at Week 52
NCT04178967,Lebrikizumab,ADvocate2,secondary,27,responder_rate,Pruritus NRS,,,baseline,52w,,re_randomized_responders,re_randomized_responders,,,3,subgroup,Pruritus NRS,,,absolute_score,>=,4,score,,,"[""baseline""]",Percentage of Participants From Those With a Pruritus NRS of ≥4-points at Baseline Re-randomized Having Achieved ≥4-point Reduction From Baseline at Week 16 Who Continue to Exhibit ≥4-point Reduction From Baseline at Week 52
NCT04178967,Lebrikizumab,ADvocate2,secondary,28,responder_rate,Pruritus NRS,,,baseline,52w,,re_randomized_responders,re_randomized_responders,,,1,responder,Pruritus NRS,,,point_reduction_from_baseline,>=,4,points,,,,Percentage of Participants From Those With a Pruritus NRS of ≥5-points at Baseline Re-randomized Having Achieved ≥4-point Reduction From Baseline at Week 16 Who Continue to Exhibit ≥4-point Reduction From Baseline at Week 52
NCT04178967,Lebrikizumab,ADvocate2,secondary,28,responder_rate,Pruritus NRS,,,baseline,52w,,re_randomized_responders,re_randomized_responders,,,2,subgroup,Pruritus NRS,,,point_reduction_from_baseline,>=,4,points,,,"[""week_16""]",Percentage of Participants From Those With a Pruritus NRS of ≥5-points at Baseline Re-randomized Having Achieved ≥4-point Reduction From Baseline at Week 16 Who Continue to Exhibit ≥4-point Reduction From Baseline at Week 52
NCT04178967,Lebrikizumab,ADvocate2,secondary,28,responder_rate,Pruritus NRS,,,baseline,52w,,re_randomized_responders,re_randomized_responders,,,3,subgroup,Pruritus NRS,,,absolute_score,>=,5,score,,,"[""baseline""]",Percentage of Participants From Those With a Pruritus NRS of ≥5-points at Baseline Re-randomized Having Achieved ≥4-point Reduction From Baseline at Week 16 Who Continue to Exhibit ≥4-point Reduction From Baseline at Week 52
NCT04178967,Lebrikizumab,ADvocate2,secondary,29,percent_change_from_baseline,SCORAD,,,baseline,52w,,re_randomized_responders,re_randomized_responders,,,1,subgroup,EASI,,,percent_improvement_from_baseline,>=,75,percent,,,"[""week_16""]",Percentage Change in SCORAD (From Those Re-randomized Having Achieved EASI-75 at Week 16) From Baseline at Week 52
NCT04178967,Lebrikizumab,ADvocate2,secondary,30,change_from_baseline,EQ-5D-5L,Index,,baseline,16w,,,,,,0,,,,,,,,,,,,Change From Baseline in European Quality of Life-5 Dimensions-5 Levels (EQ-5D-5L) at Week 16 - Health State Index
NCT04178967,Lebrikizumab,ADvocate2,secondary,31,change_from_baseline,EQ-5D-5L,VAS,,baseline,16w,,,,,,0,,,,,,,,,,,,Change From Baseline in EQ-5D-5L at Week 16 - Visual Analog Scale (VAS)
NCT04178967,Lebrikizumab,ADvocate2,secondary,32,change_from_baseline,POEM,,,baseline,16w,,,,,,0,,,,,,,,,,,,Change From Baseline in Patient Oriented Eczema Measure (POEM) at Week 16
NCT04178967,Lebrikizumab,ADvocate2,secondary,33,change_from_baseline,PROMIS,Anxiety,,baseline,16w,,adolescents,,,,0,,,,,,,,,,,,Change From Baseline in Patient-Reported Outcomes Measurement Information System (PROMIS) Anxiety at Week 16-Adolescents
NCT04178967,Lebrikizumab,ADvocate2,secondary,34,change_from_baseline,PROMIS,Anxiety,,baseline,16w,,adults,,,,0,,,,,,,,,,,,Change From Baseline in PROMIS Anxiety at Week 16 - Adults
NCT04178967,Lebrikizumab,ADvocate2,secondary,35,change_from_baseline,PROMIS,Depression,,baseline,16w,,adolescents,,,,0,,,,,,,,,,,,Change From Baseline in PROMIS Depression at Week 16- Adolescents
NCT04178967,Lebrikizumab,ADvocate2,secondary,36,change_from_baseline,PROMIS,Depression,,baseline,16w,,adults,,,,0,,,,,,,,,,,,Change From Baseline in PROMIS Depression at Week 16- Adults
NCT04178967,Lebrikizumab,ADvocate2,secondary,37,change_from_baseline,ACQ-5,,,baseline,16w,,comorbid_asthma,,,,0,,,,,,,,,,,,Change From Baseline in Asthma Control Questionnaire (ACQ-5) Score at Week 16 in Participants Who Have Self-reported Comorbid Asthma
NCT04178967,Lebrikizumab,ADvocate2,secondary,38,change_from_baseline,CDLQI,,,baseline,16w,,,,,,0,,,,,,,,,,,,Change From Baseline in Children's Dermatology Life Quality Index (CDLQI) at Week 16
NCT04180488,Dupilumab,,primary,1,change_from_baseline,,,,baseline,24w,,,,,,0,,,,,,,,,,,,Change From Baseline in Weekly Itch Severity Score at Week 24 (Time frame: Baseline (Day 1) and Week 24)
NCT04180488,Dupilumab,,secondary,1,change_from_baseline,,,,baseline,24w,,,,,,0,,,,,,,,,,,,Change From Baseline in Weekly Urticaria Activity Score at Week 24
NCT04180488,Dupilumab,,secondary,2,change_from_baseline,,,,baseline,24w,,,,,,0,,,,,,,,,,,,Change From Baseline in Weekly Hives Severity Score at Week 24
NCT04180488,Dupilumab,,secondary,3,absolute_value,,,,,24w,,,,,,0,,,,,,,,,,,,Percentage of Responders for Weekly Itch Severity Score Minimally Important Difference (MID) at Week 24
NCT04180488,Dupilumab,,secondary,4,responder_rate,,,,,24w,,,,,,0,,,,,,,,,,,,Percentage of Participants With Weekly Urticaria Activity Score <=6 at Week 24
NCT04180488,Dupilumab,,secondary,5,responder_rate,,,,,24w,,,,,,0,,,,,,,,,,,,Percentage of Participants With Weekly Urticaria Activity Score =0 at Week 24
NCT04180488,Dupilumab,,secondary,6,change_from_baseline,,,,baseline,24w,,,,,,0,,,,,,,,,,,,Change From Baseline in Urticaria Control Test (UCT) at Week 24
NCT04180488,Dupilumab,,secondary,7,change_from_baseline,,,,baseline,12w,,,,,,0,,,,,,,,,,,,Change From Baseline in Weekly Itch Severity Score at Week 12
NCT04180488,Dupilumab,,secondary,8,change_from_baseline,,,,baseline,12w,,,,,,0,,,,,,,,,,,,Change From Baseline in Weekly Urticaria Activity Score at Week 12
NCT04180488,Dupilumab,,secondary,9,responder_rate,,,,,12w,,,,,,0,,,,,,,,,,,,Percentage of Participants With Weekly Urticaria Activity Score <=6 and =0 at Week 12
NCT04180488,Dupilumab,,secondary,10,absolute_value,,,,,12w,,,,,,0,,,,,,,,,,,,Percentage of Responders for Weekly Itch Severity Score Minimally Important Difference at Week 12
NCT04180488,Dupilumab,,secondary,11,change_from_baseline,,,,baseline,12w,,,,,,0,,,,,,,,,,,,Change From Baseline in Weekly Hives Severity Score at Week 12
NCT04180488,Dupilumab,,secondary,12,change_from_baseline,,,,baseline,12w,,,,,,0,,,,,,,,,,,,Change From Baseline in Urticaria Control Test at Week 12
NCT04180488,Dupilumab,,secondary,13,change_from_baseline,,,,baseline,4w;8w;16w;20w,,,,,,0,,,,,,,,,,,,"Change From Baseline in Weekly Itch Severity Score at Weeks 4, 8, 16 and 20"
NCT04180488,Dupilumab,,secondary,14,time_to_event,,,,,,,,,,,0,,,,,,,,,,,,Time to First Weekly Itch Severity Score Minimally Important Difference Response During the 24-Week Treatment Period
NCT04180488,Dupilumab,,secondary,15,change_from_baseline,,,,baseline,12w;24w,,,,,,0,,,,,,,,,,,,Change From Baseline in Angioedema Activity Score Over 7 Days (AAS7) at Weeks 12 and 24
NCT04180488,Dupilumab,,secondary,16,absolute_value,,,,,12w;24w,,,,,,0,,,,,,,,,,,,Percentage of Well-controlled Participants (Urticaria Control Test >=12) at Weeks 12 and 24
NCT04180488,Dupilumab,,secondary,17,change_from_baseline,DLQI,,,baseline,12w;24w,,,,,,0,,,,,,,,,,,,Change From Baseline in Health-related Quality-of-life (HRQoL) as Measured by Dermatology Life Quality Index (DLQI) in Participants >=16 Years Old at Weeks 12 and 24
NCT04180488,Dupilumab,,secondary,18,change_from_baseline,CDLQI,,,baseline,12w;24w,,,,,,0,,,,,,,,,,,,Change From Baseline in Health-related Quality-of-life as Measured by Children's Dermatology Life Quality Index (CDLQI) in Participants >=6 to <16 Years Old at Weeks 12 and 24
NCT04180488,Dupilumab,,secondary,19,absolute_value,,,,,12w;24w,,,,,,0,,,,,,,,,,,,Patient Global Impression of Change (PGIC) of Chronic Spontaneous Urticaria at Weeks 12 and 24
NCT04180488,Dupilumab,,secondary,20,change_from_baseline,,,,baseline,12w;24w,,,,,,0,,,,,,,,,,,,Change From Baseline in Patient Global Impression of Severity (PGIS) of Chronic Spontaneous Urticaria at Weeks 12 and 24
NCT04180488,Dupilumab,,secondary,21,time_to_event,,,,,,,,,,,0,,,,,,,,,,,,Time to First Oral Corticosteroid (OCS) Use for Chronic Spontaneous Urticaria During the 24-week Treatment Period
NCT04180488,Dupilumab,,secondary,22,responder_rate,,,,,,,,,,,0,,,,,,,,,,,,Percentage of Participants Receiving Oral Corticosteroid for Chronic Spontaneous Urticaria During the 24-week Treatment Period
NCT04180488,Dupilumab,,secondary,23,count,,,,,,,,,,,0,,,,,,,,,,,,Number of Participants With Treatment-emergent Adverse Events (TEAEs) and Treatment-emergent Serious Adverse Events (TESAEs)
NCT04180488,Dupilumab,,secondary,24,count,,,,,,,,,,anti_drug_antibodies,0,,,,,,,,,,,,Number of Participants With Treatment-emergent Anti-drug Antibodies (ADA) Against Dupilumab
NCT04183335,Dupilumab,,primary,1,responder_rate,Pruritus NRS,,worst_daily,baseline,24w,,,,,,1,responder,Pruritus NRS,,worst_daily,point_reduction_from_baseline,>=,4,points,,,,"Percentage of Participants With Improvement (Reduction) in Worst Itch Numeric Rating Scale (WI-NRS) Scores by Greater Than or Equal to (>=) 4 Points From Baseline to Week 24 (Time frame: Baseline, Week 24)"
NCT04183335,Dupilumab,,secondary,1,responder_rate,IGA,,,,24w,,,,,,1,responder,IGA,,,absolute_score,in,"[0, 1]",score,,,,Percentage of Participants With Investigator's Global Assessment For Prurigo Nodularis-Stage (IGA PN-S) Scores of 0 or 1 at Week 24
NCT04183335,Dupilumab,,secondary,2,responder_rate,Pruritus NRS,,,baseline,24w,,,,,,1,responder,Pruritus NRS,,,point_reduction_from_baseline,>=,4,points,,,,Percentage of Participants With Both an Improvement (Reduction) in WI-NRS Scores by >=4 Points and an IGA PN-S Scores of 0 or 1 From Baseline at Week 24
NCT04183335,Dupilumab,,secondary,3,percent_change_from_baseline,Pruritus NRS,,,baseline,24w,,,,,,0,,,,,,,,,,,,Percent Change From Baseline in WI-NRS Scores at Week 24
NCT04183335,Dupilumab,,secondary,4,change_from_baseline,DLQI,,,baseline,24w,,,,,,0,,,,,,,,,,,,Change From Baseline in Health-Related Quality of Life (HRQoL) as Measured by Dermatology Life Quality Index (DLQI) at Week 24
NCT04183335,Dupilumab,,secondary,5,change_from_baseline,Pruritus NRS,Skin Pain,,baseline,24w,,,,,,0,,,,,,,,,,,,Change From Baseline in Skin Pain-NRS at Week 24
NCT04183335,Dupilumab,,secondary,6,change_from_baseline,HADS,Total,,baseline,24w,,,,,,0,,,,,,,,,,,,Change From Baseline in Hospital Anxiety and Depression Scale (HADS) Total Score at Week 24
NCT04183335,Dupilumab,,secondary,7,absolute_value,Pruritus NRS,,,baseline,24w,,,,,,0,,,,,,,,,,,,Probability of Participants With an Improvement (Reduction) in WI-NRS Scores by >=4 Points From Baseline at Week 24
NCT04183335,Dupilumab,,secondary,8,change_from_baseline,Pruritus NRS,,,baseline,12w;24w,,,,,,0,,,,,,,,,,,,Change From Baseline in WI-NRS Scores at Week 12 and 24
NCT04183335,Dupilumab,,secondary,9,percent_change_from_baseline,Pruritus NRS,,,baseline,2w;4w;12w,,,,,,0,,,,,,,,,,,,"Percent Change From Baseline in WI-NRS Scores at Weeks 2, 4 and 12"
NCT04183335,Dupilumab,,secondary,10,percent_change_from_baseline,Pruritus NRS,,,baseline,1w;2w;3w;4w;5w;6w;7w;8w;9w;10w;11w;12w;13w;14w;15w;16w;17w;18w;19w;20w;21w;22w;23w;24w,,,,,,0,,,,,,,,,,,,"Percent Change From Baseline in WI-NRS Scores at Weeks 1, 2, 3, 4, 5, 6, 7, 8, 9, 10, 11, 12, 13, 14, 15, 16, 17, 18, 19, 20, 21, 22, 23, and 24"
NCT04183335,Dupilumab,,secondary,11,responder_rate,Pruritus NRS,,,baseline,12w,,,,,,1,responder,Pruritus NRS,,,point_reduction_from_baseline,>=,4,points,,,,Percentage of Participants With Improvement (Reduction) in WI-NRS Scores by >=4 Points From Baseline at Week 12
NCT04183335,Dupilumab,,secondary,12,responder_rate,Pruritus NRS,,,baseline,4w,,,,,,1,responder,Pruritus NRS,,,point_reduction_from_baseline,>=,4,points,,,,Percentage of Participants With Improvement (Reduction) in WI-NRS Scores by >=4 Points From Baseline at Week 4
NCT04183335,Dupilumab,,secondary,13,responder_rate,Pruritus NRS,,,baseline,1w;2w;3w;4w;5w;6w;7w;8w;9w;10w;11w;12w;13w;14w;15w;16w;17w;18w;19w;20w;21w;22w;23w;24w,,,,,,1,responder,Pruritus NRS,,,point_reduction_from_baseline,>=,4,points,,,,"Percentage of Participants Achieving >=4 Points Improvement (Reduction) From Baseline in WI-NRS Scores at Weeks 1, 2, 3, 4, 5, 6, 7, 8, 9, 10, 11, 12, 13, 14, 15, 16, 17, 18, 19, 20, 21, 22, 23 and 24"
NCT04183335,Dupilumab,,secondary,14,absolute_value,Pruritus NRS,,,baseline,3w,,,,,,0,,,,,,,,,,,,Onset of Action Based on Change From Baseline in WI-NRS Scores at Week 3
NCT04183335,Dupilumab,,secondary,15,responder_rate,IGA,,,,4w;8w;12w,,,,,,1,responder,IGA,,,absolute_score,in,"[0, 1]",score,,,,"Percentage of Participants With Investigator's Global Assessment for PN-Stage (IGA PN-S) 0 or 1 Score at Weeks 4, 8, and 12"
NCT04183335,Dupilumab,,secondary,16,change_from_baseline,IGA,,,baseline,4w;8w;12w;24w,,,,,,0,,,,,,,,,,,,"Change From Baseline in IGA PN-S Scores at Weeks 4, 8, 12, and 24"
NCT04183335,Dupilumab,,secondary,17,responder_rate,IGA,,,,4w;8w;12w;24w,,,,,,1,responder,IGA,,,absolute_score,in,"[0, 1]",score,,,,"Percentage of Participants With Investigator's Global Assessment for PN-Activity (IGA PN-A) 0 or 1 Score at Weeks 4, 8, 12 and 24"
NCT04183335,Dupilumab,,secondary,18,change_from_baseline,DLQI,,,baseline,12w,,,,,,0,,,,,,,,,,,,Change From Baseline in HRQoL as Measured by DLQI at Week 12
NCT04183335,Dupilumab,,secondary,19,count,,,,,,,,,,,0,,,,,,,,,,,,Number of Participants With Treatment-emergent Adverse Events (TEAEs) and Treatment-emergent Serious Adverse Events (TESAEs)
NCT04183335,Dupilumab,,secondary,20,count,,,,,,,,,,,0,,,,,,,,,,,,Number of Participants With Treatment-emergent and Treatment Boosted Antidrug Antibodies (ADA)
NCT04202679,Dupilumab,,primary,1,responder_rate,Pruritus NRS,,worst_daily,baseline,12w,,,,,,1,responder,Pruritus NRS,,worst_daily,point_reduction_from_baseline,>=,4,points,,,,"Percentage of Participants With Greater Than or Equal to (>=) 4 Points Improvement (Reduction) From Baseline in Worst-Itch Numeric Rating Scale (WI-NRS) Scores at Week 12 (Time frame: Baseline, Week 12)"
NCT04202679,Dupilumab,,secondary,1,responder_rate,Pruritus NRS,,,baseline,24w,,,,,,1,responder,Pruritus NRS,,,point_reduction_from_baseline,>=,4,points,,,,Percentage of Participants With >=4 Points Improvement (Reduction) From Baseline in WI-NRS Scores at Week 24
NCT04202679,Dupilumab,,secondary,2,responder_rate,IGA,,,,24w,,,,,,1,responder,IGA,,,absolute_score,in,"[0, 1]",score,,,,Percentage of Participants With Investigator's Global Assessment For Prurigo Nodularis-Stage (IGA PN-S) Scores of 0 or 1 at Week 24
NCT04202679,Dupilumab,,secondary,3,responder_rate,Pruritus NRS,,,baseline,24w,,,,,,1,responder,Pruritus NRS,,,absolute_score,in,"[0, 1]",score,,,,Percentage of Participants With Both an Improvement (Reduction) in WI-NRS by >=4 Points and an IGA PN-S Score of 0 or 1 From Baseline at Week 24
NCT04202679,Dupilumab,,secondary,4,responder_rate,IGA,,,,12w,,,,,,1,responder,IGA,,,absolute_score,in,"[0, 1]",score,,,,Percentage of Participants With IGA PN-S Scores of 0 or 1 at Week 12
NCT04202679,Dupilumab,,secondary,5,percent_change_from_baseline,Pruritus NRS,,,baseline,24w,,,,,,0,,,,,,,,,,,,Percent Change From Baseline in WI-NRS Scores at Week 24
NCT04202679,Dupilumab,,secondary,6,change_from_baseline,DLQI,,,baseline,24w,,,,,,0,,,,,,,,,,,,Change From Baseline in Health-related Quality of Life (HRQoL) as Measured by Dermatology Life Quality Index (DLQI) at Week 24
NCT04202679,Dupilumab,,secondary,7,change_from_baseline,Pruritus NRS,Skin Pain,,baseline,24w,,,,,,0,,,,,,,,,,,,Change From Baseline in Skin Pain-NRS at Week 24
NCT04202679,Dupilumab,,secondary,8,change_from_baseline,Pruritus NRS,,,baseline,24w,,,,,,0,,,,,,,,,,,,Change From Baseline in Sleep-NRS at Week 24
NCT04202679,Dupilumab,,secondary,9,change_from_baseline,HADS,Total,,baseline,24w,,,,,,0,,,,,,,,,,,,Change From Baseline in Hospital Anxiety and Depression Scale (HADS) Total Score at Week 24
NCT04202679,Dupilumab,,secondary,10,absolute_value,Pruritus NRS,,,baseline,24w,,,,,,0,,,,,,,,,,,,Probability of Participants With an Improvement (Reduction) in WI-NRS by >=4 From Baseline at Week 24
NCT04202679,Dupilumab,,secondary,11,change_from_baseline,Pruritus NRS,,,baseline,12w;24w,,,,,,0,,,,,,,,,,,,Change From Baseline in WI-NRS Scores at Weeks 12 and 24
NCT04202679,Dupilumab,,secondary,12,percent_change_from_baseline,Pruritus NRS,,,baseline,2w;4w;12w,,,,,,0,,,,,,,,,,,,"Percent Change From Baseline in WI-NRS Scores at Weeks 2, 4 and 12"
NCT04202679,Dupilumab,,secondary,13,percent_change_from_baseline,Pruritus NRS,,,baseline,1w;2w;3w;4w;5w;6w;7w;8w;9w;10w;11w;12w;13w;14w;15w;16w;17w;18w;19w;20w;21w;22w;23w;24w,,,,,,0,,,,,,,,,,,,"Percent Change From Baseline in WI-NRS Scores at Weeks 1, 2, 3, 4, 5, 6, 7, 8, 9, 10, 11, 12, 13, 14, 15, 16, 17, 18, 19, 20, 21, 22, 23, and 24"
NCT04202679,Dupilumab,,secondary,14,responder_rate,Pruritus NRS,,,baseline,4w,,,,,,1,responder,Pruritus NRS,,,point_reduction_from_baseline,>=,4,points,,,,Percentage of Participants With Improvement (Reduction) in WI-NRS >=4 Points From Baseline at Week 4
NCT04202679,Dupilumab,,secondary,15,responder_rate,Pruritus NRS,,,baseline,1w;2w;3w;4w;5w;6w;7w;8w;9w;10w;11w;12w;13w;14w;15w;16w;17w;18w;19w;20w;21w;22w;23w;24w,,,,,,1,responder,Pruritus NRS,,,point_reduction_from_baseline,>=,4,points,,,,"Percentage of Participants Achieving >=4 Points Improvement (Reduction) From Baseline in WI-NRS Scores at Weeks 1, 2, 3, 4, 5, 6, 7, 8, 9, 10, 11, 12, 13, 14, 15, 16, 17, 18, 19, 20, 21, 22, 23, and 24"
NCT04202679,Dupilumab,,secondary,16,absolute_value,Pruritus NRS,,,baseline,4w,,,,,,0,,,,,,,,,,,,Onset of Action Based on Change From Baseline in WI-NRS at Week 4
NCT04202679,Dupilumab,,secondary,17,responder_rate,IGA,,,,4w;8w,,,,,,1,responder,IGA,,,absolute_score,in,"[0, 1]",score,,,,Percentage of Participants With Investigator's Global Assessment for PN-Stage (IGA PN-S) Score of 0 or 1 at Weeks 4 and 8
NCT04202679,Dupilumab,,secondary,18,change_from_baseline,IGA,,,baseline,4w;8w;12w;24w,,,,,,0,,,,,,,,,,,,"Change From Baseline in IGA PN-S Scores at Weeks 4, 8, 12, and 24"
NCT04202679,Dupilumab,,secondary,19,responder_rate,IGA,,,,4w;8w;12w;24w,,,,,,1,responder,IGA,,,absolute_score,in,"[0, 1]",score,,,,"Percentage of Participants With Investigator's Global Assessment for PN-Activity (IGA PN-A) Score of 0 or 1 at Weeks 4, 8, 12 and 24"
NCT04202679,Dupilumab,,secondary,20,change_from_baseline,DLQI,,,baseline,12w,,,,,,0,,,,,,,,,,,,"Change From Baseline in HRQoL, as Measured by DLQI at Week 12"
NCT04202679,Dupilumab,,secondary,21,count,,,,,,,,,,,0,,,,,,,,,,,,Number of Participants With Treatment-emergent Adverse Events (TEAEs) and Treatment-emergent Serious Adverse Events (TESAEs)
NCT04202679,Dupilumab,,secondary,22,count,,,,,,,,,,,0,,,,,,,,,,,,Number of Participants With Treatment-emergent and Treatment Boosted Antidrug Antibodies (ADA)
NCT04206553,Dupilumab,LIBERTY-BP,primary,1,absolute_value,,,,,36w,,,,,,0,,,,,,,,,,,,Percent of Participants Achieving Sustained Remission at Week 36 (Time frame: At Week 36)
NCT04206553,Dupilumab,LIBERTY-BP,secondary,1,other,,,,baseline,36w,,,,,,0,,,,,,,,,,,,Total Cumulative Dose of Oral Corticosteroids (OCS) From Baseline to Week 36
NCT04206553,Dupilumab,LIBERTY-BP,secondary,2,percent_change_from_baseline,Pruritus NRS,,peak_daily_weekly_average,baseline,36w,,,,,,0,,,,,,,,,,,,Percent Change in Weekly Average of Daily Peak Pruritus Numerical Rating Scale (NRS) Score From Baseline to Week 36
NCT04206553,Dupilumab,LIBERTY-BP,secondary,3,other,Pruritus NRS,,peak_daily_weekly_average,baseline,36w,,,,,,0,,,,,,,,,,,,Percent of Participants With Improvement (Reduction) of Weekly Average of Daily Peak Pruritus NRS ≥4 From Baseline to Week 36
NCT04206553,Dupilumab,LIBERTY-BP,secondary,4,percent_change_from_baseline,,,,baseline,36w,,,,,,0,,,,,,,,,,,,Percent Change in Bullous Pemphigoid Disease Area Index (BPDAI) Activity Score From Baseline to Week 36
NCT04206553,Dupilumab,LIBERTY-BP,secondary,5,time_to_event,,,,,,36w,,,,,0,,,,,,,,,,,,Time to First Use of Rescue Medication Up to Week 36
NCT04206553,Dupilumab,LIBERTY-BP,secondary,6,other,,,,,,36w,,,,,0,,,,,,,,,,,,Duration of Complete Remission While Not Requiring OCS Up to Week 36
NCT04206553,Dupilumab,LIBERTY-BP,secondary,7,other,,,,,36w,,,,,,0,,,,,,,,,,,,Percent of Participants Who Did Not Achieve Control of Disease Activity Before Week 36
NCT04206553,Dupilumab,LIBERTY-BP,secondary,8,other,,,,,,36w,,,,,0,,,,,,,,,,,,Percent of Participants Who Relapsed After Achieving Control of Disease Activity Up to Week 36
NCT04206553,Dupilumab,LIBERTY-BP,secondary,9,other,,,,,36w,,,,,,0,,,,,,,,,,,,Percent of Participants Who Did Not Achieve Complete Remission Before Week 36
NCT04206553,Dupilumab,LIBERTY-BP,secondary,10,other,,,,baseline,36w,,,,,,0,,,,,,,,,,,,Percent of Participants Achieving a Reduction in BPDAI Activity Score of ≥50% From Baseline to Week 36
NCT04206553,Dupilumab,LIBERTY-BP,secondary,11,other,,,,baseline,36w,,,,,,0,,,,,,,,,,,,Percent of Participants Achieving a Reduction in BPDAI Activity Score of ≥75% From Baseline to Week 36
NCT04206553,Dupilumab,LIBERTY-BP,secondary,12,other,,,,baseline,36w,,,,,,0,,,,,,,,,,,,Percent of Participants Achieving a Reduction in BPDAI Activity Score of ≥90% From Baseline to Week 36
NCT04206553,Dupilumab,LIBERTY-BP,secondary,13,change_from_baseline,,,,baseline,36w,,,,,,0,,,,,,,,,,,,Change in Autoimmune Bullous Disease Quality of Life (ABQOL) Score From Baseline to Week 36
NCT04206553,Dupilumab,LIBERTY-BP,secondary,14,change_from_baseline,BSA,,,baseline,36w,,,,,,0,,,,,,,,,,,,Change in Percent Body Surface Area (BSA) of BP Involvement From Baseline to Week 36
NCT04206553,Dupilumab,LIBERTY-BP,secondary,15,change_from_baseline,,,,baseline,36w,,,,,,0,,,,,,,,,,,,Change in BP180 Immunoglobulin G (IgG) Autoantibody Titer From Baseline to Week 36
NCT04206553,Dupilumab,LIBERTY-BP,secondary,16,change_from_baseline,,,,baseline,36w,,,,,,0,,,,,,,,,,,,Change in BP230 IgG Autoantibody Titer From Baseline to Week 36
NCT04206553,Dupilumab,LIBERTY-BP,secondary,17,absolute_value,,,,,52w,,,,,,0,,,,,,,,,,,,Percent of Participants Achieving Sustained Remission at Week 52
NCT04206553,Dupilumab,LIBERTY-BP,secondary,18,other,,,,baseline,52w,,,,,,0,,,,,,,,,,,,Total Cumulative Dose of OCS From Baseline to Week 52
NCT04206553,Dupilumab,LIBERTY-BP,secondary,19,other,,,,,,52w,,,,,0,,,,,,,,,,,,Duration of Complete Remission While Not Requiring OCS Up to Week 52
NCT04206553,Dupilumab,LIBERTY-BP,secondary,20,other,,,,,52w,,,,,,0,,,,,,,,,,,,Percent of Participants Who Did Not Achieve Control of Disease Activity Before Week 52
NCT04206553,Dupilumab,LIBERTY-BP,secondary,21,other,,,,,,52w,,,,,0,,,,,,,,,,,,Percent of Participants Who Relapsed After Achieving Control of Disease Activity Up to Week 52
NCT04206553,Dupilumab,LIBERTY-BP,secondary,22,other,,,,,52w,,,,,,0,,,,,,,,,,,,Percent of Participants Who Did Not Achieve Complete Remission Before Week 52
NCT04206553,Dupilumab,LIBERTY-BP,secondary,23,percent_change_from_baseline,Pruritus NRS,,peak_daily_weekly_average,baseline,52w,,,,,,0,,,,,,,,,,,,Percent Change in Weekly Average of Daily Peak Pruritus NRS From Baseline to Week 52
NCT04206553,Dupilumab,LIBERTY-BP,secondary,24,other,Pruritus NRS,,peak_daily_weekly_average,baseline,52w,,,,,,0,,,,,,,,,,,,Percent of Participants With Improvement (Reduction) of Weekly Average of Daily Peak Pruritus NRS ≥4 From Baseline to Week 52
NCT04206553,Dupilumab,LIBERTY-BP,secondary,25,percent_change_from_baseline,,,,baseline,52w,,,,,,0,,,,,,,,,,,,Percent Change in BPDAI Activity Score From Baseline to Week 52
NCT04206553,Dupilumab,LIBERTY-BP,secondary,26,other,,,,baseline,52w,,,,,,0,,,,,,,,,,,,Percent of Participants Achieving a Reduction in BPDAI Activity Score of ≥50% From Baseline to Week 52
NCT04206553,Dupilumab,LIBERTY-BP,secondary,27,other,,,,baseline,52w,,,,,,0,,,,,,,,,,,,Percent of Participants Achieving a Reduction in BPDAI Activity Score of ≥75% From Baseline to Week 52
NCT04206553,Dupilumab,LIBERTY-BP,secondary,28,other,,,,baseline,52w,,,,,,0,,,,,,,,,,,,Percent of Participants Achieving a Reduction in BPDAI Activity Score of ≥90% From Baseline to Week 52
NCT04206553,Dupilumab,LIBERTY-BP,secondary,29,change_from_baseline,,,,baseline,52w,,,,,,0,,,,,,,,,,,,Change in ABQOL Score From Baseline to Week 52
NCT04206553,Dupilumab,LIBERTY-BP,secondary,30,change_from_baseline,BSA,,,baseline,52w,,,,,,0,,,,,,,,,,,,Change in Percent BSA of BP Involvement From Baseline to Week 52
NCT04206553,Dupilumab,LIBERTY-BP,secondary,31,change_from_baseline,,,,baseline,52w,,,,,,0,,,,,,,,,,,,Change in BP180 IgG Autoantibody Titer From Baseline to Week 52
NCT04206553,Dupilumab,LIBERTY-BP,secondary,32,change_from_baseline,,,,baseline,52w,,,,,,0,,,,,,,,,,,,Change in BP230 IgG Autoantibody Titer From Baseline to Week 52
NCT04206553,Dupilumab,LIBERTY-BP,secondary,33,other,,,,,16w,,,,,,0,,,,,,,,,,,,Percent of Participants in Complete Remission and Off OCS No Later Than Week 16
NCT04206553,Dupilumab,LIBERTY-BP,secondary,34,percent_change_from_baseline,,,,baseline,16w,,,,,,0,,,,,,,,,,,,Percent Change in BPDAI Activity Score From Baseline to Week 16
NCT04206553,Dupilumab,LIBERTY-BP,secondary,35,other,,,,baseline,16w,,,,,,0,,,,,,,,,,,,Percent of Participants Achieving a Reduction in BPDAI Activity Score of ≥50% From Baseline to Week 16
NCT04206553,Dupilumab,LIBERTY-BP,secondary,36,other,,,,baseline,16w,,,,,,0,,,,,,,,,,,,Percent of Participants Achieving a Reduction in BPDAI Activity Score of ≥75% From Baseline to Week 16
NCT04206553,Dupilumab,LIBERTY-BP,secondary,37,other,,,,baseline,16w,,,,,,0,,,,,,,,,,,,Percent of Participants Achieving a Reduction in BPDAI Activity Score of ≥90% From Baseline to Week 16
NCT04206553,Dupilumab,LIBERTY-BP,secondary,38,percent_change_from_baseline,Pruritus NRS,,peak_daily_weekly_average,baseline,16w,,,,,,0,,,,,,,,,,,,Percent Change in Weekly Average of Daily Peak Pruritus NRS From Baseline to Week 16
NCT04206553,Dupilumab,LIBERTY-BP,secondary,39,other,Pruritus NRS,,peak_daily_weekly_average,baseline,16w,,,,,,0,,,,,,,,,,,,Percent of Participants With Improvement (Reduction) of Weekly Average of Daily Peak Pruritus NRS ≥4 From Baseline to Week 16
NCT04206553,Dupilumab,LIBERTY-BP,secondary,40,count,,,,,,52w,,,,,0,,,,,,,,,,,,Number of Participants With At Least One Treatment-emergent Adverse Event (TEAE) Through Week 52
NCT04206553,Dupilumab,LIBERTY-BP,secondary,41,count,,,,,,52w,,,,,0,,,,,,,,,,,,Number of Participants With At Least One Serious TEAE Through Week 52
NCT04206553,Dupilumab,LIBERTY-BP,secondary,42,count,,,,,,52w,,,,,0,,,,,,,,,,,,Number of Participants With At Least One TE Adverse Event of Special Interest (AESI) Through Week 52
NCT04206553,Dupilumab,LIBERTY-BP,secondary,43,count,,,,,,64w,,,,,0,,,,,,,,,,,,Number of Participants With At Least One TEAE Through Week 64
NCT04206553,Dupilumab,LIBERTY-BP,secondary,44,count,,,,,,64w,,,,,0,,,,,,,,,,,,Number of Participants With At Least One Serious TEAE Through Week 64
NCT04206553,Dupilumab,LIBERTY-BP,secondary,45,count,,,,,,64w,,,,,0,,,,,,,,,,,,Number of Participants With At Least One TE AESI Through Week 64
NCT04206553,Dupilumab,LIBERTY-BP,secondary,46,other,,,,,,,,,,,0,,,,,,,,,,,,Concentrations of Functional Dupilumab in Serum
NCT04206553,Dupilumab,LIBERTY-BP,secondary,47,count,,,,,,,,,,,0,,,,,,,,,,,,Number of Participants With TE Anti-drug Antibody (ADA) Response Per Maximum Titer Category
NCT04211363,Roflumilast,DERMIS-1,primary,1,count,IGA,,,,8w,,,,,,0,,,,,,,,,,,,Number of Participants Achieving Success in Investigator Global Assessment (IGA) Scale Assessment of Disease Severity at Week 8 (Time frame: Baseline (Day 1) and Week 8)
NCT04211363,Roflumilast,DERMIS-1,secondary,1,time_to_event,,,,,,,,,,,0,,,,,,,,,,,,Time to Achieve Psoriasis Area Severity Index-50 (PASI-50)
NCT04211363,Roflumilast,DERMIS-1,secondary,2,count,,,,,,,,,,,0,,,,,,,,,,,,Number of Participants Achieving Psoriasis Area Severity Index 75 (PASI-75)
NCT04211363,Roflumilast,DERMIS-1,secondary,3,count,,,,,,,,,,,0,,,,,,,,,,,,Number of Participants Achieving Psoriasis Area Severity Index-90 (PASI-90)
NCT04211363,Roflumilast,DERMIS-1,secondary,4,count,IGA,,,,8w,,,,,,0,,,,,,,,,,,,Number of Participants Achieving Intertriginous IGA (I-IGA) Success at Week 8
NCT04211363,Roflumilast,DERMIS-1,secondary,5,count,IGA,,,,8w,,,,,,0,,,,,,,,,,,,Number of Participants Achieving Score of 'Clear' in I-IGA at Week 8
NCT04211363,Roflumilast,DERMIS-1,secondary,6,count,Pruritus NRS,,worst_daily,,,,,,,,0,,,,,,,,,,,,Number of Participants Achieving Worst Itch Numerical Rating Score (WI-NRS) Success
NCT04211363,Roflumilast,DERMIS-1,secondary,7,change_from_baseline,,,,baseline,,,,,,,0,,,,,,,,,,,,Change From Baseline in Psoriasis Symptoms Diary (PSD) Score
NCT04211389,Roflumilast,DERMIS-2,primary,1,count,IGA,,,,8w,,,,,,0,,,,,,,,,,,,Number of Participants Achieving Success on the Investigator Global Assessment (IGA) Scale (Time frame: Week 8)
NCT04211389,Roflumilast,DERMIS-2,secondary,1,time_to_event,,,,,,,,,,,0,,,,,,,,,,,,Time to Achieve Psoriasis Area Severity Index-50 (PASI-50)
NCT04211389,Roflumilast,DERMIS-2,secondary,2,count,,,,,,,,,,,0,,,,,,,,,,,,Number of Participants Achieving Psoriasis Area Severity Index-75 (PASI-75)
NCT04211389,Roflumilast,DERMIS-2,secondary,3,count,,,,,,,,,,,0,,,,,,,,,,,,Number of Participants Achieving Psoriasis Area Severity Index-90 (PASI-90)
NCT04211389,Roflumilast,DERMIS-2,secondary,4,count,IGA,,,,8w,,,,,,0,,,,,,,,,,,,Number of Participants Achieving Success in Intertriginous Investigator Global Assessment (I-IGA) Scale Assessment of Disease Severity at Week 8
NCT04211389,Roflumilast,DERMIS-2,secondary,5,count,IGA,,,,8w,,,,,,0,,,,,,,,,,,,Number of Participants Achieving I-IGA Score of 'Clear' at Week 8
NCT04211389,Roflumilast,DERMIS-2,secondary,6,count,Pruritus NRS,,worst_daily,,,,,,,,0,,,,,,,,,,,,Number of Participants Achieving Success in Worst Itch Numerical Rating Scale (WI-NRS) Pruritus Score
NCT04211389,Roflumilast,DERMIS-2,secondary,7,change_from_baseline,,,,baseline,,,,,,,0,,,,,,,,,,,,Change From Baseline in Psoriasis Symptoms Diary (PSD) Score
NCT04214639,Clindamycin Phosphate/Benzoyl Peroxide/Adapalene,Trial 1,primary,1,change_from_baseline,Inflammatory Lesion Count,,,baseline,12w,,,,double_blind,,0,,,,,,,,,,,,Absolute Change From Baseline to Week 12 in Inflammatory Lesion Counts
NCT04214639,Clindamycin Phosphate/Benzoyl Peroxide/Adapalene,Trial 1,primary,2,change_from_baseline,Noninflammatory Lesion Count,,,baseline,12w,,,,double_blind,,0,,,,,,,,,,,,Absolute Change From Baseline to Week 12 in Noninflammatory Lesion Counts
NCT04214639,Clindamycin Phosphate/Benzoyl Peroxide/Adapalene,Trial 1,primary,3,responder_rate,EGSS,,,baseline,12w,,,,double_blind,,1,responder,EGSS,,,absolute_score,<=,1,score,0,4,"[""week_12""]",Percentage of Participants With Success on the Evaluator's Global Severity Score
NCT04214639,Clindamycin Phosphate/Benzoyl Peroxide/Adapalene,Trial 1,primary,3,responder_rate,EGSS,,,baseline,12w,,,,double_blind,,2,responder,EGSS,,,point_improvement_from_baseline,>=,2,points,0,4,"[""week_12""]",Percentage of Participants With Success on the Evaluator's Global Severity Score
NCT04214639,Clindamycin Phosphate/Benzoyl Peroxide/Adapalene,Trial 1,secondary,1,percent_change_from_baseline,Inflammatory Lesion Count,,,baseline,4w;8w;12w,,,,double_blind,,0,,,,,,,,,,,,"Inflammatory Lesion Count Percentage Changes at Week 4, 8, and 12"
NCT04214639,Clindamycin Phosphate/Benzoyl Peroxide/Adapalene,Trial 1,secondary,2,percent_change_from_baseline,Noninflammatory Lesion Count,,,baseline,4w;8w;12w,,,,double_blind,,0,,,,,,,,,,,,"Noninflammatory Lesion Count Percentage Changes at Week 4, 8, and 12"
NCT04214639,Clindamycin Phosphate/Benzoyl Peroxide/Adapalene,Trial 1,secondary,3,responder_rate,EGSS,,,baseline,12w,,,,double_blind,,1,responder,EGSS,,,point_improvement_from_baseline,>=,2,points,0,4,"[""week_12""]",Percentage of Participants With at Least a Two Grade Reduction on the Evaluator's Global Severity Score at Week 12
NCT04214652,Clindamycin Phosphate/Benzoyl Peroxide/Adapalene,Trial 2,primary,1,change_from_baseline,Inflammatory Lesion Count,,,baseline,12w,,,,double_blind,,0,,,,,,,,,,,,Absolute Change From Baseline to Week 12 in Inflammatory Lesion Counts
NCT04214652,Clindamycin Phosphate/Benzoyl Peroxide/Adapalene,Trial 2,primary,2,change_from_baseline,Noninflammatory Lesion Count,,,baseline,12w,,,,double_blind,,0,,,,,,,,,,,,Absolute Change From Baseline to Week 12 in Noninflammatory Lesion Counts
NCT04214652,Clindamycin Phosphate/Benzoyl Peroxide/Adapalene,Trial 2,primary,3,responder_rate,EGSS,,,baseline,12w,,,,double_blind,,1,responder,EGSS,,,absolute_score,<=,1,score,0,4,"[""week_12""]",Percentage of Participants With Success on the Evaluator's Global Severity Score
NCT04214652,Clindamycin Phosphate/Benzoyl Peroxide/Adapalene,Trial 2,primary,3,responder_rate,EGSS,,,baseline,12w,,,,double_blind,,2,responder,EGSS,,,point_improvement_from_baseline,>=,2,points,0,4,"[""week_12""]",Percentage of Participants With Success on the Evaluator's Global Severity Score
NCT04214652,Clindamycin Phosphate/Benzoyl Peroxide/Adapalene,Trial 2,secondary,1,percent_change_from_baseline,Inflammatory Lesion Count,,,baseline,4w;8w;12w,,,,double_blind,,0,,,,,,,,,,,,"Inflammatory Lesion Count Percentage Changes at Week 4, 8, and 12"
NCT04214652,Clindamycin Phosphate/Benzoyl Peroxide/Adapalene,Trial 2,secondary,2,percent_change_from_baseline,Noninflammatory Lesion Count,,,baseline,4w;8w;12w,,,,double_blind,,0,,,,,,,,,,,,"Noninflammatory Lesion Count Percentage Changes at Week 4, 8, and 12"
NCT04214652,Clindamycin Phosphate/Benzoyl Peroxide/Adapalene,Trial 2,secondary,3,responder_rate,EGSS,,,baseline,12w,,,,double_blind,,1,responder,EGSS,,,point_improvement_from_baseline,>=,2,points,0,4,"[""week_12""]",Percentage of Participants With at Least a Two Grade Reduction on the Evaluator's Global Severity Score at Week 12
NCT04237116,Secukinumab,pINPOINt,primary,1,other,,,,baseline,,12w,,,,,0,,,,,,,,,,,,Mean and SD Change From Baseline of PASI Score up to Week 12 (Time frame: 12 weeks)
NCT04237116,Secukinumab,pINPOINt,secondary,1,other,,,,,,,,,,,0,,,,,,,,,,,,Serum Alanine Aminotransferase (ALT) Level
NCT04237116,Secukinumab,pINPOINt,secondary,2,absolute_value,DLQI,,,,12w,,,,,,0,,,,,,,,,,,,Mean and SD of DLQI at Week 12
NCT04242446,Bimekizumab,BE HEARD I,primary,1,responder_rate,,,,,16w,,,,,,1,responder,AN Count,,,percent_improvement_from_baseline,>=,50,percent,,,,Percentage of Participants Achieving Clinical Response as Measured by Hidradenitis Suppurativa Clinical Response 50 (HiSCR50) at Week 16 (Time frame: Week 16)
NCT04242446,Bimekizumab,BE HEARD I,secondary,1,responder_rate,,,,,16w,,,,,,1,responder,AN Count,,,percent_improvement_from_baseline,>=,50,percent,,,,Percentage of Participants Achieving Clinical Response as Measured by Hidradenitis Suppurativa Clinical Response 75 (HiSCR75) at Week 16
NCT04242446,Bimekizumab,BE HEARD I,secondary,2,absolute_value,DLQI,Total,,baseline,16w,,,,,,0,,,,,,,,,,,,Absolute Change From Baseline in Dermatology Life Quality Index (DLQI) Total Score at Week 16
NCT04242446,Bimekizumab,BE HEARD I,secondary,3,absolute_value,,,,baseline,16w,,,,,,0,,,,,,,,,,,,Absolute Change From Baseline in Worst Skin Pain Score at Week 16
NCT04242446,Bimekizumab,BE HEARD I,secondary,4,responder_rate,,,,,16w,,,,,,0,,,,,,,,,,,,Percentage of Participants Achieving Worst Skin Pain Response at Week 16
NCT04242446,Bimekizumab,BE HEARD I,secondary,5,safety_incidence,,,,,,,,,,,0,,,,,,,,,,,,Percentage of Participants With Treatment-emergent Adverse Events (TEAEs) During the Study
NCT04242446,Bimekizumab,BE HEARD I,secondary,6,safety_incidence,,,,,,,,,,,0,,,,,,,,,,,,Percentage of Participants With Serious Treatment-emergent Adverse Events During the Study
NCT04242446,Bimekizumab,BE HEARD I,secondary,7,safety_incidence,,,,,,,,,,,0,,,,,,,,,,,,Percentage of Participants With Treatment-emergent Adverse Events (TEAEs) Leading to Withdrawal From the Study
NCT04242498,Bimekizumab,BE HEARD II,primary,1,responder_rate,,,,,16w,,,,,,1,responder,AN Count,,,percent_improvement_from_baseline,>=,50,percent,,,,Percentage of Participants Achieving Clinical Response as Measured by Hidradenitis Suppurativa Clinical Response 50 (HiSCR50) at Week 16 (Time frame: Week 16)
NCT04242498,Bimekizumab,BE HEARD II,secondary,1,responder_rate,,,,,16w,,,,,,1,responder,AN Count,,,percent_improvement_from_baseline,>=,50,percent,,,,Percentage of Participants Achieving Clinical Response as Measured by Hidradenitis Suppurativa Clinical Response 75 (HiSCR75) at Week 16
NCT04242498,Bimekizumab,BE HEARD II,secondary,2,responder_rate,,,,,16w,,,,,flare,0,,,,,,,,,,,,Percentage of Participants With Flare by Week 16
NCT04242498,Bimekizumab,BE HEARD II,secondary,3,absolute_value,DLQI,Total,,baseline,16w,,,,,,0,,,,,,,,,,,,Absolute Change From Baseline in Dermatology Life Quality Index (DLQI) Total Score at Week 16
NCT04242498,Bimekizumab,BE HEARD II,secondary,4,absolute_value,,,,baseline,16w,,,,,,0,,,,,,,,,,,,Absolute Change From Baseline in Worst Skin Pain Score at Week 16
NCT04242498,Bimekizumab,BE HEARD II,secondary,5,responder_rate,,,,,16w,,,,,,0,,,,,,,,,,,,Percentage of Participants Achieving Skin Pain Response at Week 16
NCT04242498,Bimekizumab,BE HEARD II,secondary,6,safety_incidence,,,,,,,,,,,0,,,,,,,,,,,,Percentage of Participants With Treatment-emergent Adverse Events (TEAEs) During the Study
NCT04242498,Bimekizumab,BE HEARD II,secondary,7,safety_incidence,,,,,,,,,,,0,,,,,,,,,,,,Percentage of Participants With Serious Treatment-emergent Adverse Events During the Study
NCT04242498,Bimekizumab,BE HEARD II,secondary,8,safety_incidence,,,,,,,,,,,0,,,,,,,,,,,,Percentage of Participants With Treatment-emergent Adverse Events (TEAEs) Leading to Withdrawal From the Study
NCT04250337,Lebrikizumab,ADhere,primary,1,responder_rate,IGA,,,baseline,16w,,,,,,1,responder,IGA,,,absolute_score,in,"[0, 1]",score,,,,Percentage of Participants With an Investigator's Global Assessment (IGA) Score of 0 or 1 and a Reduction ≥2-points From Baseline to Week 16. (Time frame: Baseline to Week 16)
NCT04250337,Lebrikizumab,ADhere,primary,1,responder_rate,IGA,,,baseline,16w,,,,,,2,responder,IGA,,,point_reduction_from_baseline,>=,2,points,,,,Percentage of Participants With an Investigator's Global Assessment (IGA) Score of 0 or 1 and a Reduction ≥2-points From Baseline to Week 16. (Time frame: Baseline to Week 16)
NCT04250337,Lebrikizumab,ADhere,primary,2,responder_rate,EASI,,,baseline,16w,,,,,,1,responder,EASI,,,percent_improvement_from_baseline,>=,75,percent,,,,Percentage of Participants Achieving Eczema Area and Severity Index (EASI-75) (≥75% Reduction From Baseline in EASI Score) at Week 16 (Time frame: Baseline to Week 16)
NCT04250337,Lebrikizumab,ADhere,secondary,1,responder_rate,EASI,,,baseline,16w,,,,,,1,responder,EASI,,,percent_improvement_from_baseline,>=,90,percent,,,,Percentage of Participants Achieving EASI-90 (≥90% Reduction From Baseline in EASI Score) at Week 16
NCT04250337,Lebrikizumab,ADhere,secondary,2,percent_change_from_baseline,Pruritus NRS,,,baseline,16w,,,,,,0,,,,,,,,,,,,Percent Change in Pruritus Numerical Rating Scale (NRS) Score From Baseline to Week 16
NCT04250337,Lebrikizumab,ADhere,secondary,3,responder_rate,Pruritus NRS,,,baseline,16w,,,,,,1,responder,Pruritus NRS,,,point_reduction_from_baseline,>=,4,points,,,,Percentage of Participants With a Pruritus NRS of ≥4-Points at Baseline Who Achieve a ≥4-Point Reduction From Baseline to Week 16
NCT04250337,Lebrikizumab,ADhere,secondary,3,responder_rate,Pruritus NRS,,,baseline,16w,,,,,,2,subgroup,Pruritus NRS,,,absolute_score,>=,4,score,,,"[""baseline""]",Percentage of Participants With a Pruritus NRS of ≥4-Points at Baseline Who Achieve a ≥4-Point Reduction From Baseline to Week 16
NCT04250337,Lebrikizumab,ADhere,secondary,4,responder_rate,Pruritus NRS,,,baseline,16w,,,,,,1,responder,Pruritus NRS,,,point_reduction_from_baseline,>=,4,points,,,,Percentage of Participants With a Pruritus NRS of ≥5-points at Baseline Who Achieve a ≥4-point Reduction From Baseline to Week 16
NCT04250337,Lebrikizumab,ADhere,secondary,4,responder_rate,Pruritus NRS,,,baseline,16w,,,,,,2,subgroup,Pruritus NRS,,,absolute_score,>=,5,score,,,"[""baseline""]",Percentage of Participants With a Pruritus NRS of ≥5-points at Baseline Who Achieve a ≥4-point Reduction From Baseline to Week 16
NCT04250337,Lebrikizumab,ADhere,secondary,5,percent_change_from_baseline,EASI,,,baseline,16w,,,,,,0,,,,,,,,,,,,Percent Change in EASI Score From Baseline at Week 16
NCT04250337,Lebrikizumab,ADhere,secondary,6,change_from_baseline,BSA,,,baseline,16w,,,,,,0,,,,,,,,,,,,Change From Baseline to Week 16 in Percent Body Surface Area (BSA)
NCT04250337,Lebrikizumab,ADhere,secondary,7,responder_rate,EASI,,,,4w,,,,,,1,responder,EASI,,,percent_improvement_from_baseline,>=,90,percent,,,,Percentage of Participants Achieving EASI-90 at Week 4
NCT04250337,Lebrikizumab,ADhere,secondary,8,percent_change_from_baseline,Sleep-loss,,,baseline,16w,,,,,,0,,,,,,,,,,,,Percent Change in Sleep-loss Score From Baseline to Week 16
NCT04250337,Lebrikizumab,ADhere,secondary,9,change_from_baseline,Sleep-loss,,,baseline,16w,,,,,,0,,,,,,,,,,,,Change From Baseline in Sleep-loss Score at Week 16
NCT04250337,Lebrikizumab,ADhere,secondary,10,responder_rate,Pruritus NRS,,,baseline,4w,,,,,,1,responder,Pruritus NRS,,,point_reduction_from_baseline,>=,4,points,,,,Percentage of Participants With a Pruritus NRS of ≥4-points at Baseline Who Achieve a ≥4-point Reduction From Baseline to Week 4
NCT04250337,Lebrikizumab,ADhere,secondary,10,responder_rate,Pruritus NRS,,,baseline,4w,,,,,,2,subgroup,Pruritus NRS,,,absolute_score,>=,4,score,,,"[""baseline""]",Percentage of Participants With a Pruritus NRS of ≥4-points at Baseline Who Achieve a ≥4-point Reduction From Baseline to Week 4
NCT04250337,Lebrikizumab,ADhere,secondary,11,responder_rate,Pruritus NRS,,,baseline,2w,,,,,,1,responder,Pruritus NRS,,,point_reduction_from_baseline,>=,4,points,,,,Percentage of Participants With a Pruritus NRS of ≥4-points at Baseline Who Achieve a ≥4-point Reduction From Baseline to Week 2
NCT04250337,Lebrikizumab,ADhere,secondary,11,responder_rate,Pruritus NRS,,,baseline,2w,,,,,,2,subgroup,Pruritus NRS,,,absolute_score,>=,4,score,,,"[""baseline""]",Percentage of Participants With a Pruritus NRS of ≥4-points at Baseline Who Achieve a ≥4-point Reduction From Baseline to Week 2
NCT04250337,Lebrikizumab,ADhere,secondary,12,responder_rate,Pruritus NRS,,,baseline,1w,,,,,,1,responder,Pruritus NRS,,,point_reduction_from_baseline,>=,4,points,,,,Percentage of Participants With a Pruritus NRS of ≥4-points at Baseline Who Achieve a ≥4-point Reduction From Baseline to Week 1
NCT04250337,Lebrikizumab,ADhere,secondary,12,responder_rate,Pruritus NRS,,,baseline,1w,,,,,,2,subgroup,Pruritus NRS,,,absolute_score,>=,4,score,,,"[""baseline""]",Percentage of Participants With a Pruritus NRS of ≥4-points at Baseline Who Achieve a ≥4-point Reduction From Baseline to Week 1
NCT04250337,Lebrikizumab,ADhere,secondary,13,responder_rate,Pruritus NRS,,,baseline,4w,,,,,,1,responder,Pruritus NRS,,,point_reduction_from_baseline,>=,4,points,,,,Percentage of Participants With a Pruritus NRS of ≥5-points at Baseline Who Achieve a ≥4-point Reduction From Baseline to Week 4
NCT04250337,Lebrikizumab,ADhere,secondary,13,responder_rate,Pruritus NRS,,,baseline,4w,,,,,,2,subgroup,Pruritus NRS,,,absolute_score,>=,5,score,,,"[""baseline""]",Percentage of Participants With a Pruritus NRS of ≥5-points at Baseline Who Achieve a ≥4-point Reduction From Baseline to Week 4
NCT04250337,Lebrikizumab,ADhere,secondary,14,responder_rate,Pruritus NRS,,,baseline,2w,,,,,,1,responder,Pruritus NRS,,,point_reduction_from_baseline,>=,4,points,,,,Percentage of Participants With a Pruritus NRS of ≥5-points at Baseline Who Achieve a ≥4-point Reduction From Baseline to Week 2
NCT04250337,Lebrikizumab,ADhere,secondary,14,responder_rate,Pruritus NRS,,,baseline,2w,,,,,,2,subgroup,Pruritus NRS,,,absolute_score,>=,5,score,,,"[""baseline""]",Percentage of Participants With a Pruritus NRS of ≥5-points at Baseline Who Achieve a ≥4-point Reduction From Baseline to Week 2
NCT04250337,Lebrikizumab,ADhere,secondary,15,responder_rate,Pruritus NRS,,,baseline,1w,,,,,,1,responder,Pruritus NRS,,,point_reduction_from_baseline,>=,4,points,,,,Percentage of Participants With a Pruritus NRS of ≥5-points at Baseline Who Achieve a ≥4-point Reduction From Baseline to Week 1
NCT04250337,Lebrikizumab,ADhere,secondary,15,responder_rate,Pruritus NRS,,,baseline,1w,,,,,,2,subgroup,Pruritus NRS,,,absolute_score,>=,5,score,,,"[""baseline""]",Percentage of Participants With a Pruritus NRS of ≥5-points at Baseline Who Achieve a ≥4-point Reduction From Baseline to Week 1
NCT04250337,Lebrikizumab,ADhere,secondary,16,drug_usage,,,,baseline,16w,,,,,TCS_TCI_free_days,0,,,,,,,,,,,,Percentage of Topical Corticosteroid (TCS)/Topical Calcineurin Inhibitors (TCI) Free Days From Baseline to Week 16
NCT04250337,Lebrikizumab,ADhere,secondary,17,time_to_event,,,,baseline,16w,,,,,TCS_TCI_free_days,0,,,,,,,,,,,,Median Time (Days) to TCS/TCI-free Use From Baseline to Week 16
NCT04250337,Lebrikizumab,ADhere,secondary,18,percent_change_from_baseline,SCORAD,,,baseline,16w,,,,,,0,,,,,,,,,,,,Percent Change in SCORing Atopic Dermatitis (SCORAD) From Baseline to Week 16
NCT04250337,Lebrikizumab,ADhere,secondary,19,change_from_baseline,DLQI,,,baseline,16w,,,,,,0,,,,,,,,,,,,Change From Baseline in Dermatology Life Quality Index (DLQI) at Week 16
NCT04250337,Lebrikizumab,ADhere,secondary,20,responder_rate,DLQI,,,baseline,,,,,,,1,responder,DLQI,,,point_reduction_from_baseline,>=,4,points,,,,Percentage of Participants With a DLQI Score ≥4 Points at Baseline Who Achieve a ≥4 Points
NCT04250337,Lebrikizumab,ADhere,secondary,20,responder_rate,DLQI,,,baseline,,,,,,,2,subgroup,DLQI,,,absolute_score,>=,4,score,,,"[""baseline""]",Percentage of Participants With a DLQI Score ≥4 Points at Baseline Who Achieve a ≥4 Points
NCT04250337,Lebrikizumab,ADhere,secondary,21,change_from_baseline,EQ-5D,Index,,baseline,16w,,,,,,0,,,,,,,,,,,,Change From Baseline in European Quality of Life-5 Dimensions (EQ-5D) at Week 16 Health State Index
NCT04250337,Lebrikizumab,ADhere,secondary,22,change_from_baseline,EQ-5D,VAS,,baseline,16w,,,,,,0,,,,,,,,,,,,Change From Baseline in European Quality of Life-5 Dimensions (EQ-5D) at Week 16 Visual Analog Score (VAS)
NCT04250337,Lebrikizumab,ADhere,secondary,23,change_from_baseline,POEM,,,baseline,16w,,,,,,0,,,,,,,,,,,,Change From Baseline in Patient Oriented Eczema Measure (POEM) at Week 16
NCT04250337,Lebrikizumab,ADhere,secondary,24,change_from_baseline,PROMIS,Anxiety,,baseline,16w,,adults,,,,0,,,,,,,,,,,,Change From Baseline in Patient-Reported Outcomes Measurement Information System (PROMIS) Anxiety at Week 16 - Adults
NCT04250337,Lebrikizumab,ADhere,secondary,25,change_from_baseline,PROMIS,Depression,,baseline,16w,,adults,,,,0,,,,,,,,,,,,Change From Baseline in PROMIS Depression at Week 16 - Adults
NCT04250337,Lebrikizumab,ADhere,secondary,26,change_from_baseline,PROMIS,Anxiety,,baseline,16w,,pediatrics,,,,0,,,,,,,,,,,,Change From Baseline in PROMIS Anxiety at Week 16 - Pediatrics
NCT04250337,Lebrikizumab,ADhere,secondary,27,change_from_baseline,PROMIS,Depression,,baseline,16w,,pediatrics,,,,0,,,,,,,,,,,,Change From Baseline in PROMIS Depression at Week 16 - Pediatrics
NCT04250337,Lebrikizumab,ADhere,secondary,28,change_from_baseline,ACQ-5,,,baseline,16w,,comorbid_asthma,,,,0,,,,,,,,,,,,Change From Baseline in Asthma Control Questionnaire (ACQ-5) Score at Week 16 in Participants Who Have Self-reported Comorbid Asthma
NCT04250337,Lebrikizumab,ADhere,secondary,29,change_from_baseline,CDLQI,,,baseline,16w,,,,,,0,,,,,,,,,,,,Change From Baseline in Children's Dermatology Life Quality Index (CDLQI) at Week 16
NCT04305327,Brodalumab,EMBRACE 1,primary,1,absolute_value,,,,,12w,,,,,,0,,,,,,,,,,,,"Psoriasis Area and Severity Index (PASI) 75 Response, Assessed at Week 12. (Time frame: Baseline to Week 12)"
NCT04305327,Brodalumab,EMBRACE 1,secondary,1,absolute_value,,,,,12w,,,,,,0,,,,,,,,,,,,"Static Physician's Global Assessment (sPGA) Score of 0 or 1, Assessed at Week 12."
NCT04305327,Brodalumab,EMBRACE 1,secondary,2,absolute_value,,,,,12w,,,,,,0,,,,,,,,,,,,"sPGA Score of 0, Assessed at Week 12."
NCT04305327,Brodalumab,EMBRACE 1,secondary,3,absolute_value,,,,,12w,,,,,,0,,,,,,,,,,,,"PASI 90 Response, Assessed at Week 12."
NCT04305327,Brodalumab,EMBRACE 1,secondary,4,absolute_value,,,,,12w,,,,,,0,,,,,,,,,,,,"PASI 100 Response, Assessed at Week 12."
NCT04305327,Brodalumab,EMBRACE 1,secondary,5,absolute_value,CDLQI,Total,,,12w,,,,,,0,,,,,,,,,,,,"Children's Dermatology Life Quality Index (CDLQI) Total Score of 0 or 1, Assessed at Week 12."
NCT04305327,Brodalumab,EMBRACE 1,secondary,6,absolute_value,DLQI,Total,,,12w,,,,,,0,,,,,,,,,,,,"Family Dermatology Life Quality Index (FDLQI) Total Score of 0 or 1, Assessed at Week 12."
NCT04305327,Brodalumab,EMBRACE 1,secondary,7,safety_incidence,,,,,,,,,,,0,,,,,,,,,,,,Overall Number of Adverse Events (AEs)
NCT04305327,Brodalumab,EMBRACE 1,secondary,8,immunogenicity,,,,,4w;16w;52w,,,,,anti_drug_antibodies,0,,,,,,,,,,,,"Presence of Anti-drug Antibodies, Assessed at Weeks 4, 16, and 52."
NCT04305327,Brodalumab,EMBRACE 1,secondary,9,pharmacokinetics,,,,,8w;12w;52w,,,,,serum_concentration,0,,,,,,,,,,,,"Serum Concentration of Interleukin-17, Assessed at Weeks 8, 12, and 52."
NCT04305327,Brodalumab,EMBRACE 1,secondary,10,absolute_value,,,,,8w;12w;52w,,,,,,0,,,,,,,,,,,,"Blood Levels of T-cell Subsets (CD4+ and CD8+), Assessed at Weeks 8, 12, and 52."
NCT04305327,Brodalumab,EMBRACE 1,secondary,11,pharmacokinetics,,,,,4w;8w;10w;12w;16w;22w;52w,,,,,serum_concentration,0,,,,,,,,,,,,"Serum Concentrations of Brodalumab, Assessed at Weeks 4, 8, 10, 12, 16, 22, and 52."
NCT04305327,Brodalumab,EMBRACE 1,secondary,12,absolute_value,,,,,12w,,,,,,0,,,,,,,,,,,,"Anti-tetanus Toxoid Antibodies ≥0.1 IU/mL, Assessed at Week 12."
NCT04399837,Spesolimab,,primary,1,time_to_event,,,,,1w;4w;8w;12w;16w;20w;24w;28w;32w;36w;40w;44w;48w,48w,,,,flare,0,,,,,,,,,,,,"Time to First Generalized Pustular Psoriasis (GPP) Flare (Time frame: GPPGA was regularly assessed at baseline (Week 1) and up to Week 48 (at Week 4, 8, 12, 16, 20, 24, 28, 32, 36, 40, 44, 48). Patients could come to site for flare confirmation anytime as unscheduled visit. Visit window was ±7 days.)"
NCT04399837,Spesolimab,,secondary,1,other,,,,,,48w,,,,flare,0,,,,,,,,,,,,Key Secondary Endpoint: The Occurrence of at Least One Generalized Pustular Psoriasis (GPP) Flare up to Week 48
NCT04399837,Spesolimab,,secondary,2,time_to_event,,,,,,48w,,,,,0,,,,,,,,,,,,Time to First Worsening of Psoriasis Symptom Scale (PSS) up to Week 48
NCT04399837,Spesolimab,,secondary,3,time_to_event,DLQI,,,,,48w,,,,,0,,,,,,,,,,,,Time to First Worsening of Dermatology Quality of Life Index (DLQI) up to Week 48
NCT04399837,Spesolimab,,secondary,4,other,,,,,,,,,,,0,,,,,,,,,,,,Sustained Remission
NCT04399837,Spesolimab,,secondary,5,safety_incidence,,,,,,,,,,TEAE,0,,,,,,,,,,,,The Occurrence of Treatment Emergent Adverse Events (TEAEs)
NCT04417894,Dupilumab,,primary,1,responder_rate,IGA,,,,16w,,,,,,1,responder,IGA,,,absolute_score,in,"[0, 1]",score,,,,Percentage of Participants With Hand and Foot Investigator Global Assessment (IGA) 0 or 1 at Week 16 (Time frame: At week 16)
NCT04417894,Dupilumab,,secondary,1,responder_rate,Pruritus NRS,,peak_daily_weekly_average,baseline,16w,,,,,,1,responder,Pruritus NRS,,peak_daily_weekly_average,point_reduction_from_baseline,>=,4,points,,,,Percentage of Participants With Improvement (Reduction) of Weekly Average of Daily Hand and Foot Peak Pruritus Numerical Rating Scale (NRS) of ≥4 Points From Baseline to Week 16
NCT04417894,Dupilumab,,secondary,2,responder_rate,Pruritus NRS,,peak_daily_weekly_average,baseline,16w,,,,,,0,,,,,,,,,,,,Percentage of Participants With Improvement (Reduction) of Weekly Average of Daily Hand and Foot Peak Pruritus NRS ≥3 From Baseline to Week 16
NCT04417894,Dupilumab,,secondary,3,percent_change_from_baseline,Pruritus NRS,,peak_daily_weekly_average,baseline,16w,,,,,,0,,,,,,,,,,,,Percent Change From Baseline to Week 16 in Weekly Average of Daily Hand and Foot Peak Pruritus NRS
NCT04417894,Dupilumab,,secondary,4,percent_change_from_baseline,,,,baseline,16w,,,,,,0,,,,,,,,,,,,Percent Change in Modified Total Lesion Sign Score (mTLSS) for Hand/Foot Lesions From Baseline to Week 16
NCT04417894,Dupilumab,,secondary,5,change_from_baseline,Pruritus NRS,,peak_daily_weekly_average,baseline,16w,,,,,,0,,,,,,,,,,,,Change From Baseline to Week 16 in Weekly Average of Daily Hand and Foot Peak Pain NRS
NCT04417894,Dupilumab,,secondary,6,other,Pruritus NRS,,,baseline,16w,,,,,,0,,,,,,,,,,,,Mean Change From Baseline to Week 16 in Weekly Average of Daily Sleep NRS
NCT04417894,Dupilumab,,secondary,7,change_from_baseline,,,,baseline,16w,,,,,,0,,,,,,,,,,,,Change From Baseline to Week 16 in Percent Surface Area of Hand and Foot Involvement With Atopic Dermatitis (AD)
NCT04417894,Dupilumab,,secondary,8,percent_change_from_baseline,Pruritus NRS,,peak_daily_weekly_average,baseline,4w,,,,,,0,,,,,,,,,,,,Percent Change From Baseline to Week 4 in Weekly Average of Daily Hand and Foot Peak Pruritus NRS
NCT04417894,Dupilumab,,secondary,9,responder_rate,Pruritus NRS,,peak_daily_weekly_average,baseline,4w,,,,,,0,,,,,,,,,,,,Percentage of Participants With Improvement (Reduction) of Weekly Average of Daily Hand and Foot Peak Pruritus NRS ≥4 From Baseline to Week 4
NCT04417894,Dupilumab,,secondary,10,percent_change_from_baseline,,,,baseline,16w,,,,,,0,,,,,,,,,,,,Percent Change From Baseline to Week 16 in Hand Eczema Severity Index (HECSI) Score in Participants With Hand Dermatitis
NCT04417894,Dupilumab,,secondary,11,responder_rate,,,,,16w,,,,,,0,,,,,,,,,,,,Percentage of Participants With HECSI-75 at Week 16
NCT04417894,Dupilumab,,secondary,12,responder_rate,,,,,16w,,,,,,0,,,,,,,,,,,,Percentage of Participants With HECSI-50 at Week 16
NCT04417894,Dupilumab,,secondary,13,responder_rate,,,,,16w,,,,,,0,,,,,,,,,,,,Percentage of Participants With HECSI-90 at Week 16
NCT04417894,Dupilumab,,secondary,14,change_from_baseline,,,,baseline,16w,,,,,,0,,,,,,,,,,,,Change From Baseline to Week 16 in Quality of Life in Hand Eczema Questionnaire (QOLHEQ)
NCT04417894,Dupilumab,,secondary,15,other,,,,baseline,16w,,,,,,0,,,,,,,,,,,,Mean Change From Baseline to Week 16 in Work Productivity and Impairment (WPAI) and Classroom Impairment Questionnaire (CIQ)
NCT04417894,Dupilumab,,secondary,16,safety_incidence,,,,,,16w,,,,TEAE,0,,,,,,,,,,,,Percentage of Participants With Treatment-Emergent Adverse Events (TEAEs) Through Week 16
NCT04417894,Dupilumab,,secondary,17,other,,,,,,,,,,,0,,,,,,,,,,,,Trough Concentration of Functional Dupilumab in Serum at Various Time Points
NCT04417894,Dupilumab,,secondary,18,count,,,,,,,,,,,0,,,,,,,,,,,,Number of Participants With Treatment-Emergent (TE) Anti-Drug Antibody (ADA)
NCT04417894,Dupilumab,,secondary,19,count,,,,,,,,,,,0,,,,,,,,,,,,Number of Participants With Treatment-Emergent ADA by Maximum Titer Category
NCT04491604,Beremagene Geperpavec,GEM-3,primary,1,other,,,,,22w;24w;24w;26w,,,,,,0,,,,,,,,,,,,Primary Wound With Complete Wound Healing (100% Wound Closure) on Weeks 22 and 24 or Weeks 24 and 26 (Time frame: 26 weeks post-baseline)
NCT04491604,Beremagene Geperpavec,GEM-3,secondary,1,other,,,,,8w;10w;10w;12w,,,,,,0,,,,,,,,,,,,Primary Wound With Complete Wound Healing (100% Wound Closure) on Weeks 8 and 10 or Weeks 10 and 12
NCT04491604,Beremagene Geperpavec,GEM-3,secondary,2,absolute_value,,,,,22w;24w;26w,,,,,,0,,,,,,,,,,,,"Primary Wound Pain Severity (Visual Analog Scale (VAS)) Change for Ages 6 and Above Subjects at Weeks 22, 24, and 26."
NCT04501666,Nemolizumab,,primary,1,count,Pruritus NRS,,peak_daily_weekly_average,baseline,16w,,,,,,0,,,,,,,,,,,,"Number of Participants With an Improvement of Greater Than or Equal to (>=) 4 From Baseline in Weekly Average Peak Pruritus Numeric Rating Scale (PP NRS) at Week 16 (Time frame: Baseline, Week 16)"
NCT04501666,Nemolizumab,,primary,2,count,IGA,,,,16w,,,,,,0,,,,,,,,,,,,"Number of Participants With an Investigator Global Assessment (IGA) Success at Week 16 (Time frame: Baseline, Week 16)"
NCT04501666,Nemolizumab,,secondary,1,count,,,,,,,,,,TEAE,0,,,,,,,,,,,,"Number of Participants With Treatment-Emergent Adverse Events (TEAEs), Adverse Events of Special Interest (AESIs), and Serious Adverse Events (SAEs)"
NCT04501666,Nemolizumab,,secondary,2,count,Pruritus NRS,,,baseline,4w,,,,,,0,,,,,,,,,,,,Number of Participants With an Improvement of >= 4 From Baseline in Weekly Average PP NRS at Week 4
NCT04501666,Nemolizumab,,secondary,3,count,Pruritus NRS,,,,16w,,,,,,0,,,,,,,,,,,,Number of Participants With PP NRS < 2 at Week 16
NCT04501666,Nemolizumab,,secondary,4,count,Pruritus NRS,,,baseline,16w,,,,,,0,,,,,,,,,,,,Number of Participants With an Improvement of >=4 From Baseline in Sleep Disturbance Numeric Rating Scale (SD NRS) at Week 16
NCT04501666,Nemolizumab,,secondary,5,count,Pruritus NRS,,,baseline,4w,,,,,,0,,,,,,,,,,,,Number of Participants With an Improvement of >=4 From Baseline in SD NRS at Week 4
NCT04501666,Nemolizumab,,secondary,6,count,Pruritus NRS,,,,4w,,,,,,0,,,,,,,,,,,,Number of Participants With PP NRS < 2 at Week 4
NCT04501679,Nemolizumab,,primary,1,count,Pruritus NRS,,peak_daily_weekly_average,baseline,16w,,,,,,0,,,,,,,,,,,,"Number of Participants With an Improvement of Greater Than or Equal to (>=) 4 From Baseline in Weekly Average Peak Pruritus Numeric Rating Scale (PP NRS) at Week 16 (Time frame: Baseline, Week 16)"
NCT04501679,Nemolizumab,,primary,2,count,IGA,,,,16w,,,,,,0,,,,,,,,,,,,"Number of Participants With an Investigator Global Assessment (IGA) Success at Week 16 (Time frame: Baseline, Week 16)"
NCT04501679,Nemolizumab,,secondary,1,count,Pruritus NRS,,,baseline,4w,,,,,,0,,,,,,,,,,,,Number of Participants With an Improvement of >= 4 From Baseline in Weekly Average PP NRS at Week 4
NCT04501679,Nemolizumab,,secondary,2,count,Pruritus NRS,,,,16w,,,,,,0,,,,,,,,,,,,Number of Participants With PP NRS < 2 at Week 16
NCT04501679,Nemolizumab,,secondary,3,count,Pruritus NRS,,,baseline,16w,,,,,,0,,,,,,,,,,,,Number of Participants With an Improvement of >=4 From Baseline in Sleep Disturbance Numeric Rating Scale (SD NRS) at Week 16
NCT04501679,Nemolizumab,,secondary,4,count,Pruritus NRS,,,baseline,4w,,,,,,0,,,,,,,,,,,,Number of Participants With an Improvement of >=4 From Baseline in SD NRS at Week 4
NCT04501679,Nemolizumab,,secondary,5,count,Pruritus NRS,,,,4w,,,,,,0,,,,,,,,,,,,Number of Participants With PP NRS < 2 at Week 4
NCT04501679,Nemolizumab,,secondary,6,count,,,,,,,,,,TEAE,0,,,,,,,,,,,,"Number of Participants With Adverse Events, Treatment Emergent Adverse Events (TEAEs), Adverse Events of Special Interest (AESIs), and Serious Adverse Events (SAEs)"
NCT04518995,Deuruxolitinib,THRIVE-AA1,primary,1,responder_rate,,,,,24w,,,,,,0,,,,,,,,,,,,Percentage of Participants Achieving an Absolute Severity of Alopecia Tool (SALT) Score of ≤20 at Week 24 (Time frame: Week 24)
NCT04518995,Deuruxolitinib,THRIVE-AA1,secondary,1,absolute_value,,,,,12w;16w;20w;24w,,,,,,0,,,,,,,,,,,,"Percentage of Responders on the Hair Satisfaction Patient Reported Outcome (SPRO) Scale at Weeks 12, 16, 20, and 24"
NCT04518995,Deuruxolitinib,THRIVE-AA1,secondary,2,responder_rate,,,,,4w;8w;12w;16w;20w,,,,,,0,,,,,,,,,,,,"Percentage of Participants Achieving an Absolute SALT Score of ≤20 at Weeks 4, 8, 12, 16, and 20"
NCT04518995,Deuruxolitinib,THRIVE-AA1,secondary,3,absolute_value,,,,baseline,4w;8w;12w;16w;20w;24w,,,,,,0,,,,,,,,,,,,"Relative Change in SALT Scores From Baseline at Weeks 4, 8, 12, 16, 20, and 24"
NCT04518995,Deuruxolitinib,THRIVE-AA1,secondary,4,absolute_value,,,,,12w;16w;20w;24w,,,,,,0,,,,,,,,,,,,"Percentage of Responders Assessed Using the Clinician Global Impression of Improvement (CGI-I) at Weeks 12, 16, 20, and 24"
NCT04518995,Deuruxolitinib,THRIVE-AA1,secondary,5,absolute_value,,,,,12w;16w;20w;24w,,,,,,0,,,,,,,,,,,,"Percentage of Responders Assessed Using the Patient Global Impression of Improvement (PGI-I) at Weeks 12, 16, 20, and 24"
NCT04518995,Deuruxolitinib,THRIVE-AA1,secondary,6,change_from_baseline,,,,baseline,12w;16w;20w;24w,,,,,,0,,,,,,,,,,,,"Change in the Clinician Global Impression of Severity (CGI-S) Scores From Baseline at Weeks 12, 16, 20, and 24"
NCT04518995,Deuruxolitinib,THRIVE-AA1,secondary,7,change_from_baseline,,,,baseline,12w;16w;20w;24w,,,,,,0,,,,,,,,,,,,"Change in the Patient Global Impression of Severity (PGI-S) Scores From Baseline at Weeks 12, 16, 20, and 24"
NCT04518995,Deuruxolitinib,THRIVE-AA1,secondary,8,responder_rate,,,,baseline,12w;24w,,,,,,0,,,,,,,,,,,,Percentage of Participants Achieving at Least a 75% and 90% Relative Reduction in SALT Score From Baseline at Weeks 12 and 24
NCT04518995,Deuruxolitinib,THRIVE-AA1,secondary,9,change_from_baseline,,,,baseline,12w;24w,,,,,,0,,,,,,,,,,,,Change in the Brigham Eyebrow Tool for Alopecia (BETA) Scores From Baseline at Weeks 12 and 24
NCT04518995,Deuruxolitinib,THRIVE-AA1,secondary,10,change_from_baseline,,,,baseline,12w;24w,,,,,,0,,,,,,,,,,,,Change in the Brigham Eyelash Tool for Alopecia (BELA) Scores From Baseline at Weeks 12 and 24
NCT04518995,Deuruxolitinib,THRIVE-AA1,secondary,11,change_from_baseline,,,,baseline,12w;16w;20w;24w,,,,,,0,,,,,,,,,,,,"Change in the SPRO Scale From Baseline at Weeks 12, 16, 20, and 24"
NCT04518995,Deuruxolitinib,THRIVE-AA1,secondary,12,responder_rate,,,,baseline,12w;16w;20w;24w,,,,,,0,,,,,,,,,,,,"Percentage of Participants Achieving a ≥2-point Change From Baseline in the SPRO Scale at Weeks 12, 16, 20, and 24"
NCT04518995,Deuruxolitinib,THRIVE-AA1,secondary,13,change_from_baseline,,,,baseline,12w;16w;20w;24w,,,,,,0,,,,,,,,,,,,"Change in the Individual Items of the Hair Quality Patient Reported Outcome (QPRO) Scale From Baseline at Weeks 12, 16, 20, and 24"
NCT04518995,Deuruxolitinib,THRIVE-AA1,secondary,14,change_from_baseline,HADS,,,baseline,24w,,,,,,0,,,,,,,,,,,,Change in the Anxiety and Depression Scale Scores of the Hospital Anxiety and Depression Scale (HADS) From Baseline at Week 24
NCT04518995,Deuruxolitinib,THRIVE-AA1,secondary,15,responder_rate,,,,,24w,,,,,,0,,,,,,,,,,,,Percentage of Participants Achieving an Absolute SALT Score of ≤10 at Week 24
NCT04535531,Berdazimer,B-SIMPLE4,primary,1,absolute_value,,,,,12w,,,,,,0,,,,,,,,,,,,Complete Clearance of All Treatable MC at Week 12 (Time frame: 12 Weeks)
NCT04535531,Berdazimer,B-SIMPLE4,secondary,1,absolute_value,,,,,12w,,,,,,0,,,,,,,,,,,,A Lesion Count of 0 or 1 of All Treatable MC at Week 12
NCT04535531,Berdazimer,B-SIMPLE4,secondary,2,absolute_value,,,,baseline,12w,,,,,,0,,,,,,,,,,,,90% Reduction From Baseline in the Number of All Treatable MC at Week 12
NCT04535531,Berdazimer,B-SIMPLE4,secondary,3,absolute_value,,,,,8w,,,,,,0,,,,,,,,,,,,Complete Clearance of All Treatable MC at Week 8
NCT04535531,Berdazimer,B-SIMPLE4,secondary,4,change_from_baseline,,,,baseline,4w,,,,,,0,,,,,,,,,,,,Change From Baseline in the Number of All Treatable MC at Week 4
NCT04608500,Minocycline,,primary,1,change_from_baseline,Inflammatory Lesion Count,,,baseline,12w,,,,double_blind,,0,,,,,,,,,,,,The Absolute Change From Day 0/Baseline in the Inflammatory Lesion Count at Week 12
NCT04608500,Minocycline,,primary,2,responder_rate,IGA,,,baseline,12w,,,,double_blind,,1,responder,IGA,,,absolute_score,<=,1,score,0,4,"[""week_12""]",Percentage of Participants Achieving Investigator Global Assessments (IGA) Treatment Success at Week 12
NCT04608500,Minocycline,,primary,2,responder_rate,IGA,,,baseline,12w,,,,double_blind,,2,responder,IGA,,,point_improvement_from_baseline,>=,2,points,0,4,"[""week_12""]",Percentage of Participants Achieving Investigator Global Assessments (IGA) Treatment Success at Week 12
NCT04608500,Minocycline,,secondary,1,responder_rate,IGA,,,baseline,12w,,,,double_blind,,1,responder,IGA,,,point_improvement_from_baseline,>=,2,points,0,4,"[""week_12""]",Percentage of Participants Achieving IGA Treatment Success of at Least 2 Grades at Week 12
NCT04608500,Minocycline,,secondary,2,percent_change_from_baseline,Inflammatory Lesion Count,,,baseline,12w,,,,double_blind,,0,,,,,,,,,,,,The Percent Change From Day 0/Baseline in Inflammatory Lesion Count at Week 12
NCT04608500,Minocycline,,secondary,3,change_from_baseline,Inflammatory Lesion Count,,,baseline,4w;8w,,,,double_blind,,0,,,,,,,,,,,,The Absolute Change From Day 0/Baseline in the Inflammatory Lesion Counts at Week 4 and Week 8
NCT04608500,Minocycline,,secondary,4,responder_rate,IGA,,,baseline,4w;8w,,,,double_blind,,1,responder,IGA,,,absolute_score,<=,1,score,0,4,"[""week_4"", ""week_8""]",Percentage of Participants Achieving IGA Treatment Success at Week 4 and Week 8
NCT04608500,Minocycline,,secondary,4,responder_rate,IGA,,,baseline,4w;8w,,,,double_blind,,2,responder,IGA,,,point_improvement_from_baseline,>=,2,points,0,4,"[""week_4"", ""week_8""]",Percentage of Participants Achieving IGA Treatment Success at Week 4 and Week 8
NCT04608500,Minocycline,,secondary,5,other,,,,,,,,,double_blind,AE_or_SAE,0,,,,,,,,,,,,Number of Participants With Adverse Events (AEs)
NCT04713592,Risankizumab,IMMprint,primary,1,responder_rate,IGA,,,baseline,16w,,,,,,1,responder,IGA,,,absolute_score,in,"[0, 1]",score,,,,"Percentage of Participants Achieving Palmoplantar Investigator's Global Assessment (ppIGA) of ""Clear"" or ""Almost Clear"" (0 or 1) With at Least a 2-point Reduction From Baseline at Week 16 (Time frame: Baseline, Week 16)"
NCT04713592,Risankizumab,IMMprint,primary,2,count,,,,,,,,,,TEAE,0,,,,,,,,,,,,Number of Participants With Treatment-Emergent Adverse Events (Time frame: From the first dose of study drug in the Double-blind Period up to 140 days after the last dose; from the first dose of study drug in the Open-label Period up to 140 days after the last dose and the end of study date (up to 60 weeks))
NCT04713592,Risankizumab,IMMprint,secondary,1,responder_rate,,,,baseline,16w,,,,,,0,,,,,,,,,,,,Percentage of Participants Achieving ≥ 75% Improvement From Baseline in Palmoplantar Psoriasis Area and Severity Index (PPASI 75) Response at Week 16
NCT04713592,Risankizumab,IMMprint,secondary,2,responder_rate,,,,baseline,16w,,,,,,0,,,,,,,,,,,,Percentage of Participants Achieving ≥ 90% Improvement From Baseline in Palmoplantar Psoriasis Area and Severity Index (PPASI 90) Response at Week 16
NCT04713592,Risankizumab,IMMprint,secondary,3,responder_rate,,,,baseline,16w,,,,,,0,,,,,,,,,,,,"Percentage of Participants Achieving Static Physician's Global Assessment (sPGA) of ""Clear"" or ""Almost Clear"" (0 or 1) With at Least a 2-point Reduction From Baseline at Week 16"
NCT04713592,Risankizumab,IMMprint,secondary,4,responder_rate,,,,baseline,16w,,,,,,0,,,,,,,,,,,,Percentage of Participants Achieving 100% Improvement From Baseline in Palmoplantar Psoriasis Area and Severity Index (PPASI 100) Response at Week 16
NCT04772079,Deucravacitinib,,primary,1,absolute_value,,,,,2w,,,,,,0,,,,,,,,,,,,Observed average concentration at steady state for deucravacitinib at Week 2 (Time frame: Week 2)
NCT04772079,Deucravacitinib,,primary,2,absolute_value,,,,,2w,,,,,,0,,,,,,,,,,,,Maximum observed plasma concentration at steady state for deucravacitinib at Week 2 (Time frame: Week 2)
NCT04772079,Deucravacitinib,,primary,3,absolute_value,,,,,2w,,,,,,0,,,,,,,,,,,,Trough observed plasma concentration for deucravacitinib at Week 2 (Time frame: Week 2)
NCT04772079,Deucravacitinib,,primary,4,absolute_value,,,,,16w,,,,,,0,,,,,,,,,,,,Proportion of subjects with at least 75% improvement in Psoriasis Area and Severity Index (PASI 75) at Week 16 (Time frame: Week 16)
NCT04772079,Deucravacitinib,,primary,5,absolute_value,,,,,16w,,,,,,0,,,,,,,,,,,,Proportion of subjects with an static Physician's Global Assessment (sPGA) score of 0 (clear) or 1 (almost clear) with at least a 2-point reduction from baseline at Week 16 (Time frame: Week 16)
NCT04772079,Deucravacitinib,,primary,6,safety_incidence,,,,,,,,,,,0,,,,,,,,,,,,Incidence of Adverse Events (AEs) (Time frame: Up to 316 weeks)
NCT04772079,Deucravacitinib,,primary,7,other,,,,,,,,,,,0,,,,,,,,,,,,Incidence of serious adverse events (SAEs) (Time frame: Up to 316 weeks)
NCT04772079,Deucravacitinib,,primary,8,other,,,,,,,,,,,0,,,,,,,,,,,,Monitoring of growth: Body weight (Time frame: Up to 316 weeks)
NCT04772079,Deucravacitinib,,primary,9,other,,,,,,,,,,,0,,,,,,,,,,,,Monitoring of growth: Height (Time frame: Up to 316 weeks)
NCT04772079,Deucravacitinib,,primary,10,other,,,,,,,,,,,0,,,,,,,,,,,,Monitoring of growth: Tanner staging (sexual maturation) (Time frame: Up to 316 weeks)
NCT04772079,Deucravacitinib,,secondary,1,safety_incidence,,,,,,,,,,,0,,,,,,,,,,,,Incidence of Adverse Events (AEs)
NCT04772079,Deucravacitinib,,secondary,2,other,,,,,,,,,,,0,,,,,,,,,,,,Incidence of serious adverse events (SAEs)
NCT04772079,Deucravacitinib,,secondary,3,other,,,,,,,,,,,0,,,,,,,,,,,,Incidence of clinically significant changes in clinical laboratory results: Hematology tests
NCT04772079,Deucravacitinib,,secondary,4,other,,,,,,,,,,,0,,,,,,,,,,,,Incidence of clinically significant changes in clinical laboratory results: Chemistry panel tests
NCT04772079,Deucravacitinib,,secondary,5,other,,,,,,,,,,,0,,,,,,,,,,,,Incidence of clinically significant changes in clinical laboratory results: Urinalysis tests
NCT04772079,Deucravacitinib,,secondary,6,other,,,,,,,,,,,0,,,,,,,,,,,,Incidence of clinically significant changes in clinical laboratory results: Hemoglobin A1C tests
NCT04772079,Deucravacitinib,,secondary,7,other,,,,,,,,,,,0,,,,,,,,,,,,Incidence of clinically significant changes in clinical laboratory results: Lipid panel tests
NCT04772079,Deucravacitinib,,secondary,8,other,,,,,,,,,,,0,,,,,,,,,,,,Incidence of clinically significant changes in clinical laboratory results: Serum immunoglobulin level tests
NCT04772079,Deucravacitinib,,secondary,9,other,,,,,,,,,,,0,,,,,,,,,,,,Incidence of clinically significant changes in clinical laboratory results: Fasting plasma glucose tests
NCT04772079,Deucravacitinib,,secondary,10,other,,,,,,,,,,,0,,,,,,,,,,,,Incidence of clinically significant changes in clinical laboratory results: Pregnancy test for women of childbearing potential only
NCT04772079,Deucravacitinib,,secondary,11,other,,,,,,,,,,,0,,,,,,,,,,,,Incidence of clinically significant changes in lymphocyte subsets and function
NCT04772079,Deucravacitinib,,secondary,12,other,,,,,,,,,,,0,,,,,,,,,,,,Incidence of clinically significant changes in cytokine levels
NCT04772079,Deucravacitinib,,secondary,13,other,,,,,,,,,,,0,,,,,,,,,,,,Incidence of clinically significant changes in physical examination findings
NCT04772079,Deucravacitinib,,secondary,14,other,,,,,,,,,,,0,,,,,,,,,,,,Incidence of clinically significant changes in vital signs: Body temperature
NCT04772079,Deucravacitinib,,secondary,15,other,,,,,,,,,,,0,,,,,,,,,,,,Incidence of clinically significant changes in vital signs: Respiratory rate
NCT04772079,Deucravacitinib,,secondary,16,other,,,,,,,,,,,0,,,,,,,,,,,,Incidence of clinically significant changes in vital signs: Systolic and diastolic blood pressure
NCT04772079,Deucravacitinib,,secondary,17,other,,,,,,,,,,,0,,,,,,,,,,,,Incidence of clinically significant changes in vital signs: Heart rate
NCT04772079,Deucravacitinib,,secondary,18,other,,,,,,,,,,,0,,,,,,,,,,,,Monitoring of growth: Body weight
NCT04772079,Deucravacitinib,,secondary,19,other,,,,,,,,,,,0,,,,,,,,,,,,Monitoring of growth: Height
NCT04772079,Deucravacitinib,,secondary,20,other,,,,,,,,,,,0,,,,,,,,,,,,Monitoring of growth: Tanner staging (sexual maturation)
NCT04772079,Deucravacitinib,,secondary,21,absolute_value,,,,,16w,,,,,,0,,,,,,,,,,,,Proportion of subjects with at least 75% improvement in PASI (PASI 75) at Week 16 for the comparison of the half-standard dose of deucravacitinib vs placebo
NCT04772079,Deucravacitinib,,secondary,22,absolute_value,,,,,16w,,,,,,0,,,,,,,,,,,,Proportion of subjects with an sPGA score of 0 (clear) or 1 (almost clear) with at least a 2-point reduction from baseline at Week 16 for the comparison of the half-standard dose of deucravacitinib vs placebo
NCT04772079,Deucravacitinib,,secondary,23,absolute_value,,,,,16w,,,,,,0,,,,,,,,,,,,Proportion of subjects with at least 90% improvement in PASI (PASI 90) at Week 16 for the comparison of deucravacitinib vs placebo
NCT04772079,Deucravacitinib,,secondary,24,absolute_value,,,,,16w,,,,,,0,,,,,,,,,,,,Change from baseline in PASI at Week 16 for comparison of deucravacitinib vs placebo
NCT04772079,Deucravacitinib,,secondary,25,absolute_value,BSA,,,,16w,,,,,,0,,,,,,,,,,,,Change from baseline in BSA involvement at Week 16 for comparison of deucravacitinib vs placebo
NCT04772079,Deucravacitinib,,secondary,26,absolute_value,CDLQI,,,,16w,,,,,,0,,,,,,,,,,,,Change from baseline in CDLQI score at Week 16 for comparison of deucravacitinib vs placebo
NCT04772079,Deucravacitinib,,secondary,27,absolute_value,,,,,16w,,,,,,0,,,,,,,,,,,,Change from baseline in subject reported visual analog scale (VAS) for subject's assessment of joint pain at Week 16 (only for subjects with confirmed JPsA prior to baseline) for comparison of deucravacitinib vs placebo
NCT04772079,Deucravacitinib,,secondary,28,absolute_value,,,,,16w,,,,,,0,,,,,,,,,,,,Change from baseline in VAS for subject's Global Assessment of Joint Disease; at Week 16 (only for subjects with confirmed JPsA prior to baseline) for comparison of deucravacitinib vs placebo
NCT04772079,Deucravacitinib,,secondary,29,absolute_value,,,,,16w,,,,,,0,,,,,,,,,,,,Proportion of subjects achieving Juvenile Idiopathic Arthritis and the American College of Rheumatology 30 (JIA-ACR 30) response at Week 16 for subjects with confirmed JPsA prior to baseline
NCT04772079,Deucravacitinib,,secondary,30,absolute_value,,,,,16w,,,,,,0,,,,,,,,,,,,Proportion of subjects using topical corticosteroid at Week 16 for comparison of deucravacitinib vs placebo
NCT04772079,Deucravacitinib,,secondary,31,absolute_value,,,,,16w,,,,,,0,,,,,,,,,,,,"Proportion of subjects with protective titers of antibodies to measles, tetanus and pertussis at Week 16"
NCT04772079,Deucravacitinib,,secondary,32,absolute_value,,,,,16w,,,,,,0,,,,,,,,,,,,Observed average concentration at steady state for deucravacitinib at Week 16
NCT04772079,Deucravacitinib,,secondary,33,absolute_value,,,,,16w,,,,,,0,,,,,,,,,,,,Maximum observed plasma concentration at steady state for deucravacitinib at Week 16
NCT04772079,Deucravacitinib,,secondary,34,absolute_value,,,,,16w,,,,,,0,,,,,,,,,,,,Trough observed plasma concentration for deucravacitinib at Week 16
NCT04772079,Deucravacitinib,,secondary,35,other,,,,,,,,,,,0,,,,,,,,,,,,Proportion of participants with 75% improvement in PASI (PASI 75) over time
NCT04772079,Deucravacitinib,,secondary,36,other,,,,,,,,,,,0,,,,,,,,,,,,Proportion of participants with an sPGA score of 0 (clear) or 1 (almost clear) with at least a 2-point reduction from baseline over time
NCT04773587,Roflumilast,INTEGUMENT-I,primary,1,absolute_value,IGA,,,,4w,,,,,,0,,,,,,,,,,,,Achievement of Validated Investigator Global Assessment for Atopic Dermatitis (vIGA-AD) Success at Week 4 (Time frame: Week 4)
NCT04773587,Roflumilast,INTEGUMENT-I,secondary,1,absolute_value,vIGA-AD,,,baseline,4w,,,,,,0,,,,,,,,,,,,"Achievement of vIGA-AD Success at Week 4 in Participants With ""Moderate"" Baseline Scores"
NCT04773587,Roflumilast,INTEGUMENT-I,secondary,2,absolute_value,Pruritus NRS,,worst_daily,baseline,4w,,,,,,0,,,,,,,,,,,,"Achievement of a 4-Point Reduction in the Average, Weekly Worst Itch Numeric Rating Scale (WI-NRS) at Week 4 in Participants ≥12 Years of Age With Baseline WI-NRS ≥ 4"
NCT04773587,Roflumilast,INTEGUMENT-I,secondary,3,absolute_value,Pruritus NRS,,,baseline,2w,,,,,,0,,,,,,,,,,,,"Achievement of a 4-Point Reduction in the Average, Weekly WI-NRS at Week 2 in Participants ≥12 Years of Age With Baseline WI-NRS ≥ 4"
NCT04773587,Roflumilast,INTEGUMENT-I,secondary,4,absolute_value,Pruritus NRS,,,baseline,1w,,,,,,0,,,,,,,,,,,,"Achievement of a 4-Point Reduction in the Average, Weekly WI-NRS at Week 1 in Participants ≥12 Years of Age With Baseline WI-NRS ≥ 4"
NCT04773587,Roflumilast,INTEGUMENT-I,secondary,5,absolute_value,EASI,,,,4w,,,,,,0,,,,,,,,,,,,Achievement of ≥ 75% Reduction in the Eczema Area and Severity Index (EASI-75) at Week 4
NCT04773587,Roflumilast,INTEGUMENT-I,secondary,6,absolute_value,vIGA-AD,,,,4w,,,,,,0,,,,,,,,,,,,Achievement of vIGA-AD Score of 'Clear' or 'Almost Clear' at Week 4
NCT04773587,Roflumilast,INTEGUMENT-I,secondary,7,absolute_value,vIGA-AD,,,,2w,,,,,,0,,,,,,,,,,,,Achievement of vIGA-AD Success at Week 2
NCT04773587,Roflumilast,INTEGUMENT-I,secondary,8,absolute_value,vIGA-AD,,,,1w,,,,,,0,,,,,,,,,,,,Achievement of vIGA-AD Success at Week 1
NCT04773587,Roflumilast,INTEGUMENT-I,secondary,9,absolute_value,vIGA-AD,,,,2w,,,,,,0,,,,,,,,,,,,Achievement of vIGA-AD Score of 'Clear' or 'Almost Clear' at Week 2
NCT04773587,Roflumilast,INTEGUMENT-I,secondary,10,absolute_value,vIGA-AD,,,,1w,,,,,,0,,,,,,,,,,,,Achievement of vIGA-AD Score of 'Clear' or 'Almost Clear' at Week 1
NCT04773600,Roflumilast,,primary,1,absolute_value,IGA,,,,4w,,,,,,0,,,,,,,,,,,,Achievement of Validated Investigator Global Assessment for Atopic Dermatitis (vIGA-AD) Success at Week 4 (Time frame: Week 4)
NCT04773600,Roflumilast,,secondary,1,absolute_value,vIGA-AD,,,baseline,4w,,,,,,0,,,,,,,,,,,,"Achievement of vIGA-AD Success at Week 4 in Participants With ""Moderate"" Baseline Scores"
NCT04773600,Roflumilast,,secondary,2,absolute_value,vIGA-AD,,,,2w,,,,,,0,,,,,,,,,,,,vIGA-AD Success at Week 2
NCT04773600,Roflumilast,,secondary,3,absolute_value,vIGA-AD,,,,1w,,,,,,0,,,,,,,,,,,,vIGA-AD Success at Week 1
NCT04773600,Roflumilast,,secondary,4,absolute_value,Pruritus NRS,,worst_daily,baseline,4w,,,,,,0,,,,,,,,,,,,"Achievement of a 4-point Reduction at Week 4 in the Average, Weekly Worst Itch Numeric Rating Scale (WI-NRS) in Participants With Baseline WI-NRS Score ≥4"
NCT04773600,Roflumilast,,secondary,5,absolute_value,Pruritus NRS,,,baseline,2w,,,,,,0,,,,,,,,,,,,Achievement of a 4-point Reduction at Week 2 in the WI-NRS in Participants With Baseline WI-NRS Score ≥4
NCT04773600,Roflumilast,,secondary,6,absolute_value,Pruritus NRS,,,baseline,1w,,,,,,0,,,,,,,,,,,,Achievement of a 4-point Reduction at Week 1 in the WI-NRS in Participants With Baseline WI-NRS Score ≥4
NCT04773600,Roflumilast,,secondary,7,absolute_value,EASI,,,baseline,4w,,,,,,0,,,,,,,,,,,,Achievement of ≥75% Decrease From Baseline at Week 4 in the Eczema Area and Severity Index (EASI-75)
NCT04773600,Roflumilast,,secondary,8,absolute_value,vIGA-AD,,,,4w,,,,,,0,,,,,,,,,,,,Achievement of vIGA-AD Score of 'Clear' or 'Almost Clear' at Week 4
NCT04773600,Roflumilast,,secondary,9,absolute_value,vIGA-AD,,,,2w,,,,,,0,,,,,,,,,,,,Achievement of vIGA-AD Score of 'Clear' or 'Almost Clear' at Week 2
NCT04773600,Roflumilast,,secondary,10,absolute_value,vIGA-AD,,,,1w,,,,,,0,,,,,,,,,,,,Achievement of vIGA-AD Score of 'Clear' or 'Almost Clear' at Week 1
NCT04797650,Deuruxolitinib,THRIVE-AA2,primary,1,responder_rate,,,,,24w,,,,,,0,,,,,,,,,,,,Percentage of Participants Achieving an Absolute Severity of Alopecia Tool (SALT) Score ≤20 at Week 24 (Time frame: Week 24)
NCT04797650,Deuruxolitinib,THRIVE-AA2,secondary,1,absolute_value,,,,,12w;16w;20w;24w,,,,,,0,,,,,,,,,,,,"Percentage of Responders on the Hair Satisfaction Participants Reported Outcome (SPRO) Scale at Weeks 12, 16, 20, and 24"
NCT04797650,Deuruxolitinib,THRIVE-AA2,secondary,2,responder_rate,,,,,4w;8w;12w;16w;20w,,,,,,0,,,,,,,,,,,,"Percentage of Participants Achieving an Absolute SALT Score of ≤20 at Weeks 4, 8, 12, 16, and 20"
NCT04797650,Deuruxolitinib,THRIVE-AA2,secondary,3,absolute_value,,,,baseline,4w;8w;12w;16w;20w;24w,,,,,,0,,,,,,,,,,,,"Relative Change in SALT Scores From Baseline at Weeks 4, 8, 12, 16, 20, and 24"
NCT04797650,Deuruxolitinib,THRIVE-AA2,secondary,4,absolute_value,,,,,12w;16w;20w;24w,,,,,,0,,,,,,,,,,,,"Percentage of Responders Assessed Using the Clinician Global Impression of Improvement (CGI-I) at Weeks 12, 16, 20, and 24"
NCT04797650,Deuruxolitinib,THRIVE-AA2,secondary,5,absolute_value,,,,,12w;16w;20w;24w,,,,,,0,,,,,,,,,,,,"Percentage of Responders Assessed Using the Patient Global Impression of Improvement (PGI-I) at Weeks 12, 16, 20, and 24"
NCT04797650,Deuruxolitinib,THRIVE-AA2,secondary,6,change_from_baseline,,,,baseline,12w;16w;20w;24w,,,,,,0,,,,,,,,,,,,"Change in the Clinician Global Impression of Severity (CGI-S) Scores From Baseline at Weeks 12, 16, 20, and 24"
NCT04797650,Deuruxolitinib,THRIVE-AA2,secondary,7,change_from_baseline,,,,baseline,12w;16w;20w;24w,,,,,,0,,,,,,,,,,,,"Change in the Patient Global Impression of Severity (PGI-S) Scores From Baseline at Weeks 12, 16, 20, and 24"
NCT04797650,Deuruxolitinib,THRIVE-AA2,secondary,8,responder_rate,,,,baseline,12w;24w,,,,,,0,,,,,,,,,,,,Percentage of Participants Achieving at Least a 75% and 90% Relative Reduction in SALT Score From Baseline at Weeks 12 and 24
NCT04797650,Deuruxolitinib,THRIVE-AA2,secondary,9,change_from_baseline,,,,baseline,12w;24w,,,,,,0,,,,,,,,,,,,Change in the Brigham Eyebrow Tool for Alopecia (BETA) Scores From Baseline at Weeks 12 and 24
NCT04797650,Deuruxolitinib,THRIVE-AA2,secondary,10,change_from_baseline,,,,baseline,12w;24w,,,,,,0,,,,,,,,,,,,Change in the Brigham Eyelash Tool for Alopecia (BELA) Scores From Baseline at Weeks 12 and 24
NCT04797650,Deuruxolitinib,THRIVE-AA2,secondary,11,change_from_baseline,,,,baseline,12w;16w;20w;24w,,,,,,0,,,,,,,,,,,,"Change in the SPRO Scale From Baseline at Weeks 12, 16, 20, and 24"
NCT04797650,Deuruxolitinib,THRIVE-AA2,secondary,12,responder_rate,,,,baseline,12w;16w;20w;24w,,,,,,0,,,,,,,,,,,,"Percentage of Participants Achieving a ≥2-point Change From Baseline in the SPRO Scale at Weeks 12, 16, 20, and 24"
NCT04797650,Deuruxolitinib,THRIVE-AA2,secondary,13,change_from_baseline,,,,baseline,12w;16w;20w;24w,,,,,,0,,,,,,,,,,,,"Change in the Individual Items of the Hair Quality Patient Reported Outcome (QPRO) Scale From Baseline at Weeks 12, 16, 20, and 24"
NCT04797650,Deuruxolitinib,THRIVE-AA2,secondary,14,change_from_baseline,HADS,,,baseline,24w,,,,,,0,,,,,,,,,,,,Change in the Anxiety and Depression Scale Scores of the Hospital Anxiety and Depression Scale (HADS) From Baseline at Week 24
NCT04797650,Deuruxolitinib,THRIVE-AA2,secondary,15,responder_rate,,,,,24w,,,,,,0,,,,,,,,,,,,Percentage of Participants Achieving an Absolute SALT Score of ≤10 at Week 24
NCT04845620,Roflumilast,,primary,1,absolute_value,IGA,,,,4w,,,,,,0,,,,,,,,,,,,Achievement of Validated Investigator Global Assessment for Atopic Dermatitis (vIGA-AD) Success at Week 4 (Time frame: Week 4)
NCT04845620,Roflumilast,,secondary,1,absolute_value,vIGA-AD,,,baseline,4w,,,,,,0,,,,,,,,,,,,Achievement of vIGA-AD Success at Week 4 in Participants With 'Moderate' Baseline vIGA-AD
NCT04845620,Roflumilast,,secondary,2,absolute_value,EASI,,,baseline,4w,,,,,,0,,,,,,,,,,,,Achievement of 75% Reduction in the Eczema Area and Severity Index (EASI-75) at Week 4 In Participants With 'Moderate' Baseline vIGA
NCT04845620,Roflumilast,,secondary,3,other,vIGA-AD,,,,,,,,,,0,,,,,,,,,,,,Achievement of vIGA-AD Score of 'Clear' or 'Almost Clear'
NCT04845620,Roflumilast,,secondary,4,absolute_value,vIGA-AD,,,,2w,,,,,,0,,,,,,,,,,,,Achievement of vIGA-AD Success at Week 2
NCT04845620,Roflumilast,,secondary,5,absolute_value,vIGA-AD,,,,1w,,,,,,0,,,,,,,,,,,,Achievement of vIGA-AD Success at Week 1
NCT04845620,Roflumilast,,secondary,6,absolute_value,vIGA-AD,,,,2w,,,,,,0,,,,,,,,,,,,Achievement of vIGA-AD of 'Clear' or 'Almost Clear' at Week 2
NCT04845620,Roflumilast,,secondary,7,absolute_value,vIGA-AD,,,,1w,,,,,,0,,,,,,,,,,,,Achievement of vIGA-AD of 'Clear' or 'Almost Clear' at Week 1
NCT04871711,Delgocitinib,DELTA 1,primary,1,count,IGA,,,,16w,,,,,,0,,,,,,,,,,,,Number of Participants With IGA-CHE TS at Week 16 (Time frame: 16 weeks)
NCT04871711,Delgocitinib,DELTA 1,secondary,1,count,,,,baseline,16w,,,,,,0,,,,,,,,,,,,Number of Participants With Reduction of HESD Itch Score (Weekly Average) of ≥4 Points From Baseline at Week 16
NCT04871711,Delgocitinib,DELTA 1,secondary,2,count,,,,baseline,16w,,,,,,0,,,,,,,,,,,,Number of Participants With Reduction of HESD Score (Weekly Average) of ≥4 Points From Baseline at Week 16
NCT04871711,Delgocitinib,DELTA 1,secondary,3,count,IGA,,,,8w,,,,,,0,,,,,,,,,,,,Number of Participants With IGA-CHE TS at Week 8
NCT04871711,Delgocitinib,DELTA 1,secondary,4,count,IGA,,,,4w,,,,,,0,,,,,,,,,,,,Number of Participants With IGA-CHE TS at Week 4
NCT04871711,Delgocitinib,DELTA 1,secondary,5,count,,,,baseline,8w,,,,,,0,,,,,,,,,,,,Number of Participants With Reduction of HESD Itch Score (Weekly Average) of ≥4 Points From Baseline at Week 8
NCT04871711,Delgocitinib,DELTA 1,secondary,6,count,,,,baseline,4w,,,,,,0,,,,,,,,,,,,Number of Participants With Reduction of HESD Itch Score (Weekly Average) of ≥4 Points From Baseline at Week 4
NCT04871711,Delgocitinib,DELTA 1,secondary,7,count,,,,baseline,2w,,,,,,0,,,,,,,,,,,,Number of Participants With Reduction of HESD Itch Score (Weekly Average) of ≥4 Points From Baseline at Week 2
NCT04871711,Delgocitinib,DELTA 1,secondary,8,count,,,,baseline,8w,,,,,,0,,,,,,,,,,,,Number of Participants With Reduction of HESD Score (Weekly Average) of ≥4 Points From Baseline at Week 8
NCT04871711,Delgocitinib,DELTA 1,secondary,9,count,,,,baseline,4w,,,,,,0,,,,,,,,,,,,Number of Participants With Reduction of HESD Score (Weekly Average) of ≥4 Points From Baseline at Week 4
NCT04871711,Delgocitinib,DELTA 1,secondary,10,count,,,,baseline,16w,,,,,,0,,,,,,,,,,,,Number of Participants With Reduction of HESD Pain Score (Weekly Average) of ≥4 Points From Baseline at Week 16
NCT04871711,Delgocitinib,DELTA 1,secondary,11,count,,,,baseline,8w,,,,,,0,,,,,,,,,,,,Number of Participants With Reduction of HESD Pain Score (Weekly Average) of ≥4 Points From Baseline at Week 8
NCT04871711,Delgocitinib,DELTA 1,secondary,12,count,,,,baseline,4w,,,,,,0,,,,,,,,,,,,Number of Participants With Reduction of HESD Pain Score (Weekly Average) of ≥4 Points From Baseline at Week 4
NCT04871711,Delgocitinib,DELTA 1,secondary,13,count,,,,,16w,,,,,,0,,,,,,,,,,,,Number of Participants With HECSI-90 at Week 16
NCT04871711,Delgocitinib,DELTA 1,secondary,14,count,,,,,16w,,,,,,0,,,,,,,,,,,,Number of Participants With HECSI-75 at Week 16
NCT04871711,Delgocitinib,DELTA 1,secondary,15,count,,,,,8w,,,,,,0,,,,,,,,,,,,Number of Participants With HECSI-75 at Week 8
NCT04871711,Delgocitinib,DELTA 1,secondary,16,percent_change_from_baseline,,,,baseline,16w,,,,,,0,,,,,,,,,,,,Percentage Change in HECSI Score From Baseline to Week 16
NCT04871711,Delgocitinib,DELTA 1,secondary,17,change_from_baseline,DLQI,,,baseline,16w,,,,,,0,,,,,,,,,,,,Change in DLQI Score From Baseline to Week 16
NCT04871711,Delgocitinib,DELTA 1,secondary,18,change_from_baseline,,,,baseline,16w,,,,,,0,,,,,,,,,,,,Change in HESD Score (Weekly Average) From Baseline to Week 16
NCT04871711,Delgocitinib,DELTA 1,secondary,19,change_from_baseline,,,,baseline,16w,,,,,,0,,,,,,,,,,,,Change in HESD Itch Score (Weekly Average) From Baseline to Week 16
NCT04871711,Delgocitinib,DELTA 1,secondary,20,change_from_baseline,,,,baseline,16w,,,,,,0,,,,,,,,,,,,Change in HESD Pain Score (Weekly Average) From Baseline to Week 16
NCT04871711,Delgocitinib,DELTA 1,secondary,21,change_from_baseline,,,,baseline,16w,,,,,,0,,,,,,,,,,,,Change in HEIS Score From Baseline to Week 16
NCT04871711,Delgocitinib,DELTA 1,secondary,22,change_from_baseline,,,,baseline,16w,,,,,,0,,,,,,,,,,,,Change in HEIS PDAL Score From Baseline to Week 16
NCT04871711,Delgocitinib,DELTA 1,secondary,23,responder_rate,DLQI,,,baseline,16w,,,,,,1,responder,DLQI,,,point_reduction_from_baseline,>=,4,points,,,,Reduction of DLQI Score of ≥4 Points From Baseline at Week 16
NCT04871711,Delgocitinib,DELTA 1,secondary,24,count,,,,baseline,,,,,,,0,,,,,,,,,,,,Number of Treatment-emergent AEs From Baseline up to End of Trial
NCT04872101,Delgocitinib,DELTA 2,primary,1,count,IGA,,,,16w,,,,,,0,,,,,,,,,,,,Number of Participants With IGA-CHE TS at Week 16 (Time frame: 16 weeks)
NCT04872101,Delgocitinib,DELTA 2,secondary,1,count,IGA,,,,8w,,,,,,0,,,,,,,,,,,,Number of Participants With IGA-CHE TS at Week 8
NCT04872101,Delgocitinib,DELTA 2,secondary,2,count,IGA,,,,4w,,,,,,0,,,,,,,,,,,,Number of Participants With IGA-CHE TS at Week 4
NCT04872101,Delgocitinib,DELTA 2,secondary,3,count,,,,baseline,16w,,,,,,0,,,,,,,,,,,,Number of Participants With Reduction of HESD Itch Score (Weekly Average) of ≥4 Points From Baseline at Week 16
NCT04872101,Delgocitinib,DELTA 2,secondary,4,count,,,,baseline,16w,,,,,,0,,,,,,,,,,,,Number of Participants With Reduction of HESD Score (Weekly Average) of ≥4 Points From Baseline at Week 16
NCT04872101,Delgocitinib,DELTA 2,secondary,5,count,,,,baseline,8w,,,,,,0,,,,,,,,,,,,Number of Participants With Reduction of HESD Itch Score (Weekly Average) of ≥4 Points From Baseline at Week 8
NCT04872101,Delgocitinib,DELTA 2,secondary,6,count,,,,baseline,4w,,,,,,0,,,,,,,,,,,,Number of Participants With Reduction of HESD Itch Score (Weekly Average) of ≥4 Points From Baseline at Week 4
NCT04872101,Delgocitinib,DELTA 2,secondary,7,count,,,,baseline,2w,,,,,,0,,,,,,,,,,,,Number of Participants With Reduction of HESD Itch Score (Weekly Average) of ≥4 Points From Baseline at Week 2
NCT04872101,Delgocitinib,DELTA 2,secondary,8,count,,,,baseline,8w,,,,,,0,,,,,,,,,,,,Number of Participants With Reduction of HESD Score (Weekly Average) of ≥4 Points From Baseline at Week 8
NCT04872101,Delgocitinib,DELTA 2,secondary,9,count,,,,baseline,4w,,,,,,0,,,,,,,,,,,,Number of Participants With Reduction of HESD Score (Weekly Average) of ≥4 Points From Baseline at Week 4
NCT04872101,Delgocitinib,DELTA 2,secondary,10,count,,,,baseline,16w,,,,,,0,,,,,,,,,,,,Number of Participants With Reduction of HESD Pain Score (Weekly Average) of ≥4 Points From Baseline at Week 16
NCT04872101,Delgocitinib,DELTA 2,secondary,11,count,,,,baseline,8w,,,,,,0,,,,,,,,,,,,Number of Participants With Reduction of HESD Pain Score (Weekly Average) of ≥4 Points From Baseline at Week 8
NCT04872101,Delgocitinib,DELTA 2,secondary,12,count,,,,baseline,4w,,,,,,0,,,,,,,,,,,,Number of Participants With Reduction of HESD Pain Score (Weekly Average) of ≥4 Points From Baseline at Week 4
NCT04872101,Delgocitinib,DELTA 2,secondary,13,count,,,,,16w,,,,,,0,,,,,,,,,,,,Number of Participants With HECSI-90 at Week 16
NCT04872101,Delgocitinib,DELTA 2,secondary,14,count,,,,,16w,,,,,,0,,,,,,,,,,,,Number of Participants With HECSI-75 at Week 16
NCT04872101,Delgocitinib,DELTA 2,secondary,15,count,,,,,8w,,,,,,0,,,,,,,,,,,,Number of Participants With HECSI-75 at Week 8
NCT04872101,Delgocitinib,DELTA 2,secondary,16,percent_change_from_baseline,,,,baseline,16w,,,,,,0,,,,,,,,,,,,Percentage Change in HECSI Score From Baseline to Week 16
NCT04872101,Delgocitinib,DELTA 2,secondary,17,change_from_baseline,DLQI,,,baseline,16w,,,,,,0,,,,,,,,,,,,Change in DLQI Score From Baseline to Week 16
NCT04872101,Delgocitinib,DELTA 2,secondary,18,change_from_baseline,,,,baseline,16w,,,,,,0,,,,,,,,,,,,Change in HESD Score (Weekly Average) From Baseline to Week 16
NCT04872101,Delgocitinib,DELTA 2,secondary,19,change_from_baseline,,,,baseline,16w,,,,,,0,,,,,,,,,,,,Change in HESD Itch Score (Weekly Average) From Baseline to Week 16
NCT04872101,Delgocitinib,DELTA 2,secondary,20,change_from_baseline,,,,baseline,16w,,,,,,0,,,,,,,,,,,,Change in HESD Pain Score (Weekly Average) From Baseline to Week 16
NCT04872101,Delgocitinib,DELTA 2,secondary,21,change_from_baseline,,,,baseline,16w,,,,,,0,,,,,,,,,,,,Change in HEIS Score From Baseline to Week 16
NCT04872101,Delgocitinib,DELTA 2,secondary,22,change_from_baseline,,,,baseline,16w,,,,,,0,,,,,,,,,,,,Change in HEIS PDAL Score From Baseline to Week 16
NCT04872101,Delgocitinib,DELTA 2,secondary,23,count,DLQI,,,baseline,16w,,,,,,0,,,,,,,,,,,,Number of Participants With Reduction of DLQI Score of ≥4 Points From Baseline at Week 16
NCT04872101,Delgocitinib,DELTA 2,secondary,24,count,,,,baseline,,,,,,,0,,,,,,,,,,,,Number of Treatment-emergent AEs From Baseline up to End of Trial
NCT04921969,Ruxolitinib,,primary,1,absolute_value,IGA,,,,8w,,,,,,0,,,,,,,,,,,,VC Period: Percentage of Participants Who Achieved Investigator's Global Assessment - Treatment Success (IGA-TS) at Week 8 (Time frame: Baseline to Week 8)
NCT04921969,Ruxolitinib,,secondary,1,other,Pruritus NRS,,,baseline,8w,,,,,,0,,,,,,,,,,,,VC Period: Percentage of Participants With a ≥4-Point Improvement in Itch Numerical Rating Scale (NRS) Score From Baseline to Week 8
NCT04921969,Ruxolitinib,,secondary,2,other,Pruritus NRS,,,baseline,7d;1w,,,,,,0,,,,,,,,,,,,VC Period: Percentage of Participants With a ≥4-Point Improvement in Itch NRS Score From Baseline to Day 7 (Week 1)
NCT04921969,Ruxolitinib,,secondary,3,other,Pruritus NRS,,,baseline,3d,,,,,,0,,,,,,,,,,,,VC Period: Percentage of Participants With a ≥4-Point Improvement in Itch NRS Score From Baseline to Day 3
NCT04921969,Ruxolitinib,,secondary,4,safety_incidence,,,,,,,,,,,0,,,,,,,,,,,,VC Period: Number of Participants With Any Treatment-emergent Adverse Event (TEAE)
NCT04921969,Ruxolitinib,,secondary,5,safety_incidence,,,,,,,,,,,0,,,,,,,,,,,,LTS Period: Number of Participants With Any TEAE
NCT04921969,Ruxolitinib,,secondary,6,safety_incidence,,,,,,,,,,,0,,,,,,,,,,,,VC Period: Number of Participants With Any Grade 3 or Higher TEAE
NCT04921969,Ruxolitinib,,secondary,7,safety_incidence,,,,,,,,,,,0,,,,,,,,,,,,LTS Period: Number of Participants With Any Grade 3 or Higher TEAE
NCT04921969,Ruxolitinib,,secondary,8,absolute_value,IGA,,,,2w;4w,,,,,,0,,,,,,,,,,,,VC Period: Percentage of Participants Who Achieved IGA-TS at Weeks 2 and 4
NCT04921969,Ruxolitinib,,secondary,9,other,Pruritus NRS,,,baseline,2w;4w,,,,,,0,,,,,,,,,,,,VC Period: Percentage of Participants With a ≥4-Point Improvement in Itch NRS Score From Baseline to Week 2 and 4
NCT04921969,Ruxolitinib,,secondary,10,absolute_value,EASI,,,,2w;4w;8w,,,,,,0,,,,,,,,,,,,"VC Period: Percentage of Participants Who Achieved Eczema Area and Severity Index 75 (EASI75) at Weeks 2, 4, and 8"
NCT04921969,Ruxolitinib,,secondary,11,other,Pruritus NRS,,,,,,,,,,0,,,,,,,,,,,,VC Period: Time to Achieve Itch NRS Score Improvement of at Least 2 or 4 Points
NCT04973228,Roflumilast,,primary,1,absolute_value,IGA,,,,8w,,,,,,0,,,,,,,,,,,,Achievement of Success on the Investigator Global Assessment (IGA) at Week 8 (Time frame: Week 8)
NCT04973228,Roflumilast,,secondary,1,absolute_value,Pruritus NRS,,worst_daily,,8w,,,,,,0,,,,,,,,,,,,Achievement of Success in the Worst Itch Numeric Rating Scale (WI-NRS) at Week 8
NCT04973228,Roflumilast,,secondary,2,absolute_value,Pruritus NRS,,,,4w,,,,,,0,,,,,,,,,,,,Achievement of Success in the WI-NRS at Week 4
NCT04973228,Roflumilast,,secondary,3,absolute_value,Pruritus NRS,,,,2w,,,,,,0,,,,,,,,,,,,Achievement of Success in the WI-NRS at Week 2
NCT04973228,Roflumilast,,secondary,4,absolute_value,IGA,,,,2w,,,,,,0,,,,,,,,,,,,Achievement of Success on the IGA at Week 2
NCT04973228,Roflumilast,,secondary,5,absolute_value,IGA,,,,4w,,,,,,0,,,,,,,,,,,,Achievement of Success on the IGA at Week 4
NCT04973228,Roflumilast,,secondary,6,absolute_value,,,,,8w,,,,,,0,,,,,,,,,,,,Achievement of Overall Assessment of Scaling Score of 0 at Week 8
NCT04973228,Roflumilast,,secondary,7,absolute_value,,,,,8w,,,,,,0,,,,,,,,,,,,Achievement of Overall Assessment of Erythema Score of 0 at Week 8
NCT05014568,Tapinarof,,primary,1,other,IGA,,,baseline,8w,,,,,,0,,,,,,,,,,,,Percent of Subjects Who Have a Validated Investigator Global Assessment for Atopic Dermatitis (vIGA-AD) Score of Clear or Almost Clear (0 or 1) With a Minimum 2-grade Improvement From Baseline to Week 8. Analyses Were Done Using Multiple Imputation. (Time frame: Baseline to Week 8)
NCT05014568,Tapinarof,,secondary,1,other,EASI,,,baseline,8w,,,,,,0,,,,,,,,,,,,Percent of Subjects With ≥ 75% Improvement in Eczema Area and Severity Index (EASI) From Baseline to Week 8. Analyses Were Done Using Multiple Imputation.
NCT05014568,Tapinarof,,secondary,2,other,BSA,,,baseline,8w,,,,,,0,,,,,,,,,,,,Mean Change in in Percent of Total Body Surface Area (%BSA) Affected From Baseline to Week 8.
NCT05014568,Tapinarof,,secondary,3,other,EASI,,,baseline,8w,,,,,,0,,,,,,,,,,,,Percent of Subjects With ≥ 90% Improvement in Eczema Area and Severity Index (EASI) From Baseline to Week 8. Analyses Were Done Using Multiple Imputation.
NCT05014568,Tapinarof,,secondary,4,other,Pruritus NRS,,peak_daily,baseline,8w,,,,,,0,,,,,,,,,,,,Percent of Subjects ≥ 12 Years Old With a Baseline Peak Pruritis-Numeric Rating Scale (PP-NRS) Score ≥ 4 Who Achieve ≥ 4-point Reduction in the Average Weekly PP-NRS From Baseline to Week 8.
NCT05028582,Roflumilast,ARRECTOR,primary,1,absolute_value,IGA,,,,8w,,,,,,0,,,,,,,,,,,,"Achievement of Scalp Investigator Global Assessment (S-IGA) ""Success"" at Week 8 (Time frame: Week 8)"
NCT05028582,Roflumilast,ARRECTOR,primary,2,absolute_value,IGA,,,,8w,,,,,,0,,,,,,,,,,,,Achievement of Body Investigator Global Assessment (B-IGA) Success at Week 8 (Time frame: Week 8)
NCT05028582,Roflumilast,ARRECTOR,secondary,1,absolute_value,Pruritus NRS,,,,2w,,,,,,0,,,,,,,,,,,,Achievement of Scalp Itch-Numeric Rating Score (SI-NRS ) Success at Week 2
NCT05028582,Roflumilast,ARRECTOR,secondary,2,absolute_value,Pruritus NRS,,,,4w,,,,,,0,,,,,,,,,,,,Achievement of SI-NRS Success at Week 4
NCT05028582,Roflumilast,ARRECTOR,secondary,3,absolute_value,Pruritus NRS,,,,8w,,,,,,0,,,,,,,,,,,,Achievement of SI-NRS Success at Week 8
NCT05028582,Roflumilast,ARRECTOR,secondary,4,change_from_baseline,Pruritus NRS,,,baseline,1d,,,,,,0,,,,,,,,,,,,Change From Baseline in SI-NRS Score at Day 1
NCT05028582,Roflumilast,ARRECTOR,secondary,5,change_from_baseline,Pruritus NRS,,,baseline,3d,,,,,,0,,,,,,,,,,,,Change From Baseline in SI-NRS Score at Day 3
NCT05028582,Roflumilast,ARRECTOR,secondary,6,change_from_baseline,Pruritus NRS,,,baseline,1w,,,,,,0,,,,,,,,,,,,Change From Baseline in SI-NRS Score at Week 1
NCT05028582,Roflumilast,ARRECTOR,secondary,7,absolute_value,Pruritus NRS,,worst_daily,,8w,,,,,,0,,,,,,,,,,,,Achievement of WI-NRS (Worst Itch-Numeric Rating Score) Success at Week 8
NCT05028582,Roflumilast,ARRECTOR,secondary,8,other,,,,baseline,,,,,,,0,,,,,,,,,,,,Achievement of a 75% Reduction From Baseline in Psoriasis Area and Severity Index (PASI-75)
NCT05028582,Roflumilast,ARRECTOR,secondary,9,change_from_baseline,,,,baseline,,,,,,,0,,,,,,,,,,,,"Change From Baseline in Psoriasis Symptoms Diary (PSD) Aggregate Score of Itching, Pain, and Scaling (Questions 1, 9, and 11)"
NCT05028582,Roflumilast,ARRECTOR,secondary,10,responder_rate,,,,,8w,,,,,,0,,,,,,,,,,,,Percentage of Participants Achieving PSD Itching (Question 1) Score of 0 at Week 8
NCT05028582,Roflumilast,ARRECTOR,secondary,11,responder_rate,,,,,8w,,,,,,0,,,,,,,,,,,,Percentage of Participants Achieving PSD Pain (Question 9) Score of 0 at Week 8
NCT05028582,Roflumilast,ARRECTOR,secondary,12,responder_rate,,,,,8w,,,,,,0,,,,,,,,,,,,Percentage of Participants Achieving PSD Scaling (Question 11) Score of 0 at Week 8
NCT05028582,Roflumilast,ARRECTOR,secondary,13,responder_rate,,,,,8w,,,,,,0,,,,,,,,,,,,Percentage of Participants Achieving PSD Total Score of 0 at Week 8
NCT05028582,Roflumilast,ARRECTOR,secondary,14,other,,,,baseline,,,,,,,0,,,,,,,,,,,,Achievement of a 75% Reduction From Baseline in Psoriasis Scalp Severity Index (PSSI) Score (PSSI-75)
NCT05028582,Roflumilast,ARRECTOR,secondary,15,absolute_value,IGA,,,,8w,,,,,,0,,,,,,,,,,,,Achievement of S-IGA Score of 'Clear' at Week 8
NCT05028582,Roflumilast,ARRECTOR,secondary,16,absolute_value,IGA,,,,2w,,,,,,0,,,,,,,,,,,,Achievement of S-IGA Success at Week 2
NCT05028582,Roflumilast,ARRECTOR,secondary,17,absolute_value,IGA,,,,4w,,,,,,0,,,,,,,,,,,,Achievement of S-IGA Success at Week 4
NCT05028582,Roflumilast,ARRECTOR,secondary,18,change_from_baseline,,,,baseline,2w,,,,,,0,,,,,,,,,,,,Change From Baseline in PASI Score at Week 2
NCT05030311,Remibrutinib,REMIX-1,primary,1,change_from_baseline,,,,baseline,12w,,,,,,0,,,,,,,,,,,,"Change From Baseline in Weekly Urticaria Score (UAS7) at Week 12 (Scenario 1 With UAS7 as Primary Efficacy Endpoint) (Time frame: Baseline, Week 12)"
NCT05030311,Remibrutinib,REMIX-1,primary,2,change_from_baseline,,,,baseline,12w,,,,,,0,,,,,,,,,,,,"Change From Baseline in Weekly Itch Severity Score (ISS7) at Week 12 (Scenario 2 With ISS7 and HSS7 as Co-primary Efficacy Endpoints) (Time frame: Baseline, Week 12)"
NCT05030311,Remibrutinib,REMIX-1,primary,3,change_from_baseline,,,,baseline,12w,,,,,,0,,,,,,,,,,,,"Change From Baseline in Weekly Hives Severity Score (HSS7) at Week 12 (Scenario 2 With ISS7 and HSS7 as Co-primary Efficacy Endpoints) (Time frame: Baseline, Week 12)"
NCT05030311,Remibrutinib,REMIX-1,secondary,1,count,,,,,,,,,,,0,,,,,,,,,,,,Number of Patients Who Achieved Disease Activity Control (UAS7 ≤6)
NCT05030311,Remibrutinib,REMIX-1,secondary,2,count,,,,,,,,,,,0,,,,,,,,,,,,Number of Patients Who Achieved Complete Absence of Hives and Itch (UAS7 = 0)
NCT05030311,Remibrutinib,REMIX-1,secondary,3,count,,,,,2w,,,,,,0,,,,,,,,,,,,Number of Patients With Early Onset of Disease Control (UAS7 ≤ 6 at Week 2)
NCT05030311,Remibrutinib,REMIX-1,secondary,4,other,,,,,,12w,,,,,0,,,,,,,,,,,,Cumulative Number of Weeks With Disease Activity Control (UAS7 <= 6) up to Week 12
NCT05030311,Remibrutinib,REMIX-1,secondary,5,count,DLQI,,,,,,,,,,0,,,,,,,,,,,,Number of Patients Who Achieved DLQI = 0 - 1
NCT05030311,Remibrutinib,REMIX-1,secondary,6,other,,,,,,,,,,,0,,,,,,,,,,,,Cumulative Number of Weeks Without Angioedema (AAS7 = 0)
NCT05030311,Remibrutinib,REMIX-1,secondary,7,count,,,,,,,,,,,0,,,,,,,,,,,,Number of Participants With Adverse Events
NCT05032157,Remibrutinib,REMIX-2,primary,1,absolute_value,,,,baseline,12w,,,,,,0,,,,,,,,,,,,"Mean Change From Baseline in Weekly Urticaria Activity Score (UAS7) at Week 12 (Scenario 1 With UAS7 as Primary Efficacy Endpoint) (Time frame: Baseline, Week 12)"
NCT05032157,Remibrutinib,REMIX-2,primary,2,absolute_value,,,,baseline,12w,,,,,,0,,,,,,,,,,,,"Mean Change From Baseline in Weekly Itch Severity Score (ISS7) at Week 12 (Scenario 2 With ISS7 and HSS7 as Co-primary Efficacy Endpoints) (Time frame: Baseline, Week 12)"
NCT05032157,Remibrutinib,REMIX-2,primary,3,absolute_value,,,,baseline,12w,,,,,,0,,,,,,,,,,,,"Mean Change From Baseline in Weekly Hives Severity Score (HSS7) at Week 12 (Scenario 2 With ISS7 and HSS7 as Co-primary Efficacy Endpoints) (Time frame: Baseline, Week 12)"
NCT05032157,Remibrutinib,REMIX-2,secondary,1,count,,,,,12w,,,,,,0,,,,,,,,,,,,Number of Participants Who Achieved Disease Activity Control (UAS7 =< 6) at Week 12
NCT05032157,Remibrutinib,REMIX-2,secondary,2,count,,,,,12w,,,,,,0,,,,,,,,,,,,Number of Participants Who Achieved Complete Absence of Hives and Itch (UAS7 = 0) at Week 12
NCT05032157,Remibrutinib,REMIX-2,secondary,3,count,,,,,2w,,,,,,0,,,,,,,,,,,,Number of Participants Who Achieved Early Onset of Disease Activity Control (UAS7 =< 6) at Week 2
NCT05032157,Remibrutinib,REMIX-2,secondary,4,count,DLQI,,,,12w,,,,,,0,,,,,,,,,,,,Number of Participants Who Achieved Dermatology Life Quality Index (DLQI) = 0-1 at Week 12
NCT05032157,Remibrutinib,REMIX-2,secondary,5,other,,,,,,12w,,,,,0,,,,,,,,,,,,Mean Cumulative Number of Weeks With Disease Activity Control (UAS7 =< 6) up to Week 12
NCT05032157,Remibrutinib,REMIX-2,secondary,6,other,,,,,,12w,,,,,0,,,,,,,,,,,,Mean Cumulative Number of Angioedema Occurrence-free Weeks (AAS7 = 0 Response) up to Week 12
NCT05032157,Remibrutinib,REMIX-2,secondary,7,count,,,,,,,,,,TEAE,0,,,,,,,,,,,,Number of Participants With Treatment Emergent Adverse Events
NCT05032859,Tapinarof,,primary,1,other,IGA,,,baseline,8w,,,,,,0,,,,,,,,,,,,Percent of Subjects Who Have a Validated Investigator Global Assessment for Atopic Dermatitis (vIGA-AD) Score of Clear or Almost Clear (0 or 1) With a Minimum 2-grade Improvement From Baseline to Week 8. Analyses Were Done Using Multiple Imputation. (Time frame: Baseline to Week 8)
NCT05032859,Tapinarof,,secondary,1,other,EASI,,,baseline,8w,,,,,,0,,,,,,,,,,,,Percent of Subjects With ≥ 75% Improvement in Eczema Area and Severity Index (EASI) From Baseline to Week 8. Analyses Were Done Using Multiple Imputation.
NCT05032859,Tapinarof,,secondary,2,other,BSA,,,baseline,8w,,,,,,0,,,,,,,,,,,,Mean Change in in Percent of Total Body Surface Area (%BSA) Affected From Baseline to Week 8.
NCT05032859,Tapinarof,,secondary,3,other,EASI,,,baseline,8w,,,,,,0,,,,,,,,,,,,Percent of Subjects With ≥ 90% Improvement in Eczema Area and Severity Index (EASI) From Baseline to Week 8. Analyses Were Done Using Multiple Imputation.
NCT05032859,Tapinarof,,secondary,4,other,Pruritus NRS,,peak_daily,baseline,8w,,,,,,0,,,,,,,,,,,,Percent of Subjects ≥ 12 Years Old With a Baseline Peak Pruritis-Numeric Rating Scale (PP-NRS) Score ≥ 4 Who Achieve ≥ 4-point Reduction in the Average Weekly PP-NRS From Baseline to Week 8.
NCT05056779,Nemolizumab,,primary,1,responder_rate,EASI,,,baseline,16w,,,,,,1,responder,EASI,,,percent_improvement_from_baseline,>=,75,percent,,,,Proportion of Participants with Eczema Area and Severity Index-75 (EASI-75) (≥ 75% Improvement in EASI from Baseline) at Week 16 (Time frame: Week 16)
NCT05056779,Nemolizumab,,primary,2,responder_rate,Pruritus NRS,,peak_daily,,16w,,,,,,0,,,,,,,,,,,,Proportion of Participants with an Improvement of Peak Pruritus Numeric Rating Scale (PP NRS) ≥ 4 at Week 16 (Time frame: Week 16)
NCT05056779,Nemolizumab,,secondary,1,percent_change_from_baseline,EASI,,,baseline,,16w,,,,,0,,,,,,,,,,,,Percent Change from Baseline in EASI at Each Visit Through Week 16
NCT05056779,Nemolizumab,,secondary,2,responder_rate,EASI,,,baseline,,16w,,,,,1,responder,EASI,,,absolute_score,>=,50,percent,,,,"Proportion of Participants with at Least 50%, 75%, or 90% Improvement from Baseline in Eczema Area and Severity Index (EASI-50, EASI-75, and EASI-90) at Each Visit Through Week 16"
NCT05056779,Nemolizumab,,secondary,3,percent_change_from_baseline,Pruritus NRS,,peak_daily,baseline,,16w,,,,,0,,,,,,,,,,,,Percent Change From Baseline in Peak Pruritus Numeric Rating Scale (PP NRS) at Each Visit Through Week 16
NCT05056779,Nemolizumab,,secondary,4,responder_rate,Pruritus NRS,,peak_daily,,1w;2w,16w,,,,,0,,,,,,,,,,,,"Proportion of Participants with an Improvement of Peak Pruritus Numeric Rating Scale (PP NRS) ≥ 4 at Week 1, Week 2, and Each Visit Through Week 16"
NCT05056779,Nemolizumab,,secondary,5,responder_rate,Pruritus NRS,,peak_daily,,,16w,,,,,1,responder,Pruritus NRS,,peak_daily,absolute_score,<,2,score,,,,Proportion of Participants with Peak Pruritus Numeric Rating Scale (PP NRS) < 2 at each Visit Through Week 16
NCT05056779,Nemolizumab,,secondary,6,responder_rate,IGA,,,baseline,,16w,,,,,1,responder,IGA,,,point_reduction_from_baseline,>=,2,points,,,,Proportion of Participants with an Investigator's Global Assessment (IGA) Success (Defined as an IGA of 0 [Clear] or 1 [Almost clear] and a ≥ 2-Point Reduction from Baseline) at Each Visit Through Week 16
NCT05056779,Nemolizumab,,secondary,7,responder_rate,EASI,,,,,16w,,,,,1,responder,EASI,,,absolute_score,>=,4,score,,,,Proportion of Participants with EASI-75 and improvement of PP NRS ≥ 4 at Each Visit Through Week 16
NCT05056779,Nemolizumab,,secondary,8,responder_rate,IGA,,,,,16w,,,,,0,,,,,,,,,,,,Proportion of Participants with IGA Success and Improvement of PP NRS ≥ 4 at each Visit Through Week 16
NCT05056779,Nemolizumab,,secondary,9,responder_rate,Pruritus NRS,,,,,16w,,,,,0,,,,,,,,,,,,Proportion of Participants with an Improvement of Sleep Disturbance Numeric Rating Scale (SD NRS) ≥ 4 at Each Visit Through Week 16
NCT05056779,Nemolizumab,,secondary,10,percent_change_from_baseline,Pruritus NRS,,,baseline,,16w,,,,,0,,,,,,,,,,,,Percent Change from Baseline in Sleep Disturbance Numeric Rating Scale (SD NRS) at Each Visit Through Week 16
NCT05056779,Nemolizumab,,secondary,11,percent_change_from_baseline,SCORAD,,,baseline,,16w,,,,,0,,,,,,,,,,,,Percent Change from Baseline in SCORing Atopic Dermatitis (SCORAD) and It's Components at Each Visit Through Week 16
NCT05056779,Nemolizumab,,secondary,12,other,BSA,,,baseline,,16w,,,,,0,,,,,,,,,,,,Change from Baseline in Percent of Body Surface Area (BSA) Affected by Atopic Dermatitis (AD) at Each Visit Through Week 16
NCT05056779,Nemolizumab,,secondary,13,responder_rate,EASI,,,,,16w,,,,,1,responder,EASI,,,percent_improvement_from_baseline,>=,75,percent,,,,Proportion of Participants with Prior Cyclosporine A (CsA) Use Achieving EASI-75 at Each Visit Through Week 16
NCT05056779,Nemolizumab,,secondary,14,other,EASI,,,baseline,,16w,,,,,0,,,,,,,,,,,,Change from Baseline in Individual Components of the EASI (Averaged Across Body Regions) at Each Visit Through Week 16
NCT05056779,Nemolizumab,,secondary,15,other,,,,baseline,,16w,,,,,0,,,,,,,,,,,,Change from Baseline in Atopic Dermatitis (AD)-Associated Pain Frequency Through Week 16
NCT05056779,Nemolizumab,,secondary,16,other,,,,baseline,,16w,,,,,0,,,,,,,,,,,,Change from Baseline in Atopic Dermatitis (AD)-Associated Pain Intensity Through Week 16
NCT05056779,Nemolizumab,,secondary,17,other,,,,,,16w,,,,,0,,,,,,,,,,,,Incidence of Rescue Therapy Use Through Week 16
NCT05056779,Nemolizumab,,secondary,18,drug_usage,Pruritus NRS,,,baseline,,16w,,,,,0,,,,,,,,,,,,Change from Baseline in Percentage of Itch-Free Days (Based on PP NRS = 0/1) Through Week 16
NCT05056779,Nemolizumab,,secondary,19,other,DLQI,Total,,baseline,,16w,,,,,0,,,,,,,,,,,,Change from Baseline in Dermatology Life Quality Index (DLQI) Total Score at Each Visit Through Week 16
NCT05056779,Nemolizumab,,secondary,20,other,POEM,Total,,baseline,,16w,,,,,0,,,,,,,,,,,,Change from Baseline in Patient-Oriented Eczema Measure (POEM) Total Score at Each Visit Through Week 16
NCT05056779,Nemolizumab,,secondary,21,count,,,,baseline,16w,,,,,,0,,,,,,,,,,,,Number of Days Free of Topical Atopic Dermatitis (AD) Therapy From Baseline to Week 16
NCT05056779,Nemolizumab,,secondary,22,other,HADS,,,,16w,,,,,,0,,,,,,,,,,,,"Change from baseline in Hospital Anxiety and Depression Scale (HADS) for each subscale (ie, depression and anxiety) at each visit through Week 16"
NCT05056779,Nemolizumab,,secondary,23,responder_rate,HADS,,,baseline,,16w,,,,,1,responder,HADS,,,absolute_score,<,8,score,,,,Proportion of Participants Reporting Hospital Anxiety and Depression Scale (HADS) anxiety Scores < 8 for those Reporting Scores ≥ 8 at Baseline at Each Visit Through Week 16
NCT05056779,Nemolizumab,,secondary,24,responder_rate,HADS,,,baseline,,16w,,,,,1,responder,HADS,,,absolute_score,<,8,score,,,,Proportion of Participants Reporting HADS depression Scores < 8 for Those Reporting Scores ≥ 8 at Baseline at Each Visit Through Week 16
NCT05056779,Nemolizumab,,secondary,25,other,EQ-5D,,,baseline,16w,,,,,,0,,,,,,,,,,,,Change from Baseline in EuroQoL 5-Dimension (EQ-5D) at each visit through Week 16
NCT05056779,Nemolizumab,,secondary,26,safety_incidence,,,,,,,,,,,0,,,,,,,,,,,,"Incidence and Severity of Adverse Events (AEs), Including Adverse Events of Special Interest (AESIs), Treatment Emergent AEs (TEAEs), and serious AEs (SAEs)"
NCT05149313,Lebrikizumab,ADvantage,primary,1,absolute_value,EASI,,,baseline,16w,,,,,,0,,,,,,,,,,,,Double-blind Induction Period: Percentage of Participants Who Achieved Eczema Area and Severity Index (EASI) 75 (>=75% Reduction From Baseline in EASI Score) at Week 16 (Time frame: At Week 16)
NCT05149313,Lebrikizumab,ADvantage,secondary,1,absolute_value,IGA,,,,16w,,,,,,0,,,,,,,,,,,,Double-blind Induction Period: Percentage of Participants Who Achieved Investigator Global Assessment (IGA) Score of 0 or 1 and 2-point Improvement at Week 16
NCT05149313,Lebrikizumab,ADvantage,secondary,2,absolute_value,Pruritus NRS,,,,16w,,,,,,0,,,,,,,,,,,,Double-blind Induction Period: Percentage of Participants Who Achieved a 4-point Improvement in Pruritus Numeric Rating Score (NRS) at Week 16
NCT05149313,Lebrikizumab,ADvantage,secondary,3,absolute_value,EASI,,,baseline,2w;4w;8w;12w,,,,,,0,,,,,,,,,,,,"Double-blind Induction Period: Percentage of Participants Who Achieved EASI 75 (>=75% Reduction From Baseline in EASI Score) at Weeks 2, 4, 8, and 12"
NCT05149313,Lebrikizumab,ADvantage,secondary,4,absolute_value,EASI,,,baseline,2w;4w;8w;12w;16w,,,,,,0,,,,,,,,,,,,"Double-blind Induction Period: Percentage of Participants Who Achieved EASI 90 (>=90% Reduction From Baseline in EASI Score) at Weeks 2, 4, 8, 12 and 16"
NCT05149313,Lebrikizumab,ADvantage,secondary,5,absolute_value,EASI,,,baseline,2w;4w;8w;12w;16w,,,,,,0,,,,,,,,,,,,"Double-blind Induction Period: Percentage of Participants Who Achieved EASI 50 (>=50% Reduction From Baseline in EASI Score) at Weeks 2, 4, 8, 12 and 16"
NCT05149313,Lebrikizumab,ADvantage,secondary,6,absolute_value,DLQI,,,,2w;4w;8w;12w;16w,,,,,,0,,,,,,,,,,,,"Double-blind Induction Period: Percentage of Participants Who Achieved a 4-point Improvement in Dermatology Life Quality Index (DLQI) at Weeks 2, 4, 8, 12 and 16"
NCT05149313,Lebrikizumab,ADvantage,secondary,7,absolute_value,CDLQI,,,,2w;4w;8w;12w;16w,,,,,,0,,,,,,,,,,,,"Double-blind Induction Period: Percentage of Participants Who Achieved a 4-point Improvement in Children's Dermatology Life Quality Index (CDLQI) at Weeks 2, 4, 8, 12 and 16"
NCT05149313,Lebrikizumab,ADvantage,secondary,8,absolute_value,Pruritus NRS,Skin Pain,,,16w,,,,,,0,,,,,,,,,,,,Double-blind Induction Period: Percentage of Participants Who Achieved a 4- Point Improvement in Skin Pain NRS at Week 16
NCT05149313,Lebrikizumab,ADvantage,secondary,9,absolute_value,BSA,,,baseline,2w;4w;8w;12w;16w,,,,,,0,,,,,,,,,,,,"Double-blind Induction Period: Change From Baseline in Body Surface Area (BSA) at Weeks 2, 4, 8, 12 and 16"
NCT05149313,Lebrikizumab,ADvantage,secondary,10,absolute_value,SCORAD,,,baseline,8w;16w,,,,,,0,,,,,,,,,,,,Double-blind Induction Period: Change From Baseline in Scoring Atopic Dermatitis (SCORAD) at Weeks 8 and 16
NCT05149313,Lebrikizumab,ADvantage,secondary,11,other,Pruritus NRS,,,baseline,,16w,,,,,0,,,,,,,,,,,,Double-blind Induction Period: Change From Baseline in Pruritus NRS by Week up to Week 16
NCT05149313,Lebrikizumab,ADvantage,secondary,12,absolute_value,,,,baseline,16w,16w,,,,,0,,,,,,,,,,,,Double-blind Induction Period: Change From Baseline in the Sleep Loss at Week 16 Using Patient-related Outcome (PRO) by Week up to Week 16
NCT05149313,Lebrikizumab,ADvantage,secondary,13,absolute_value,POEM,Total,,baseline,4w;8w;12w;16w,,,,,,0,,,,,,,,,,,,"Double-blind Induction Period: Change From Baseline in Patient-Oriented Eczema Measure (POEM) Total Score at Weeks 4, 8, 12 and 16"
NCT05149313,Lebrikizumab,ADvantage,secondary,14,absolute_value,DLQI,Total,,baseline,2w,,,,,,0,,,,,,,,,,,,"Double-blind Induction Period: Change From Baseline in Dermatology Life Quality Index (DLQI) Total Score at Weeks 2. 4, 8, 12 and 16"
NCT05149313,Lebrikizumab,ADvantage,secondary,15,absolute_value,CDLQI,,,baseline,2w,,,,,,0,,,,,,,,,,,,"Double-blind Induction Period: Change From Baseline in Children's Dermatology Life Quality Index (CDLQI) at Week 2. 4, 8, 12 and 16"
NCT05149313,Lebrikizumab,ADvantage,secondary,16,other,Pruritus NRS,Skin Pain,,baseline,,16w,,,,,0,,,,,,,,,,,,Double-blind Induction Period: Change From Baseline in Skin Pain NRS by Week up to Week 16
NCT05149313,Lebrikizumab,ADvantage,secondary,17,drug_usage,,,,,,,,,,,0,,,,,,,,,,,,Double-blind Induction Period: Proportion of Topical Corticosteroids (TCS) Medication Free Days
NCT05149313,Lebrikizumab,ADvantage,secondary,18,other,,,,,,,,,,,0,,,,,,,,,,,,Double-blind Induction Period: Median Time (Days) to TCS-Free Use
NCT05355818,Delgocitinib,DELTA TEEN,primary,1,count,IGA,,,,16w,,,,,,0,,,,,,,,,,,,Number of Participants With IGA-CHE Treatment Success at Week 16 (Time frame: Week 16)
NCT05355818,Delgocitinib,DELTA TEEN,secondary,1,count,,,,,16w,,,,,,0,,,,,,,,,,,,Number of Participants With HECSI-90 at Week 16
NCT05355818,Delgocitinib,DELTA TEEN,secondary,2,count,,,,baseline,16w,,,,,,0,,,,,,,,,,,,Number of Participants With Reduction of HESD Itch Score (Weekly Average) of ≥4 Points From Baseline at Week 16
NCT05355818,Delgocitinib,DELTA TEEN,secondary,3,count,,,,baseline,16w,,,,,,0,,,,,,,,,,,,Number of Participants With Reduction of HESD Pain Score (Weekly Average) of ≥4 Points From Baseline at Week 16
NCT05355818,Delgocitinib,DELTA TEEN,secondary,4,count,,,,baseline,16w,,,,,,0,,,,,,,,,,,,Number of Participants With Reduction of HESD Score (Weekly Average) of ≥4 Points From Baseline at Week 16
NCT05355818,Delgocitinib,DELTA TEEN,secondary,5,count,IGA,,,,2w,,,,,,0,,,,,,,,,,,,Number of Participants With IGA-CHE Treatment Success at Week 2
NCT05355818,Delgocitinib,DELTA TEEN,secondary,6,count,IGA,,,,4w,,,,,,0,,,,,,,,,,,,Number of Participants With IGA-CHE Treatment Success at Week 4
NCT05355818,Delgocitinib,DELTA TEEN,secondary,7,count,IGA,,,,8w,,,,,,0,,,,,,,,,,,,Number of Participants With IGA-CHE Treatment Success at Week 8
NCT05355818,Delgocitinib,DELTA TEEN,secondary,8,count,IGA,,,,12w,,,,,,0,,,,,,,,,,,,Number of Participants With IGA-CHE Treatment Success at Week 12
NCT05355818,Delgocitinib,DELTA TEEN,secondary,9,change_from_baseline,CDLQI,,,baseline,16w,,,,,,0,,,,,,,,,,,,Change in CDLQI Score From Baseline to Week 16
NCT05355818,Delgocitinib,DELTA TEEN,secondary,10,count,,,,baseline,,18w,,,,,0,,,,,,,,,,,,Number of Treatment Emergent AEs From Baseline up to Week 18
NCT05559359,Lebrikizumab,ADorable-1,primary,1,responder_rate,IGA,,,baseline,16w,,,,,,1,responder,IGA,,,absolute_score,in,"[0, 1]",score,,,,Percentage of Participants with an Investigator Global Assessment (IGA) score 0 or 1 and a Reduction ≥2 points from Baseline (Time frame: Baseline to Week 16)
NCT05559359,Lebrikizumab,ADorable-1,primary,1,responder_rate,IGA,,,baseline,16w,,,,,,2,responder,IGA,,,point_reduction_from_baseline,>=,2,points,,,,Percentage of Participants with an Investigator Global Assessment (IGA) score 0 or 1 and a Reduction ≥2 points from Baseline (Time frame: Baseline to Week 16)
NCT05559359,Lebrikizumab,ADorable-1,primary,2,responder_rate,EASI,,,baseline,16w,,,,,,1,responder,EASI,,,percent_improvement_from_baseline,>=,75,percent,,,,Percentage of Participants Achieving Eczema Area and Severity Index-75 (EASI-75) ≥75% Reduction from Baseline in EASI Score (Time frame: Baseline to Week 16)
NCT05559359,Lebrikizumab,ADorable-1,secondary,1,responder_rate,EASI,,,baseline,,,,,,,1,responder,EASI,,,percent_improvement_from_baseline,>=,90,percent,,,,"Percentage of Participants Achieving EASI-90, a ≥90% Reduction from Baseline in EASI Score"
NCT05559359,Lebrikizumab,ADorable-1,secondary,2,responder_rate,Pruritus NRS,,,baseline,,,,,,,1,responder,Pruritus NRS,,,point_reduction_from_baseline,>=,4,points,,,,Percentage of Participants with a Pruritus Numeric Rating Score (NRS) of ≥4 points at Baseline Who Achieve a ≥4-point Reduction from Baseline
NCT05559359,Lebrikizumab,ADorable-1,secondary,3,responder_rate,,,,baseline,16w,,,,,,0,,,,,,,,,,,,Percentage of Participants with a cDLQI of ≥6 points at Baseline Achieving ≥6-point Improvement in cDLQI from Baseline to Week 16
NCT05559359,Lebrikizumab,ADorable-1,secondary,4,percent_change_from_baseline,EASI,,,baseline,,,,,,,0,,,,,,,,,,,,Percentage Change from Baseline in EASI Score
NCT05559359,Lebrikizumab,ADorable-1,secondary,5,percent_change_from_baseline,Pruritus NRS,,,baseline,,,,,,,0,,,,,,,,,,,,Percentage Change from Baseline in Pruritus NRS Score
NCT05559359,Lebrikizumab,ADorable-1,secondary,6,other,DLQI,,,baseline,,,,,,,0,,,,,,,,,,,,Change from Baseline in Children Dermatology Life Quality Index (cDLQI)
NCT05559359,Lebrikizumab,ADorable-1,secondary,7,other,Pruritus NRS,,worst_daily,baseline,,,,,,,0,,,,,,,,,,,,Mean Change from Baseline in Worst Scratch/Itch Numeric Rating Score (WSI-NRS)
NCT05559359,Lebrikizumab,ADorable-1,secondary,8,other,BSA,,,baseline,,,,,,,0,,,,,,,,,,,,Change from Baseline in Body Surface Area (BSA)
NCT05559359,Lebrikizumab,ADorable-1,secondary,9,percent_change_from_baseline,SCORAD,,,baseline,,,,,,,0,,,,,,,,,,,,Percentage Change from Baseline in Scoring Atopic Dermatitis (SCORAD)
NCT05559359,Lebrikizumab,ADorable-1,secondary,10,responder_rate,EASI,,,baseline,,,,,,,1,responder,EASI,,,percent_improvement_from_baseline,>=,50,percent,,,,"Percentage of Participants Achieving EASI-50, a ≥50% Reduction from Baseline in EASI Score"
NCT05559359,Lebrikizumab,ADorable-1,secondary,11,pharmacokinetics,,,,,,,,,,,0,,,,,,,,,,,,Pharmacokinetics (PK): Average Serum Lebrikizumab Concentration
NCT05559359,Lebrikizumab,ADorable-1,secondary,12,responder_rate,,,,,,,,,,,0,,,,,,,,,,,,Percentage of Participants with Positive Responses by the Modified Subcutaneous Administration Assessment Questionnaire (mSQAAQ)
NCT05559359,Lebrikizumab,ADorable-1,secondary,13,responder_rate,Pruritus NRS,,worst_daily,baseline,16w,,,,,,1,responder,Pruritus NRS,,worst_daily,point_reduction_from_baseline,>=,4,points,,,,Percentage of Participants with a Worst Scratching/Itching NRS of ≥4 points at Baseline Who Achieve a ≥4-point Reduction from Baseline to Week 16
NCT05559359,Lebrikizumab,ADorable-1,secondary,14,other,SCORAD,,,baseline,,,,,,,0,,,,,,,,,,,,Change from Baseline in SCORAD
NCT05677451,Remibrutinib,,primary,1,other,,,,,,,,,,,0,,,,,,,,,,,,"Change from baseline in UAS7 (Time frame: Baseline, week 12)"
NCT05677451,Remibrutinib,,primary,2,other,,,,,12w,,,,,,0,,,,,,,,,,,,"Change fron baseline in ISS7 (Time frame: Baseline, Week 12)"
NCT05677451,Remibrutinib,,primary,3,other,,,,,12w,,,,,,0,,,,,,,,,,,,"Change from baseline in HSS7 (Time frame: Baseline, Week 12)"
NCT05677451,Remibrutinib,,secondary,1,other,,,,,,,,,,,0,,,,,,,,,,,,Cmax of remibrutinib
NCT05677451,Remibrutinib,,secondary,2,other,,,,,,,,,,,0,,,,,,,,,,,,Tmax of remibrutinib
NCT05677451,Remibrutinib,,secondary,3,other,,,,,,,,,,,0,,,,,,,,,,,,AUClast of remibrutinib
NCT05677451,Remibrutinib,,secondary,4,other,,,,,,,,,,,0,,,,,,,,,,,,Absolute change from baseline in ISS7
NCT05677451,Remibrutinib,,secondary,5,other,,,,,,,,,,,0,,,,,,,,,,,,Absolute change from baseline in HSS7
NCT05677451,Remibrutinib,,secondary,6,other,,,,,,,,,,,0,,,,,,,,,,,,Achievement of UAS7 ≤ 6 (yes/no)
NCT05677451,Remibrutinib,,secondary,7,other,,,,,,,,,,,0,,,,,,,,,,,,Achievement of UAS7 = 0 (yes/no)
NCT05677451,Remibrutinib,,secondary,8,other,CDLQI,,,,,,,,,,0,,,,,,,,,,,,Absolute change from baseline in CDLQI score
NCT05677451,Remibrutinib,,secondary,9,count,,,,,,,,,,,0,,,,,,,,,,,,"Number of weeks without angioedema, assessed by the cumulative number of weeks with an AAS7 = 0 response"
NCT05677451,Remibrutinib,,secondary,10,other,,,,,,,,,,,0,,,,,,,,,,,,Occurrence of treatment-emergent adverse events (AE) and serious adverse events (SAE) during the core period
NCT05677451,Remibrutinib,,secondary,11,other,,,,,,,,,,,0,,,,,,,,,,,,"Occurrence of treatment emergent AEs, and SAEs during the Open Label Extension (OLE) period"
NCT05723198,Baricitinib,BRAVE-AA-PEDS,primary,1,responder_rate,,,,,36w,,,,,,0,,,,,,,,,,,,Percentage of Participants Achieving an Absolute Severity of Alopecia Tool (SALT) ≤20 (Time frame: Week 36)
NCT05723198,Baricitinib,BRAVE-AA-PEDS,secondary,1,percent_change_from_baseline,,,,baseline,,,,,,,0,,,,,,,,,,,,Percent Change from Baseline in SALT Score
NCT05723198,Baricitinib,BRAVE-AA-PEDS,secondary,2,responder_rate,,,,baseline,,,,,,,0,,,,,,,,,,,,Percentage of Participants Achieving At Least 90% Improvement from Baseline (SALT90)
NCT05723198,Baricitinib,BRAVE-AA-PEDS,secondary,3,responder_rate,,,,,,,,,,,0,,,,,,,,,,,,Percentage of Participants Achieving an Absolute SALT ≤10
NCT05723198,Baricitinib,BRAVE-AA-PEDS,secondary,4,responder_rate,,,,baseline,,,,,,,0,,,,,,,,,,,,Percentage of Participants with Patient Reported Outcome (PRO) for Scalp Hair Assessment Score of 0 or 1 Among Participants 12 Years and Older with PRO for Scalp Hair Assessment Score ≥3 at Baseline
NCT05723198,Baricitinib,BRAVE-AA-PEDS,secondary,5,other,,,,baseline,,,,,,,0,,,,,,,,,,,,Mean Change from Baseline in SALT Score
NCT05723198,Baricitinib,BRAVE-AA-PEDS,secondary,6,responder_rate,,,,baseline,,,,,,,0,,,,,,,,,,,,Percentage of Participants Achieving At Least 50% Improvement from Baseline (SALT50)
NCT05723198,Baricitinib,BRAVE-AA-PEDS,secondary,7,responder_rate,,,,baseline,,,,,,,0,,,,,,,,,,,,Percentage of Participants Achieving At Least 75% Improvement from Baseline (SALT75)
NCT05723198,Baricitinib,BRAVE-AA-PEDS,secondary,8,responder_rate,,,,baseline,,,,,,,0,,,,,,,,,,,,Percentage of Participants Achieving At Least 100% Improvement from Baseline (SALT100)
NCT05723198,Baricitinib,BRAVE-AA-PEDS,secondary,9,responder_rate,,,,baseline,,,,,,,0,,,,,,,,,,,,Percentage of Participants Achieving Clinician-Reported Outcome (ClinRO) Measure for Eyebrow (EB) Hair Loss 0 or 1 Among Participants with CLinRO Measure for EB Hair Loss ≥2 at Baseline
NCT05723198,Baricitinib,BRAVE-AA-PEDS,secondary,10,responder_rate,,,,baseline,,,,,,,0,,,,,,,,,,,,Percentage of Participants Achieving ClinRO Measure for Eyelash (EL) Hair Loss 0 or 1 Among Participants with CLinRO Measure for EL Hair Loss ≥2 at Baseline
NCT05723198,Baricitinib,BRAVE-AA-PEDS,secondary,11,responder_rate,,,,baseline,,,,,,,0,,,,,,,,,,,,Percentage of Participants Achieving PRO Measure for EB 0 or 1 (Among Participants 12 Years or Older with PRO Measure for EB ≥2 at Baseline)
NCT05723198,Baricitinib,BRAVE-AA-PEDS,secondary,12,responder_rate,,,,baseline,,,,,,,0,,,,,,,,,,,,Percentage of Participants Achieving PRO Measure for EL 0 or 1 (Among Participants 12 Years or Older with PRO Measure for EL ≥2 at Baseline)
NCT05723198,Baricitinib,BRAVE-AA-PEDS,secondary,13,other,HADS,,,baseline,,,,,,,0,,,,,,,,,,,,Mean Change from Baseline in Hospital Anxiety Depression Scale (HADS)
NCT05723198,Baricitinib,BRAVE-AA-PEDS,secondary,14,other,PROMIS,Anxiety,,baseline,,,,,,,0,,,,,,,,,,,,Mean Change from Baseline in Patient-Reported Outcome Measurement Information System (PROMIS) Anxiety Score
NCT05723198,Baricitinib,BRAVE-AA-PEDS,secondary,15,other,PROMIS,Depression,,baseline,,,,,,,0,,,,,,,,,,,,Mean Change from Baseline in PROMIS Depression Score
NCT05723198,Baricitinib,BRAVE-AA-PEDS,secondary,16,other,PROMIS,,,baseline,,,,,,,0,,,,,,,,,,,,Mean Change from Baseline in PROMIS Peer Relationship Score
NCT05723198,Baricitinib,BRAVE-AA-PEDS,secondary,17,other,DLQI,,,baseline,,,,,,,0,,,,,,,,,,,,Mean Change from Baseline in Family Dermatology Life Quality Index (FDLQI)
NCT05723198,Baricitinib,BRAVE-AA-PEDS,secondary,18,pharmacokinetics,,,,,,,,,,,0,,,,,,,,,,,,Pharmacokinetics (PK): Maximum Concentration (Cmax)
NCT05723198,Baricitinib,BRAVE-AA-PEDS,secondary,19,other,,,,,,,,,,,0,,,,,,,,,,,,PK: Area Under the Concentration Curve (AUC)
NCT05723198,Baricitinib,BRAVE-AA-PEDS,secondary,20,other,,,,,,,,,,,0,,,,,,,,,,,,Change of Immunoglobulin G (IgG) Titers
NCT05958407,Tralokinumab,ADHAND,primary,1,responder_rate,IGA,,,,16w,,,,,,1,responder,IGA,,,absolute_score,in,"[0, 1]",score,,,,Percentage of Participants With IGA-AHE Score of 0 (Clear) or 1 (Almost Clear) (Time frame: At Week 16)
NCT05958407,Tralokinumab,ADHAND,secondary,1,responder_rate,IGA,,,,,,,,,,1,responder,IGA,,,point_reduction_from_baseline,>=,2,points,,,,Percentage of Participants Having a ≥2-point Reduction in IGA-AHE Score
NCT05958407,Tralokinumab,ADHAND,secondary,2,responder_rate,,,,,,,,,,,0,,,,,,,,,,,,Percentage of Participants Having a Decrease in HECSI of at Least 75% (HECSI-75)
NCT05958407,Tralokinumab,ADHAND,secondary,3,responder_rate,,,,,,,,,,,0,,,,,,,,,,,,Percentage of Participants Having a Decrease in HECSI of at Least 50% (HECSI-50)
NCT05958407,Tralokinumab,ADHAND,secondary,4,responder_rate,,,,,,,,,,,0,,,,,,,,,,,,Percentage of Participants Having a Decrease in HECSI of at Least 90% (HECSI-90)
NCT05958407,Tralokinumab,ADHAND,secondary,5,percent_change_from_baseline,,,,,,,,,,,0,,,,,,,,,,,,Percentage Change in HECSI Score
NCT05958407,Tralokinumab,ADHAND,secondary,6,responder_rate,,,,,,,,,,,0,,,,,,,,,,,,Percentage of Participants With Reduction in HESD Itch Score (Weekly Average) of ≥4 Points
NCT05958407,Tralokinumab,ADHAND,secondary,7,percent_change_from_baseline,,,,,,,,,,,0,,,,,,,,,,,,Percentage Change in HESD Itch Score (Weekly Average)
NCT05958407,Tralokinumab,ADHAND,secondary,8,responder_rate,,,,,,,,,,,0,,,,,,,,,,,,Percentage of Participants With Reduction in HESD Pain Score (Weekly Average) of ≥4 Points
NCT05958407,Tralokinumab,ADHAND,secondary,9,percent_change_from_baseline,,,,,,,,,,,0,,,,,,,,,,,,Percentage Change in HESD Pain Score (Weekly Average)
NCT05958407,Tralokinumab,ADHAND,secondary,10,percent_change_from_baseline,,,,,,,,,,,0,,,,,,,,,,,,Percentage Change in HEIS Score
NCT05958407,Tralokinumab,ADHAND,secondary,11,percent_change_from_baseline,DLQI,,,,,,,,,,0,,,,,,,,,,,,Percentage Change in DLQI Score
NCT05958407,Tralokinumab,ADHAND,secondary,12,change_from_baseline,,,,,,,,,,,0,,,,,,,,,,,,Change in WPAI+CIQ:AHE Domain Scores
NCT05958407,Tralokinumab,ADHAND,secondary,13,count,IGA,,,,,,,,,,0,,,,,,,,,,,,Number of Participants With IGA-AHE Score of 0 (Clear) or 1 (Almost Clear)
NCT05958407,Tralokinumab,ADHAND,secondary,14,count,,,,,,,,,,,0,,,,,,,,,,,,Number of Participants Having a Decrease in HECSI of at Least 75% (HECSI-75)
NCT05958407,Tralokinumab,ADHAND,secondary,15,count,,,,,,,,,,,0,,,,,,,,,,,,Number of Participants With Reduction in HESD Itch Score (Weekly Average) of ≥4 Points
NCT05958407,Tralokinumab,ADHAND,secondary,16,count,,,,,,,,,,,0,,,,,,,,,,,,Number of Participants With Reduction in HESD Pain Score (Weekly Average) of ≥4 Points
NCT05958407,Tralokinumab,ADHAND,secondary,17,percent_change_from_baseline,,,,,,,,,,,0,,,,,,,,,,,,Percentage Change in HEIS Score
NCT05958407,Tralokinumab,ADHAND,secondary,18,percent_change_from_baseline,DLQI,,,,,,,,,,0,,,,,,,,,,,,Percentage Change in DLQI Score
NCT05958407,Tralokinumab,ADHAND,secondary,19,change_from_baseline,,,,,,,,,,,0,,,,,,,,,,,,Change in WPAI+CIQ:AHE Domain Scores
NCT05958407,Tralokinumab,ADHAND,secondary,20,count,,,,,,,,,,,0,,,,,,,,,,,,Number of Treatment-emergent Adverse Events
NCT05958407,Tralokinumab,ADHAND,secondary,21,count,,,,,,,,,,,0,,,,,,,,,,,,Number of Treatment-emergent Adverse Events During the Open-label Treatment Period
NCT05969223,Risankizumab,UnlIMMited,primary,1,absolute_value,,,,,16w,,,,,,0,,,,,,,,,,,,Study-G: Percentage of Participants With Achievement of Static Physician Global Assessment of Genitalia (sPGA-G) of 0 or 1 at Week 16 (Time frame: Week 16)
NCT05969223,Risankizumab,UnlIMMited,primary,2,absolute_value,IGA,,,,16w,,,,,,0,,,,,,,,,,,,Study-S: Percentage of Participants With Achievement of Scalp Investigator Global Assessment (IGA) of 0 or 1 at Week 16 (Time frame: Week 16)
NCT05969223,Risankizumab,UnlIMMited,secondary,1,absolute_value,,,,,16w,,,,,,0,,,,,,,,,,,,Study-G: Percentage of Participants With Achievement of Static Physician Global Assessment of Genitalia (sPGA-G) of 0 at Week 16
NCT05969223,Risankizumab,UnlIMMited,secondary,2,absolute_value,DLQI,,,,16w,,,,,,0,,,,,,,,,,,,Study-G: Percentage of Participants With Achievement of Dermatology Life Quality Index (DLQI) of 0 or 1 at Week 16
NCT05969223,Risankizumab,UnlIMMited,secondary,3,absolute_value,Pruritus NRS,,,baseline,16w,,,,,,0,,,,,,,,,,,,Study-G: Percentage of Participants With Achievement of Clinically Meaningful (≥ 4-point) Improvement From Baseline on the Genital Psoriasis Itch Numerical Rating Scale (NRS) at Week 16 [Among Participants With a Baseline Score ≥ 4]
NCT05969223,Risankizumab,UnlIMMited,secondary,4,absolute_value,,,,baseline,16w,,,,,,0,,,,,,,,,,,,Study-G: Percentage of Participants With Achievement of Genital Psoriasis Sexual Frequency Questionnaire (GenPs-SFQ) Item 2 Score of 0 or 1 at Week 16 [Among Participants With a Baseline Score ≥ 2]
NCT05969223,Risankizumab,UnlIMMited,secondary,5,absolute_value,,,,,16w,,,,,,0,,,,,,,,,,,,Study-S: Percentage of Participants With Achievement of Psoriasis Scalp Severity Index 90 (PSSI 90) at Week 16
NCT05969223,Risankizumab,UnlIMMited,secondary,6,absolute_value,,,,,16w,,,,,,0,,,,,,,,,,,,Study-S: Percentage of Participants With Achievement of Psoriasis Scalp Severity Index 75 (PSSI 75) at Week 16
NCT05969223,Risankizumab,UnlIMMited,secondary,7,absolute_value,,,,baseline,16w,,,,,,0,,,,,,,,,,,,Study-S: Change From Baseline in Psoriasis Symptom Scale (PSS) at Week 16
NCT05969223,Risankizumab,UnlIMMited,secondary,8,absolute_value,,,,,16w,,,,,,0,,,,,,,,,,,,Study-S: Percentage of Participants With Achievement of Psoriasis Scalp Severity Index (PSSI 100) at Week 16
NCT05969223,Risankizumab,UnlIMMited,secondary,9,absolute_value,,,,,16w,,,,,,0,,,,,,,,,,,,Study-S: Percentage of Participants With Achievement of Psoriasis Symptom Scale (PSS) of 0 at Week 16
NCT06039189,Guselkumab,SPECTREM,primary,1,responder_rate,IGA,,,,16w,,,,,,0,,,,,,,,,,,,Percentage of Participants Who Achieved an Investigator's Global Assessment (IGA) Score of Cleared (0) or Minimal (1) at Week 16 (Time frame: Week 16)
NCT06039189,Guselkumab,SPECTREM,secondary,1,percent_change_from_baseline,BSA,,,baseline,16w,,,,,,0,,,,,,,,,,,,Percent Change From Baseline in Body Surface Area (BSA) at Week 16
NCT06039189,Guselkumab,SPECTREM,secondary,2,percent_change_from_baseline,,,,baseline,16w,,,,,,0,,,,,,,,,,,,Percent Change From Baseline in Psoriasis Area Severity Index (PASI) Total Score at Week 16
NCT06039189,Guselkumab,SPECTREM,secondary,3,responder_rate,IGA,,,,16w,,,,,,0,,,,,,,,,,,,Percentage of Participants Who Achieved IGA Score of Cleared (0) at Week 16
NCT06039189,Guselkumab,SPECTREM,secondary,4,responder_rate,,,,,16w,,,,,,0,,,,,,,,,,,,Percentage of Participants Who Achieved PASI 90 Response at Week 16
NCT06039189,Guselkumab,SPECTREM,secondary,5,responder_rate,,,,,16w,,,,,,0,,,,,,,,,,,,Percentage of Participants Who Achieved PASI 100 Response at Week 16
NCT06039189,Guselkumab,SPECTREM,secondary,6,responder_rate,IGA,,,baseline,16w,,,,,,0,,,,,,,,,,,,Percentage of Participants Who Achieved Scalp Specific (ss)-IGA Score of Absence of Disease (0) or Very Mild Disease (1) at Week 16 Among Randomized Participants With Ss-IGA Score >=3 at Baseline
NCT06039189,Guselkumab,SPECTREM,secondary,7,responder_rate,,,,baseline,16w,,,,,,0,,,,,,,,,,,,Percentage of Participants Who Achieved Static Physician's Global Assessment of Genitalia (sPGA-G) Score of 0 or 1 at Week 16 Among Randomized Participants With sPGA-G Score >=3 at Baseline
NCT06039189,Guselkumab,SPECTREM,secondary,8,responder_rate,IGA,,,baseline,16w,,,,,,0,,,,,,,,,,,,Percentage of Participants Who Achieved Intertriginous IGA (i-IGA) Score of Clear (0) or Minimal (1) at Week 16 Among Randomized Participants With an i-IGA Score >=3 at Baseline
NCT06039189,Guselkumab,SPECTREM,secondary,9,responder_rate,IGA,,,baseline,16w,,,,,,0,,,,,,,,,,,,Percentage of Participants Who Achieved Facial IGA (f-IGA) Score of Clear (0) or Minimal (1) at Week 16 Among Randomized Participants With f-IGA Score >=3 at Baseline
NCT06039189,Guselkumab,SPECTREM,secondary,10,change_from_baseline,,,,baseline,16w,,,,,,0,,,,,,,,,,,,Change From Baseline in Psoriasis Symptom and Sign Diary (PSSD) Total Symptom Score at Week 16
NCT06039189,Guselkumab,SPECTREM,secondary,11,responder_rate,,,,baseline,16w,,,,,,1,subgroup,,,,absolute_score,>=,4,score,,,"[""baseline""]",Percentage of Participants Who Achieved >=4-Point Improvement From Baseline in PSSD Itch Score at Week 16 Among Participants With a PSSD Itch Score >=4 at Baseline
NCT06039189,Guselkumab,SPECTREM,secondary,12,responder_rate,,,,baseline,16w,,,,,,1,subgroup,,,,absolute_score,>,0,score,,,"[""baseline""]",Percentage of Participants Who Achieved PSSD Individual Symptom Scale Score=0 at Week 16 Among Participants With a PSSD Symptom Score >0 at Baseline
NCT06039189,Guselkumab,SPECTREM,secondary,13,count,,,,,,,,,,TEAE,0,,,,,,,,,,,,Number of Participants With Treatment-Emergent Adverse Events (TEAEs)
NCT06039189,Guselkumab,SPECTREM,secondary,14,count,,,,,,,,,,,0,,,,,,,,,,,,Number of Participants With Treatment-Emergent Serious Adverse Events (TESAEs)
NCT06042478,Remibrutinib,,primary,1,other,,,,,12w,,,,,,0,,,,,,,,,,,,Absolute change from baseline in Weekly Urticaria Activity Score (UAS7) (Time frame: Week 12)
NCT06042478,Remibrutinib,,secondary,1,other,,,,,,,,,,,0,,,,,,,,,,,,Achievement of UAS7=0 (yes/no)
NCT06042478,Remibrutinib,,secondary,2,other,,,,,,,,,,,0,,,,,,,,,,,,"Improvement of severity of itch, assessed as absolute change from baseline in ISS7 score"
NCT06042478,Remibrutinib,,secondary,3,other,,,,,,,,,,,0,,,,,,,,,,,,"Improvement of severity of hives, assessed as absolute change from baseline in HSS7 score"
NCT06042478,Remibrutinib,,secondary,4,other,,,,,,,,,,,0,,,,,,,,,,,,Occurrence of treatment-emergent adverse events and serious adverse events (SAEs)
NCT06095102,Icotrokinra,ICONIC-TOTAL,primary,1,responder_rate,IGA,,,baseline,16w,,,,,,1,responder,IGA,,,absolute_score,in,"[0, 1]",score,,,,Percentage of Participants Who Achieved an Investigator's Global Assessment (IGA) Score of 0 or 1 and a Greater Than or Equal to (>=) 2-Grade Improvement From Baseline at Week 16 (Time frame: Week 16)
NCT06095102,Icotrokinra,ICONIC-TOTAL,secondary,1,responder_rate,IGA,,,baseline,16w,,,,,,1,responder,IGA,,,absolute_score,in,"[0, 1]",score,,,,Percentage of Participants Who Achieved a Scalp Specific (ss)-IGA Score of 0 or 1 at Week 16 Among Participants With a Baseline Ss-IGA Score >=3
NCT06095102,Icotrokinra,ICONIC-TOTAL,secondary,1,responder_rate,IGA,,,baseline,16w,,,,,,2,subgroup,IGA,,,absolute_score,>=,3,score,,,"[""baseline""]",Percentage of Participants Who Achieved a Scalp Specific (ss)-IGA Score of 0 or 1 at Week 16 Among Participants With a Baseline Ss-IGA Score >=3
NCT06095102,Icotrokinra,ICONIC-TOTAL,secondary,2,responder_rate,IGA,,,baseline,16w,,,,,,1,subgroup,IGA,,,absolute_score,>=,3,score,,,"[""baseline""]",Percentage of Participants Who Achieved Psoriasis Scalp Severity Index (PSSI) 90 at Week 16 Among Participants With a Baseline Ss-IGA Score >=3
NCT06095102,Icotrokinra,ICONIC-TOTAL,secondary,3,responder_rate,,,,baseline,16w,,,,,,1,responder,sPGA,,,absolute_score,in,"[0, 1]",score,,,,Percentage of Participants Who Achieved Static Physician's Global Assessment of Genitalia (sPGA-G) Score of 0 or 1 at Week 16 Among Participants With a Baseline sPGA Score >=3
NCT06095102,Icotrokinra,ICONIC-TOTAL,secondary,3,responder_rate,,,,baseline,16w,,,,,,2,subgroup,,,,absolute_score,>=,3,score,,,"[""baseline""]",Percentage of Participants Who Achieved Static Physician's Global Assessment of Genitalia (sPGA-G) Score of 0 or 1 at Week 16 Among Participants With a Baseline sPGA Score >=3
NCT06095102,Icotrokinra,ICONIC-TOTAL,secondary,4,responder_rate,,,,baseline,16w,,,,,,1,responder,PGA,,,absolute_score,in,"[0, 1]",score,,,,Percentage of Participants Who Achieved Physician's Global Assessment of Hands and Feet (Hf-PGA) Score of 0 or 1 at Week 16 Among Participants With a Baseline Hf-PGA Score >=3
NCT06095102,Icotrokinra,ICONIC-TOTAL,secondary,4,responder_rate,,,,baseline,16w,,,,,,2,subgroup,,,,absolute_score,>=,3,score,,,"[""baseline""]",Percentage of Participants Who Achieved Physician's Global Assessment of Hands and Feet (Hf-PGA) Score of 0 or 1 at Week 16 Among Participants With a Baseline Hf-PGA Score >=3
NCT06095102,Icotrokinra,ICONIC-TOTAL,secondary,5,responder_rate,IGA,,,,16w,,,,,,1,responder,IGA,,,absolute_score,==,0,score,,,,Percentage of Participants Who Achieved an IGA Score of 0 at Week 16
NCT06095102,Icotrokinra,ICONIC-TOTAL,secondary,6,responder_rate,,,,baseline,16w,,,,,,1,responder,PSSD Symptom,,,absolute_score,==,0,score,,,,Percentage of Participants Who Achieved Psoriasis Symptom and Signs Diary (PSSD) Symptom Score of 0 at Week 16 Among Participants With a Baseline PSSD Symptom Score >0
NCT06095102,Icotrokinra,ICONIC-TOTAL,secondary,7,responder_rate,,,,baseline,16w,,,,,,1,subgroup,,,,absolute_score,>=,4,score,,,"[""baseline""]",Percentage of Participants Who Achieved >=4-Point Improvement From Baseline in PSSD Itch Score at Week 16 Among Participants With a Baseline PSSD Itch Score >=4
NCT06095102,Icotrokinra,ICONIC-TOTAL,secondary,8,responder_rate,,,,baseline,16w,,,,,,1,responder,sPGA,,,absolute_score,in,"[0, 1]",score,,,,Percentage of Participants Who Achieved Genital Psoriasis Sexual Frequency Questionnaire (GenPs-SFQ) Item 2 Score of 0 or 1 at Week 16 Among Participants With a Baseline sPGA-G Score >=3 and a Baseline GenPs-SFQ Item 2 Score >=2
NCT06095102,Icotrokinra,ICONIC-TOTAL,secondary,8,responder_rate,,,,baseline,16w,,,,,,2,subgroup,,,,absolute_score,>=,3,score,,,"[""baseline""]",Percentage of Participants Who Achieved Genital Psoriasis Sexual Frequency Questionnaire (GenPs-SFQ) Item 2 Score of 0 or 1 at Week 16 Among Participants With a Baseline sPGA-G Score >=3 and a Baseline GenPs-SFQ Item 2 Score >=2
NCT06095102,Icotrokinra,ICONIC-TOTAL,secondary,9,responder_rate,Pruritus NRS,,,baseline,16w,,,,,,1,responder,Pruritus NRS,,,point_reduction_from_baseline,>=,4,points,,,,Percentage of Participants Who Achieved >=4-Point Improvement From Baseline in Scalp Itch Numeric Rating Scale (NRS) Score at Week 16 Among Participants With a Baseline Ss-IGA Score >=3 and a Baseline Scalp Itch NRS Score >=4
NCT06095102,Icotrokinra,ICONIC-TOTAL,secondary,9,responder_rate,Pruritus NRS,,,baseline,16w,,,,,,2,subgroup,IGA,,,absolute_score,>=,3,score,,,"[""baseline""]",Percentage of Participants Who Achieved >=4-Point Improvement From Baseline in Scalp Itch Numeric Rating Scale (NRS) Score at Week 16 Among Participants With a Baseline Ss-IGA Score >=3 and a Baseline Scalp Itch NRS Score >=4
NCT06095102,Icotrokinra,ICONIC-TOTAL,secondary,10,responder_rate,Pruritus NRS,,,baseline,16w,,,,,,1,responder,Pruritus NRS,,,point_reduction_from_baseline,>=,4,points,,,,Percentage of Participants Who Achieved >=4-Point Improvement From Baseline in Genital Psoriasis Symptoms Score (GPSS) Genital Itch NRS Score at Week 16 Among Participants With a Baseline sPGA-G Score >=3 and a Baseline GPSS Genital Itch NRS Score >=4
NCT06095102,Icotrokinra,ICONIC-TOTAL,secondary,10,responder_rate,Pruritus NRS,,,baseline,16w,,,,,,2,subgroup,Pruritus NRS,,,absolute_score,>=,3,score,,,"[""baseline""]",Percentage of Participants Who Achieved >=4-Point Improvement From Baseline in Genital Psoriasis Symptoms Score (GPSS) Genital Itch NRS Score at Week 16 Among Participants With a Baseline sPGA-G Score >=3 and a Baseline GPSS Genital Itch NRS Score >=4
NCT06095102,Icotrokinra,ICONIC-TOTAL,secondary,11,responder_rate,,,,,16w,,,,,,1,responder,PASI,,,percent_improvement_from_baseline,>=,90,percent,,,,Percentage of Participants Who Achieved Psoriasis Area and Severity Index (PASI) 90 at Week 16
NCT06095102,Icotrokinra,ICONIC-TOTAL,secondary,12,responder_rate,,,,,16w,,,,,,1,responder,PASI,,,percent_improvement_from_baseline,>=,75,percent,,,,Percentage of Participants Who Achieved PASI 75 at Week 16
NCT06095102,Icotrokinra,ICONIC-TOTAL,secondary,13,change_from_baseline,,,,baseline,16w,,,,,,0,,,,,,,,,,,,Change From Baseline in PASI Total Score at Week 16
NCT06095102,Icotrokinra,ICONIC-TOTAL,secondary,14,percent_change_from_baseline,,,,baseline,16w,,,,,,0,,,,,,,,,,,,Percent Change From Baseline in PASI Total Score at Week 16
NCT06095102,Icotrokinra,ICONIC-TOTAL,secondary,15,change_from_baseline,BSA,,,baseline,16w,,,,,,0,,,,,,,,,,,,Change From Baseline in Body Surface Area (BSA) at Week 16
NCT06095102,Icotrokinra,ICONIC-TOTAL,secondary,16,percent_change_from_baseline,,,,baseline,16w,,,,,,0,,,,,,,,,,,,Percent Change From Baseline in Modified Nail Psoriasis Severity Index (mNAPSI) Score at Week 16 Among Participants With a Baseline mNAPSI Score >0
NCT06095102,Icotrokinra,ICONIC-TOTAL,secondary,17,responder_rate,,,,baseline,16w,,,,,,1,responder,PGA,,,absolute_score,in,"[0, 1]",score,,,,Percentage of Participants Who Achieved Fingernail Physician's Global Assessment (fPGA) Score of 0 or 1 at Week 16 Among Participants With a Baseline f-PGA Score >=2
NCT06095102,Icotrokinra,ICONIC-TOTAL,secondary,17,responder_rate,,,,baseline,16w,,,,,,2,subgroup,,,,absolute_score,>=,2,score,,,"[""baseline""]",Percentage of Participants Who Achieved Fingernail Physician's Global Assessment (fPGA) Score of 0 or 1 at Week 16 Among Participants With a Baseline f-PGA Score >=2
NCT06095102,Icotrokinra,ICONIC-TOTAL,secondary,18,responder_rate,,,,baseline,8w,,,,,,0,,,,,,,,,,,,Percentage of Participants Who Achieved PSSD Symptoms Score of 0 at Week 8 Among Participants With a Baseline PSSD Symptom Score >0
NCT06095102,Icotrokinra,ICONIC-TOTAL,secondary,19,change_from_baseline,,,,baseline,16w,,,,,,0,,,,,,,,,,,,Change From Baseline in PSSD Symptoms Score at Week 16
NCT06095102,Icotrokinra,ICONIC-TOTAL,secondary,20,responder_rate,,,,baseline,4w,,,,,,1,subgroup,,,,absolute_score,>=,4,score,,,"[""baseline""]",Percentage of Participants Achieving >=4-Point Improvement From Baseline in PSSD Itch Score at Week 4 Among Participants With a Baseline Itch Score >=4
NCT06095102,Icotrokinra,ICONIC-TOTAL,secondary,21,change_from_baseline,,,,baseline,16w,,,,,,0,,,,,,,,,,,,Change From Baseline in PSSD Sign Score at Week 16
NCT06095102,Icotrokinra,ICONIC-TOTAL,secondary,22,responder_rate,,,,baseline,16w,,,,,,1,responder,PSSD Sign,,,absolute_score,==,0,score,,,,Percentage of Participants Who Achieved PSSD Sign Score of 0 at Week 16 Among Participants With a Baseline PSSD Sign Score >0
NCT06095102,Icotrokinra,ICONIC-TOTAL,secondary,23,responder_rate,DLQI,,,baseline,16w,,,,,,1,responder,DLQI,,,absolute_score,in,"[0, 1]",score,,,,Percentage of Participants Who Achieved Dermatological Life Quality Index (DLQI) Score of 0 or 1 at Week 16 Among Participants With a Baseline DLQI Score >1
NCT06095102,Icotrokinra,ICONIC-TOTAL,secondary,24,responder_rate,CDLQI,,,baseline,16w,,,,,,1,responder,CDLQI,,,absolute_score,>,1,score,,,,Percentage of Participants Who Achieved Children's Dermatological Life Quality Index (CDLQI) Score of 0 or 1 at Week 16 Among Adolescent Participants With a Baseline CDLQI Score >1
NCT06095102,Icotrokinra,ICONIC-TOTAL,secondary,24,responder_rate,CDLQI,,,baseline,16w,,,,,,2,responder,CDLQI,,,absolute_score,in,"[0, 1]",score,,,,Percentage of Participants Who Achieved Children's Dermatological Life Quality Index (CDLQI) Score of 0 or 1 at Week 16 Among Adolescent Participants With a Baseline CDLQI Score >1
NCT06095102,Icotrokinra,ICONIC-TOTAL,secondary,25,change_from_baseline,PROMIS,,,baseline,16w,,,,,,0,,,,,,,,,,,,Change From Baseline in Domain Scores of the Patient Reported Outcomes Measurement Information System-29 (PROMIS-29) Score at Week 16
NCT06095102,Icotrokinra,ICONIC-TOTAL,secondary,26,change_from_baseline,PROMIS,,,baseline,16w,,,,,,0,,,,,,,,,,,,Change From Baseline in Domain Scores of the PROMIS-25 Pediatric Score at Week 16
NCT06095102,Icotrokinra,ICONIC-TOTAL,secondary,27,change_from_baseline,,,,baseline,16w,,,,,,1,subgroup,,,,absolute_score,>=,3,score,,,"[""baseline""]",Change From Baseline in Palmoplantar Quality of Life Instrument (ppQLI) Hands Score at Week 16 Among Participants With a Baseline Hf-PGA Score >=3
NCT06095102,Icotrokinra,ICONIC-TOTAL,secondary,28,change_from_baseline,,,,baseline,16w,,,,,,1,subgroup,,,,absolute_score,>=,3,score,,,"[""baseline""]",Change From Baseline in ppQLI Feet Score at Week 16 Among Participants With a Baseline Hf-PGA Score >=3
NCT06095102,Icotrokinra,ICONIC-TOTAL,secondary,29,change_from_baseline,,,,baseline,16w,,,,,,1,subgroup,,,,absolute_score,>=,3,score,,,"[""baseline""]",Change From Baseline in Genital Psoriasis Symptoms Score (GPSS) Total Score at Week 16 Among Participants With a Baseline sPGA-G Score >=3
NCT06095102,Icotrokinra,ICONIC-TOTAL,secondary,30,count,,,,,,,,,,,0,,,,,,,,,,,,Number of Participants With Adverse Events (AEs)
NCT06095102,Icotrokinra,ICONIC-TOTAL,secondary,31,count,,,,,,,,,,,0,,,,,,,,,,,,Number of Participants With Serious Adverse Events (SAEs)
NCT06095115,Icotrokinra,ICONIC-LEAD,primary,1,responder_rate,IGA,,,baseline,16w,,,,,,1,responder,IGA,,,absolute_score,in,"[0, 1]",score,,,,Percentage of Participants Who Achieved an Investigator's Global Assessment (IGA) Score of 0 or 1 and Greater Than or Equal to (>=) 2-Grade Improvement From Baseline at Week 16 (Time frame: Week 16)
NCT06095115,Icotrokinra,ICONIC-LEAD,primary,2,responder_rate,,,,,16w,,,,,,0,,,,,,,,,,,,Percentage of Participants Who Achieved Psoriasis Area and Severity Index (PASI) 90 Response at Week 16 (Time frame: Week 16)
NCT06095115,Icotrokinra,ICONIC-LEAD,secondary,1,responder_rate,IGA,,,,16w,,,,,,1,responder,IGA,,,absolute_score,==,0,score,,,,Percentage of Participants Who Achieved IGA Score of 0 at Week 16
NCT06095115,Icotrokinra,ICONIC-LEAD,secondary,2,responder_rate,,,,,4w,,,,,,1,responder,PASI,,,percent_improvement_from_baseline,>=,75,percent,,,,Percentage of Participants Who Achieved PASI 75 Response at Week 4
NCT06095115,Icotrokinra,ICONIC-LEAD,secondary,3,responder_rate,,,,,8w,,,,,,1,responder,PASI,,,percent_improvement_from_baseline,>=,90,percent,,,,Percentage of Participants Who Achieved PASI 90 Response at Week 8
NCT06095115,Icotrokinra,ICONIC-LEAD,secondary,4,responder_rate,,,,,16w,,,,,,1,responder,PASI,,,percent_improvement_from_baseline,>=,75,percent,,,,Percentage of Participants Who Achieved PASI 75 Response at Week 16
NCT06095115,Icotrokinra,ICONIC-LEAD,secondary,5,responder_rate,,,,,16w,,,,,,1,responder,PASI,,,percent_improvement_from_baseline,>=,100,percent,,,,Percentage of Participants Who Achieved PASI 100 Response at Week 16
NCT06095115,Icotrokinra,ICONIC-LEAD,secondary,6,responder_rate,IGA,,,baseline,16w,,,,,,1,responder,IGA,,,absolute_score,in,"[0, 1]",score,,,,Percentage of Participants Who Achieved Scalp Specific (ss)-IGA Score of 0 or 1 and >=2-Grade Improvement From Baseline at Week 16 Among Participants With a Baseline Ss-IGA Score >=2
NCT06095115,Icotrokinra,ICONIC-LEAD,secondary,6,responder_rate,IGA,,,baseline,16w,,,,,,2,subgroup,IGA,,,absolute_score,>=,2,score,,,"[""baseline""]",Percentage of Participants Who Achieved Scalp Specific (ss)-IGA Score of 0 or 1 and >=2-Grade Improvement From Baseline at Week 16 Among Participants With a Baseline Ss-IGA Score >=2
NCT06095115,Icotrokinra,ICONIC-LEAD,secondary,7,responder_rate,,,,baseline,8w,,,,,,1,responder,PSSD Symptom,,,absolute_score,==,0,score,,,,Percentage of Participants Who Achieved Psoriasis Symptom and Signs Diary (PSSD) Symptom Score of 0 at Week 8 Among Participants With a Baseline PSSD Symptom Score >0
NCT06095115,Icotrokinra,ICONIC-LEAD,secondary,8,responder_rate,,,,baseline,16w,,,,,,1,responder,PSSD Symptom,,,absolute_score,==,0,score,,,,Percentage of Participants Who Achieved Psoriasis Symptom and Signs Diary (PSSD) Symptom Score of 0 at Week 16 Among Participants With a Baseline PSSD Symptom Score >0
NCT06095115,Icotrokinra,ICONIC-LEAD,secondary,9,responder_rate,,,,baseline,4w,,,,,,1,subgroup,,,,absolute_score,>=,4,score,,,"[""baseline""]",Percentage of Participants Who Achieved >=4-Point Improvement From Baseline in PSSD Itch Score at Week 4 Among Participants With a Baseline PSSD Itch Score >=4
NCT06095115,Icotrokinra,ICONIC-LEAD,secondary,10,responder_rate,,,,baseline,16w,,,,,,1,subgroup,,,,absolute_score,>=,4,score,,,"[""baseline""]",Percentage of Participants Who Achieved >=4-Point Improvement From Baseline in PSSD Itch Score at Week 16 Among Participants With a Baseline PSSD Itch Score >=4
NCT06095115,Icotrokinra,ICONIC-LEAD,secondary,11,responder_rate,,,,,52w;24w;24w,,,,,,1,responder,PASI,,,percent_improvement_from_baseline,>=,75,percent,,,,Percentage of Participants Who Achieved PASI 75 Response at Week 52 Among Participants Randomized at Week 24 and Were PASI 75 Responders at Week 24
NCT06095115,Icotrokinra,ICONIC-LEAD,secondary,12,responder_rate,,,,,52w;24w;24w,,,,,,1,responder,PASI,,,percent_improvement_from_baseline,>=,90,percent,,,,Percentage of Participants Who Achieved PASI 90 Response at Week 52 Among Participants Randomized at Week 24 and Were PASI 90 Responders at Week 24
NCT06095115,Icotrokinra,ICONIC-LEAD,secondary,13,time_to_event,,,,,24w;24w,,,,,,0,,,,,,,,,,,,Time to Loss of PASI 75 Among Participants Randomized at Week 24 and Were PASI 75 Responders at Week 24
NCT06095115,Icotrokinra,ICONIC-LEAD,secondary,14,time_to_event,,,,,24w;24w,,,,,,0,,,,,,,,,,,,Time to Loss of PASI 90 Among Participants Randomized at Week 24 and Were PASI 90 Responders at Week 24
NCT06095115,Icotrokinra,ICONIC-LEAD,secondary,15,change_from_baseline,BSA,,,baseline,16w,,,,,,0,,,,,,,,,,,,Change From Baseline in Body Surface Area (BSA) at Week 16
NCT06095115,Icotrokinra,ICONIC-LEAD,secondary,16,change_from_baseline,,,,baseline,16w,,,,,,0,,,,,,,,,,,,Change From Baseline in PASI Total Score at Week 16
NCT06095115,Icotrokinra,ICONIC-LEAD,secondary,17,percent_change_from_baseline,,,,baseline,16w,,,,,,0,,,,,,,,,,,,Percent Change From Baseline in PASI Total Score at Week 16
NCT06095115,Icotrokinra,ICONIC-LEAD,secondary,18,responder_rate,,,,baseline,16w,,,,,,1,responder,sPGA,,,absolute_score,in,"[0, 1]",score,,,,Percentage of Participants Who Achieved Static Physician's Global Assessment of Genitalia (sPGA-G) Score of 0 or 1 and a >=2-Grade Improvement in Genital Psoriasis From Baseline at Week 16 Among Participants With a Baseline sPGA-G Score >=2
NCT06095115,Icotrokinra,ICONIC-LEAD,secondary,18,responder_rate,,,,baseline,16w,,,,,,2,subgroup,,,,absolute_score,>=,2,score,,,"[""baseline""]",Percentage of Participants Who Achieved Static Physician's Global Assessment of Genitalia (sPGA-G) Score of 0 or 1 and a >=2-Grade Improvement in Genital Psoriasis From Baseline at Week 16 Among Participants With a Baseline sPGA-G Score >=2
NCT06095115,Icotrokinra,ICONIC-LEAD,secondary,19,responder_rate,,,,baseline,16w,,,,,,1,responder,PGA,,,absolute_score,in,"[0, 1]",score,,,,Percentage of Participants Achieving a Physician's Global Assessment of Hands and Feet (Hf-PGA) Score of 0 or 1 and at Least a 2-grade Improvement at Week 16 Among Participants With a Baseline Hf-PGA Score >=2
NCT06095115,Icotrokinra,ICONIC-LEAD,secondary,19,responder_rate,,,,baseline,16w,,,,,,2,subgroup,,,,absolute_score,>=,2,score,,,"[""baseline""]",Percentage of Participants Achieving a Physician's Global Assessment of Hands and Feet (Hf-PGA) Score of 0 or 1 and at Least a 2-grade Improvement at Week 16 Among Participants With a Baseline Hf-PGA Score >=2
NCT06095115,Icotrokinra,ICONIC-LEAD,secondary,20,percent_change_from_baseline,,,,baseline,16w,,,,,,0,,,,,,,,,,,,Percent Change From Baseline in Modified Nail Psoriasis Severity Index (mNAPSI) Score at Week 16 Among Participants With Baseline mNAPSI Score >0
NCT06095115,Icotrokinra,ICONIC-LEAD,secondary,21,responder_rate,,,,baseline,16w,,,,,,1,responder,PGA,,,absolute_score,in,"[0, 1]",score,,,,Percentage of Participants Who Achieved Fingernail Physician's Global Assessment (f-PGA) Score of 0 or 1 at Week 16 Among Participants With a Baseline f-PGA Score >=2
NCT06095115,Icotrokinra,ICONIC-LEAD,secondary,21,responder_rate,,,,baseline,16w,,,,,,2,subgroup,,,,absolute_score,>=,2,score,,,"[""baseline""]",Percentage of Participants Who Achieved Fingernail Physician's Global Assessment (f-PGA) Score of 0 or 1 at Week 16 Among Participants With a Baseline f-PGA Score >=2
NCT06095115,Icotrokinra,ICONIC-LEAD,secondary,22,change_from_baseline,,,,baseline,16w,,,,,,0,,,,,,,,,,,,Change From Baseline in PSSD Symptom Score at Week 16
NCT06095115,Icotrokinra,ICONIC-LEAD,secondary,23,change_from_baseline,,,,baseline,16w,,,,,,0,,,,,,,,,,,,Change From Baseline in PSSD Sign Score at Week 16
NCT06095115,Icotrokinra,ICONIC-LEAD,secondary,24,responder_rate,,,,baseline,16w,,,,,,1,responder,PSSD Sign,,,absolute_score,==,0,score,,,,Percentage of Participants Achieving PSSD Sign Score of 0 at Week 16 Among Participants With Baseline PSSD Sign Score >0
NCT06095115,Icotrokinra,ICONIC-LEAD,secondary,25,responder_rate,,,,baseline,16w,,,,,,1,responder,sPGA,,,absolute_score,in,"[0, 1]",score,,,,Percentage of Participants Achieving Genital Psoriasis Sexual Frequency Questionnaire (GenPs-SFQ) Item 2 Score of 0 or 1 at Week 16 Among Participants With Baseline GenPS-SFQ Item 2 Score >=2 and a Baseline sPGA-G Score >=3
NCT06095115,Icotrokinra,ICONIC-LEAD,secondary,25,responder_rate,,,,baseline,16w,,,,,,2,subgroup,,,,absolute_score,>=,3,score,,,"[""baseline""]",Percentage of Participants Achieving Genital Psoriasis Sexual Frequency Questionnaire (GenPs-SFQ) Item 2 Score of 0 or 1 at Week 16 Among Participants With Baseline GenPS-SFQ Item 2 Score >=2 and a Baseline sPGA-G Score >=3
NCT06095115,Icotrokinra,ICONIC-LEAD,secondary,26,responder_rate,DLQI,,,baseline,16w,,,,,,1,responder,DLQI,,,absolute_score,in,"[0, 1]",score,,,,Percentage of Participants Achieving Dermatology Life Quality Index (DLQI) Score of 0 or 1 at Week 16 Among Participants With a Baseline DLQI Score >1
NCT06095115,Icotrokinra,ICONIC-LEAD,secondary,27,change_from_baseline,DLQI,,,baseline,16w,,,,,,0,,,,,,,,,,,,Change From Baseline in Total DLQI Score at Week 16
NCT06095115,Icotrokinra,ICONIC-LEAD,secondary,28,absolute_value,PROMIS,,,baseline,16w,,,,,,0,,,,,,,,,,,,Adult Participants: Change From Baseline in Domain Scores of the Patient-reported Outcomes Measurement Information System-29 (PROMIS-29) Score at Week 16
NCT06095115,Icotrokinra,ICONIC-LEAD,secondary,29,absolute_value,CDLQI,,,baseline,16w,,,,,,0,,,,,,,,,,,,Adolescent Participants: Percentage of Participants Achieving Children's Dermatology Life Quality Index (CDLQI) Score of 0 or 1 at Week 16 Among Participants With a Baseline CDLQI Score >1
NCT06095115,Icotrokinra,ICONIC-LEAD,secondary,30,absolute_value,CDLQI,,,baseline,16w,,,,,,0,,,,,,,,,,,,Adolescent Participants: Change From Baseline in CDLQI at Week 16
NCT06095115,Icotrokinra,ICONIC-LEAD,secondary,31,absolute_value,PROMIS,,,baseline,16w,,,,,,0,,,,,,,,,,,,Adolescent Participants: Change From Baseline in Domain Scores of the PROMIS-25 Pediatric Score at Week 16
NCT06095115,Icotrokinra,ICONIC-LEAD,secondary,32,responder_rate,IGA,,,baseline,52w,,,,,,1,responder,IGA,,,absolute_score,in,"[0, 1]",score,,,,Percentage of Participants Who Achieved an IGA Score of 0 or 1 and >=2-Grade Improvement From Baseline at Week 52
NCT06095115,Icotrokinra,ICONIC-LEAD,secondary,33,responder_rate,IGA,,,,52w;24w,,,,,,1,responder,IGA,,,absolute_score,==,0,score,,,,Percentage of Participants Achieving IGA Score of 0 at Week 52 Among Participants Who Were IGA 0 Responders at Week 24
NCT06095115,Icotrokinra,ICONIC-LEAD,secondary,34,responder_rate,,,,,52w;24w,,,,,,1,responder,PASI,,,percent_improvement_from_baseline,>=,100,percent,,,,Percentage of Participants Achieving PASI 100 Response at Week 52 Among PASI 100 Responders at Week 24
NCT06095115,Icotrokinra,ICONIC-LEAD,secondary,35,time_to_event,IGA,,,,,,,,,,1,responder,IGA,,,absolute_score,in,"[0, 1]",score,,,,Time to Loss of IGA Response of 0 or 1
NCT06095115,Icotrokinra,ICONIC-LEAD,secondary,36,absolute_value,IGA,,,baseline,52w,,,,,,0,,,,,,,,,,,,Adolescent Participants: Percentage of Participants With IGA Score of 0 or 1 and a >=2-grade Improvement From Baseline at Week 52
NCT06095115,Icotrokinra,ICONIC-LEAD,secondary,37,absolute_value,,,,,52w,,,,,,0,,,,,,,,,,,,Adolescent Participants: Percentage of Participants Who Achieved PASI 75 Response at Week 52
NCT06095115,Icotrokinra,ICONIC-LEAD,secondary,38,absolute_value,,,,,52w,,,,,,0,,,,,,,,,,,,Adolescent Participants: Percentage of Participants Who Achieved PASI 90 Response at Week 52
NCT06095115,Icotrokinra,ICONIC-LEAD,secondary,39,count,,,,,,,,,,,0,,,,,,,,,,,,Number of Participants With Treatment-emergent Adverse Events (AEs)
NCT06095115,Icotrokinra,ICONIC-LEAD,secondary,40,count,,,,,,,,,,,0,,,,,,,,,,,,Number of Participants With Treatment-emergent Serious Adverse Events (SAEs)
NCT06135415,Tirbanibulin,TirbAKare,primary,1,percent_change_from_baseline,,,,baseline,57d,,,,,,0,,,,,,,,,,,,"Percent Change From Baseline in Lesion Count at Day 57 (Time frame: Baseline, Day 57)"
NCT06135415,Tirbanibulin,TirbAKare,secondary,1,responder_rate,,,,,57d,,,,,,0,,,,,,,,,,,,Percentage of Participants With Partial Clearance at Day 57
NCT06135415,Tirbanibulin,TirbAKare,secondary,2,responder_rate,,,,,57d,,,,,,0,,,,,,,,,,,,Percentage of Participants With Complete Clearance at Day 57
NCT06135415,Tirbanibulin,TirbAKare,secondary,3,responder_rate,,,,,113d,,,,,,0,,,,,,,,,,,,Percentage of Participants With Partial Clearance at Day 113
NCT06135415,Tirbanibulin,TirbAKare,secondary,4,responder_rate,,,,,113d,,,,,,0,,,,,,,,,,,,Percentage of Participants With Complete Clearance at Day 113
NCT06135415,Tirbanibulin,TirbAKare,secondary,5,other,,,,,,,,,,,0,,,,,,,,,,,,Local Tolerability Signs Composite Score at Specific Timepoints
NCT06135415,Tirbanibulin,TirbAKare,secondary,6,other,,,,,,,,,,,0,,,,,,,,,,,,Maximum Local Tolerability Signs Composite Score in Treatment Course
NCT06135415,Tirbanibulin,TirbAKare,secondary,7,count,,,,,,,,,,,0,,,,,,,,,,,,"Number of Participants With Treatment-emergent Adverse Events (TEAEs), Serious TEAEs and TEAE of Special Interest"
NCT06143878,Icotrokinra,,primary,1,responder_rate,IGA,,,baseline,16w,,,,,,1,responder,IGA,,,absolute_score,in,"[0, 1]",score,,,,Percentage of Participants Who Achieved an Investigator's Global Assessment (IGA) Score of 0 or 1 and a Greater Than or Equal to (>=) 2-Grade Improvement From Baseline at Week 16 (Time frame: Week 16)
NCT06143878,Icotrokinra,,primary,2,responder_rate,,,,,16w,,,,,,0,,,,,,,,,,,,Percentage of Participants Who Achieved Psoriasis Area and Severity Index (PASI) 90 at Week 16 (Time frame: Week 16)
NCT06143878,Icotrokinra,,secondary,1,responder_rate,IGA,,,,16w,,,,,,1,responder,IGA,,,absolute_score,==,0,score,,,,Percentage of Participants Who Achieved IGA Score of 0 at Week 16
NCT06143878,Icotrokinra,,secondary,2,responder_rate,,,,,4w;16w,,,,,,1,responder,PASI,,,percent_improvement_from_baseline,>=,75,percent,,,,Percentage of Participants Who Achieved PASI 75 at Weeks 4 and 16
NCT06143878,Icotrokinra,,secondary,3,responder_rate,,,,,8w,,,,,,1,responder,PASI,,,percent_improvement_from_baseline,>=,90,percent,,,,Percentage of Participants Who Achieved PASI 90 at Week 8
NCT06143878,Icotrokinra,,secondary,4,responder_rate,,,,,16w,,,,,,1,responder,PASI,,,percent_improvement_from_baseline,>=,100,percent,,,,Percentage of Participants Who Achieved PASI 100 at Week 16
NCT06143878,Icotrokinra,,secondary,5,responder_rate,IGA,,,baseline,16w,,,,,,1,responder,IGA,,,absolute_score,in,"[0, 1]",score,,,,Percentage of Participants Who Achieved a Scalp Specific (ss)-IGA Score of 0 or 1 and >=2-Grade Improvement From Baseline at Week 16 Among Participants With a Baseline Ss-IGA Score >=2
NCT06143878,Icotrokinra,,secondary,5,responder_rate,IGA,,,baseline,16w,,,,,,2,subgroup,IGA,,,absolute_score,>=,2,score,,,"[""baseline""]",Percentage of Participants Who Achieved a Scalp Specific (ss)-IGA Score of 0 or 1 and >=2-Grade Improvement From Baseline at Week 16 Among Participants With a Baseline Ss-IGA Score >=2
NCT06143878,Icotrokinra,,secondary,6,responder_rate,,,,baseline,8w;16w,,,,,,1,responder,PSSD Symptom,,,absolute_score,==,0,score,,,,Percentage of Participants Who Achieved Psoriasis Symptom and Signs Diary (PSSD) Symptom Score of 0 at Weeks 8 and 16 Among Participants With a Baseline PSSD Symptom Score >0
NCT06143878,Icotrokinra,,secondary,7,responder_rate,,,,baseline,4w;16w,,,,,,1,subgroup,,,,absolute_score,>=,4,score,,,"[""baseline""]",Percentage of Participants Who Achieved >=4-Point Improvement From Baseline in PSSD Itch Score at Weeks 4 and 16 Among Participants With a Baseline PSSD Itch Score >=4
NCT06143878,Icotrokinra,,secondary,8,responder_rate,IGA,,,baseline,16w;24w,,,,,,1,responder,IGA,,,absolute_score,in,"[0, 1]",score,,,,Percentage of Participants Who Achieved an IGA Score of 0 or 1 and >=2-Grade Improvement From Baseline at Weeks 16 and 24
NCT06143878,Icotrokinra,,secondary,9,responder_rate,IGA,,,,16w;24w,,,,,,1,responder,IGA,,,absolute_score,==,0,score,,,,Percentage of Participants Who Achieved an IGA Score of 0 at Weeks 16 and 24
NCT06143878,Icotrokinra,,secondary,10,responder_rate,,,,,16w;24w,,,,,,1,responder,PASI,,,percent_improvement_from_baseline,>=,75,percent,,,,Percentage of Participants Who Achieved PASI 75 at Weeks 16 and 24
NCT06143878,Icotrokinra,,secondary,11,responder_rate,,,,,16w;24w,,,,,,1,responder,PASI,,,percent_improvement_from_baseline,>=,90,percent,,,,Percentage of Participants Who Achieved PASI 90 at Weeks 16 and 24
NCT06143878,Icotrokinra,,secondary,12,responder_rate,,,,,16w;24w,,,,,,1,responder,PASI,,,percent_improvement_from_baseline,>=,100,percent,,,,Percentage of Participants Who Achieved PASI 100 at Weeks 16 and 24
NCT06143878,Icotrokinra,,secondary,13,responder_rate,,,,baseline,16w,,,,,,1,responder,PSSD Symptom,,,absolute_score,==,0,score,,,,Percentage of Participants Who Achieved PSSD Symptom Score of 0 at Week 16 Among Participants With a Baseline Symptom Score >0
NCT06143878,Icotrokinra,,secondary,14,change_from_baseline,BSA,,,baseline,16w,,,,,,0,,,,,,,,,,,,Change From Baseline in Body Surface Area (BSA) at Week 16
NCT06143878,Icotrokinra,,secondary,15,change_from_baseline,,,,baseline,16w,,,,,,0,,,,,,,,,,,,Change From Baseline in PASI Total Score at Week 16
NCT06143878,Icotrokinra,,secondary,16,percent_change_from_baseline,,,,baseline,16w,,,,,,0,,,,,,,,,,,,Percent Change From Baseline in PASI Total Score at Week 16
NCT06143878,Icotrokinra,,secondary,17,responder_rate,,,,baseline,16w,,,,,,1,responder,sPGA,,,absolute_score,in,"[0, 1]",score,,,,Percentage of Participants Who Achieved Static Physician's Global Assessment of Genitalia (sPGA-G) Score of 0 or 1 and a >=2-grade Improvement at Week 16 Among Participants With a Baseline sPGA-G Score >=2
NCT06143878,Icotrokinra,,secondary,17,responder_rate,,,,baseline,16w,,,,,,2,subgroup,,,,absolute_score,>=,2,score,,,"[""baseline""]",Percentage of Participants Who Achieved Static Physician's Global Assessment of Genitalia (sPGA-G) Score of 0 or 1 and a >=2-grade Improvement at Week 16 Among Participants With a Baseline sPGA-G Score >=2
NCT06143878,Icotrokinra,,secondary,18,responder_rate,,,,baseline,16w,,,,,,1,responder,PGA,,,absolute_score,in,"[0, 1]",score,,,,Percentage of Participants Who Achieved Physician's Global Assessment of Hands and Feet (Hf-PGA) Score of 0 or 1 and a >=2-grade Improvement at Week 16 Among Participants With a Baseline Hf-PGA Score >=2
NCT06143878,Icotrokinra,,secondary,18,responder_rate,,,,baseline,16w,,,,,,2,subgroup,,,,absolute_score,>=,2,score,,,"[""baseline""]",Percentage of Participants Who Achieved Physician's Global Assessment of Hands and Feet (Hf-PGA) Score of 0 or 1 and a >=2-grade Improvement at Week 16 Among Participants With a Baseline Hf-PGA Score >=2
NCT06143878,Icotrokinra,,secondary,19,percent_change_from_baseline,,,,baseline,16w,,,,,,0,,,,,,,,,,,,Percent Change From Baseline in Modified Nail Psoriasis Severity Index (mNAPSI) Score at Week 16 Among Participants With a Baseline mNAPSI Score >0
NCT06143878,Icotrokinra,,secondary,20,responder_rate,,,,baseline,16w,,,,,,1,responder,PGA,,,absolute_score,in,"[0, 1]",score,,,,Percentage of Participants Who Achieved Fingernail Physician's Global Assessment (f-PGA) Score of 0 or 1 at Week 16 Among Participants With Baseline f-PGA Score >=2
NCT06143878,Icotrokinra,,secondary,20,responder_rate,,,,baseline,16w,,,,,,2,subgroup,,,,absolute_score,>=,2,score,,,"[""baseline""]",Percentage of Participants Who Achieved Fingernail Physician's Global Assessment (f-PGA) Score of 0 or 1 at Week 16 Among Participants With Baseline f-PGA Score >=2
NCT06143878,Icotrokinra,,secondary,21,change_from_baseline,,,,baseline,16w,,,,,,0,,,,,,,,,,,,Change From Baseline in PSSD Symptom Score at Week 16
NCT06143878,Icotrokinra,,secondary,22,change_from_baseline,,,,baseline,16w,,,,,,0,,,,,,,,,,,,Change From Baseline in PSSD Sign Score at Week 16
NCT06143878,Icotrokinra,,secondary,23,responder_rate,,,,baseline,16w,,,,,,1,responder,PSSD Sign,,,absolute_score,==,0,score,,,,Percentage of Participants Who Achieved PSSD Sign Score of 0 at Week 16 Among Participants With a Baseline Sign Score >0
NCT06143878,Icotrokinra,,secondary,24,responder_rate,,,,baseline,16w,,,,,,1,responder,sPGA,,,absolute_score,in,"[0, 1]",score,,,,Percentage of Participants Who Achieved Genital Psoriasis Sexual Frequency Questionnaire (GenPs-SFQ) Item 2 Score of 0 or 1 at Week 16 Among Participants With a Baseline GenPS-SFQ Item 2 Score >=2 and With a Baseline sPGA-G Score >=3
NCT06143878,Icotrokinra,,secondary,24,responder_rate,,,,baseline,16w,,,,,,2,subgroup,,,,absolute_score,>=,3,score,,,"[""baseline""]",Percentage of Participants Who Achieved Genital Psoriasis Sexual Frequency Questionnaire (GenPs-SFQ) Item 2 Score of 0 or 1 at Week 16 Among Participants With a Baseline GenPS-SFQ Item 2 Score >=2 and With a Baseline sPGA-G Score >=3
NCT06143878,Icotrokinra,,secondary,25,responder_rate,DLQI,,,baseline,16w,,,,,,1,responder,DLQI,,,absolute_score,in,"[0, 1]",score,,,,Percentage of Participants Who Achieved Dermatological Life Quality Index (DLQI) Score of 0 or 1 at Week 16 Among Participants With a Baseline DLQI Score >1
NCT06143878,Icotrokinra,,secondary,26,change_from_baseline,DLQI,,,baseline,16w,,,,,,0,,,,,,,,,,,,Change From Baseline in Total DLQI Score at Week 16
NCT06143878,Icotrokinra,,secondary,27,change_from_baseline,PROMIS,,,baseline,16w,,,,,,0,,,,,,,,,,,,Change From Baseline in Domain Scores of the Patient Reported Outcomes Measurement Information System-29 (PROMIS-29) Score at Week 16
NCT06143878,Icotrokinra,,secondary,28,responder_rate,DLQI,,,baseline,16w;24w,,,,,,1,responder,DLQI,,,absolute_score,in,"[0, 1]",score,,,,Percentage of Participants Who Achieved DLQI Score of 0 or 1 at Weeks 16 and 24 Among Participants With a Baseline DLQI Score >1
NCT06143878,Icotrokinra,,secondary,29,responder_rate,,,,baseline,24w,,,,,,1,responder,PSSD Symptom,,,absolute_score,==,0,score,,,,Percentage of Participants Who Achieved PSSD Symptom Score of 0 at Week 24 Among Participants With Baseline Symptom Score >0
NCT06143878,Icotrokinra,,secondary,30,responder_rate,,,,,24w;24w,,,,,,1,responder,PASI,,,percent_improvement_from_baseline,>=,75,percent,,,,"Percentage of Participants Who Achieved PASI 75 After Week 24, Among PASI 75 Nonresponders to Deucravacitinib at Week 24"
NCT06143878,Icotrokinra,,secondary,31,responder_rate,,,,,24w;24w,,,,,,1,responder,PASI,,,percent_improvement_from_baseline,>=,90,percent,,,,"Percentage of Participants Who Achieved PASI 90 After Week 24, Among PASI 90 Nonresponders to Deucravacitinib at Week 24"
NCT06143878,Icotrokinra,,secondary,32,responder_rate,IGA,,,,24w;24w,,,,,,1,responder,IGA,,,absolute_score,in,"[0, 1]",score,,,,"Percentage of Participants Who Achieved IGA Score of 0 or 1 After Week 24, Among Participants in the Deucravacitinib Group With IGA Score >=2 at Week 24"
NCT06143878,Icotrokinra,,secondary,33,count,,,,,,,,,,,0,,,,,,,,,,,,Number of Participants With Adverse Events (AEs)
NCT06143878,Icotrokinra,,secondary,34,count,,,,,,,,,,,0,,,,,,,,,,,,Number of Participants With Serious Adverse Events (SAEs)
NCT06220604,Icotrokinra,,primary,1,responder_rate,IGA,,,baseline,16w,,,,,,1,responder,IGA,,,absolute_score,in,"[0, 1]",score,,,,Percentage of Participants Who Achieved an Investigator's Global Assessment (IGA) Score of 0 or 1 and Greater Than or Equal to (>=) 2-Grade Improvement From Baseline at Week 16 (Time frame: Week 16)
NCT06220604,Icotrokinra,,primary,2,responder_rate,,,,,16w,,,,,,0,,,,,,,,,,,,Percentage of Participants Who Achieved Psoriasis Area and Severity Index (PASI) 90 Response at Week 16 (Time frame: Week 16)
NCT06220604,Icotrokinra,,secondary,1,responder_rate,IGA,,,,16w,,,,,,1,responder,IGA,,,absolute_score,==,0,score,,,,Percentage of Participants Who Achieved IGA Score of 0 at Week 16
NCT06220604,Icotrokinra,,secondary,2,responder_rate,,,,,4w;16w,,,,,,1,responder,PASI,,,percent_improvement_from_baseline,>=,75,percent,,,,Percentage of Participants Who Achieved PASI 75 Response at Weeks 4 and 16
NCT06220604,Icotrokinra,,secondary,3,responder_rate,,,,,8w,,,,,,1,responder,PASI,,,percent_improvement_from_baseline,>=,90,percent,,,,Percentage of Participants Who Achieved PASI 90 Response at Week 8
NCT06220604,Icotrokinra,,secondary,4,responder_rate,,,,,16w,,,,,,1,responder,PASI,,,percent_improvement_from_baseline,>=,100,percent,,,,Percentage of Participants Who Achieved PASI 100 Response at Week 16
NCT06220604,Icotrokinra,,secondary,5,responder_rate,IGA,,,baseline,16w,,,,,,1,responder,IGA,,,absolute_score,in,"[0, 1]",score,,,,Percentage of Participants Who Achieved Scalp Specific (ss)-IGA Score of 0 or 1 and >=2-Grade Improvement From Baseline at Week 16 Among Participants With a Baseline Ss-IGA Score >=2
NCT06220604,Icotrokinra,,secondary,5,responder_rate,IGA,,,baseline,16w,,,,,,2,subgroup,IGA,,,absolute_score,>=,2,score,,,"[""baseline""]",Percentage of Participants Who Achieved Scalp Specific (ss)-IGA Score of 0 or 1 and >=2-Grade Improvement From Baseline at Week 16 Among Participants With a Baseline Ss-IGA Score >=2
NCT06220604,Icotrokinra,,secondary,6,responder_rate,,,,baseline,8w;16w,,,,,,1,responder,PSSD Symptom,,,absolute_score,==,0,score,,,,Percentage of Participants Who Achieved Psoriasis Symptom and Signs Diary (PSSD) Symptom Score of 0 at Weeks 8 and 16 Among Participants With a Baseline PSSD Symptom Score >0
NCT06220604,Icotrokinra,,secondary,7,responder_rate,,,,baseline,4w;16w,,,,,,1,subgroup,,,,absolute_score,>=,4,score,,,"[""baseline""]",Percentage of Participants Who Achieved >=4-Point Improvement From Baseline in PSSD Itch Score at Weeks 4 and 16 Among Participants With a Baseline PSSD Itch Score >=4
NCT06220604,Icotrokinra,,secondary,8,responder_rate,IGA,,,baseline,16w;24w,,,,,,1,responder,IGA,,,absolute_score,in,"[0, 1]",score,,,,Percentage of Participants Who Achieved an IGA Score of 0 or 1 and >=2-Grade Improvement From Baseline at Weeks 16 and 24
NCT06220604,Icotrokinra,,secondary,9,responder_rate,IGA,,,,16w;24w,,,,,,1,responder,IGA,,,absolute_score,==,0,score,,,,Percentage of Participants Who Achieved an IGA Score of 0 at Weeks 16 and 24
NCT06220604,Icotrokinra,,secondary,10,responder_rate,,,,,16w;24w,,,,,,1,responder,PASI,,,percent_improvement_from_baseline,>=,75,percent,,,,Percentage of Participants Who Achieved PASI 75 Response at Weeks 16 and 24
NCT06220604,Icotrokinra,,secondary,11,responder_rate,,,,,16w;24w,,,,,,1,responder,PASI,,,percent_improvement_from_baseline,>=,90,percent,,,,Percentage of Participants Who Achieved PASI 90 Response at Weeks 16 and 24
NCT06220604,Icotrokinra,,secondary,12,responder_rate,,,,,16w;24w,,,,,,1,responder,PASI,,,percent_improvement_from_baseline,>=,100,percent,,,,Percentage of Participants Who Achieved PASI 100 Response at Weeks 16 and 24
NCT06220604,Icotrokinra,,secondary,13,responder_rate,,,,baseline,16w,,,,,,1,responder,PSSD Symptom,,,absolute_score,==,0,score,,,,Percentage of Participants Who Achieved PSSD Symptom Score of 0 at Week 16 Among Participants With a Baseline PSSD Symptom Score >0
NCT06220604,Icotrokinra,,secondary,14,change_from_baseline,BSA,,,baseline,16w,,,,,,0,,,,,,,,,,,,Change From Baseline in Body Surface Area (BSA) at Week 16
NCT06220604,Icotrokinra,,secondary,15,change_from_baseline,,,,baseline,16w,,,,,,0,,,,,,,,,,,,Change From Baseline in PASI Total Score at Week 16
NCT06220604,Icotrokinra,,secondary,16,percent_change_from_baseline,,,,baseline,16w,,,,,,0,,,,,,,,,,,,Percent Change From Baseline in PASI Total Score at Week 16
NCT06220604,Icotrokinra,,secondary,17,responder_rate,,,,baseline,16w,,,,,,1,responder,sPGA,,,absolute_score,in,"[0, 1]",score,,,,Percentage of Participants Who Achieved Static Physician's Global Assessment of Genitalia (sPGA-G) Score of 0 or 1 and a >=2-Grade Improvement From Baseline at Week 16 Among Participants With a Baseline sPGA-G Score >=2
NCT06220604,Icotrokinra,,secondary,17,responder_rate,,,,baseline,16w,,,,,,2,subgroup,,,,absolute_score,>=,2,score,,,"[""baseline""]",Percentage of Participants Who Achieved Static Physician's Global Assessment of Genitalia (sPGA-G) Score of 0 or 1 and a >=2-Grade Improvement From Baseline at Week 16 Among Participants With a Baseline sPGA-G Score >=2
NCT06220604,Icotrokinra,,secondary,18,responder_rate,,,,baseline,16w,,,,,,1,responder,PGA,,,absolute_score,in,"[0, 1]",score,,,,Percentage of Participants Who Achieved Physician's Global Assessment of Hands and Feet (Hf-PGA) Score of 0 or 1 and a >=2-Grade Improvement From Baseline at Week 16 Among Participants With a Baseline Hf-PGA Score >=2
NCT06220604,Icotrokinra,,secondary,18,responder_rate,,,,baseline,16w,,,,,,2,subgroup,,,,absolute_score,>=,2,score,,,"[""baseline""]",Percentage of Participants Who Achieved Physician's Global Assessment of Hands and Feet (Hf-PGA) Score of 0 or 1 and a >=2-Grade Improvement From Baseline at Week 16 Among Participants With a Baseline Hf-PGA Score >=2
NCT06220604,Icotrokinra,,secondary,19,percent_change_from_baseline,,,,baseline,16w,,,,,,0,,,,,,,,,,,,Percent Change From Baseline in Modified Nail Psoriasis Severity Index (mNAPSI) Score at Week 16 Among Participants With a Baseline mNAPSI Score >0
NCT06220604,Icotrokinra,,secondary,20,responder_rate,,,,baseline,16w,,,,,,1,responder,PGA,,,absolute_score,in,"[0, 1]",score,,,,Percentage of Participants Who Achieved Fingernail Physician's Global Assessment (f-PGA) Score of 0 or 1 at Week 16 Among Participants With a Baseline f-PGA Score >=2
NCT06220604,Icotrokinra,,secondary,20,responder_rate,,,,baseline,16w,,,,,,2,subgroup,,,,absolute_score,>=,2,score,,,"[""baseline""]",Percentage of Participants Who Achieved Fingernail Physician's Global Assessment (f-PGA) Score of 0 or 1 at Week 16 Among Participants With a Baseline f-PGA Score >=2
NCT06220604,Icotrokinra,,secondary,21,change_from_baseline,,,,baseline,16w,,,,,,0,,,,,,,,,,,,Change From Baseline in PSSD Symptom Score at Week 16
NCT06220604,Icotrokinra,,secondary,22,change_from_baseline,,,,baseline,16w,,,,,,0,,,,,,,,,,,,Change From Baseline in PSSD Sign Score at Week 16
NCT06220604,Icotrokinra,,secondary,23,responder_rate,,,,baseline,16w,,,,,,1,responder,PSSD Sign,,,absolute_score,==,0,score,,,,Percentage of Participants Who Achieved PSSD Sign Score of 0 at Week 16 Among Participants With a Baseline Sign Score >0
NCT06220604,Icotrokinra,,secondary,24,responder_rate,,,,baseline,16w,,,,,,1,responder,sPGA,,,absolute_score,in,"[0, 1]",score,,,,Percentage of Participants Who Achieved Genital Psoriasis Sexual Frequency Questionnaire (GenPs-SFQ) Item 2 Score of 0 or 1 at Week 16 Among Participants With a Baseline GenPS-SFQ Item 2 Score >=2 and With a Baseline sPGA-G Score >=3
NCT06220604,Icotrokinra,,secondary,24,responder_rate,,,,baseline,16w,,,,,,2,subgroup,,,,absolute_score,>=,3,score,,,"[""baseline""]",Percentage of Participants Who Achieved Genital Psoriasis Sexual Frequency Questionnaire (GenPs-SFQ) Item 2 Score of 0 or 1 at Week 16 Among Participants With a Baseline GenPS-SFQ Item 2 Score >=2 and With a Baseline sPGA-G Score >=3
NCT06220604,Icotrokinra,,secondary,25,responder_rate,DLQI,,,baseline,16w,,,,,,1,responder,DLQI,,,absolute_score,in,"[0, 1]",score,,,,Percentage of Participants Who Achieved Dermatological Life Quality Index (DLQI) Score of 0 or 1 at Week 16 Among Participants With a Baseline DLQI Score >1
NCT06220604,Icotrokinra,,secondary,26,change_from_baseline,DLQI,,,baseline,16w,,,,,,0,,,,,,,,,,,,Change From Baseline in Total DLQI Score at Week 16
NCT06220604,Icotrokinra,,secondary,27,change_from_baseline,PROMIS,,,baseline,16w,,,,,,0,,,,,,,,,,,,Change From Baseline in Domain Scores of the Patient Reported Outcomes Measurement Information System-29 (PROMIS-29) Score at Week 16
NCT06220604,Icotrokinra,,secondary,28,responder_rate,DLQI,,,baseline,16w;24w,,,,,,1,responder,DLQI,,,absolute_score,in,"[0, 1]",score,,,,Percentage of Participants Who Achieved DLQI Score of 0 or 1 at Weeks 16 and 24 Among Participants With a Baseline DLQI Score >1
NCT06220604,Icotrokinra,,secondary,29,responder_rate,,,,baseline,24w,,,,,,0,,,,,,,,,,,,Percentage of Participants Who Achieved PSSD Symptoms Score of 0 at Week 24 Among Participants With a Baseline PSSD Symptom Score >0
NCT06220604,Icotrokinra,,secondary,30,responder_rate,,,,,24w;24w,,,,,,1,responder,PASI,,,percent_improvement_from_baseline,>=,75,percent,,,,"Percentage of Participants Who Achieved PASI 75 After Week 24, Among PASI 75 Nonresponders to Deucravacitinib at Week 24"
NCT06220604,Icotrokinra,,secondary,31,responder_rate,,,,,24w;24w,,,,,,1,responder,PASI,,,percent_improvement_from_baseline,>=,90,percent,,,,"Percentage of Participants Achieving PASI 90 After Week 24, Among PASI 90 Nonresponders to Deucravacitinib at Week 24"
NCT06220604,Icotrokinra,,secondary,32,responder_rate,IGA,,,,24w;24w,,,,,,1,responder,IGA,,,absolute_score,in,"[0, 1]",score,,,,"Percentage of Participants Achieving IGA Score of 0 or 1 After Week 24, Among Participants in the Deucravacitinib Group With IGA Score >=2 at Week 24"
NCT06220604,Icotrokinra,,secondary,33,count,,,,,,,,,,,0,,,,,,,,,,,,Number of Participants With Treatment-emergent Adverse Events (TEAEs)
NCT06220604,Icotrokinra,,secondary,34,count,,,,,,,,,,,0,,,,,,,,,,,,Number of Participants With Treatment-emergent Serious Adverse Events (TESAEs)
NCT06238817,Ruxolitinib,TRuE-AD4,primary,1,responder_rate,EASI,,,,8w,,,,,,1,responder,EASI,,,percent_improvement_from_baseline,>=,75,percent,,,,Percentage of Participants Achieving a ≥75% Improvement in the Eczema Area and Severity Index Score (EASI75) at Week 8 (Time frame: Baseline; Week 8)
NCT06238817,Ruxolitinib,TRuE-AD4,primary,2,responder_rate,IGA,,,,8w,,,,,,0,,,,,,,,,,,,Percentage of Participants With Investigator's Global Assessment Treatment Success (IGA-TS) at Week 8 (Time frame: Baseline; Week 8)
NCT06238817,Ruxolitinib,TRuE-AD4,secondary,1,responder_rate,Pruritus NRS,,,baseline,8w,,,,,,1,responder,Pruritus NRS,,,point_reduction_from_baseline,>=,4,points,,,,Percentage of Participants Achieving a ≥4-point Improvement in Itch Numeric Rating Scale (NRS) Score (ITCH4) From Baseline to Week 8
NCT06238817,Ruxolitinib,TRuE-AD4,secondary,2,responder_rate,,,,baseline,2d;3d;7d,,,,,,0,,,,,,,,,,,,"Percentage of Participants Achieving ITCH4 From Baseline to Days 2, 3, and 7"
NCT06238817,Ruxolitinib,TRuE-AD4,secondary,3,safety_incidence,,,,,,,,,,,0,,,,,,,,,,,,Vehicle-controlled (VC) Period: Number of Participants With Any Treatment-emergent Adverse Event (TEAE )
NCT06238817,Ruxolitinib,TRuE-AD4,secondary,4,safety_incidence,,,,,,,,,,,0,,,,,,,,,,,,Vehicle-controlled Extension Double-blind (VCE DB) Period: Number of Participants With Any TEAE
NCT06238817,Ruxolitinib,TRuE-AD4,secondary,5,safety_incidence,,,,,,,,,,,0,,,,,,,,,,,,VCE Escape Arm: Number of Participants With Any TEAE
NCT06238817,Ruxolitinib,TRuE-AD4,secondary,6,safety_incidence,,,,,,,,,,,0,,,,,,,,,,,,VC Period: Number of Participants With Any ≥Grade 3 TEAE
NCT06238817,Ruxolitinib,TRuE-AD4,secondary,7,safety_incidence,,,,,,,,,,,0,,,,,,,,,,,,VCE DB Period: Number of Participants With Any ≥Grade 3 TEAE
NCT06238817,Ruxolitinib,TRuE-AD4,secondary,8,safety_incidence,,,,,,,,,,,0,,,,,,,,,,,,VCE Escape Arm: Number of Participants With Any ≥Grade 3 TEAE
NCT06238817,Ruxolitinib,TRuE-AD4,secondary,9,absolute_value,,,,baseline,2w;4w;12w;16w;20w;24w,,,,,,0,,,,,,,,,,,,"Double-blind Treatment Period: Percentage of Participants Achieving EASI75 From Baseline at Weeks 2, 4, 12, 16, 20, and 24"
NCT06238817,Ruxolitinib,TRuE-AD4,secondary,10,absolute_value,,,,baseline,12w;16w;20w;24w,,,,,,0,,,,,,,,,,,,"VCE Escape Arm: Percentage of Participants Achieving EASI75 From Baseline at Weeks 12, 16, 20, and 24"
NCT06238817,Ruxolitinib,TRuE-AD4,secondary,11,other,IGA,,,baseline,8w,,,,,,0,,,,,,,,,,,,Double-blind Treatment Period: Percentage of Participants With IGA-TS From Baseline at Each Postbaseline Visit Except Week 8
NCT06238817,Ruxolitinib,TRuE-AD4,secondary,12,absolute_value,IGA,,,baseline,12w;16w;20w;24w,,,,,,0,,,,,,,,,,,,"VCE Escape Arm: Percentage of Participants With IGA-TS From Baseline at Weeks 12, 16, 20, and 24"
NCT06238817,Ruxolitinib,TRuE-AD4,secondary,13,responder_rate,,,,baseline,2w;4w,,,,,,0,,,,,,,,,,,,Percentage of Participants Achieving ITCH4 From Baseline to Weeks 2 and 4
NCT06238817,Ruxolitinib,TRuE-AD4,secondary,14,time_to_event,,,,,,,,,,,0,,,,,,,,,,,,Time to Achieve ITCH4 During the VC Period
NCT06238817,Ruxolitinib,TRuE-AD4,secondary,15,time_to_event,,,,,,,,,,,0,,,,,,,,,,,,Time to Achieve ITCH2 During the VC Period
NCT06238817,Ruxolitinib,TRuE-AD4,secondary,16,change_from_baseline,Pruritus NRS,,,baseline,1d,,,,,,0,,,,,,,,,,,,"Change From Baseline in Current Itch NRS Score at 5, 15, 30, 45, and 60 Minutes and 2, 4, and 6 Hours Post-initial Dose on Day 1"
NCT06238817,Ruxolitinib,TRuE-AD4,secondary,17,responder_rate,Pruritus NRS,,,baseline,1d,,,,,,0,,,,,,,,,,,,"Percentage of Participants Achieving at Least a 2-point Decrease From Baseline in Current Itch NRS Score at 5, 15, 30, 45, and 60 Minutes and 2, 4, and 6 Hours Post-Initial Dose on Day 1"
NCT06238817,Ruxolitinib,TRuE-AD4,secondary,18,responder_rate,Pruritus NRS,,,baseline,1d,,,,,,0,,,,,,,,,,,,"Percentage of Participants Achieving at Least a 4-point Decrease From Baseline in Current Itch NRS Score at 5, 15, 30, 45, and 60 Minutes and 2, 4, and 6 Hours Post-Initial Dose on Day 1"
NCT06238817,Ruxolitinib,TRuE-AD4,secondary,19,absolute_value,,,,baseline,2w;4w;8w;12w;16w;20w;24w,,,,,,0,,,,,,,,,,,,"Double-blind Treatment Period: Percentage of Participants Achieving EASI50 From Baseline at Weeks 2, 4, 8, 12, 16, 20, and 24"
NCT06238817,Ruxolitinib,TRuE-AD4,secondary,20,absolute_value,,,,baseline,2w;4w;8w;12w;16w;20w;24w,,,,,,0,,,,,,,,,,,,"Double-blind Treatment Period: Percentage of Participants With EASI90 From Baseline at Weeks 2, 4, 8, 12, 16, 20, and 24"
NCT06238817,Ruxolitinib,TRuE-AD4,secondary,21,absolute_value,IGA,,,,2w;4w;8w;12w;16w;20w;24w,,,,,,0,,,,,,,,,,,,"Double-blind Treatment Period: Percentage of Participants Achieving Both EASI75 and IGA-TS at Weeks 2, 4, 8, 12, 16, 20, and 24"
NCT06238817,Ruxolitinib,TRuE-AD4,secondary,22,change_from_baseline,BSA,,,baseline,2w;4w;8w,,,,,,0,,,,,,,,,,,,"Change From Baseline for Atopic Dermatitis-affected %Body Surface Area (BSA) at Weeks 2, 4, and 8 of the Double-blind Treatment Period"
NCT06238817,Ruxolitinib,TRuE-AD4,secondary,23,change_from_baseline,BSA,,,baseline,12w;16w;20w;24w,,,,,,0,,,,,,,,,,,,"Change From Baseline for Atopic Dermatitis-affected %BSA at Weeks 12, 16, 20, and 24 of the Double-blind Treatment Period"
NCT06238817,Ruxolitinib,TRuE-AD4,secondary,24,change_from_baseline,EASI,,,baseline,2w;4w;8w,,,,,,0,,,,,,,,,,,,"Change From Baseline for the EASI Score at Weeks 2, 4, and 8 of the Double-blind Treatment Period"
NCT06238817,Ruxolitinib,TRuE-AD4,secondary,25,change_from_baseline,EASI,,,baseline,12w;16w;20w;24w,,,,,,0,,,,,,,,,,,,"Change From Baseline for the EASI Score at Weeks 12, 16, 20, and 24 of the Double-blind Treatment Period"
NCT06238817,Ruxolitinib,TRuE-AD4,secondary,26,change_from_baseline,SCORAD,,,baseline,2w;4w;8w,,,,,,0,,,,,,,,,,,,"Change From Baseline for the SCORing Atopic Dermatitis (SCORAD) Score at Weeks 2, 4, and 8 of the Double-blind Treatment Period"
NCT06238817,Ruxolitinib,TRuE-AD4,secondary,27,change_from_baseline,SCORAD,,,baseline,12w;16w;20w;24w,,,,,,0,,,,,,,,,,,,"Change From Baseline for the SCORAD Score at Weeks 12, 16, 20, and 24 of the Double-blind Treatment Period"
NCT06238817,Ruxolitinib,TRuE-AD4,secondary,28,change_from_baseline,Pruritus NRS,,,baseline,1d,,,,,,0,,,,,,,,,,,,Change From Baseline for Itch NRS Score at Days 1 Through 56 (8 Weeks)
NCT06238817,Ruxolitinib,TRuE-AD4,secondary,29,change_from_baseline,Pruritus NRS,Skin Pain,,baseline,2w;4w;8w,,,,,,0,,,,,,,,,,,,"Change From Baseline for Skin Pain NRS Score at Weeks 2, 4, and 8 of the Double-blind Treatment Period"
NCT06238817,Ruxolitinib,TRuE-AD4,secondary,30,change_from_baseline,Pruritus NRS,Skin Pain,,baseline,12w;16w;20w;24w,,,,,,0,,,,,,,,,,,,"Change From Baseline for Skin Pain NRS Score at Weeks 12, 16, 20, and 24 of the Double-blind Treatment Period"
NCT06238817,Ruxolitinib,TRuE-AD4,secondary,31,time_to_event,,,,,,,,,,,0,,,,,,,,,,,,Time to Open-label Escape Arm
NCT06238817,Ruxolitinib,TRuE-AD4,secondary,32,responder_rate,IGA,,,,,,,,,,0,,,,,,,,,,,,"Percentage of Participants in the VCE DB Period Concurrently Meeting All of the Following Criteria: IGA Score ≥3, EASI Score ≥16, Itch NRS Score, ≥4, BSA ≥10%, and Dermatology Life Quality Index (DLQI) Score >10"
NCT06238817,Ruxolitinib,TRuE-AD4,secondary,33,time_to_event,IGA,,,,,,,,,,0,,,,,,,,,,,,"Time to Participants in the VCE DB Period Concurrently Meeting All of the Following Criteria: IGA Score ≥3, EASI Score ≥16, Itch NRS Score ≥4, BSA ≥10%, and DLQI Score >10"
NCT06238817,Ruxolitinib,TRuE-AD4,secondary,34,responder_rate,,,,,,,,,,,0,,,,,,,,,,,,Percentage of Participants Who Experienced a Relapse After Study Treatment Discontinuation
NCT06238817,Ruxolitinib,TRuE-AD4,secondary,35,time_to_event,,,,,,,,,,,0,,,,,,,,,,,,Time to First Retreatment During the VCE DB Period
NCT06238817,Ruxolitinib,TRuE-AD4,secondary,36,other,,,,,,,,,,,0,,,,,,,,,,,,Percentage of Time Off Study Treatment Due to Lesion Clearance During the VCE DB Period
NCT06238817,Ruxolitinib,TRuE-AD4,secondary,37,other,,,,,,,,,,,0,,,,,,,,,,,,Percentage of Time on Study Treatment During the VCE DB Period
NCT06238817,Ruxolitinib,TRuE-AD4,secondary,38,absolute_value,DLQI,,,baseline,2w;4w;8w;12w;16w;20w;24w,,,,,,0,,,,,,,,,,,,"Double-blind Treatment Period: Percentage of Participants Who Achieved a ≥4-point Improvement in Dermatology Life Quality Index (DLQI) From Baseline at Weeks 2, 4, 8, 12, 16, 20, and 24"
NCT06238817,Ruxolitinib,TRuE-AD4,secondary,39,change_from_baseline,DLQI,,,baseline,2w;4w;8w,,,,,,0,,,,,,,,,,,,"Change From Baseline in the DLQI Score at Weeks 2, 4, and 8 of the Double-blind Treatment Period"
NCT06238817,Ruxolitinib,TRuE-AD4,secondary,40,change_from_baseline,DLQI,,,baseline,12w;16w;20w;24w,,,,,,0,,,,,,,,,,,,"Change From Baseline in the DLQI Score at Weeks 12, 16, 20, and 24 of the Double-blind Treatment Period"
NCT06238817,Ruxolitinib,TRuE-AD4,secondary,41,change_from_baseline,POEM,,,baseline,2w;4w;8w,,,,,,0,,,,,,,,,,,,"Change From Baseline in the Patient-oriented Eczema Measure (POEM) Score at Weeks 2, 4, and 8 of the Double-blind Treatment Period"
NCT06238817,Ruxolitinib,TRuE-AD4,secondary,42,change_from_baseline,POEM,,,baseline,12w;16w;20w;24w,,,,,,0,,,,,,,,,,,,"Change From Baseline in the POEM Score at Weeks 12, 16, 20, and 24 of the Double-blind Treatment Period"
NCT06238817,Ruxolitinib,TRuE-AD4,secondary,43,change_from_baseline,EQ-5D-5L,VAS,,baseline,2w;4w;8w,,,,,,0,,,,,,,,,,,,"Change From Baseline in the EQ-5D-5L Visual Analog Scale Score at Weeks 2, 4, and 8 of the Double-blind Treatment Period"
NCT06238817,Ruxolitinib,TRuE-AD4,secondary,44,change_from_baseline,EQ-5D-5L,VAS,,baseline,12w;16w;20w;24w,,,,,,0,,,,,,,,,,,,"Change From Baseline in the EQ-5D-5L Visual Analog Scale Score at Weeks 12, 16, 20, and 24 of the Double-blind Treatment Period"
NCT06238817,Ruxolitinib,TRuE-AD4,secondary,45,change_from_baseline,HADS,,,baseline,2w;4w;8w,,,,,,0,,,,,,,,,,,,"Change From Baseline in the Hospital Anxiety and Depression Scale (HADS) Score at Weeks 2, 4, and 8 of the Double-blind Treatment Period"
NCT06238817,Ruxolitinib,TRuE-AD4,secondary,46,change_from_baseline,HADS,,,baseline,12w;16w;20w;24w,,,,,,0,,,,,,,,,,,,"Change From Baseline in the HADS Score at Weeks 12, 16, 20, and 24 of the Double-blind Treatment Period"
NCT06238817,Ruxolitinib,TRuE-AD4,secondary,47,change_from_baseline,PROMIS,,,baseline,2w;4w;8w,,,,,,0,,,,,,,,,,,,"Change From Baseline in the Patient-Reported Outcomes Measurement Information System (PROMIS) Short Form - Sleep-Related Impairment (8a: 7-day Recall) Score at Weeks 2, 4, and 8"
NCT06238817,Ruxolitinib,TRuE-AD4,secondary,48,change_from_baseline,PROMIS,,,baseline,12w;16w;20w;24w,,,,,,0,,,,,,,,,,,,"Change From Baseline in the PROMIS Short Form - Sleep-Related Impairment (8a: 7-day Recall) Score at Weeks 12, 16, 20, and 24"
NCT06238817,Ruxolitinib,TRuE-AD4,secondary,49,change_from_baseline,PROMIS,,,baseline,2w;4w;8w,,,,,,0,,,,,,,,,,,,"Change From Baseline in the PROMIS Short Form - Sleep Disturbance (8b: 7-day Recall) Score at Weeks 2, 4, and 8"
NCT06238817,Ruxolitinib,TRuE-AD4,secondary,50,change_from_baseline,PROMIS,,,baseline,12w;16w;20w;24w,,,,,,0,,,,,,,,,,,,"Change From Baseline in the PROMIS Short Form - Sleep Disturbance (8b: 7-day Recall) Score at Weeks 12, 16, 20, and 24"
NCT06238817,Ruxolitinib,TRuE-AD4,secondary,51,change_from_baseline,,,,baseline,8w;24w,,,,,,0,,,,,,,,,,,,Change From Baseline in the Work Productivity and Activity Impairment Questionairre-Atopic Dermatitis (WPAI-AD) Score at Weeks 8 and 24
NCT06311682,Tralokinumab,TRAPEDS 2,primary,1,other,IGA,,,,,,,,,,0,,,,,,,,,,,,Investigator's Global Assessment for atopic dermatitis (IGA 0/1) score of 0 (clear) or 1 (almost clear) in subjects aged 2 to <12 years at screening. (Time frame: At week 16)
NCT06311682,Tralokinumab,TRAPEDS 2,primary,2,other,EASI,,,,,,,,,,0,,,,,,,,,,,,Having at least 75% reduction in Eczema Area and Severity Index (EASI) score in subjects aged 2 to <12 years at screening. (Time frame: At week 16)
NCT06311682,Tralokinumab,TRAPEDS 2,secondary,1,other,EASI,,,,,,,,,,0,,,,,,,,,,,,Having at least 90% reduction in Eczema Area and Severity Index (EASI) score in subjects aged 2 to <12 years at screening.
NCT06311682,Tralokinumab,TRAPEDS 2,secondary,2,other,EASI,,,,,,,,,,0,,,,,,,,,,,,Having at least 90% reduction in Eczema Area and Severity Index (EASI) score in subjects aged 6 month to <2 years at screening.
NCT06311682,Tralokinumab,TRAPEDS 2,secondary,3,other,IGA,,,,,,,,,,0,,,,,,,,,,,,Investigator's Global Assessment for atopic dermatitis (IGA 0/1) score of 0 (clear) or 1 (almost clear) in subjects aged 6 month to <2 years at screening.
NCT06311682,Tralokinumab,TRAPEDS 2,secondary,4,other,EASI,,,,,,,,,,0,,,,,,,,,,,,Having at least 75% reduction in Eczema Area and Severity Index (EASI) score in subjects aged 6 month to <2 years at screening.
NCT06311682,Tralokinumab,TRAPEDS 2,secondary,5,other,EASI,,,,,,,,,,0,,,,,,,,,,,,Having at least 50% reduction in EASI score in subjects aged 2 to <12 years at screening.
NCT06311682,Tralokinumab,TRAPEDS 2,secondary,6,other,EASI,,,,,,,,,,0,,,,,,,,,,,,Having at least 50% reduction in EASI score in subjects aged 6 month to <2 years at screening.
NCT06311682,Tralokinumab,TRAPEDS 2,secondary,7,other,EASI,,,,,,,,,,0,,,,,,,,,,,,Percent change in EASI in subjects aged 2 to <12 years at screening.
NCT06311682,Tralokinumab,TRAPEDS 2,secondary,8,other,EASI,,,,,,,,,,0,,,,,,,,,,,,Percent change in EASI in subjects aged 6 month to <2 years at screening.
NCT06311682,Tralokinumab,TRAPEDS 2,secondary,9,other,SCORAD,,,,,,,,,,0,,,,,,,,,,,,Percent change in Scoring Atopic Dermatitis (SCORAD) in subjects aged 2 to <12 years at screening.
NCT06311682,Tralokinumab,TRAPEDS 2,secondary,10,other,SCORAD,,,,,,,,,,0,,,,,,,,,,,,Percent change in Scoring Atopic Dermatitis (SCORAD) in subjects aged 6 month to <2 years at screening.
NCT06311682,Tralokinumab,TRAPEDS 2,secondary,11,other,BSA,,,,,,,,,,0,,,,,,,,,,,,Percent change in affected BSA in subjects aged 2 to <12 years at screening.
NCT06311682,Tralokinumab,TRAPEDS 2,secondary,12,other,BSA,,,,,,,,,,0,,,,,,,,,,,,Percent change in affected BSA in subjects aged 6 month to <2 years at screening.
NCT06311682,Tralokinumab,TRAPEDS 2,secondary,13,other,CDLQI,,,,,,,,,,0,,,,,,,,,,,,Percent change in Children's Dermatology Life Quality Index (CDLQI) for subjects aged 4 to <12 years at screening.
NCT06311682,Tralokinumab,TRAPEDS 2,secondary,14,other,Pruritus NRS,,worst_daily_weekly_average,,,,,,,,0,,,,,,,,,,,,Reduction in Child Worst Itch numeric rating score (NRS) (weekly average) ≥4 for subjects aged 6 to <12 years at screening.
NCT06311682,Tralokinumab,TRAPEDS 2,secondary,15,other,,,,,,,,,,,0,,,,,,,,,,,,Reduction in Scratch Observer-Reported Outcome (ObsRO) (weekly average) ≥4 for subjects aged 2 to <6 years at screening.
NCT06311682,Tralokinumab,TRAPEDS 2,secondary,16,other,,,,,,,,,,,0,,,,,,,,,,,,Reduction in Scratch Observer-Reported Outcome (ObsRO) (weekly average) ≥4 for subjects aged 6 months to <2 years years at screening.
NCT06311682,Tralokinumab,TRAPEDS 2,secondary,17,responder_rate,Pruritus NRS,,worst_daily_weekly_average,,,,,,,,1,responder,Pruritus NRS,,worst_daily_weekly_average,point_reduction_from_baseline,>=,4,points,,,,Reduction of ≥4 in Child Worst Itch NRS (weekly average) for subjects aged 6 to <12 years at screening or Scratch ObsRO (weekly average) for subjects aged 2 to <6 years at screening.
NCT06311682,Tralokinumab,TRAPEDS 2,secondary,18,other,POEM,,,,,,,,,,0,,,,,,,,,,,,Percent change in Patient-Oriented Eczema Measure (POEM) in subjects aged 2 to <12 years at screening.
NCT06311682,Tralokinumab,TRAPEDS 2,secondary,19,other,POEM,,,,,,,,,,0,,,,,,,,,,,,Percent change in Patient-Oriented Eczema Measure (POEM) in subjects aged 6 month to <2 years at screening.
NCT06311682,Tralokinumab,TRAPEDS 2,secondary,20,responder_rate,POEM,,,,,,,,,,0,,,,,,,,,,,,Reduction of in Patient-Oriented Eczema Measure (POEM) ≥6 in subjects aged 2 to <12 years at screening.
NCT06311682,Tralokinumab,TRAPEDS 2,secondary,21,responder_rate,POEM,,,,,,,,,,0,,,,,,,,,,,,Reduction of in Patient-Oriented Eczema Measure (POEM) ≥6 in subjects aged 6 month to <2 years at screening.
NCT06311682,Tralokinumab,TRAPEDS 2,secondary,22,other,SCORAD,,,,,,,,,,0,,,,,,,,,,,,Percent change in Scoring Atopic Dermatitis (SCORAD) sleep loss in subjects aged 2 to <12 years at screening.
NCT06311682,Tralokinumab,TRAPEDS 2,secondary,23,other,SCORAD,,,,,,,,,,0,,,,,,,,,,,,Percent change in Scoring Atopic Dermatitis (SCORAD) sleep loss in subjects aged 6 month to <2 years at screening.
NCT06311682,Tralokinumab,TRAPEDS 2,secondary,24,change_from_baseline,Pruritus NRS,,worst_daily_weekly_average,,,,,,,,0,,,,,,,,,,,,Change in Child Worst Itch NRS (weekly average) for subjects aged 6 to <12 years at screening.
NCT06311682,Tralokinumab,TRAPEDS 2,secondary,25,change_from_baseline,,,,,,,,,,,0,,,,,,,,,,,,Change in Scratch Observer-Reported Outcome (ObsRO) (weekly average) in subjects aged 2 to <6 years at screening.
NCT06311682,Tralokinumab,TRAPEDS 2,secondary,26,change_from_baseline,,,,,,,,,,,0,,,,,,,,,,,,Change in Scratch Observer-Reported Outcome (ObsRO) (weekly average) in subjects aged 6 month to <2 years at screening.
NCT06311682,Tralokinumab,TRAPEDS 2,secondary,27,other,CDLQI,,,,,,,,,,0,,,,,,,,,,,,Reduction in Children's Dermatology Life Quality Index (CDLQI) ≥6 for subjects aged 4 to <12 years at screening.
NCT06311682,Tralokinumab,TRAPEDS 2,secondary,28,count,,,,,,,,,,,0,,,,,,,,,,,,Number of treatment-emergent adverse events (AEs) per subject aged 2 to <12 years at screening.
NCT06311682,Tralokinumab,TRAPEDS 2,secondary,29,count,,,,,,,,,,,0,,,,,,,,,,,,Number of treatment-emergent adverse events (AEs) per subject aged 6 month to <2 years at screening.
NCT06311682,Tralokinumab,TRAPEDS 2,secondary,30,other,,,,,,,,,,,0,,,,,,,,,,,,Presence of treatment-emergent anti-drug antibodies (yes/no) in subjects aged 2 to <12 years at screening.
NCT06311682,Tralokinumab,TRAPEDS 2,secondary,31,other,,,,,,,,,,,0,,,,,,,,,,,,Presence of treatment-emergent anti-drug antibodies (yes/no) in subjects aged 6 month to <2 years at screening.
NCT06311682,Tralokinumab,TRAPEDS 2,secondary,32,other,,,,,,,,,,,0,,,,,,,,,,,,Rescue treatment use (yes/no) in subjects aged 2 to <12 years at screening.
NCT06311682,Tralokinumab,TRAPEDS 2,secondary,33,other,,,,,,,,,,,0,,,,,,,,,,,,Rescue treatment use (yes/no) in subjects aged 6 month to <2 years at screening.
NCT06311682,Tralokinumab,TRAPEDS 2,secondary,34,count,,,,,,,,,,,0,,,,,,,,,,,,Number of TCS free days in subjects aged 2 to <12 years at screening.
NCT06311682,Tralokinumab,TRAPEDS 2,secondary,35,count,,,,,,,,,,,0,,,,,,,,,,,,Number of TCS free days in subjects aged 6 month to <2 years at screening.
NCT06311682,Tralokinumab,TRAPEDS 2,secondary,36,other,IGA,,,,,,,,,,0,,,,,,,,,,,,Investigator's Global Assessment for atopic dermatitis (IGA 0/1) score of 0 (clear) or 1 (almost clear) in subjects aged 2 to <12 years at screening.
NCT06311682,Tralokinumab,TRAPEDS 2,secondary,37,other,IGA,,,,,,,,,,0,,,,,,,,,,,,Investigator's Global Assessment for atopic dermatitis (IGA 0/1) score of 0 (clear) or 1 (almost clear) in subjects aged 6 month to <2 years at screening.
NCT06311682,Tralokinumab,TRAPEDS 2,secondary,38,other,EASI,,,,,,,,,,0,,,,,,,,,,,,Having at least 75% reduction in Eczema Area and Severity Index (EASI) score in subjects aged 6 month to <2 years at screening.
NCT06311682,Tralokinumab,TRAPEDS 2,secondary,39,other,EASI,,,,,,,,,,0,,,,,,,,,,,,Having at least 75% reduction in Eczema Area and Severity Index (EASI) score in subjects aged 2 to <12 years at screening.
NCT06311682,Tralokinumab,TRAPEDS 2,secondary,40,other,EASI,,,,,,,,,,0,,,,,,,,,,,,Having at least 90% reduction in Eczema Area and Severity Index (EASI) score in subjects aged 6 month to <2 years at screening.
NCT06311682,Tralokinumab,TRAPEDS 2,secondary,41,other,EASI,,,,,,,,,,0,,,,,,,,,,,,Having at least 90% reduction in Eczema Area and Severity Index (EASI) score in subjects aged 2 to <12 years at screening.
NCT06311682,Tralokinumab,TRAPEDS 2,secondary,42,other,EASI,,,,,,,,,,0,,,,,,,,,,,,Percent change in EASI in subjects aged 2 to <12 years at screening.
NCT06311682,Tralokinumab,TRAPEDS 2,secondary,43,other,EASI,,,,,,,,,,0,,,,,,,,,,,,Percent change in EASI in subjects aged 6 month to <2 years at screening.
NCT06311682,Tralokinumab,TRAPEDS 2,secondary,44,other,SCORAD,,,,,,,,,,0,,,,,,,,,,,,Percent change in Scoring Atopic Dermatitis (SCORAD) in subjects aged 2 to <12 years at screening.
NCT06311682,Tralokinumab,TRAPEDS 2,secondary,45,other,SCORAD,,,,,,,,,,0,,,,,,,,,,,,Percent change in Scoring Atopic Dermatitis (SCORAD) in subjects aged 6 month to <2 years at screening.
NCT06311682,Tralokinumab,TRAPEDS 2,secondary,46,other,BSA,,,,,,,,,,0,,,,,,,,,,,,Percent change in affected body surface area (BSA) in subjects aged 2 to <12 years at screening.
NCT06311682,Tralokinumab,TRAPEDS 2,secondary,47,other,BSA,,,,,,,,,,0,,,,,,,,,,,,Percent change in affected body surface area (BSA) in subjects aged 6 month to <2 years at screening.
NCT06311682,Tralokinumab,TRAPEDS 2,secondary,48,other,SCORAD,,,,,,,,,,0,,,,,,,,,,,,Percent change in Scoring Atopic Dermatitis (SCORAD) sleep loss in subjects aged 2 to <12 years at screening.
NCT06311682,Tralokinumab,TRAPEDS 2,secondary,49,other,SCORAD,,,,,,,,,,0,,,,,,,,,,,,Percent change in Scoring Atopic Dermatitis (SCORAD) sleep loss in subjects aged 6 month to <2 years at screening.
NCT06311682,Tralokinumab,TRAPEDS 2,secondary,50,other,CDLQI,,,,,,,,,,0,,,,,,,,,,,,Percent change in Children's Dermatology Life Quality Index (CDLQI) in subjects aged 4 to <12 years at screening.
NCT06311682,Tralokinumab,TRAPEDS 2,secondary,51,other,CDLQI,,,,,,,,,,0,,,,,,,,,,,,Reduction in Children's Dermatology Life Quality Index (CDLQI) ≥6 for subjects aged 4 to <12 years at screening.
NCT06311682,Tralokinumab,TRAPEDS 2,secondary,52,responder_rate,POEM,,,,,,,,,,0,,,,,,,,,,,,Reduction of in Patient-Oriented Eczema Measure (POEM) ≥6 in subjects aged 2 to <12 years at screening.
NCT06311682,Tralokinumab,TRAPEDS 2,secondary,53,responder_rate,POEM,,,,,,,,,,0,,,,,,,,,,,,Reduction of in Patient-Oriented Eczema Measure (POEM) ≥6 in subjects aged 6 month to <2 years at screening.
NCT06311682,Tralokinumab,TRAPEDS 2,secondary,54,count,,,,,,,,,,,0,,,,,,,,,,,,Number of treatment-emergent adverse events (AEs) per subject aged 2 to <12 years at screening.
NCT06311682,Tralokinumab,TRAPEDS 2,secondary,55,count,,,,,,,,,,,0,,,,,,,,,,,,Number of treatment-emergent adverse events (AEs) per subject aged 6 month to <2 years at screening.
NCT06311682,Tralokinumab,TRAPEDS 2,secondary,56,other,,,,,,,,,,,0,,,,,,,,,,,,Presence of treatment-emergent anti-drug antibodies (yes/no) in subjects aged 2 to <12 years at screening.
NCT06311682,Tralokinumab,TRAPEDS 2,secondary,57,other,,,,,,,,,,,0,,,,,,,,,,,,Presence of treatment-emergent anti-drug antibodies (yes/no) in subjects aged 6 month to <2 years at screening.
NCT06311682,Tralokinumab,TRAPEDS 2,secondary,58,count,,,,,,,,,,,0,,,,,,,,,,,,Number of treatment-emergent adverse events (AEs) per subject aged 2 to <12 years at screening.
NCT06311682,Tralokinumab,TRAPEDS 2,secondary,59,count,,,,,,,,,,,0,,,,,,,,,,,,Number of treatment-emergent adverse events (AEs) per subject aged 6 month to <2 years at screening.
NCT06311682,Tralokinumab,TRAPEDS 2,secondary,60,other,IGA,,,,,,,,,,0,,,,,,,,,,,,Investigator's Global Assessment for atopic dermatitis (IGA 0/1) score of 0 (clear) or 1 (almost clear) in subjects aged 2 to <12 years at screening.
NCT06311682,Tralokinumab,TRAPEDS 2,secondary,61,other,IGA,,,,,,,,,,0,,,,,,,,,,,,Investigator's Global Assessment for atopic dermatitis (IGA 0/1) score of 0 (clear) or 1 (almost clear) in subjects aged 6 month to <2 years at screening.
NCT06311682,Tralokinumab,TRAPEDS 2,secondary,62,other,EASI,,,,,,,,,,0,,,,,,,,,,,,Having at least 75% reduction in Eczema Area and Severity Index (EASI) score in subjects aged 2 to <12 years at screening.
NCT06311682,Tralokinumab,TRAPEDS 2,secondary,63,other,EASI,,,,,,,,,,0,,,,,,,,,,,,Having at least 75% reduction in Eczema Area and Severity Index (EASI) score in subjects aged 6 month to <2 years at screening.
NCT06311682,Tralokinumab,TRAPEDS 2,secondary,64,other,EASI,,,,,,,,,,0,,,,,,,,,,,,Having at least 90% reduction in Eczema Area and Severity Index (EASI) score in subjects aged 2 to <12 years at screening.
NCT06311682,Tralokinumab,TRAPEDS 2,secondary,65,other,EASI,,,,,,,,,,0,,,,,,,,,,,,Having at least 90% reduction in Eczema Area and Severity Index (EASI) score in subjects aged 6 month to <2 years at screening.
NCT06311682,Tralokinumab,TRAPEDS 2,secondary,66,other,EASI,,,,,,,,,,0,,,,,,,,,,,,Percent change in EASI in subjects aged 2 to <12 years at screening.
NCT06311682,Tralokinumab,TRAPEDS 2,secondary,67,other,EASI,,,,,,,,,,0,,,,,,,,,,,,Percent change in EASI in subjects aged 6 month to <2 years at screening.
NCT06311682,Tralokinumab,TRAPEDS 2,secondary,68,other,SCORAD,,,,,,,,,,0,,,,,,,,,,,,Percent change in Scoring Atopic Dermatitis (SCORAD) sleep loss in subjects aged 2 to <12 years at screening.
NCT06311682,Tralokinumab,TRAPEDS 2,secondary,69,other,SCORAD,,,,,,,,,,0,,,,,,,,,,,,Percent change in Scoring Atopic Dermatitis (SCORAD) sleep loss in subjects aged 6 month to <2 years at screening.
NCT06311682,Tralokinumab,TRAPEDS 2,secondary,70,other,CDLQI,,,,,,,,,,0,,,,,,,,,,,,Percent change in Children's Dermatology Life Quality Index (CDLQI) for subjects aged 4 to <12 years at screening.
NCT06311682,Tralokinumab,TRAPEDS 2,secondary,71,other,CDLQI,,,,,,,,,,0,,,,,,,,,,,,Reduction in Children's Dermatology Life Quality Index (CDLQI) ≥ 6 for subjects aged 4 to <12 years at screening.
NCT06311682,Tralokinumab,TRAPEDS 2,secondary,72,other,IGA,,,,,,,,,,0,,,,,,,,,,,,Investigator's Global Assessment for atopic dermatitis (IGA 0/1) score of 0 (clear) or 1 (almost clear) in subjects aged 2 to <12 years at screening.
NCT06311682,Tralokinumab,TRAPEDS 2,secondary,73,other,IGA,,,,,,,,,,0,,,,,,,,,,,,Investigator's Global Assessment for atopic dermatitis (IGA 0/1) score of 0 (clear) or 1 (almost clear) in subjects aged 6 month to <2 years at screening.
NCT06311682,Tralokinumab,TRAPEDS 2,secondary,74,other,EASI,,,,,,,,,,0,,,,,,,,,,,,Having at least 75% reduction in Eczema Area and Severity Index (EASI) score in subjects aged 2 to <12 years at screening.
NCT06311682,Tralokinumab,TRAPEDS 2,secondary,75,other,EASI,,,,,,,,,,0,,,,,,,,,,,,Having at least 75% reduction in Eczema Area and Severity Index (EASI) score in subjects aged 6 month to <2 years at screening.
NCT06311682,Tralokinumab,TRAPEDS 2,secondary,76,other,EASI,,,,,,,,,,0,,,,,,,,,,,,Having at least 90% reduction in Eczema Area and Severity Index (EASI) score in subjects aged 2 to <12 years at screening.
NCT06311682,Tralokinumab,TRAPEDS 2,secondary,77,other,EASI,,,,,,,,,,0,,,,,,,,,,,,Having at least 90% reduction in Eczema Area and Severity Index (EASI) score in subjects aged 6 month to <2 years at screening.
NCT06311682,Tralokinumab,TRAPEDS 2,secondary,78,other,EASI,,,,,,,,,,0,,,,,,,,,,,,Percent change in EASI in subjects aged 2 to <12 years at screening.
NCT06311682,Tralokinumab,TRAPEDS 2,secondary,79,other,EASI,,,,,,,,,,0,,,,,,,,,,,,Percent change in EASI in subjects aged 6 month to <2 years at screening.
NCT06311682,Tralokinumab,TRAPEDS 2,secondary,80,other,SCORAD,,,,,,,,,,0,,,,,,,,,,,,Percent change in Scoring Atopic Dermatitis (SCORAD) sleep loss in subjects aged 2 to <12 years at screening.
NCT06311682,Tralokinumab,TRAPEDS 2,secondary,81,other,SCORAD,,,,,,,,,,0,,,,,,,,,,,,Percent change in Scoring Atopic Dermatitis (SCORAD) sleep loss in subjects aged 6 month to <2 years at screening.
NCT06311682,Tralokinumab,TRAPEDS 2,secondary,82,other,CDLQI,,,,,,,,,,0,,,,,,,,,,,,Percent change in Children's Dermatology Life Quality Index (CDLQI) for subjects aged 4 to <12 years at screening.
NCT06311682,Tralokinumab,TRAPEDS 2,secondary,83,other,CDLQI,,,,,,,,,,0,,,,,,,,,,,,Reduction in Children's Dermatology Life Quality Index (CDLQI) ≥ 6 for subjects aged 4 to <12 years at screening.
NCT06311682,Tralokinumab,TRAPEDS 2,secondary,84,other,IGA,,,,,,,,,,0,,,,,,,,,,,,Investigator's Global Assessment for atopic dermatitis (IGA 0/1) score of 0 (clear) or 1 (almost clear) in subjects aged 2 to <12 years at screening.
NCT06311682,Tralokinumab,TRAPEDS 2,secondary,85,other,IGA,,,,,,,,,,0,,,,,,,,,,,,Investigator's Global Assessment for atopic dermatitis (IGA 0/1) score of 0 (clear) or 1 (almost clear) in subjects aged 6 month to <2 years at screening.
NCT06311682,Tralokinumab,TRAPEDS 2,secondary,86,other,EASI,,,,,,,,,,0,,,,,,,,,,,,Having at least 75% reduction in Eczema Area and Severity Index (EASI) score in subjects aged 2 to <12 years at screening.
NCT06311682,Tralokinumab,TRAPEDS 2,secondary,87,other,EASI,,,,,,,,,,0,,,,,,,,,,,,Having at least 75% reduction in Eczema Area and Severity Index (EASI) score in subjects aged 6 month to <2 years at screening.
NCT06311682,Tralokinumab,TRAPEDS 2,secondary,88,other,EASI,,,,,,,,,,0,,,,,,,,,,,,Having at least 90% reduction in Eczema Area and Severity Index (EASI) score in subjects aged 2 to <12 years at screening.
NCT06311682,Tralokinumab,TRAPEDS 2,secondary,89,other,EASI,,,,,,,,,,0,,,,,,,,,,,,Having at least 90% reduction in Eczema Area and Severity Index (EASI) score in subjects aged 6 month to <2 years at screening.
NCT06311682,Tralokinumab,TRAPEDS 2,secondary,90,other,EASI,,,,,,,,,,0,,,,,,,,,,,,Percent change in EASI in subjects aged 2 to <12 years at screening.
NCT06311682,Tralokinumab,TRAPEDS 2,secondary,91,other,EASI,,,,,,,,,,0,,,,,,,,,,,,Percent change in EASI in subjects aged 6 month to <2 years at screening.
NCT06311682,Tralokinumab,TRAPEDS 2,secondary,92,other,SCORAD,,,,,,,,,,0,,,,,,,,,,,,Percent change in Scoring Atopic Dermatitis (SCORAD) sleep loss in subjects aged 2 to <12 years at screening.
NCT06311682,Tralokinumab,TRAPEDS 2,secondary,93,other,SCORAD,,,,,,,,,,0,,,,,,,,,,,,Percent change in Scoring Atopic Dermatitis (SCORAD) sleep loss in subjects aged 6 month to <2 years at screening.
NCT06311682,Tralokinumab,TRAPEDS 2,secondary,94,other,CDLQI,,,,,,,,,,0,,,,,,,,,,,,Percent change in Children's Dermatology Life Quality Index (CDLQI) for subjects aged 4 to <12 years at screening.
NCT06311682,Tralokinumab,TRAPEDS 2,secondary,95,other,CDLQI,,,,,,,,,,0,,,,,,,,,,,,Reduction in Children's Dermatology Life Quality Index (CDLQI) ≥ 6 for subjects aged 4 to <12 years at screening.
NCT06526182,Lebrikizumab,ADhope 2,primary,1,absolute_value,EASI,,,,24w,,,,,,0,,,,,,,,,,,,Part 1: Percentage of Participants Achieving Eczema Area and Severity Index (EASI) Score Less than or Equal to (<=) 7 at Week 24 (Time frame: At Week 24)
NCT06526182,Lebrikizumab,ADhope 2,primary,2,absolute_value,EASI,,,,36w,,,,,,0,,,,,,,,,,,,Part 2: Percentage of Participants Achieving EASI 75 at Week 36 (Time frame: At Week 36)
NCT06526182,Lebrikizumab,ADhope 2,primary,3,other,IGA,,,,,36w,,,,,0,,,,,,,,,,,,Part 2: Percentage of Participants with an IGA Score of 0 or 1 and a Reduction >=2 Points (Time frame: From Baseline (Part 1) up to Week 36)
NCT06526182,Lebrikizumab,ADhope 2,secondary,1,other,EASI,,,,,,,,,,0,,,,,,,,,,,,Part 1: Time to Achieve an EASI Score <= 7
NCT06526182,Lebrikizumab,ADhope 2,secondary,2,absolute_value,EASI,,,,24w,,,,,,0,,,,,,,,,,,,"Part 1: Percentage of Participants Achieving EASI <=5, and EASI <=3 at Week 24"
NCT06526182,Lebrikizumab,ADhope 2,secondary,3,absolute_value,EASI,,,,24w,,,,,,0,,,,,,,,,,,,Part 1: Percentage of Participants Achieving EASI 75 and EASI 90 at Week 24
NCT06526182,Lebrikizumab,ADhope 2,secondary,4,absolute_value,IGA,,,,24w,,,,,,0,,,,,,,,,,,,Part 1: Percentage of Participants with an Investigator Global Assessment (IGA) Score of 0 or 1 and a Reduction Greater Than or Equal to (>=2) Points at Week 24
NCT06526182,Lebrikizumab,ADhope 2,secondary,5,absolute_value,SCORAD,,,,24w,,,,,,0,,,,,,,,,,,,"Part 1: Percentage of Participants Achieving Scoring Atopic Dermatitis (SCORAD) 75, and SCORAD 90 at Week 24"
NCT06526182,Lebrikizumab,ADhope 2,secondary,6,absolute_value,,,,baseline,24w,,,,,,0,,,,,,,,,,,,Part 1: Percentage Change From Baseline in Modified Total Lesion Symptom Score (mTLSS) at Week 24
NCT06526182,Lebrikizumab,ADhope 2,secondary,7,other,Pruritus NRS,,,baseline,,,,,,,0,,,,,,,,,,,,Part 1: Percentage of Participants with Pruritus Numerical Rating Scale (NRS) >=4 at Baseline Achieving >=4-Point Improvement in Pruritus NRS
NCT06526182,Lebrikizumab,ADhope 2,secondary,8,absolute_value,DLQI,,,,24w,,,,,,0,,,,,,,,,,,,Part 1: Percentage of Participants Achieving Dermatology Life Quality Index (DLQI) 0-1 at Week 24
NCT06526182,Lebrikizumab,ADhope 2,secondary,9,absolute_value,DLQI,,,,24w,,,,,,0,,,,,,,,,,,,Part 1: Percentage of Participants Achieving Children Dermatology Life Quality Index (cDLQI) 0-1 at Week 24
NCT06526182,Lebrikizumab,ADhope 2,secondary,10,other,DLQI,,,baseline,,,,,,,0,,,,,,,,,,,,Part 1: Percentage of Participants with DLQI >=4 at Baseline Achieving >=4-Point Improvement in DLQI
NCT06526182,Lebrikizumab,ADhope 2,secondary,11,other,,,,baseline,,,,,,,0,,,,,,,,,,,,Part 1: Percentage of Participants with cDLQI >=6 at Baseline Achieving >=6-Point Improvement in cDLQI
NCT06526182,Lebrikizumab,ADhope 2,secondary,12,absolute_value,,,,baseline,24w,,,,,,0,,,,,,,,,,,,Part 1: Percentage of Participants with a Sleep-Loss Scale of >=2 Points at Baseline Achieving >= 2 Point Improvement at Week 24
NCT06526182,Lebrikizumab,ADhope 2,secondary,13,other,POEM,,,baseline,,,,,,,0,,,,,,,,,,,,Part 1: Percentage of Participants with Patient-Oriented Eczema Measure (POEM) >=4 at Baseline Achieving >=4-Point Improvement in POEM
NCT06526182,Lebrikizumab,ADhope 2,secondary,14,safety_incidence,,,,,,,,,,,0,,,,,,,,,,,,"Part 1: Percentage of Participants with Treatment-emergent Adverse Events (TEAEs), Serious Adverse Events (SAEs), Related AEs, AEs Leading to Study Treatment Discontinuation, and Adverse Events of Special Interest (AESIs)"
NCT06526182,Lebrikizumab,ADhope 2,secondary,15,absolute_value,EASI,,,,36w,,,,,,0,,,,,,,,,,,,"Part 2: Percentage of Participants Achieving EASI Scores <=7, and <=3 at Week 36"
NCT06526182,Lebrikizumab,ADhope 2,secondary,16,absolute_value,EASI,,,,36w,,,,,,0,,,,,,,,,,,,Part 2: Percentage of Participants Achieving EASI 90 at Week 36
NCT06526182,Lebrikizumab,ADhope 2,secondary,17,absolute_value,Pruritus NRS,,,baseline,36w,,,,,,0,,,,,,,,,,,,Part 2: Percentage of Participants with Pruritus NRS >=4 at Baseline (Part 1) Achieving >=4-Point Improvement in Pruritus NRS at Week 36
NCT06526182,Lebrikizumab,ADhope 2,secondary,18,absolute_value,Pruritus NRS,,,,36w,,,,,,0,,,,,,,,,,,,Part 2: Percentage of Participants with Pruritus NRS 0 or 1 at Week 36
NCT06526182,Lebrikizumab,ADhope 2,secondary,19,absolute_value,DLQI,,,,36w,,,,,,0,,,,,,,,,,,,Part 2: Percentage of Participants Achieving DLQI 0-1 at Week 36
NCT06526182,Lebrikizumab,ADhope 2,secondary,20,absolute_value,,,,,36w,,,,,,0,,,,,,,,,,,,Part 2: Percentage of Participants Achieving cDLQI 0-1 at Week 36
NCT06526182,Lebrikizumab,ADhope 2,secondary,21,absolute_value,DLQI,,,baseline,36w,,,,,,0,,,,,,,,,,,,Part 2: Percentage of Participants with DLQI >=4 at Baseline (Part 1) Achieving >=4-Point Improvement in DLQI at Week 36
NCT06526182,Lebrikizumab,ADhope 2,secondary,22,absolute_value,,,,baseline,36w,,,,,,0,,,,,,,,,,,,Part 2: Percentage of Participants with cDLQI >=6 at Baseline (Part 1) Achieving >=6-Point Improvement in cDLQI at Week 36
NCT06526182,Lebrikizumab,ADhope 2,secondary,23,absolute_value,,,,baseline,36w,,,,,,0,,,,,,,,,,,,Part 2: Percentage of Participants with a Sleep-Loss Scale of >=2 Points at Baseline (Part 1) Achieving >= 2 Point Improvement at Week 36
NCT06526182,Lebrikizumab,ADhope 2,secondary,24,absolute_value,POEM,,,baseline,36w,,,,,,0,,,,,,,,,,,,Part 2: Percentage of Participants with POEM >=4 at Baseline (Part 1) Achieving >=4-Point Improvement in POEM at Week 36
NCT06526182,Lebrikizumab,ADhope 2,secondary,25,safety_incidence,,,,,,,,,,,0,,,,,,,,,,,,"Part 2: Percentage of Participants with TEAEs, SAEs, Related AEs, AEs Leading to Study Treatment Discontinuation, and AESIs"
NCT06548360,Ruxolitinib,TRuE-VIP1,primary,1,responder_rate,,,,baseline,24w,,,,,,0,,,,,,,,,,,,Proportion of Participants Achieving a ≥ 75% Improvement From Baseline in the Facial Vitiligo Area Scoring Index (F-VASI75) (Time frame: Week 24)
NCT06548360,Ruxolitinib,TRuE-VIP1,secondary,1,responder_rate,,,,,,,,,,,0,,,,,,,,,,,,Proportion of Participants Achieving Facial Vitiligo Area Scoring Index (F-VASI50)
NCT06548360,Ruxolitinib,TRuE-VIP1,secondary,2,responder_rate,,,,,,,,,,,0,,,,,,,,,,,,Proportion of Participants Achieving Facial Vitiligo Area Scoring Index (F-VASI90)
NCT06548360,Ruxolitinib,TRuE-VIP1,secondary,3,responder_rate,,,,baseline,,,,,,,0,,,,,,,,,,,,Proportion of Participants Achieving a ≥ 50% Improvement From Baseline in the Total Body Vitiligo Area Scoring Index (T-VASI50)
NCT06548360,Ruxolitinib,TRuE-VIP1,secondary,4,other,BSA,,,,,,,,,,0,,,,,,,,,,,,Percentage change from baseline in F-BSA
NCT06548360,Ruxolitinib,TRuE-VIP1,secondary,5,count,,,,,,,,,,TEAE,0,,,,,,,,,,,,Number of Treatment Emergent Adverse Events (TEAEs)
NCT06548360,Ruxolitinib,TRuE-VIP1,secondary,6,responder_rate,,,,,,,,,,,0,,,,,,,,,,,,Proportion of Participants Achieving Facial Vitiligo Area Scoring Index (F-VASI50)
NCT06548360,Ruxolitinib,TRuE-VIP1,secondary,7,responder_rate,,,,,,,,,,,0,,,,,,,,,,,,Proportion of Participants Achieving Facial Vitiligo Area Scoring Index (F-VASI75)
NCT06548360,Ruxolitinib,TRuE-VIP1,secondary,8,responder_rate,,,,,,,,,,,0,,,,,,,,,,,,Proportion of Participants Achieving Facial Vitiligo Area Scoring Index (F-VASI90)
NCT06548360,Ruxolitinib,TRuE-VIP1,secondary,9,responder_rate,,,,,,,,,,,0,,,,,,,,,,,,Proportion of Participants Achieving Total Body Vitiligo Area Scoring Index (T-VASI50)
NCT06548360,Ruxolitinib,TRuE-VIP1,secondary,10,responder_rate,,,,,,,,,,,0,,,,,,,,,,,,Proportion of Participants Achieving Total Body Vitiligo Area Scoring Index (T-VASI25)
NCT06548360,Ruxolitinib,TRuE-VIP1,secondary,11,responder_rate,,,,,,,,,,,0,,,,,,,,,,,,Proportion of Participants Achieving Total Body Vitiligo Area Scoring Index (T-VASI75)
NCT06548360,Ruxolitinib,TRuE-VIP1,secondary,12,responder_rate,,,,,,,,,,,0,,,,,,,,,,,,Proportion of Participants Achieving Total Body Vitiligo Area Scoring Index (T-VASI90)
NCT06548360,Ruxolitinib,TRuE-VIP1,secondary,13,other,,,,,,,,,,,0,,,,,,,,,,,,Pharmacokinetic (PK) of Ruxolitinib: Trough concentrations
NCT06611163,Tildrakizumab,,primary,1,other,,,,,16w,,,,,,0,,,,,,,,,,,,Proportion of subjects with a modified sPGA-G score of clear (0) or minimal (1) with at-least a 2- point reduction from baseline (Time frame: Week 16)
NCT06611163,Tildrakizumab,,secondary,1,other,Pruritus NRS,,,,,,,,,,0,,,,,,,,,,,,"Proportion of subjects, with a baseline score of ≥ 4, who achieve at-least 4-point improvement in weekly average genital psoriasis itch numerical rating scale [GPI-NRS] within the GPSS for subjects"
NCT06611163,Tildrakizumab,,secondary,2,other,BSA,,,,,,,,,,0,,,,,,,,,,,,Mean change from baseline in the affected Body Surface Area (BSA)
NCT06611163,Tildrakizumab,,secondary,3,other,,,,,,,,,,,0,,,,,,,,,,,,Change from baseline in genital psoriasis symptoms scale [GPSS] total score and individual items scores
NCT06611163,Tildrakizumab,,secondary,4,other,,,,,,,,,,,0,,,,,,,,,,,,Proportion of subjects with psoriasis area and severity index [PASI] 75 response
NCT06611163,Tildrakizumab,,secondary,5,other,,,,,,,,,,,0,,,,,,,,,,,,Proportion of subjects with PASI 90 response
NCT06611163,Tildrakizumab,,secondary,6,other,BSA,,,,,,,,,,0,,,,,,,,,,,,"Proportion of subjects with PASI 100 response, in subjects with BSA <10%"
NCT06804811,Ruxolitinib,,primary,1,responder_rate,,,,baseline,24w,,,,,,0,,,,,,,,,,,,Proportion of Participants Achieving a ≥ 75% Improvement From Baseline in the Facial Vitiligo Area Scoring Index (F-VASI75) (Time frame: Week 24)
NCT06804811,Ruxolitinib,,secondary,1,responder_rate,,,,,,,,,,,0,,,,,,,,,,,,Proportion of Participants Achieving Facial Vitiligo Area Scoring Index (F-VASI50)
NCT06804811,Ruxolitinib,,secondary,2,responder_rate,,,,,,,,,,,0,,,,,,,,,,,,Proportion of Participants Achieving Facial Vitiligo Area Scoring Index (F-VASI90)
NCT06804811,Ruxolitinib,,secondary,3,responder_rate,,,,baseline,,,,,,,0,,,,,,,,,,,,Proportion of Participants Achieving a ≥ 50% Improvement From Baseline in the Total Body Vitiligo Area Scoring Index (T-VASI50)
NCT06804811,Ruxolitinib,,secondary,4,other,BSA,,,,,,,,,,0,,,,,,,,,,,,Percentage change from baseline in F-BSA
NCT06804811,Ruxolitinib,,secondary,5,count,,,,,,,,,,TEAE,0,,,,,,,,,,,,Number of Treatment Emergent Adverse Events (TEAEs)
NCT06804811,Ruxolitinib,,secondary,6,other,,,,,,,,,,,0,,,,,,,,,,,,Proportion of participants achieving a Vitiligo Noticeability Scale (VNS) score of 4 (a lot less noticeable) or 5 (no longer noticeable)
NCT06804811,Ruxolitinib,,secondary,7,other,,,,,,,,,,,0,,,,,,,,,,,,Proportion of participants in each category for the color-matching question
NCT06804811,Ruxolitinib,,secondary,8,other,,,,,,,,,,,0,,,,,,,,,,,,Proportion of participants who report facial assessment of Patient Global Impression of Change-Vitiligo (F-PaGIC-V) of very much improved or much improved
NCT06804811,Ruxolitinib,,secondary,9,other,,,,,,,,,,,0,,,,,,,,,,,,Proportion of participants who report total body assessment of Patient Global Impression of Change-Vitiligo (T-PaGIC-V) of very much improved or much improved
NCT06804811,Ruxolitinib,,secondary,10,other,,,,,,,,,,,0,,,,,,,,,,,,Change from baseline in Psychosocial Impact Questionnaire for Pediatric Patients Who Have Nonsegmental Vitiligo (VIT-PIQ)
NCT06804811,Ruxolitinib,,secondary,11,other,CDLQI,,,,,,,,,,0,,,,,,,,,,,,Change from baseline in Children's Dermatology Life Quality Index (CDLQI)
NCT06804811,Ruxolitinib,,secondary,12,other,,,,,,,,,,,0,,,,,,,,,,,,Change from baseline in Patient Global Impression of Bother - Vitiligo (PGIB-V)
NCT06804811,Ruxolitinib,,secondary,13,other,,,,,,,,,,,0,,,,,,,,,,,,Mean satisfaction score
NCT06804811,Ruxolitinib,,secondary,14,other,,,,,,,,,,,0,,,,,,,,,,,,Pharmacokinetic (PK) of Ruxolitinib: Trough concentrations
NCT06807268,Abrocitinib,,primary,1,absolute_value,IGA,,,,12w,,,,,,0,,,,,,,,,,,,Response based on achieving Validated Investigator's Global Assessment (vIGA) score of clear (0) or almost clear (1) (on a 5-point scale) and a reduction from baseline of ≥2 points at Week 12 (Time frame: At week 12)
NCT06807268,Abrocitinib,,primary,2,absolute_value,EASI,,,,12w,,,,,,0,,,,,,,,,,,,Response based on achieving ≥75% improvement from baseline in the Eczema Area and Severity Index (EASI)-75 at Week 12 (Time frame: At week 12)
NCT06807268,Abrocitinib,,secondary,1,absolute_value,Pruritus NRS,,worst_daily,baseline,2w,,,,,,0,,,,,,,,,,,,Change from Baseline (CFB) in the Worst Itch Numerical Rating Scale (WI-NRS) at Week 2
NCT06807268,Abrocitinib,,secondary,2,absolute_value,Pruritus NRS,,,,12w,,,,,,0,,,,,,,,,,,,Response based on achieving at least a 4-point improvement from baseline in the WI-NRS at Week 12
NCT06807268,Abrocitinib,,secondary,3,absolute_value,Pruritus NRS,,,,12w,,,,,,0,,,,,,,,,,,,Response based on achieving WI-NRS <2 at Week 12
NCT06832618,Ruxolitinib,TRuE-AD5,primary,1,other,EASI,,,,8w,,,,,,0,,,,,,,,,,,,VC Period: Binary response status of Eczema Area and Severity Index 75 (EASI75) (Time frame: VC Week 8)
NCT06832618,Ruxolitinib,TRuE-AD5,secondary,1,other,IGA,,,,,,,,,,0,,,,,,,,,,,,VC Period: Binary response status of Investigator's Global Assessment Treatment Success (IGA-TS)
NCT06832618,Ruxolitinib,TRuE-AD5,secondary,2,other,Pruritus NRS,,,,,,,,,,0,,,,,,,,,,,,VC Period: Binary response status of ≥ 4-point improvement in Itch Numeric Rating Scale (NRS) score (ITCH4)
NCT06832618,Ruxolitinib,TRuE-AD5,secondary,3,other,IGA,,,,,,,,,,0,,,,,,,,,,,,"DC Period: Time to first disease exacerbation, defined as Investigator's Global Assessment score of ≥ 2 (DE) in the DC period"
NCT06832618,Ruxolitinib,TRuE-AD5,secondary,4,count,,,,,,,,,,TEAE,0,,,,,,,,,,,,Number of Treatment Emergent Adverse Events (TEAEs)
NCT06832618,Ruxolitinib,TRuE-AD5,secondary,5,other,EASI,,,,8w,,,,,,0,,,,,,,,,,,,Binary response status of Eczema Area and Severity Index 75 (EASI75) at each postbaseline visit except Week 8
NCT06832618,Ruxolitinib,TRuE-AD5,secondary,6,other,IGA,,,,8w,,,,,,0,,,,,,,,,,,,Binary response status of Investigator's Global Assessment Treatment Success (IGA-TS) at each postbaeline visit except Week 8
NCT06832618,Ruxolitinib,TRuE-AD5,secondary,7,other,Pruritus NRS,,,,,,,,,,0,,,,,,,,,,,,Binary response status of ≥ 4-point improvement in Itch Numeric Rating Scale (NRS) score (ITCH4)
NCT06832618,Ruxolitinib,TRuE-AD5,secondary,8,other,,,,,,,,,,,0,,,,,,,,,,,,VC Period: Time to achieve ITCH4
NCT06832618,Ruxolitinib,TRuE-AD5,secondary,9,other,IGA,,,,,,,,,,0,,,,,,,,,,,,VC Period: Binary response status of both EASI75 and IGA-TS at each postbaseline visit in the VC period
NCT06832618,Ruxolitinib,TRuE-AD5,secondary,10,other,DLQI,,,,2w;4w;8w,,,,,,0,,,,,,,,,,,,"VC Period: The binary response status of DLQI-4/CDLQI-4 at VC Weeks 2, 4, and 8"
NCT06832618,Ruxolitinib,TRuE-AD5,secondary,11,other,CDLQI,,,,,,,,,,0,,,,,,,,,,,,VC Period and DC Period: Change from baseline in the CDLQI (or DLQI) score at each postbaseline visit
NCT06832618,Ruxolitinib,TRuE-AD5,secondary,12,other,POEM,,,,,,,,,,0,,,,,,,,,,,,VC Period and DC Period: Change from baseline in the Patient-Oriented Eczema Measure (POEM) score at each postbaseline visit
NCT06832618,Ruxolitinib,TRuE-AD5,secondary,13,other,,,,,,,,,,,0,,,,,,,,,,,,VC Period and DC Period: Acceptability and tolerability assessment (exit interview/questionnaire)
NCT06832618,Ruxolitinib,TRuE-AD5,secondary,14,other,,,,,,,,,,,0,,,,,,,,,,,,DC Period: Number of disease exacerbations (DEs)
NCT06832618,Ruxolitinib,TRuE-AD5,secondary,15,other,,,,,,,,,,,0,,,,,,,,,,,,DC Period: Amount of ruxolitinib cream used
NCT06832618,Ruxolitinib,TRuE-AD5,secondary,16,other,,,,,,,,,,,0,,,,,,,,,,,,"VC Period: Plasma concentrations of ruxolitinib and PK parameters (Ctrough,ss)"
NCT06934226,Icotrokinra,ICONIC-ASCEND,primary,1,absolute_value,IGA,,,baseline,16w,,,,,,0,,,,,,,,,,,,JNJ-77242113 and Placebo Group: Percentage of Participants with Investigator's Global Assessment (IGA) Score of 0 or 1 and Greater than or Equal to (>=) 2 Grade Improvement from Baseline at Week 16 (Time frame: Week 16)
NCT06934226,Icotrokinra,ICONIC-ASCEND,primary,2,absolute_value,,,,,16w,,,,,,0,,,,,,,,,,,,JNJ-77242113 and Placebo Group: Percentage of Participants Achieving Psoriasis Area and Severity Index (PASI) 90 Response at Week 16 (Time frame: Week 16)
NCT06934226,Icotrokinra,ICONIC-ASCEND,secondary,1,absolute_value,,,,,16w,,,,,,0,,,,,,,,,,,,JNJ-77242113 and Placebo Group: Percentage of Participants Achieving PASI 75 Response at Week 16
NCT06934226,Icotrokinra,ICONIC-ASCEND,secondary,2,absolute_value,,,,,16w,,,,,,0,,,,,,,,,,,,JNJ-77242113 and Placebo Group: Percentage of Participants Achieving PASI 100 Response at Week 16
NCT06934226,Icotrokinra,ICONIC-ASCEND,secondary,3,absolute_value,IGA,,,,16w,,,,,,0,,,,,,,,,,,,JNJ-77242113 and Placebo Group: Percentage of Participants with IGA Score of 0 at Week 16
NCT06934226,Icotrokinra,ICONIC-ASCEND,secondary,4,absolute_value,IGA,,,,28w,,,,,,0,,,,,,,,,,,,JNJ-77242113 and Ustekinumab Group: Percentage of Participants with IGA Score of 0 at Week 28
NCT06934226,Icotrokinra,ICONIC-ASCEND,secondary,5,absolute_value,,,,,28w,,,,,,0,,,,,,,,,,,,JNJ-77242113 and Ustekinumab Group: Percentage of Participants Achieving PASI 90 Response at Week 28
NCT06934226,Icotrokinra,ICONIC-ASCEND,secondary,6,absolute_value,,,,,28w,,,,,,0,,,,,,,,,,,,JNJ-77242113 and Ustekinumab Group: Percentage of Participants Achieving PASI 100 Response at Week 28
NCT06934226,Icotrokinra,ICONIC-ASCEND,secondary,7,absolute_value,,,,,16w,,,,,,0,,,,,,,,,,,,JNJ-77242113 and Placebo Group: Percentage of Participants with PSSD Symptom Score of 0 at Week 16
NCT06934226,Icotrokinra,ICONIC-ASCEND,secondary,8,absolute_value,,,,baseline,16w,,,,,,0,,,,,,,,,,,,JNJ-77242113 and Placebo Group: Percentage of Participants with >= 4 Point Improvement from Baseline in PSSD Itch Score at Week 16
NCT06934226,Icotrokinra,ICONIC-ASCEND,secondary,9,count,,,,,,,,,,,0,,,,,,,,,,,,Number of Participants Reporting Adverse Events (AEs) and Serious Adverse Events (SAEs)
NCT06934226,Icotrokinra,ICONIC-ASCEND,secondary,10,absolute_value,,,,,16w,,,,,,0,,,,,,,,,,,,JNJ-77242113 and Placebo Group: Percentage of Participants with PSSD Sign Score of 0 at Week 16
NCT06934226,Icotrokinra,ICONIC-ASCEND,secondary,11,absolute_value,DLQI,,,baseline,16w,,,,,,0,,,,,,,,,,,,JNJ-77242113 and Placebo Group: Change from Baseline in Dermatology Life Quality Index (DLQI) Score at Week 16
NCT06934226,Icotrokinra,ICONIC-ASCEND,secondary,12,absolute_value,DLQI,,,,16w,,,,,,0,,,,,,,,,,,,JNJ-77242113 and Placebo Group: Percentage of Participants with DLQI Score of 0 or 1 at Week 16
NCT06934226,Icotrokinra,ICONIC-ASCEND,secondary,13,absolute_value,BSA,,,baseline,16w,,,,,,0,,,,,,,,,,,,JNJ-77242113 and Placebo Group: Change from Baseline in Body Surface Area (BSA) Score at Week 16
NCT06934226,Icotrokinra,ICONIC-ASCEND,secondary,14,absolute_value,,,,baseline,28w,,,,,,0,,,,,,,,,,,,JNJ-77242113 and Ustekinumab Group: Percentage of Participants with >= 4 Point Improvement from Baseline in PSSD Itch Score at Week 28
NCT06934226,Icotrokinra,ICONIC-ASCEND,secondary,15,absolute_value,,,,baseline,28w,,,,,,0,,,,,,,,,,,,JNJ-77242113 and Ustekinumab Group: Change from Baseline in PSSD Sign Score at Week 28
NCT06934226,Icotrokinra,ICONIC-ASCEND,secondary,16,absolute_value,,,,baseline,28w,,,,,,0,,,,,,,,,,,,JNJ-77242113 and Ustekinumab Group: Change from Baseline in PSSD Symptom Score at Week 28
NCT06934226,Icotrokinra,ICONIC-ASCEND,secondary,17,absolute_value,,,,,28w,,,,,,0,,,,,,,,,,,,JNJ-77242113 and Ustekinumab Group: Percentage of Participants with PSSD Sign Score of 0 at Week 28
NCT06934226,Icotrokinra,ICONIC-ASCEND,secondary,18,absolute_value,,,,,28w,,,,,,0,,,,,,,,,,,,JNJ-77242113 and Ustekinumab Group: Percentage of Participants with PSSD Symptom Score of 0 at Week 28
NCT06934226,Icotrokinra,ICONIC-ASCEND,secondary,19,absolute_value,DLQI,,,baseline,28w,,,,,,0,,,,,,,,,,,,JNJ-77242113 and Ustekinumab Group: Change from Baseline in DLQI Score at Week 28
NCT06934226,Icotrokinra,ICONIC-ASCEND,secondary,20,absolute_value,DLQI,,,,28w,,,,,,0,,,,,,,,,,,,JNJ-77242113 and Ustekinumab Group: Percentage of Participants with DLQI Score of 0 or 1 at Week 28
NCT06934226,Icotrokinra,ICONIC-ASCEND,secondary,21,absolute_value,BSA,,,baseline,16w,,,,,,0,,,,,,,,,,,,JNJ-77242113 and Ustekinumab Group: Change from Baseline in BSA Score at Week 16
NCT06934226,Icotrokinra,ICONIC-ASCEND,secondary,22,absolute_value,IGA,,,,16w,,,,,,0,,,,,,,,,,,,JNJ-77242113 and Ustekinumab Group: Percentage of Participants with IGA Score of 0 at Week 16
NCT06934226,Icotrokinra,ICONIC-ASCEND,secondary,23,absolute_value,,,,,16w,,,,,,0,,,,,,,,,,,,JNJ-77242113 and Ustekinumab Group: Percentage of Participants Achieving PASI 90 Response at Week 16
NCT06934226,Icotrokinra,ICONIC-ASCEND,secondary,24,absolute_value,,,,,16w,,,,,,0,,,,,,,,,,,,JNJ-77242113 and Ustekinumab Group: Percentage of Participants Achieving PASI 100 Response at Week 16
NCT07029711,Ritlecitinib,B7981027,primary,1,other,,,,,24w,,,,,,0,,,,,,,,,,,,For US and Countries Following US Analysis Plan: Response based on achieving an absolute Severity of Alopecia Tool (SALT) score ≤20. (Time frame: Week 24)
NCT07029711,Ritlecitinib,B7981027,primary,2,other,,,,,24w,,,,,,0,,,,,,,,,,,,For EU/UK and Countries Following EU/UK Analysis Plan: Response based on achieving an absolute SALT score ≤10. (Time frame: Week 24)
NCT07029711,Ritlecitinib,B7981027,secondary,1,other,,,,,,,,,,,0,,,,,,,,,,,,"For EU/UK and Countries Following EU/UK Analysis Plan: Patient Global Impression of Change (PGI-C) response defined as a score of ""moderately improved"" or ""greatly improved""."
NCT07029711,Ritlecitinib,B7981027,secondary,2,other,,,,,,,,,,,0,,,,,,,,,,,,For all countries: Change from baseline (CFB) in SALT score.
NCT07029711,Ritlecitinib,B7981027,secondary,3,other,,,,,,,,,,,0,,,,,,,,,,,,For all countries: Response based on achieving absolute SALT score ≤20 at all visits (except for that included as the primary endpoint).
NCT07029711,Ritlecitinib,B7981027,secondary,4,other,,,,,,,,,,,0,,,,,,,,,,,,For all countries: Response based on achieving absolute SALT score ≤10 at all visits (except for that included as the primary endpoint).
NCT07029711,Ritlecitinib,B7981027,secondary,5,other,,,,,,,,,,,0,,,,,,,,,,,,For all countries: PGI-C response at all visits (except for that included as a key secondary endpoint).
NCT07029711,Ritlecitinib,B7981027,secondary,6,other,,,,,,,,,,,0,,,,,,,,,,,,For all countries: Response based on improvement from baseline for each Alopecia Areata Patient Priority Outcomes (AAPPO) item.
NCT07029711,Ritlecitinib,B7981027,secondary,7,other,PROMIS,,,,,,,,,,0,,,,,,,,,,,,For all countries: CFB in Patient-Reported Outcomes Measurement Information System (PROMIS) Parent Proxy Depressive Symptoms T-score.
NCT07029711,Ritlecitinib,B7981027,secondary,8,other,PROMIS,,,,,,,,,,0,,,,,,,,,,,,For all countries: CFB in PROMIS Parent Proxy Anxiety Symptoms T-score.
NCT07029711,Ritlecitinib,B7981027,secondary,9,other,,,,,,,,,,,0,,,,,,,,,,,,"For all countries: CFB in BRIEF®2 T-scores for the 3 index scores (Behavior Regulation Index (BRI), Emotion Regulation Index (ERI), Cognitive Regulation Index (CRI))."
NCT07029711,Ritlecitinib,B7981027,secondary,10,other,CDLQI,,,,,,,,,,0,,,,,,,,,,,,For all countries: CFB in modified Children's Dermatology Life Quality Index (CDLQI) total score.
NCT07029711,Ritlecitinib,B7981027,secondary,11,other,,,,,,,,,,,0,,,,,,,,,,,,For all countries: Response based on achieving at least 2 grade improvement or a score of 3 in Eyebrow Assessment (EBA) score in participants with an abnormal EBA at baseline.
NCT07029711,Ritlecitinib,B7981027,secondary,12,other,,,,,,,,,,,0,,,,,,,,,,,,For all countries: Response based on achieving at least 2 grade improvement or a score of 3 in Eyelash Assessment (ELA) score in participants with an abnormal ELA at baseline.
NCT07029711,Ritlecitinib,B7981027,secondary,13,other,,,,,,,,,,,0,,,,,,,,,,,,For all countries: Plasma concentration of ritlecitinib.
NCT07029711,Ritlecitinib,B7981027,secondary,14,safety_incidence,,,,,,,,,,,0,,,,,,,,,,,,For all countries: Incidence of treatment emergent Adverse Events (AEs).
NCT07029711,Ritlecitinib,B7981027,secondary,15,safety_incidence,,,,,,,,,,,0,,,,,,,,,,,,For all countries: Incidence of Serious Adverse Events (SAEs) and AEs leading to permanent discontinuation from the study.
NCT07029711,Ritlecitinib,B7981027,secondary,16,other,,,,,,,,,,,0,,,,,,,,,,,,CFB in AAPPO activity limitation score.
NCT07029711,Ritlecitinib,B7981027,secondary,17,other,,,,,,,,,,,0,,,,,,,,,,,,For all countries: Acceptability and palatability assessment.
NCT07029711,Ritlecitinib,B7981027,secondary,18,other,,,,,,,,,,,0,,,,,,,,,,,,CFB in AAPPO emotional symptoms score.
NCT07133308,Deuruxolitinib,,primary,1,other,,,,,24w,,,,,,0,,,,,,,,,,,,Percentage of subjects achieving an absolute Severity of Alopecia Tool (SALT) score ≤20 (Time frame: Week 24)
NCT07133308,Deuruxolitinib,,primary,2,other,,,,,24w,,,,,,0,,,,,,,,,,,,"Safety and tolerability of deuruxolitinib will be assessed by evaluating adverse events, vital signs, electrocardiograms, and clinical laboratory results, as well as physical examinations (Time frame: Week 24)"
NCT07133308,Deuruxolitinib,,secondary,1,other,,,,,,,,,,,0,,,,,,,,,,,,Percentage of subjects achieving an absolute SALT score of ≤20
NCT07133308,Deuruxolitinib,,secondary,2,other,,,,,,,,,,,0,,,,,,,,,,,,"Mean percent change (ie, relative change) in SALT scores from baseline"
NCT07133308,Deuruxolitinib,,secondary,3,other,,,,,,,,,,,0,,,,,,,,,,,,"Percentage of responders (defined as ""much improved"" or ""very much improved"") using the Clinical Global Impression of Improvement (CGI-I)"
NCT07133308,Deuruxolitinib,,secondary,4,other,,,,,,,,,,,0,,,,,,,,,,,,"Percentage of responders (defined as ""much improved"" or ""very much improved"") using the Patient Global Impression of Improvement (PGI-I)"
NCT07133308,Deuruxolitinib,,secondary,5,other,,,,,,,,,,,0,,,,,,,,,,,,Mean change from baseline in the Clinical Global Impression of Severity (CGI-S)
NCT07133308,Deuruxolitinib,,secondary,6,other,,,,,,,,,,,0,,,,,,,,,,,,Mean change from baseline in the Patient Global Impression of Severity (PGI-S)
NCT07133308,Deuruxolitinib,,secondary,7,other,,,,,,,,,,,0,,,,,,,,,,,,Percentage of subjects achieving an absolute SALT score of ≤10
NCT07133308,Deuruxolitinib,,secondary,8,other,,,,,,,,,,,0,,,,,,,,,,,,Mean change from baseline on the Eyebrow Clinician-Reported Outcome (ClinRO) score
NCT07133308,Deuruxolitinib,,secondary,9,other,,,,,,,,,,,0,,,,,,,,,,,,Mean change from baseline on the Eyelash Clinician-Reported Outcome (ClinRO) score
NCT07133308,Deuruxolitinib,,secondary,10,other,,,,,,,,,,,0,,,,,,,,,,,,"Percentage of responders (defined as ""satisfied"" or ""very satisfied"") on the Satisfaction of Hair Patient Reported Outcome (SPRO) scale"
NCT07133308,Deuruxolitinib,,secondary,11,other,,,,,,,,,,,0,,,,,,,,,,,,Mean change from baseline in the SPRO scale
NCT07133308,Deuruxolitinib,,secondary,12,absolute_value,,,,,24w,,,,,,0,,,,,,,,,,,,Percentage of subjects achieving SALT score of ≤ 20 at Week 24 whose SPRO rating shifted from Very Dissatisfied or Dissatisfied to Very Satisfied or Satisfied
NCT07133308,Deuruxolitinib,,secondary,13,absolute_value,,,,,24w,,,,,,0,,,,,,,,,,,,Percentage of subjects achieving SALT score of ≤ 10 at Week 24 whose SPRO rating shifted from Very dissatisfied or Dissatisfied to Very Satisfied or Satisfied
NCT07133308,Deuruxolitinib,,secondary,14,other,,,,,,,,,,,0,,,,,,,,,,,,Mean change from baseline on the individual items of the Quality of Hair Patient Reported Outcome (QPRO) scale
NCT07133308,Deuruxolitinib,,secondary,15,other,HADS,,,,,,,,,,0,,,,,,,,,,,,Mean change from baseline in total score of the Hospital Anxiety and Depression Scale (HADS)
NCT07133308,Deuruxolitinib,,secondary,16,other,HADS,,,,,,,,,,0,,,,,,,,,,,,Mean change from baseline in the depression scale of the HADS
NCT07133308,Deuruxolitinib,,secondary,17,other,HADS,,,,,,,,,,0,,,,,,,,,,,,Mean change from baseline in the anxiety scale of the HADS
NCT07133308,Deuruxolitinib,,secondary,18,other,HADS,,,,,,,,,,0,,,,,,,,,,,,Percentage of subjects achieving a ≥ 6-point change from baseline in total score of the HADS
NCT07133308,Deuruxolitinib,,secondary,19,other,HADS,,,,,,,,,,0,,,,,,,,,,,,Percentage of subjects achieving a ≥ 3-point change from baseline in the depression scale of the HADS
NCT07133308,Deuruxolitinib,,secondary,20,other,HADS,,,,,,,,,,0,,,,,,,,,,,,Percentage of subjects achieving a ≥ 4-point change from baseline in the anxiety scale in total score of the HADS
NCT07133308,Deuruxolitinib,,secondary,21,responder_rate,,,,,,,,,,,0,,,,,,,,,,,,Proportion of Participants with Suicidal Ideation or Behavior Per the Columbia-Suicide Severity Rating Scale (C-SSRS)
NCT07133308,Deuruxolitinib,,secondary,22,other,,,,,,,,,,,0,,,,,,,,,,,,"Safety and tolerability of deuruxolitinib will be assessed by evaluating adverse events, vital signs, electrocardiograms, and clinical laboratory results, as well as physical examinations"
NCT07133308,Deuruxolitinib,,secondary,23,other,,,,,,,,,,,0,,,,,,,,,,,,Effect of deuruxolitinib on treating Hair Loss as Measured by the Severity of Alopecia Tool (SALT)
NCT07265479,Tapinarof,Adoring,primary,1,other,IGA,,,baseline,8w,,,,,,0,,,,,,,,,,,,"Percentage of participants who have a validated Investigator Global Assessment for Atopic Dermatitis (vIGA-AD) score of clear or almost clear (0 or 1) and a minimum 2-grade Improvement from Baseline to Week 8 (Time frame: Baseline to last planned visit in the Double-Blind Period, up to 8 weeks.)"
NCT07265479,Tapinarof,Adoring,primary,2,other,IGA,,,,,,,,,,0,,,,,,,,,,,,"Percentage of participants who enter with or achieve have a validated Investigator Global Assessment for Atopic Dermatitis (vIGA-AD) score of clear or almost clear (0 or 1) and a minimum 2-grade Improvement at least once during the Open-Label Period (Time frame: Baseline to the end of the Open-Label Period, up to 56 weeks.)"
NCT07265479,Tapinarof,Adoring,secondary,1,other,EASI,,,baseline,8w,,,,,,0,,,,,,,,,,,,Percentage of participants with ≥ 75% improvement in Eczema Area and Severity Index (EASI) Score from Baseline to Week 8.
NCT07265479,Tapinarof,Adoring,secondary,2,other,BSA,,,baseline,8w,,,,,,0,,,,,,,,,,,,Mean change in percentage of total body surface area (%BSA) affected from Baseline to Week 8
NCT07265479,Tapinarof,Adoring,secondary,3,other,EASI,,,baseline,8w,,,,,,0,,,,,,,,,,,,Percentage of participants with ≥ 90% improvement in Eczema Area and Severity Index (EASI) score from Baseline to Week 8
NCT07265479,Tapinarof,Adoring,secondary,4,count,,,,,,,,,,TEAE,0,,,,,,,,,,,,Number of participants with one or more Treatment Emergent Adverse Events (TEAEs)
NCT07265479,Tapinarof,Adoring,secondary,5,count,,,,,,,,,,TEAE,0,,,,,,,,,,,,Number of participants with one or more Treatment Emergent Adverse Events (TEAEs)
NCT07265479,Tapinarof,Adoring,secondary,6,safety_incidence,,,,,,,,,,TEAE,0,,,,,,,,,,,,Percentage of participants with one or more Treatment Emergent Adverse Events (TEAEs)
NCT07265479,Tapinarof,Adoring,secondary,7,safety_incidence,,,,,,,,,,TEAE,0,,,,,,,,,,,,Percentage of participants with one or more Treatment Emergent Adverse Events (TEAEs)
NCT07265479,Tapinarof,Adoring,secondary,8,other,,,,,,,,,,,0,,,,,,,,,,,,Investigator-assessed Local Tolerability Scale (LTS) scores by visit (overall)
NCT07265479,Tapinarof,Adoring,secondary,9,other,,,,,,,,,,,0,,,,,,,,,,,,Investigator-assessed Local Tolerability Scale (LTS) scores by visit (overall)
NCT07265479,Tapinarof,Adoring,secondary,10,other,,,,,,,,,,,0,,,,,,,,,,,,Investigator-assessed Local Tolerability Scale (LTS) scores by visit (sensitive areas)
NCT07265479,Tapinarof,Adoring,secondary,11,other,,,,,,,,,,,0,,,,,,,,,,,,Investigator-assessed Local Tolerability Scale (LTS) scores by visit (sensitive areas)
NCT07733765,Ritlecitinib,,primary,1,absolute_value,,,,,24w,,,,,,0,,,,,,,,,,,,Difference in the proportion of Severity of Alopecia Tool (SALT) 0 responders at Week 24 between ritlecitinib 50 mg QD versus placebo (Time frame: Week 24)
NCT07733765,Ritlecitinib,,secondary,1,absolute_value,,,,,24w,,,,,,0,,,,,,,,,,,,Difference in the proportion of SALT ≤5 responders at Week 24 between ritlecitinib 50 mg QD versus
NCT07733765,Ritlecitinib,,secondary,2,absolute_value,,,,,24w,,,,,,0,,,,,,,,,,,,Difference in the proportion of SALT ≤10 responders at Week 24 between ritlecitinib 50 mg QD versus
NCT07733765,Ritlecitinib,,secondary,3,absolute_value,,,,,24w,,,,,,0,,,,,,,,,,,,Difference in the proportion of SALT 75 responders at Week 24 between ritlecitinib 50 mg QD versus
NCT07733765,Ritlecitinib,,secondary,4,absolute_value,,,,,24w,,,,,,0,,,,,,,,,,,,Difference in the proportion of SALT 90 responders at Week 24 between ritlecitinib 50 mg QD versus
NCT07733765,Ritlecitinib,,secondary,5,other,,,,,24w,,,,,,0,,,,,,,,,,,,Difference in the mean change from baseline (CFB) in SALT score at applicable timepoints through Week 24 for ritlecitinib 50 mg QD versus placebo
NCT07733765,Ritlecitinib,,secondary,6,absolute_value,,,,,24w,,,,,,0,,,,,,,,,,,,Difference in the proportion of Patient Global Impression of Change (PGI-C) responders at Week 24 between ritlecitinib 50 mg QD versus placebo
NCT07733765,Ritlecitinib,,secondary,7,other,,,,,,,,,,,0,,,,,,,,,,,,Difference in the proportion of SALT 0 responders at applicable timepoints between ritlecitinib 50 mg QD versus placebo
NCT07733765,Ritlecitinib,,secondary,8,other,,,,,,,,,,,0,,,,,,,,,,,,Difference in the proportion of SALT ≤10 responders at applicable timepoints between ritlecitinib 50 mg QD versus placebo
NCT07733765,Ritlecitinib,,secondary,9,other,,,,,,,,,,,0,,,,,,,,,,,,Difference in the proportion of SALT ≤5 responders at applicable timepoints between ritlecitinib 50 mg QD versus placebo
NCT07733765,Ritlecitinib,,secondary,10,other,,,,,,,,,,,0,,,,,,,,,,,,Difference in the proportion of SALT 75 responders at applicable timepoints between ritlecitinib 50 mg QD versus placebo
NCT07733765,Ritlecitinib,,secondary,11,other,,,,,,,,,,,0,,,,,,,,,,,,Difference in the proportion of SALT 90 responders at applicable timepoints between ritlecitinib 50 mg QD versus placebo
NCT07733765,Ritlecitinib,,secondary,12,other,,,,,,,,,,,0,,,,,,,,,,,,Difference in the mean CFB in SALT score at applicable timepoints between ritlecitinib 50 mg QD versus placebo
NCT07733765,Ritlecitinib,,secondary,13,other,,,,,24w,,,,,,0,,,,,,,,,,,,Difference in the proportion of Eyebrow Assessment (EBA) responders at applicable timepoints through Week 24 between ritlecitinib 50 mg QD versus placebo
NCT07733765,Ritlecitinib,,secondary,14,other,,,,,24w,,,,,,0,,,,,,,,,,,,Difference in the proportion of Eyelash Assessment (ELA) responders at applicable timepoints through Week 24 between ritlecitinib 50 mg QD versus placebo
NCT07733765,Ritlecitinib,,secondary,15,other,,,,,24w,,,,,,0,,,,,,,,,,,,Difference in the proportion of PGI-C responders at applicable timepoints through Week 24 between ritlecitinib 50 mg QD versus placebo
NCT07733765,Ritlecitinib,,secondary,16,other,,,,,24w,,,,,,0,,,,,,,,,,,,Difference in the proportion of Patient's Satisfaction with Hair Growth (P-SAT) responders at applicable timepoints through Week 24 between ritlecitinib 50 mg QD versus placebo
NCT07733765,Ritlecitinib,,secondary,17,other,,,,,24w,,,,,,0,,,,,,,,,,,,Difference in the proportion of Improvement in hair loss on each of the Alopecia Areata Patient Priority Outcomes (AAPPO) items 1-4 responders at applicable timepoints through Week 24 between ritlecitinib 50 mg QD versus placebo
NCT07733765,Ritlecitinib,,secondary,18,other,,,,,24w,,,,,,0,,,,,,,,,,,,Difference in the proportion of Improvement in Emotional Symptoms on each of the AAPPO items 5-8 responders at applicable timepoints through Week 24 between ritlecitinib 50 mg QD versus placebo
NCT07733765,Ritlecitinib,,secondary,19,other,,,,,24w,,,,,,0,,,,,,,,,,,,Difference in the proportion of Improvement in Activity Limitations on each of the AAPPO items 9-11 responders at applicable timepoints through Week 24 between ritlecitinib 50 mg QD versus placebo
NCT07733765,Ritlecitinib,,secondary,20,other,,,,,,,,,,,0,,,,,,,,,,,,"Proportion of participants with treatment emergent AEs, SAEs, and adverse events leading to discontinuation including those collected during the safety follow-up period"
NCT07733765,Ritlecitinib,,secondary,21,other,,,,,24w,,,,,,0,,,,,,,,,,,,Proportion of responders for SALT 0 at appliable timepoints after Week 24
NCT07733765,Ritlecitinib,,secondary,22,other,,,,,24w,,,,,,0,,,,,,,,,,,,Proportion of responders for SALT ≤10 at appliable timepoints after Week 24
NCT07733765,Ritlecitinib,,secondary,23,other,,,,,24w,,,,,,0,,,,,,,,,,,,Proportion of responders for SALT ≤5 at appliable timepoints after Week 24
NCT07733765,Ritlecitinib,,secondary,24,other,,,,,24w,,,,,,0,,,,,,,,,,,,Proportion of responders for SALT 75 at appliable timepoints after Week 24
NCT07733765,Ritlecitinib,,secondary,25,other,,,,,24w,,,,,,0,,,,,,,,,,,,Proportion of responders for SALT 90 at appliable timepoints after Week 24
NCT07733765,Ritlecitinib,,secondary,26,other,,,,,24w,,,,,,0,,,,,,,,,,,,Difference in the proportion of SALT 0 responders at applicable timepoints after Week 24 between Ritlecitinib 50 mg NR→50 mg Group and Ritlecitinib 50 mg NR→100 mg Group
NCT07733765,Ritlecitinib,,secondary,27,other,,,,,24w,,,,,,0,,,,,,,,,,,,Difference in the proportion of SALT≤10 responders at applicable timepoints after Week 24 between Ritlecitinib 50 mg NR→50 mg Group and Ritlecitinib 50 mg NR→100 mg Group
NCT07733765,Ritlecitinib,,secondary,28,other,,,,,24w,,,,,,0,,,,,,,,,,,,Difference in the proportion of SALT≤5 responders at applicable timepoints after Week 24 between Ritlecitinib 50 mg NR→50 mg Group and Ritlecitinib 50 mg NR→100 mg Group
NCT07733765,Ritlecitinib,,secondary,29,other,,,,,24w,,,,,,0,,,,,,,,,,,,Difference in the proportion of SALT75 responders at applicable timepoints after Week 24 between Ritlecitinib 50 mg NR→50 mg Group and Ritlecitinib 50 mg NR→100 mg Group
NCT07733765,Ritlecitinib,,secondary,30,other,,,,,24w,,,,,,0,,,,,,,,,,,,Difference in the proportion of SALT90 responders at applicable timepoints after Week 24 between Ritlecitinib 50 mg NR→50 mg Group and Ritlecitinib 50 mg NR→100 mg Group
NCT07733765,Ritlecitinib,,secondary,31,other,,,,,24w,,,,,,0,,,,,,,,,,,,Mean CFB in SALT score at applicable timepoints after Week 24
NCT07733765,Ritlecitinib,,secondary,32,other,,,,,24w,,,,,,0,,,,,,,,,,,,Difference in the mean CFB in SALT score at applicable timepoints after Week 24 between Ritlecitinib 50 mg NR→50 mg Group and Ritlecitinib 50 mg NR→100 mg Group
NCT07733765,Ritlecitinib,,secondary,33,other,,,,,24w,,,,,,0,,,,,,,,,,,,Proportion of responders for EBA at appliable timepoints after Week 24
NCT07733765,Ritlecitinib,,secondary,34,other,,,,,24w,,,,,,0,,,,,,,,,,,,Proportion of responders for ELA at appliable timepoints after Week 24
NCT07733765,Ritlecitinib,,secondary,35,other,,,,,24w,,,,,,0,,,,,,,,,,,,Difference in the proportion of EBA responders at applicable timepoints after Week 24 between Ritlecitinib 50 mg NR→50 mg Group and Ritlecitinib 50 mg NR→100 mg Group
NCT07733765,Ritlecitinib,,secondary,36,other,,,,,24w,,,,,,0,,,,,,,,,,,,Difference in the proportion of ELA responders at applicable timepoints after Week 24 between Ritlecitinib 50 mg NR→50 mg Group and Ritlecitinib 50 mg NR→100 mg Group
NCT07733765,Ritlecitinib,,secondary,37,other,,,,,24w,,,,,,0,,,,,,,,,,,,Proportion of PGI-C responders at applicable timepoints after Week 24
NCT07733765,Ritlecitinib,,secondary,38,other,,,,,24w,,,,,,0,,,,,,,,,,,,Proportion of P-Sat responders at applicable timepoints after Week 24
NCT07733765,Ritlecitinib,,secondary,39,other,,,,,24w,,,,,,0,,,,,,,,,,,,Proportion of responders for Improvement in hair loss on each of the AAPPO items 1-4 at applicable timepoints after Week 24
NCT07733765,Ritlecitinib,,secondary,40,other,,,,,24w,,,,,,0,,,,,,,,,,,,Proportion of responders for Improvement in Emotional Symptoms on each of the AAPPO items 5-8 at applicable timepoints after Week 24
NCT07733765,Ritlecitinib,,secondary,41,other,,,,,24w,,,,,,0,,,,,,,,,,,,Proportion of responders for Improvement in Activity Limitations on each of the AAPPO items 9-1 1 responders at applicable timepoints after Week 24
NCT07733765,Ritlecitinib,,secondary,42,other,,,,,24w,,,,,,0,,,,,,,,,,,,Difference in the proportion of PGI-C responders at applicable timepoints after Week 24 between Ritlecitinib 50 mg NR→50 mg Group and Ritlecitinib 50 mg NR→100 mg Group
NCT07733765,Ritlecitinib,,secondary,43,other,,,,,24w,,,,,,0,,,,,,,,,,,,Difference in the proportion of P-SAT responders at applicable timepoints after Week 24 between Ritlecitinib 50 mg NR→50 mg Group and Ritlecitinib 50 mg NR→100 mg Group
NCT07733765,Ritlecitinib,,secondary,44,other,,,,,24w,,,,,,0,,,,,,,,,,,,Difference in the proportion of Improvement in hair loss on each of the AAPPO items 1-4 responders at applicable timepoints after Week 24 between Ritlecitinib 50 mg NR→50 mg Group and Ritlecitinib 50 mg NR→100 mg Group
NCT07733765,Ritlecitinib,,secondary,45,other,,,,,24w,,,,,,0,,,,,,,,,,,,Difference in the proportion of Improvement in Emotional Symptoms on each of the AAPPO items 5-8 responders at applicable timepoints after Week 24 between Ritlecitinib 50 mg NR→50 mg Group and Ritlecitinib 50 mg NR→100 mg Group
NCT07733765,Ritlecitinib,,secondary,46,other,,,,,24w,,,,,,0,,,,,,,,,,,,Difference in the proportion of Improvement in Activity Limitations on each of the AAPPO items 9-11 responders at applicable timepoints after Week 24 between Ritlecitinib 50 mg NR→50 mg Group and Ritlecitinib 50 mg NR→100 mg Group
NCT07733765,Ritlecitinib,,secondary,47,other,,,,,,,,,,,0,,,,,,,,,,,,Proportion of participants with clinically significant abnormalities in clinical laboratory test values including those collected during the safety follow-up period
NCT07823595,Abrocitinib,,primary,1,absolute_value,vIGA-AD,,,,12w,,,,,,0,,,,,,,,,,,,"Response based on achieving validated Investigator's Global Assessment (vIGA) score of clear (0) or almost clear (1) (on a 5-point scale) and a reduction from baseline of ≥2 points at Week 12 (Time frame: Baseline, week 12)"
NCT07823595,Abrocitinib,,primary,2,absolute_value,EASI,,,,12w,,,,,,0,,,,,,,,,,,,Response based on achieving ≥75% improvement from baseline in Eczema and Severity Index (EASI) at Week 12 (Time frame: Week 12)
NCT07823595,Abrocitinib,,secondary,1,absolute_value,Pruritus NRS,,worst_daily,,2w,,,,,,0,,,,,,,,,,,,Change from baseline (CFB) in the Worst Scratch/Itch Numerical Rating Scale (WSI-NRS) at Week 2
NCT07823595,Abrocitinib,,secondary,2,absolute_value,Pruritus NRS,,,,12w,,,,,,0,,,,,,,,,,,,Response based on achieving at least a 4-point improvement from baseline in the WSI-NRS at Week 12
NCT07823595,Abrocitinib,,secondary,3,absolute_value,Pruritus NRS,,,,12w,,,,,,0,,,,,,,,,,,,Response based on achieving WSI-NRS <2 at Week 12
